 0.1000000000005127E+01  0.4107292551880911E+01  0.2669317387793124E-11  0.7531183976292151E+00  0.1031772204743159E+02
 0.1000000000002126E+01  0.4107292551883106E+01  0.2199833757480810E-12  0.7531183976262374E+00  0.1031772204743881E+02
 0.1000000000000930E+01  0.4107292551884665E+01  0.3750537613749630E-12  0.7531183976248097E+00  0.1031772204744390E+02
 0.9999999999979696E+00  0.4107292551886684E+01 -0.2078601831954047E-11  0.7531183976220887E+00  0.1031772204745096E+02
 0.1000000000001254E+01  0.4107292551884372E+01  0.5040075806189491E-12  0.7531183976251499E+00  0.1031772204744293E+02
 0.1000000000001575E+01  0.4107292551884129E+01  0.3665601715891694E-12  0.7531183976255201E+00  0.1031772204744225E+02
 0.1000000000001071E+01  0.4107292551884528E+01  0.3904627533743361E-12  0.7531183976249364E+00  0.1031772204744338E+02
 0.1000000000000065E+01  0.4107292551885470E+01  0.2878238660391878E-13  0.7531183976239170E+00  0.1031772204744660E+02
 0.1000000000000043E+01  0.4107292551885490E+01  0.1977603107297856E-13  0.7531183976238961E+00  0.1031772204744667E+02
 0.9999999999999796E+00  0.4107292551885547E+01 -0.4594431465772297E-14  0.7531183976238318E+00  0.1031772204744686E+02
 0.9999999999999978E+00  0.4107292551885529E+01 -0.2587772661064782E-15  0.7531183976238512E+00  0.1031772204744681E+02
 0.9999999999999993E+00  0.4107292551885527E+01  0.2192302097402728E-15  0.7531183976238538E+00  0.1031772204744680E+02
 0.1000000000000000E+01  0.4107292551885527E+01  0.5826271786305328E-16  0.7531183976238536E+00  0.1031772204744680E+02
 0.9999999999999998E+00  0.4107292551885526E+01  0.2587367974508096E-15  0.7531183976238548E+00  0.1031772204744679E+02
 0.9999999999999999E+00  0.4107292551885528E+01  0.2243399156100685E-15  0.7531183976238528E+00  0.1031772204744680E+02
 0.1000000000000000E+01  0.4107292551885526E+01 -0.1002890366156182E-15  0.7531183976238550E+00  0.1031772204744679E+02
 0.1000000000000000E+01  0.4107292551885527E+01  0.6470672122238290E-16  0.7531183976238536E+00  0.1031772204744680E+02
 0.1000000000000000E+01  0.4107292551885526E+01  0.7490920859143893E-17  0.7531183976238552E+00  0.1031772204744679E+02
 0.1000000000000000E+01  0.4107292551885527E+01  0.2723971222173451E-16  0.7531183976238536E+00  0.1031772204744680E+02
 0.1000000000000000E+01  0.4107292551885527E+01  0.0000000000000000E+00  0.7531183976238536E+00  0.1031772204744680E+02
 0.9999999999999963E+00  0.4107292551885531E+01  0.1008269982646725E-14  0.7531183976238495E+00  0.1031772204744681E+02
 0.9999999999999901E+00  0.4107292551885537E+01 -0.1966537021745486E-15  0.7531183976238426E+00  0.1031772204744683E+02
 0.1000000000000006E+01  0.4107292551885521E+01 -0.1929142270817613E-14  0.7531183976238576E+00  0.1031772204744677E+02
 0.9999846205114145E+00  0.4107299642191307E+01 -0.1509557814412978E-04  0.7531021852031183E+00  0.1031773959475564E+02
 0.9999779567150492E+00  0.4107303066585280E+01 -0.2158113189055445E-04  0.7530947613032390E+00  0.1031774764650229E+02
 0.9999971044663997E+00  0.4107293824320391E+01 -0.2852156403788461E-05  0.7531154802021819E+00  0.1031772543185346E+02
 0.9999775131528229E+00  0.4107303905345588E+01 -0.1772837687779101E-04  0.7530937408546131E+00  0.1031774937543893E+02
 0.9999961557735442E+00  0.4107294254913244E+01 -0.3928543671864782E-05  0.7531145099141044E+00  0.1031772656089928E+02
 0.9999803137620744E+00  0.4107301295192160E+01 -0.1953547854769612E-04  0.7530978082632855E+00  0.1031774355047889E+02
 0.9999974609479902E+00  0.4107293668544737E+01 -0.2705751361409342E-05  0.7531158639915017E+00  0.1031772508032927E+02
 0.1000000070846679E+01  0.4107292492770734E+01  0.2981652877577300E-07  0.7531184843230880E+00  0.1031772188800329E+02
 0.1000000187657066E+01  0.4107292407905208E+01  0.1304970154735456E-06  0.7531186116919643E+00  0.1031772163792779E+02
 0.1000000060757761E+01  0.4107292510483441E+01  0.5008644721909216E-07  0.7531184600212415E+00  0.1031772191899532E+02
 0.1000000000449560E+01  0.4107292551697554E+01  0.6204575664360504E-09  0.7531183979007695E+00  0.1031772204652060E+02
 0.9999999997932920E+00  0.4107292552122185E+01 -0.1776682577853360E-10  0.7531183973719783E+00  0.1031772204817832E+02
 0.9999999995339927E+00  0.4107292552279770E+01 -0.2993703716891198E-09  0.7531183971397548E+00  0.1031772204873322E+02
 0.9999999999082863E+00  0.4107292551960558E+01 -0.5251095232450274E-10  0.7531183975316286E+00  0.1031772204769709E+02
 0.9999999998986276E+00  0.4107292551965625E+01 -0.6688866361171185E-10  0.7531183975200052E+00  0.1031772204770703E+02
 0.9999999999882476E+00  0.4107292551895721E+01 -0.7529930899892745E-11  0.7531183976126372E+00  0.1031772204748275E+02
 0.9999999997068889E+00  0.4107292552173980E+01 -0.3694667126450736E-11  0.7531183972733355E+00  0.1031772204830713E+02
 0.1000000021064376E+01  0.4107292538503772E+01  0.1781735931714929E-07  0.7531184191339989E+00  0.1031772200659946E+02
 0.1000000042313027E+01  0.4107292524114530E+01  0.3534791407362467E-07  0.7531184407197332E+00  0.1031772196145609E+02
 0.9838530877508105E+00  0.4090366076496355E+01  0.4069241755795053E-04  0.7604168063213587E+00  0.1029778907455101E+02
 0.9811008493235073E+00  0.4088095426118278E+01  0.4580709393538976E-04  0.7608409669400752E+00  0.1029500512126263E+02
 0.9906701645773326E+00  0.4091559795681024E+01  0.9158050882894482E-02  0.7643582071863253E+00  0.1029936447640539E+02
 0.9752074316506105E+00  0.4084634810861287E+01  0.3641343799749863E-04  0.7601667688610935E+00  0.1029085173758106E+02
 0.9917708885732829E+00  0.4089963673114994E+01  0.1224299465094061E-01  0.7670723751597934E+00  0.1029756905673862E+02
 0.9639049062584257E+00  0.4079688646270736E+01  0.9062727505991546E-05  0.7569375708274358E+00  0.1028513575815489E+02
 0.9940765537645447E+00  0.4088277104318043E+01  0.1654778728993124E-01  0.7708246731892444E+00  0.1029568630285218E+02
 0.1010830841662478E+01  0.4096864774906445E+01  0.1901502889359240E-01  0.7736618794227581E+00  0.1030576191192092E+02
 0.1005822735125301E+01  0.4096413844959612E+01  0.1610286451364459E-01  0.7703449582796793E+00  0.1030514637170766E+02
 0.1011214760503140E+01  0.4101791108192473E+01  0.1442754206652675E-01  0.7680459076373177E+00  0.1031126918263392E+02
 0.1005986934360645E+01  0.4105443816305447E+01  0.6609500502453730E-02  0.7597769941709668E+00  0.1031549463237933E+02
 0.1003077200387049E+01  0.4106483061647359E+01  0.3478891077098141E-02  0.7563642869699767E+00  0.1031671747578434E+02
 0.1001256888421442E+01  0.4106984410108884E+01  0.1318129707452470E-02  0.7544255937901413E+00  0.1031735772946707E+02
 0.1000349902249164E+01  0.4107239468389571E+01  0.5279625565191094E-03  0.7534567560528194E+00  0.1031769119485542E+02
 0.1000169515331588E+01  0.4107266289601848E+01  0.1974352894794105E-03  0.7532816244379217E+00  0.1031770308957969E+02
 0.1000044612513426E+01  0.4107291208651325E+01  0.4589497286048315E-04  0.7531603421059637E+00  0.1031773739545795E+02
 0.1006411213719485E+01  0.4105545157687716E+01  0.7953401690216371E-02  0.7599517112314793E+00  0.1031555848971088E+02
 0.1011056400068349E+01  0.4103250524551447E+01  0.1298810921754715E-01  0.7661885198118192E+00  0.1031294145587027E+02
 0.1018786436214921E+01  0.4098519100816537E+01  0.2202680013977615E-01  0.7776633222849426E+00  0.1030747999904803E+02
 0.9999870144239706E+00  0.4107298504787043E+01  0.1277776491334045E-04  0.7531047550477931E+00  0.1031773684047918E+02
 0.9999811832239558E+00  0.4107301451191792E+01  0.1849062730878546E-04  0.7530983131699596E+00  0.1031774381644933E+02
 0.1000042828452547E+01  0.4107291947305193E+01 -0.4374573999370352E-04  0.7531586439721424E+00  0.1031773954299174E+02
 0.9999798435922764E+00  0.4107302690665775E+01  0.1635948179362811E-04  0.7530963662541151E+00  0.1031774656220273E+02
 0.1000173948416861E+01  0.4107262856915647E+01 -0.2013285700251158E-03  0.7532876627907223E+00  0.1031769573912452E+02
 0.9999834864943073E+00  0.4107299737979186E+01  0.1648842400577983E-04  0.7531011425897646E+00  0.1031773951677573E+02
 0.1000347155614835E+01  0.4107242507385735E+01 -0.5271623100928072E-03  0.7534524827666980E+00  0.1031769816688601E+02
 0.1003099141642274E+01  0.4106484313939254E+01 -0.3497829918726385E-02  0.7563756382184520E+00  0.1031670974092435E+02
 0.1001270791360080E+01  0.4106977409013268E+01 -0.1332124895509832E-02  0.7544411763221692E+00  0.1031734174585707E+02
 0.1006013227571085E+01  0.4105445858724490E+01 -0.6627956554804802E-02  0.7597890695437417E+00  0.1031548379908601E+02
 0.1011191681516491E+01  0.4101804545357848E+01 -0.1439410095269214E-01  0.7680155203258904E+00  0.1031129202759735E+02
 0.1010915947759630E+01  0.4096883204563796E+01 -0.1902122308711958E-01  0.7736906961927587E+00  0.1030574771151264E+02
 0.1005872256470200E+01  0.4096414502983988E+01 -0.1611275593773748E-01  0.7703704953927591E+00  0.1030511843101048E+02
 0.9941567481953785E+00  0.4088301691593129E+01 -0.1651096337786008E-01  0.7708449759573660E+00  0.1029568089511044E+02
 0.9918837330822764E+00  0.4089979403059496E+01 -0.1221956366616776E-01  0.7671218957404481E+00  0.1029753793891245E+02
 0.9907923654384351E+00  0.4091586518249942E+01 -0.9135293231827844E-02  0.7644016936650914E+00  0.1029934542935713E+02
 0.1018777975412750E+01  0.4098536172818824E+01 -0.2200753115819343E-01  0.7776361042023714E+00  0.1030749860208531E+02
 0.1011039636370032E+01  0.4103248377984784E+01 -0.1296685572530066E-01  0.7661783896832420E+00  0.1031293873582110E+02
 0.1006454030234314E+01  0.4105528167757477E+01 -0.7954553918060384E-02  0.7599933181049838E+00  0.1031551178657034E+02
 0.1000000000003799E+01  0.4107292551882173E+01 -0.2124384602386594E-11  0.7531183976278144E+00  0.1031772204743577E+02
 0.1000000000001559E+01  0.4107292551883743E+01 -0.1352742823575631E-12  0.7531183976256183E+00  0.1031772204744095E+02
 0.9999999999827367E+00  0.4107292551900725E+01  0.1130136365740517E-10  0.7531183976070950E+00  0.1031772204749983E+02
 0.9999999999954724E+00  0.4107292551888685E+01  0.3691354663766459E-11  0.7531183976195506E+00  0.1031772204745753E+02
 0.9999999999053489E+00  0.4107292551960109E+01  0.6444509162108137E-10  0.7531183975269671E+00  0.1031772204768912E+02
 0.1000000000000861E+01  0.4107292551884891E+01 -0.1535131450220694E-12  0.7531183976247893E+00  0.1031772204744490E+02
 0.9999999998679659E+00  0.4107292551988972E+01  0.8342031856219250E-10  0.7531183974910435E+00  0.1031772204778824E+02
 0.1000000000016363E+01  0.4107292551959803E+01 -0.1651201159924718E-09  0.7531183975968638E+00  0.1031772204765359E+02
 0.9999999995745233E+00  0.4107292552239296E+01  0.2885382323856917E-09  0.7531183971839700E+00  0.1031772204860121E+02
 0.1000000001063846E+01  0.4107292551209457E+01 -0.1099082934652163E-08  0.7531183985417220E+00  0.1031772204496164E+02
 0.1000000060116805E+01  0.4107292511820309E+01 -0.5166857646348824E-07  0.7531184590385166E+00  0.1031772192323620E+02
 0.1000000048093669E+01  0.4107292507812647E+01 -0.1024278314580512E-07  0.7531184590770179E+00  0.1031772192950893E+02
 0.1000000134960843E+01  0.4107292445818442E+01 -0.9331881677652913E-07  0.7531185525780372E+00  0.1031772174507996E+02
 0.9999978932691130E+00  0.4107293467839453E+01  0.2301692199799036E-05  0.7531162997200180E+00  0.1031772453132280E+02
 0.9999962795453478E+00  0.4107294169270967E+01  0.3940515251599544E-05  0.7531146522924478E+00  0.1031772633205086E+02
 0.9999969813494284E+00  0.4107293863599534E+01  0.2999961174001627E-05  0.7531153619237809E+00  0.1031772552929259E+02
 0.1000000027806896E+01  0.4107292533199169E+01 -0.2362852445696898E-07  0.7531184257822516E+00  0.1031772198873774E+02
 0.1000000024415530E+01  0.4107292536531441E+01 -0.2142822447567676E-07  0.7531184225000274E+00  0.1031772200060404E+02
 0.1000000000013120E+01  0.4107292551936852E+01 -0.2520947556361381E-09  0.7531183975793169E+00  0.1031772204752156E+02
 0.9999999999999998E+00  0.4107292551885527E+01 -0.8046483528631308E-18  0.7531183976238548E+00  0.1031772204744680E+02
 0.9999999999999998E+00  0.4107292551885526E+01 -0.2880824734221568E-15  0.7531183976238548E+00  0.1031772204744679E+02
 0.9999999999999999E+00  0.4107292551885527E+01 -0.3843251821723152E-15  0.7531183976238542E+00  0.1031772204744680E+02
 0.9999999999999990E+00  0.4107292551885528E+01 -0.1674999842780535E-15  0.7531183976238529E+00  0.1031772204744680E+02
 0.1000000000000000E+01  0.4107292551885527E+01 -0.5777789833161708E-30  0.7531183976238529E+00  0.1031772204744679E+02
 0.9999999999999978E+00  0.4107292551885529E+01  0.3961007034270444E-15  0.7531183976238512E+00  0.1031772204744681E+02
 0.9999999999999818E+00  0.4107292551885545E+01  0.4610321293528657E-14  0.7531183976238349E+00  0.1031772204744686E+02
 0.1000000000000083E+01  0.4107292551885454E+01 -0.3531072465869562E-13  0.7531183976239358E+00  0.1031772204744655E+02
 0.1000000000000057E+01  0.4107292551885477E+01 -0.2365515844162674E-13  0.7531183976239098E+00  0.1031772204744663E+02
 0.1000000000000878E+01  0.4107292551884699E+01 -0.3095310748912846E-12  0.7531183976247385E+00  0.1031772204744396E+02
 0.1000000000001274E+01  0.4107292551884364E+01 -0.5409515401794672E-12  0.7531183976251639E+00  0.1031772204744290E+02
 0.1000000000001074E+01  0.4107292551884538E+01 -0.4685094303572413E-12  0.7531183976249562E+00  0.1031772204744347E+02
 0.1000000000000011E+01  0.4107292551885514E+01  0.2173475039635394E-14  0.7531183976238639E+00  0.1031772204744675E+02
 0.9999999999999895E+00  0.4107292551885537E+01  0.1064946018878038E-14  0.7531183976238442E+00  0.1031772204744684E+02
 0.9999999999999957E+00  0.4107292551885531E+01 -0.4479814180594862E-15  0.7531183976238504E+00  0.1031772204744681E+02
 0.1000000000004367E+01  0.4107292551881506E+01  0.1777627466065947E-11  0.7531183976284505E+00  0.1031772204743355E+02
 0.1000000000000371E+01  0.4107292551885117E+01 -0.4192157495188403E-13  0.7531183976242468E+00  0.1031772204744540E+02
 0.1000000000006898E+01  0.4107292551879254E+01  0.3288521645047969E-11  0.7531183976312860E+00  0.1031772204742662E+02
 0.1000000000000699E+01  0.4107292551884861E+01  0.1565227913517020E-12  0.7531183976245956E+00  0.1031772204744460E+02
 0.1000000000000038E+01  0.4107292551885481E+01 -0.7425375296628179E-13  0.7531183976239018E+00  0.1031772204744665E+02
 0.1000000000005319E+01  0.4107292551880476E+01  0.2181651176248321E-11  0.7531183976295269E+00  0.1031772204743022E+02
 0.1000000000001187E+01  0.4107292551884435E+01  0.4274158129767209E-12  0.7531183976251015E+00  0.1031772204744320E+02
 0.1000000000000316E+01  0.4107292551885191E+01 -0.2407392531780588E-13  0.7531183976241858E+00  0.1031772204744565E+02
 0.9999999999999942E+00  0.4107292551885539E+01 -0.2175592972615443E-13  0.7531183976238470E+00  0.1031772204744684E+02
 0.9999999999999973E+00  0.4107292551885536E+01 -0.4703674052971453E-13  0.7531183976238509E+00  0.1031772204744683E+02
 0.1000000000000003E+01  0.4107292551885528E+01 -0.2149270041722692E-13  0.7531183976238582E+00  0.1031772204744681E+02
 0.9999999999999898E+00  0.4107292551885539E+01 -0.9004086872690687E-14  0.7531183976238445E+00  0.1031772204744684E+02
 0.9999999999999981E+00  0.4107292551885530E+01  0.5243644597871246E-15  0.7531183976238507E+00  0.1031772204744681E+02
 0.9999999999999982E+00  0.4107292551885529E+01  0.1535638775090863E-14  0.7531183976238501E+00  0.1031772204744680E+02
 0.9999999999999983E+00  0.4107292551885528E+01  0.1648002587902390E-14  0.7531183976238545E+00  0.1031772204744681E+02
 0.9999999999999986E+00  0.4107292551885528E+01  0.1322559603798431E-14  0.7531183976238532E+00  0.1031772204744680E+02
 0.9999999999999991E+00  0.4107292551885527E+01  0.1325892992068417E-14  0.7531183976238537E+00  0.1031772204744680E+02
 0.9999999999999993E+00  0.4107292551885527E+01  0.6492131406888213E-15  0.7531183976238545E+00  0.1031772204744680E+02
 0.9999999999999990E+00  0.4107292551885528E+01  0.7929430720520056E-15  0.7531183976238529E+00  0.1031772204744680E+02
 0.9999999999999991E+00  0.4107292551885527E+01  0.4629153439575463E-15  0.7531183976238529E+00  0.1031772204744680E+02
 0.9999999999999991E+00  0.4107292551885527E+01 -0.1959342742694841E-15  0.7531183976238522E+00  0.1031772204744679E+02
 0.9999999999999994E+00  0.4107292551885528E+01 -0.2206924249770279E-15  0.7531183976238525E+00  0.1031772204744680E+02
 0.9999999999999992E+00  0.4107292551885528E+01  0.2996368341640712E-15  0.7531183976238529E+00  0.1031772204744680E+02
 0.9999999999999994E+00  0.4107292551885527E+01  0.4274550041860039E-15  0.7531183976238531E+00  0.1031772204744680E+02
 0.9999999999999994E+00  0.4107292551885526E+01 -0.1361320428491309E-15  0.7531183976238560E+00  0.1031772204744680E+02
 0.9999999999999970E+00  0.4107292551885529E+01  0.1148636077549313E-14  0.7531183976238527E+00  0.1031772204744681E+02
 0.9999999999999933E+00  0.4107292551885535E+01 -0.1557497321222415E-14  0.7531183976238486E+00  0.1031772204744683E+02
 0.9999999999999917E+00  0.4107292551885541E+01 -0.9302488485754692E-14  0.7531183976238445E+00  0.1031772204744685E+02
 0.1000000000000000E+01  0.4107292551885526E+01  0.4009251099581674E-15  0.7531183976238557E+00  0.1031772204744680E+02
 0.9999999999999993E+00  0.4107292551885527E+01  0.6954102760360308E-15  0.7531183976238538E+00  0.1031772204744680E+02
 0.9999999999999989E+00  0.4107292551885526E+01  0.1143395879548016E-14  0.7531183976238541E+00  0.1031772204744679E+02
 0.9999999999999973E+00  0.4107292551885530E+01  0.1373638331315424E-14  0.7531183976238509E+00  0.1031772204744681E+02
 0.9999999999999993E+00  0.4107292551885528E+01  0.9752943442601527E-15  0.7531183976238524E+00  0.1031772204744680E+02
 0.9999999999999982E+00  0.4107292551885529E+01 -0.1501975652424024E-14  0.7531183976238515E+00  0.1031772204744680E+02
 0.1000000000000047E+01  0.4107292551885479E+01 -0.4194684459887072E-13  0.7531183976239118E+00  0.1031772204744666E+02
 0.1000000000000214E+01  0.4107292551885292E+01 -0.2670277860594233E-13  0.7531183976240897E+00  0.1031772204744602E+02
 0.1000000000000669E+01  0.4107292551884846E+01  0.1207284260674519E-12  0.7531183976245434E+00  0.1031772204744446E+02
 0.1000000000000170E+01  0.4107292551885338E+01 -0.1358381317732720E-13  0.7531183976240542E+00  0.1031772204744620E+02
 0.9999999999999974E+00  0.4107292551885530E+01 -0.4082268974523990E-15  0.7531183976238502E+00  0.1031772204744681E+02
 0.9999567783604425E+00  0.4107312021110265E+01 -0.4197948993637681E-04  0.7530723882981160E+00  0.1031776836708040E+02
 0.9999967562045091E+00  0.4107293890731611E+01 -0.3000578336521887E-05  0.7531150889324913E+00  0.1031772538215447E+02
 0.9999337677922360E+00  0.4107324419623238E+01 -0.6621487081671430E-04  0.7530468956070215E+00  0.1031779888338159E+02
 0.9999944774709818E+00  0.4107295125031303E+01 -0.5248064484163946E-05  0.7531127474577219E+00  0.1031772888848596E+02
 0.1000000531558886E+01  0.4107292229627716E+01  0.4822781103560747E-06  0.7531189732796704E+00  0.1031772116216223E+02
 0.9999399880034739E+00  0.4107321668828220E+01 -0.6419999622878103E-04  0.7530537434567591E+00  0.1031779299374283E+02
 0.9999944188070204E+00  0.4107295356079956E+01 -0.5494989628938816E-05  0.7531126883709058E+00  0.1031772980020712E+02
 0.1000000873865417E+01  0.4107291982773758E+01  0.7662258169229683E-06  0.7531193428711426E+00  0.1031772042774601E+02
 0.1000000374669278E+01  0.4107292304368637E+01  0.3262561821149521E-06  0.7531188061706469E+00  0.1031772134676365E+02
 0.1000000587950639E+01  0.4107292179660905E+01  0.5259503907372176E-06  0.7531190415677185E+00  0.1031772102147985E+02
 0.1000000115428564E+01  0.4107292477643886E+01  0.9551747893741718E-07  0.7531185180972445E+00  0.1031772182636970E+02
 0.1000000082599976E+01  0.4107292496045345E+01  0.6682957220099723E-07  0.7531184838917999E+00  0.1031772187824579E+02
 0.9999999968818458E+00  0.4107292554179365E+01 -0.2636997334068869E-08  0.7531183940494870E+00  0.1031772205380319E+02
 0.9999999973349366E+00  0.4107292553939961E+01 -0.2051648670994813E-08  0.7531183946508058E+00  0.1031772205347011E+02
 0.9999999985158644E+00  0.4107292553048708E+01 -0.1009741775377311E-08  0.7531183960622250E+00  0.1031772205111458E+02
 0.9999999987315020E+00  0.4107292552915670E+01 -0.8615648662603026E-09  0.7531183962472635E+00  0.1031772205062474E+02
 0.9999999993999088E+00  0.4107292552368894E+01 -0.3917044099363967E-09  0.7531183969927612E+00  0.1031772204898424E+02
 0.9999999999836543E+00  0.4107292551901273E+01 -0.4807304706028742E-11  0.7531183976086039E+00  0.1031772204750412E+02
 0.9999999998969507E+00  0.4107292551976749E+01 -0.5402531618567081E-10  0.7531183975163406E+00  0.1031772204774671E+02
 0.9999999998899275E+00  0.4107292551975891E+01 -0.6844551105831066E-10  0.7531183975091720E+00  0.1031772204773849E+02
 0.1000000000009603E+01  0.4107292551877019E+01  0.5766476176572903E-11  0.7531183976345337E+00  0.1031772204742047E+02
 0.1000000000014075E+01  0.4107292551873860E+01  0.7854821955126549E-11  0.7531183976379560E+00  0.1031772204740763E+02
 0.9999999988080706E+00  0.4107292552899259E+01 -0.7169865990551698E-09  0.7531183963207418E+00  0.1031772205059687E+02
 0.1000000021444410E+01  0.4107292537067010E+01  0.1716825636927159E-07  0.7531184198546489E+00  0.1031772200178435E+02
 0.1000000023969411E+01  0.4107292533983160E+01  0.1871523633984734E-07  0.7531184222265438E+00  0.1031772199029375E+02
 0.9999999999987995E+00  0.4107292551889849E+01 -0.1607233773693884E-11  0.7531183976209167E+00  0.1031772204745947E+02
 0.1000000000005985E+01  0.4107292551883623E+01  0.4909928904162732E-11  0.7531183976298983E+00  0.1031772204744282E+02
 0.9999999998190103E+00  0.4107292552039538E+01 -0.9534553915362081E-10  0.7531183974400522E+00  0.1031772204796063E+02
 0.9999999977469939E+00  0.4107292553633934E+01 -0.1498219629677423E-08  0.7531183952498856E+00  0.1031772205293504E+02
 0.9999999998679051E+00  0.4107292551993977E+01 -0.7507041020276878E-10  0.7531183974894956E+00  0.1031772204780505E+02
 0.9999999979126080E+00  0.4107292553367494E+01 -0.1574762286436932E-08  0.7531183949647728E+00  0.1031772205081610E+02
 0.1000000107935315E+01  0.4107292483670865E+01  0.9010007271330446E-07  0.7531185093203232E+00  0.1031772184329022E+02
 0.1000000399167154E+01  0.4107292311360029E+01  0.3245212398103406E-06  0.7531188319231076E+00  0.1031772139373597E+02
 0.9999994502046496E+00  0.4107292552260015E+01 -0.1114961492788930E-05  0.7531179507418677E+00  0.1031772196693302E+02
 0.1000000116341892E+01  0.4107292475279526E+01  0.7733763825792761E-07  0.7531185256455473E+00  0.1031772183380972E+02
 0.9999999982144441E+00  0.4107292553266903E+01 -0.9774330139543681E-09  0.7531183956082937E+00  0.1031772205144345E+02
 0.9551477885280454E+00  0.4075601547816690E+01 -0.1067308173052906E-04  0.7545205198694829E+00  0.1028014297809351E+02
 0.9719409224995650E+00  0.4080315971263895E+01  0.8779294588872489E-02  0.7625975825837048E+00  0.1028606050676415E+02
 0.9433268955569567E+00  0.4071074492967434E+01 -0.1845898229735079E-04  0.7500442913075300E+00  0.1027458721792716E+02
 0.9724626545027975E+00  0.4078190576650570E+01  0.1188140073292155E-01  0.7654582647491275E+00  0.1028372437680557E+02
 0.1002779028396699E+01  0.4086498683083024E+01  0.2475760571048394E-01  0.7796791426398569E+00  0.1029383820527944E+02
 0.9215956318577371E+00  0.4065496636768954E+01 -0.3717247492876856E-04  0.7387024642915249E+00  0.1026799963163665E+02
 0.9744299983222862E+00  0.4075797930967819E+01  0.1536641310754806E-01  0.7697692365863076E+00  0.1028110429675802E+02
 0.9866406582180138E+00  0.4074793267108924E+01  0.2175217278698267E-01  0.7807047307675435E+00  0.1028039579498641E+02
 0.1028409583283521E+01  0.4085233112128628E+01  0.4177097328116346E-01  0.8010420410620932E+00  0.1029272078472280E+02
 0.1012590268322211E+01  0.4085825264188778E+01  0.3169906601859299E-01  0.7880802297761940E+00  0.1029319010362827E+02
 0.1024459820081286E+01  0.4093241382467040E+01  0.3316374200684937E-01  0.7883245229405141E+00  0.1030161899228445E+02
 0.1030284482802859E+01  0.4094107735943240E+01  0.3655518897041869E-01  0.7916864622328761E+00  0.1030256571589471E+02
 0.1021836047940295E+01  0.4099762116782130E+01  0.2427284931824943E-01  0.7784403061661977E+00  0.1030883300539037E+02
 0.1017609672046828E+01  0.4101886403728928E+01  0.1930222189003773E-01  0.7726908966517023E+00  0.1031122114436129E+02
 0.1008830926187621E+01  0.4104770386571645E+01  0.9260405708681106E-02  0.7626781492951988E+00  0.1031461772044626E+02
 0.1009168110612183E+01  0.4104760870776849E+01  0.1051799138862690E-01  0.7629193301155787E+00  0.1031455708056165E+02
 0.1003818899972829E+01  0.4106283880132770E+01  0.4057058427289682E-02  0.7571445053626875E+00  0.1031645199802147E+02
 0.1001497410797328E+01  0.4106918411299158E+01  0.1510267074214430E-02  0.7546823606289301E+00  0.1031727551089174E+02
 0.1000884101328593E+01  0.4107155235906789E+01  0.1457518541415271E-02  0.7539764983186592E+00  0.1031763936687027E+02
 0.1000432019764153E+01  0.4107222693565096E+01  0.5325592810151270E-03  0.7535369103468746E+00  0.1031766803929974E+02
 0.1000116049244893E+01  0.4107288936941562E+01  0.1224961740814240E-03  0.7532265221166969E+00  0.1031775901548998E+02
 0.9999871450799155E+00  0.4107313446733310E+01 -0.1310434346899378E-04  0.7531001026279416E+00  0.1031778633442906E+02
 0.1020597474259120E+01  0.4101457286009930E+01  0.2565579768729579E-01  0.7753606932244238E+00  0.1031058637911904E+02
 0.1032544519155781E+01  0.4096129393398693E+01  0.3685958653319378E-01  0.7908845342416233E+00  0.1030470941148786E+02
 0.1054420026050753E+01  0.4085116171876438E+01  0.5711282691225264E-01  0.8210128449681988E+00  0.1029231619466487E+02
 0.9999619215955220E+00  0.4107317079962054E+01 -0.3194421153531599E-04  0.7530754271177913E+00  0.1031778705848543E+02
 0.1000482240958751E+01  0.4107182711421984E+01  0.4731330508013826E-03  0.7536193732415530E+00  0.1031761533014665E+02
 0.1004251226556256E+01  0.4106132365060519E+01  0.4200293499650397E-02  0.7576768642602000E+00  0.1031634393024437E+02
 0.1012767776147078E+01  0.4103401426017458E+01  0.1335411646341136E-01  0.7672508113457823E+00  0.1031298635321168E+02
 0.1001745907849566E+01  0.4106865240540225E+01  0.1749150681136479E-02  0.7549556859897347E+00  0.1031727233217351E+02
 0.1022991776128767E+01  0.4098184156855506E+01  0.2588911884057049E-01  0.7812804494964127E+00  0.1030719467481381E+02
 0.1019031979906780E+01  0.4093457781928523E+01  0.2871736973372587E-01  0.7839553739768532E+00  0.1030189517243167E+02
 0.9966220019228575E+00  0.4087500336345508E+01  0.1999571221192729E-01  0.7736789567380091E+00  0.1029478266666627E+02
 0.9772455267404958E+00  0.4083905181113518E+01  0.8735114933214428E-02  0.7626875622905053E+00  0.1029029442673730E+02
 0.1011294185916545E+01  0.4091833214228860E+01  0.2477089688058318E-01  0.7799572292682593E+00  0.1029997289140256E+02
 0.1017446460016644E+01  0.4101530754718709E+01  0.1734556297980433E-01  0.7730495430598765E+00  0.1031091227617252E+02
 0.9999588328459353E+00  0.4107311110092704E+01  0.3984407143624592E-04  0.7530746017120757E+00  0.1031776629065561E+02
 0.9999943024654417E+00  0.4107309294767705E+01  0.6337264468983162E-05  0.7531081279748604E+00  0.1031777586860991E+02
 0.9999367373255951E+00  0.4107322788195212E+01  0.6271639375244138E-04  0.7530502625566990E+00  0.1031779500904125E+02
 0.1000102985896255E+01  0.4107295234715147E+01 -0.1087651913387394E-03  0.7532124478320313E+00  0.1031777429237391E+02
 0.1001506572602520E+01  0.4106910971016127E+01 -0.1523905683096289E-02  0.7546959927647051E+00  0.1031726177022424E+02
 0.9999338594383687E+00  0.4107324754113964E+01  0.6979826750004491E-04  0.7530472092808624E+00  0.1031780086916631E+02
 0.1000441897098476E+01  0.4107214837341590E+01 -0.5405972880713647E-03  0.7535503232189995E+00  0.1031765070266388E+02
 0.1000878553471368E+01  0.4107160845968652E+01 -0.1448338923229843E-02  0.7539674997827854E+00  0.1031765035732732E+02
 0.1009246674088557E+01  0.4104741650650506E+01 -0.1059450978989114E-01  0.7629816345805054E+00  0.1031448620626714E+02
 0.1003846461968468E+01  0.4106270811008491E+01 -0.4084483210214985E-02  0.7571749314253657E+00  0.1031642244449714E+02
 0.1008838249122771E+01  0.4104764029429902E+01 -0.9270535635352026E-02  0.7626900785552576E+00  0.1031460756246269E+02
 0.1017691752189977E+01  0.4101870838894061E+01 -0.1937217682236653E-01  0.7727499273613122E+00  0.1031115055933924E+02
 0.1021786862010755E+01  0.4099783920017256E+01 -0.2423203614990769E-01  0.7783817175353103E+00  0.1030886973332586E+02
 0.1030218359525842E+01  0.4094137639850197E+01 -0.3649848218771822E-01  0.7916085484379891E+00  0.1030262030322322E+02
 0.1024432678522762E+01  0.4093260279595570E+01 -0.3314003574430526E-01  0.7882796597096781E+00  0.1030163704240829E+02
 0.1028439188651789E+01  0.4085259689427175E+01 -0.4178936520389293E-01  0.8010285429273997E+00  0.1029274125990443E+02
 0.1012531550622704E+01  0.4085853571746672E+01 -0.3161596953831016E-01  0.7880098380986017E+00  0.1029324216520643E+02
 0.1002910782471360E+01  0.4086527415738011E+01 -0.2475955531834943E-01  0.7797269543085452E+00  0.1029381949243098E+02
 0.9865225255064748E+00  0.4074876815886983E+01 -0.2161990648848911E-01  0.7805424980445843E+00  0.1028055913284879E+02
 0.9745492029761347E+00  0.4075852918206221E+01 -0.1526262135007521E-01  0.7697893452615918E+00  0.1028113684220544E+02
 0.9726331685928408E+00  0.4078224826388538E+01 -0.1181582928948630E-01  0.7655333431794258E+00  0.1028371127000773E+02
 0.9720494428854893E+00  0.4080331298104243E+01 -0.8703995492603520E-02  0.7626510147583699E+00  0.1028604082133441E+02
 0.1054395200325698E+01  0.4085157909458209E+01 -0.5705982254845173E-01  0.8209527607910266E+00  0.1029238704398234E+02
 0.1032449561542949E+01  0.4096149737763191E+01 -0.3674997980454373E-01  0.7908005188573100E+00  0.1030476139238393E+02
 0.1020692795605901E+01  0.4101407816309010E+01 -0.2563642693364026E-01  0.7754616091367812E+00  0.1031045278899359E+02
 0.9773963980456242E+00  0.4083926039416905E+01 -0.8719075305633647E-02  0.7627600140322074E+00  0.1029026361353903E+02
 0.9966079563080879E+00  0.4087534548761608E+01 -0.1991981754778312E-01  0.7736307036407041E+00  0.1029482730434967E+02
 0.1019024828891905E+01  0.4093467030842056E+01 -0.2869232922165317E-01  0.7839331701410361E+00  0.1030189133714652E+02
 0.1023037857484563E+01  0.4098176496325643E+01 -0.2592643728317724E-01  0.7813106859934832E+00  0.1030715213445399E+02
 0.1011329103930934E+01  0.4091865193511045E+01 -0.2473146834576431E-01  0.7799368671403843E+00  0.1029998586302845E+02
 0.1012764340724474E+01  0.4103399288158911E+01 -0.1335197530678189E-01  0.7672493581860624E+00  0.1031298038951789E+02
 0.1004261419886278E+01  0.4106129646305066E+01 -0.4201567484818356E-02  0.7576859312797702E+00  0.1031633619858708E+02
 0.1000491812129014E+01  0.4107177531778621E+01 -0.4831954616007411E-03  0.7536306454171370E+00  0.1031760421281967E+02
 0.9999628995394133E+00  0.4107316324129249E+01  0.3150389921635982E-04  0.7530767161526293E+00  0.1031778533543121E+02
 0.1001766260223825E+01  0.4106852117589831E+01 -0.1761307476767863E-02  0.7549807370330042E+00  0.1031724269830147E+02
 0.1017395407832093E+01  0.4101540429455877E+01 -0.1732442431017173E-01  0.7730083447893953E+00  0.1031094567115197E+02
 0.1000000000004122E+01  0.4107292551881774E+01 -0.1804033187415430E-11  0.7531183976281932E+00  0.1031772204743447E+02
 0.1000000000010839E+01  0.4107292551877548E+01 -0.6134828272288023E-11  0.7531183976342987E+00  0.1031772204741973E+02
 0.1000000000007047E+01  0.4107292551879178E+01 -0.3477066331466149E-11  0.7531183976314273E+00  0.1031772204742639E+02
 0.1000000000005804E+01  0.4107292551880938E+01 -0.4457790818321799E-11  0.7531183976306736E+00  0.1031772204743407E+02
 0.9999999999752772E+00  0.4107292551909981E+01  0.9987832054675162E-11  0.7531183975994030E+00  0.1031772204753266E+02
 0.1000000000007084E+01  0.4107292551879024E+01 -0.3312319627923708E-11  0.7531183976313944E+00  0.1031772204742560E+02
 0.9999999998800548E+00  0.4107292551984453E+01  0.7386915540182456E-10  0.7531183974988498E+00  0.1031772204776644E+02
 0.9999999998326019E+00  0.4107292552029676E+01  0.9405791791458512E-10  0.7531183974492921E+00  0.1031772204791763E+02
 0.9999999986593787E+00  0.4107292552962712E+01  0.9113911423410191E-09  0.7531183961666369E+00  0.1031772205075219E+02
 0.9999999993648719E+00  0.4107292552396137E+01  0.4157412889859847E-09  0.7531183969565638E+00  0.1031772204907161E+02
 0.9999999986132954E+00  0.4107292552967832E+01  0.9499086411466541E-09  0.7531183961657731E+00  0.1031772205085782E+02
 0.9999999978636375E+00  0.4107292553492067E+01  0.1688094575300268E-08  0.7531183951984421E+00  0.1031772205200413E+02
 0.9999999979404274E+00  0.4107292553367883E+01  0.1808574792583447E-08  0.7531183951780581E+00  0.1031772205129853E+02
 0.1000000087075218E+01  0.4107292493229505E+01 -0.7053016602480693E-07  0.7531184884527178E+00  0.1031772186965664E+02
 0.1000000120838370E+01  0.4107292474259539E+01 -0.9998596726134198E-07  0.7531185236535484E+00  0.1031772181617439E+02
 0.1000000340097578E+01  0.4107292327464035E+01 -0.2908280744891244E-06  0.7531187664556306E+00  0.1031772140742713E+02
 0.1000000519981739E+01  0.4107292224903361E+01 -0.4596360378170251E-06  0.7531189677546163E+00  0.1031772115074268E+02
 0.1000000504892985E+01  0.4107292243390882E+01 -0.4537638704027191E-06  0.7531189459907003E+00  0.1031772120067560E+02
 0.1000000965085259E+01  0.4107291925683275E+01 -0.8411053832791266E-06  0.7531194395427353E+00  0.1031772026318929E+02
 0.9999944032564635E+00  0.4107295401915639E+01  0.5483178637800634E-05  0.7531126599446536E+00  0.1031772994668035E+02
 0.9999937442061174E+00  0.4107295486486457E+01  0.5976462845050045E-05  0.7531119916902295E+00  0.1031772986425660E+02
 0.9999964674665089E+00  0.4107293984733950E+01  0.3248129927843631E-05  0.7531147923441218E+00  0.1031772557041299E+02
 0.1000000016302274E+01  0.4107292539036250E+01 -0.1209966978793302E-07  0.7531184142144165E+00  0.1031772200545361E+02
 0.1000000027112907E+01  0.4107292533127789E+01 -0.2172475450075408E-07  0.7531184256981819E+00  0.1031772198954103E+02
 0.9999999987622700E+00  0.4107292552926950E+01  0.7333961259045328E-09  0.7531183962653749E+00  0.1031772205065842E+02
 0.9999993325828859E+00  0.4107292628609729E+01  0.1133175139309841E-05  0.7531178042269102E+00  0.1031772213569394E+02
 0.1000000327517736E+01  0.4107292356291222E+01 -0.2717290478502918E-06  0.7531187533997870E+00  0.1031772151687448E+02
 0.1000000093950173E+01  0.4107292493378180E+01 -0.7966678211274187E-07  0.7531184948718317E+00  0.1031772187337094E+02
 0.9999999982643841E+00  0.4107292553129846E+01  0.1244648651759498E-08  0.7531183954161456E+00  0.1031772205030612E+02
 0.1000000104641188E+01  0.4107292485265092E+01 -0.7560769641589557E-07  0.7531185108830304E+00  0.1031772185994711E+02
 0.9999999982545688E+00  0.4107292553228511E+01  0.1163665029259248E-08  0.7531183957835093E+00  0.1031772205164826E+02
 0.9999999998406159E+00  0.4107292552022710E+01  0.8663483170752455E-10  0.7531183974620876E+00  0.1031772204790592E+02
 0.9999999999930821E+00  0.4107292551896492E+01  0.4134352648693528E-11  0.7531183976159044E+00  0.1031772204748499E+02
 0.9999999999948763E+00  0.4107292551895048E+01  0.5994803628809787E-11  0.7531183976159341E+00  0.1031772204747575E+02
 0.9999999998655755E+00  0.4107292551995932E+01  0.8023949817601638E-10  0.7531183974872752E+00  0.1031772204781191E+02
 0.9999999981538010E+00  0.4107292553275344E+01  0.1063476436880957E-08  0.7531183955856027E+00  0.1031772205153557E+02
 0.1000000000000000E+01  0.4107292551885528E+01 -0.7719168748839983E-15  0.7531183976238521E+00  0.1031772204744680E+02
 0.9999999999999991E+00  0.4107292551885527E+01 -0.4461717538653077E-15  0.7531183976238537E+00  0.1031772204744680E+02
 0.9999999999999992E+00  0.4107292551885529E+01 -0.8904512802149970E-15  0.7531183976238516E+00  0.1031772204744680E+02
 0.9999999999999992E+00  0.4107292551885527E+01 -0.5699340389513677E-15  0.7531183976238558E+00  0.1031772204744680E+02
 0.9999999999999987E+00  0.4107292551885528E+01 -0.6377696642120281E-15  0.7531183976238518E+00  0.1031772204744680E+02
 0.9999999999999984E+00  0.4107292551885529E+01 -0.7356083155195333E-15  0.7531183976238539E+00  0.1031772204744681E+02
 0.9999999999999990E+00  0.4107292551885529E+01 -0.8739407672922268E-15  0.7531183976238515E+00  0.1031772204744680E+02
 0.9999999999999990E+00  0.4107292551885529E+01 -0.1253701511859105E-14  0.7531183976238521E+00  0.1031772204744680E+02
 0.9999999999999982E+00  0.4107292551885528E+01 -0.7747680878350042E-15  0.7531183976238515E+00  0.1031772204744680E+02
 0.9999999999999984E+00  0.4107292551885529E+01  0.3418070575848248E-15  0.7531183976238531E+00  0.1031772204744681E+02
 0.9999999999999883E+00  0.4107292551885540E+01  0.9981652049287791E-14  0.7531183976238441E+00  0.1031772204744685E+02
 0.1000000000000002E+01  0.4107292551885528E+01  0.2141577786543177E-13  0.7531183976238571E+00  0.1031772204744681E+02
 0.9999999999999987E+00  0.4107292551885533E+01  0.2104132517902820E-13  0.7531183976238532E+00  0.1031772204744682E+02
 0.9999999999999958E+00  0.4107292551885534E+01  0.4672950205257173E-13  0.7531183976238511E+00  0.1031772204744683E+02
 0.1000000000000043E+01  0.4107292551885476E+01  0.6375170832826662E-13  0.7531183976239058E+00  0.1031772204744664E+02
 0.1000000000000359E+01  0.4107292551885140E+01  0.2137443925732751E-13  0.7531183976242298E+00  0.1031772204744547E+02
 0.1000000000001301E+01  0.4107292551884322E+01 -0.4733499811171988E-12  0.7531183976252211E+00  0.1031772204744282E+02
 0.1000000000000904E+01  0.4107292551884670E+01 -0.2683872096352105E-12  0.7531183976248090E+00  0.1031772204744396E+02
 0.1000000000000368E+01  0.4107292551885121E+01  0.7050130099210387E-14  0.7531183976242439E+00  0.1031772204744541E+02
 0.9999999999999890E+00  0.4107292551885543E+01  0.1130613985893828E-13  0.7531183976238432E+00  0.1031772204744686E+02
 0.9999999999999906E+00  0.4107292551885538E+01  0.2810540158255710E-14  0.7531183976238450E+00  0.1031772204744684E+02
 0.9999999999999954E+00  0.4107292551885532E+01 -0.3275708143459712E-15  0.7531183976238501E+00  0.1031772204744682E+02
 0.1000000000000581E+01  0.4107292551884931E+01 -0.1188649320429733E-12  0.7531183976244538E+00  0.1031772204744476E+02
 0.1000000000000203E+01  0.4107292551885306E+01  0.1354219845545436E-13  0.7531183976240751E+00  0.1031772204744606E+02
 0.1000000000000047E+01  0.4107292551885478E+01  0.3596084981329594E-13  0.7531183976239084E+00  0.1031772204744664E+02
 0.9999999999999997E+00  0.4107292551885528E+01  0.2939395835890587E-14  0.7531183976238534E+00  0.1031772204744680E+02
 0.1000000000000158E+01  0.4107292551885354E+01  0.5969222644802935E-14  0.7531183976240347E+00  0.1031772204744624E+02
 0.9999999999999980E+00  0.4107292551885529E+01 -0.5306533325997006E-15  0.7531183976238515E+00  0.1031772204744681E+02
 0.9999999999999988E+00  0.4107292551885529E+01 -0.1194378941461426E-14  0.7531183976238527E+00  0.1031772204744680E+02
 0.9999999999999993E+00  0.4107292551885527E+01 -0.4573575372370647E-15  0.7531183976238552E+00  0.1031772204744680E+02
 0.9999999999999996E+00  0.4107292551885527E+01 -0.7430207464256919E-15  0.7531183976238547E+00  0.1031772204744680E+02
 0.9999999999999988E+00  0.4107292551885528E+01 -0.1262864369266010E-14  0.7531183976238534E+00  0.1031772204744680E+02
 0.9999999999999977E+00  0.4107292551885530E+01  0.1590194137334729E-14  0.7531183976238504E+00  0.1031772204744681E+02
 0.1000000000002619E+01  0.4107292551882808E+01  0.4333211977150175E-12  0.7531183976267296E+00  0.1031772204743789E+02
 0.1000000000001319E+01  0.4107292551884070E+01  0.9589551635370180E-13  0.7531183976253859E+00  0.1031772204744216E+02
 0.1000000000001238E+01  0.4107292551884198E+01 -0.2590110733983732E-12  0.7531183976252159E+00  0.1031772204744241E+02
 0.1000000000000486E+01  0.4107292551885001E+01 -0.2675627331252160E-12  0.7531183976244227E+00  0.1031772204744514E+02
 0.1000000000000658E+01  0.4107292551884869E+01 -0.2823631418014207E-12  0.7531183976245617E+00  0.1031772204744462E+02
 0.1000000000000119E+01  0.4107292551885420E+01 -0.2033785011888414E-12  0.7531183976239958E+00  0.1031772204744649E+02
 0.1000000000000376E+01  0.4107292551885187E+01 -0.2095112448014495E-12  0.7531183976242513E+00  0.1031772204744569E+02
 0.1000000000000004E+01  0.4107292551885549E+01 -0.1270881560512151E-12  0.7531183976238640E+00  0.1031772204744690E+02
 0.1000000000000020E+01  0.4107292551885522E+01 -0.4417337668146562E-13  0.7531183976238771E+00  0.1031772204744680E+02
 0.1000000000000011E+01  0.4107292551885529E+01 -0.2277978930061732E-13  0.7531183976238659E+00  0.1031772204744682E+02
 0.1000000000000005E+01  0.4107292551885529E+01 -0.9356744302564052E-14  0.7531183976238592E+00  0.1031772204744681E+02
 0.1000000000000001E+01  0.4107292551885529E+01 -0.3376247292929445E-14  0.7531183976238560E+00  0.1031772204744681E+02
 0.9999999999999980E+00  0.4107292551885530E+01  0.3044436677750155E-15  0.7531183976238521E+00  0.1031772204744681E+02
 0.1000000000000021E+01  0.4107292551885536E+01 -0.5422535639922123E-13  0.7531183976238784E+00  0.1031772204744686E+02
 0.9999999999999980E+00  0.4107292551885530E+01  0.6209064285133038E-15  0.7531183976238500E+00  0.1031772204744681E+02
 0.9999999999999981E+00  0.4107292551885529E+01  0.8862693439672688E-15  0.7531183976238528E+00  0.1031772204744681E+02
 0.9999999999999987E+00  0.4107292551885528E+01  0.7036616084318029E-15  0.7531183976238504E+00  0.1031772204744679E+02
 0.9999999999999983E+00  0.4107292551885527E+01  0.5092068783533022E-15  0.7531183976238545E+00  0.1031772204744680E+02
 0.9999999999999988E+00  0.4107292551885527E+01  0.1276882896510493E-15  0.7531183976238540E+00  0.1031772204744680E+02
 0.9999999999999988E+00  0.4107292551885527E+01  0.2115204918609207E-15  0.7531183976238534E+00  0.1031772204744680E+02
 0.9999999999999990E+00  0.4107292551885528E+01 -0.3510116281546643E-15  0.7531183976238521E+00  0.1031772204744680E+02
 0.9999999999999987E+00  0.4107292551885526E+01 -0.4772120690150814E-15  0.7531183976238561E+00  0.1031772204744680E+02
 0.9999999999999990E+00  0.4107292551885528E+01 -0.4344734098303284E-15  0.7531183976238521E+00  0.1031772204744680E+02
 0.9999999999999991E+00  0.4107292551885527E+01  0.9458370559287942E-16  0.7531183976238537E+00  0.1031772204744680E+02
 0.9999999999999989E+00  0.4107292551885528E+01  0.3811495138487956E-15  0.7531183976238528E+00  0.1031772204744680E+02
 0.9999999999999989E+00  0.4107292551885527E+01 -0.2249299363460980E-15  0.7531183976238528E+00  0.1031772204744680E+02
 0.9999999999999989E+00  0.4107292551885527E+01  0.8140079000387686E-15  0.7531183976238520E+00  0.1031772204744679E+02
 0.9999999999999986E+00  0.4107292551885529E+01  0.9877857894320156E-15  0.7531183976238518E+00  0.1031772204744680E+02
 0.9999999999999977E+00  0.4107292551885529E+01  0.9411966344198267E-15  0.7531183976238525E+00  0.1031772204744681E+02
 0.9999999999999984E+00  0.4107292551885528E+01  0.1009227607590655E-14  0.7531183976238517E+00  0.1031772204744680E+02
 0.9999999999999971E+00  0.4107292551885532E+01 -0.1353131218400024E-14  0.7531183976238507E+00  0.1031772204744682E+02
 0.1000000000000014E+01  0.4107292551885525E+01 -0.2617544153562120E-13  0.7531183976238709E+00  0.1031772204744681E+02
 0.1000000000000064E+01  0.4107292551885470E+01 -0.6933444363081360E-13  0.7531183976239243E+00  0.1031772204744662E+02
 0.1000000000000042E+01  0.4107292551885494E+01 -0.4988305894147292E-13  0.7531183976239028E+00  0.1031772204744671E+02
 0.9999999999999972E+00  0.4107292551885533E+01 -0.7257367065820454E-15  0.7531183976238500E+00  0.1031772204744682E+02
 0.9999700530304810E+00  0.4107305492802316E+01 -0.3106753269236403E-04  0.7530872460842249E+00  0.1031775370468572E+02
 0.9999974370422856E+00  0.4107293552512790E+01 -0.3082489244590892E-05  0.7531159073506044E+00  0.1031772475716076E+02
 0.9999529429546372E+00  0.4107313748030509E+01 -0.4746018419510253E-04  0.7530689923825723E+00  0.1031777419163634E+02
 0.1000000374198979E+01  0.4107292127822882E+01  0.1412522148360036E-06  0.7531189031519663E+00  0.1031772086497729E+02
 0.9999383171700589E+00  0.4107320869427208E+01 -0.6514753704924356E-04  0.7530534988671614E+00  0.1031779224484684E+02
 0.9999989755897211E+00  0.4107292935034226E+01 -0.1120442999940559E-05  0.7531174578790139E+00  0.1031772320054434E+02
 0.9999540111833979E+00  0.4107312866797693E+01 -0.5507532845587464E-04  0.7530702975180632E+00  0.1031777182420423E+02
 0.9999989670454330E+00  0.4107293021836695E+01 -0.1258290085344496E-05  0.7531174297303137E+00  0.1031772350278301E+02
 0.1000000734885847E+01  0.4107292099366597E+01  0.6719239880734674E-06  0.7531191755644447E+00  0.1031772075003043E+02
 0.1000000339401498E+01  0.4107292337046267E+01  0.3115697517495177E-06  0.7531187554060539E+00  0.1031772142047081E+02
 0.1000000035728583E+01  0.4107292527502822E+01  0.3076497628803861E-07  0.7531184340833552E+00  0.1031772197117902E+02
 0.9999999957031164E+00  0.4107292554858690E+01 -0.2108137811873563E-08  0.7531183922859904E+00  0.1031772205440394E+02
 0.1000000004371841E+01  0.4107292549141754E+01  0.4671394998852551E-08  0.7531184017935683E+00  0.1031772203837032E+02
 0.9999999948700462E+00  0.4107292555791983E+01 -0.3785823205945037E-08  0.7531183921739253E+00  0.1031772205952559E+02
 0.1000001105369775E+01  0.4107291861542320E+01  0.1013512692092082E-05  0.7531195706585677E+00  0.1031772006340610E+02
 0.9999999987623005E+00  0.4107292552863957E+01 -0.8667790231929188E-09  0.7531183963192045E+00  0.1031772205053421E+02
 0.9999999996484568E+00  0.4107292552179358E+01 -0.2161520634391062E-09  0.7531183972612212E+00  0.1031772204840895E+02
 0.9999999999960361E+00  0.4107292551888431E+01 -0.8633521088931490E-11  0.7531183976213586E+00  0.1031772204745995E+02
 0.9999999999885524E+00  0.4107292551892376E+01 -0.1342751052246508E-10  0.7531183976137003E+00  0.1031772204747110E+02
 0.1000000000034331E+01  0.4107292551855674E+01  0.2063258666473794E-10  0.7531183976608266E+00  0.1031772204735198E+02
 0.1000000000008722E+01  0.4107292551877337E+01  0.2980139655637737E-11  0.7531183976330896E+00  0.1031772204741983E+02
 0.1000000000007114E+01  0.4107292551878635E+01  0.2162585155951892E-11  0.7531183976314220E+00  0.1031772204742402E+02
 0.1000000000008695E+01  0.4107292551877353E+01  0.2696099865233191E-11  0.7531183976330520E+00  0.1031772204741985E+02
 0.9999999980889338E+00  0.4107292553416132E+01 -0.1283880077621370E-08  0.7531183956115020E+00  0.1031772205230071E+02
 0.1000000000005622E+01  0.4107292551879997E+01  0.1950218347816795E-11  0.7531183976300148E+00  0.1031772204742890E+02
 0.1000000000007765E+01  0.4107292551878252E+01  0.3537062678682245E-11  0.7531183976322999E+00  0.1031772204742341E+02
 0.1000000000004372E+01  0.4107292551882943E+01  0.6120210298215225E-11  0.7531183976291438E+00  0.1031772204744118E+02
 0.9999999999056721E+00  0.4107292551976649E+01 -0.3084671312340776E-10  0.7531183975266919E+00  0.1031772204775575E+02
 0.9999999985790303E+00  0.4107292553096100E+01 -0.8402927046664195E-09  0.7531183961316711E+00  0.1031772205136391E+02
 0.9999999998306833E+00  0.4107292552032930E+01 -0.8979055598515956E-10  0.7531183974468062E+00  0.1031772204792839E+02
 0.9999999896767326E+00  0.4107292559439735E+01 -0.7953423280340965E-08  0.7531183865770210E+00  0.1031772207029366E+02
 0.1000000054671170E+01  0.4107292513844811E+01  0.4440292150099989E-07  0.7531184534412830E+00  0.1031772192781136E+02
 0.1000000881228329E+01  0.4107292017751055E+01  0.7863918047490357E-06  0.7531193278095477E+00  0.1031772051989119E+02
 0.1000000125245767E+01  0.4107292466017115E+01  0.1034444603933266E-06  0.7531185267239735E+00  0.1031772178169818E+02
 0.9999999963140487E+00  0.4107292554835575E+01 -0.2503415116366655E-08  0.7531183936611339E+00  0.1031772205659660E+02
 0.9120161721674055E+00  0.4062033258565426E+01 -0.1628182217852740E-03  0.7349591491825703E+00  0.1026471203512233E+02
 0.9215831445552960E+00  0.4065793607719791E+01 -0.9237687753828578E-03  0.7384793579082444E+00  0.1026862936233976E+02
 0.8987426988772733E+00  0.4058084061178501E+01 -0.1881344177875210E-03  0.7283243952828682E+00  0.1025997672140142E+02
 0.9274278954263705E+00  0.4066332777187823E+01 -0.2785245864086571E-02  0.7425824424356714E+00  0.1026926054762122E+02
 0.8814906752708925E+00  0.4053377315301029E+01 -0.1853288250757826E-03  0.7192766807035582E+00  0.1025487794674439E+02
 0.9117147463880588E+00  0.4063191307370308E+01 -0.9839510604635841E-02  0.7332121285901126E+00  0.1026534072629541E+02
 0.8624150304338469E+00  0.4046025212904638E+01 -0.1327569981904762E-03  0.7112409893870734E+00  0.1024693122201721E+02
 0.8954937662758925E+00  0.4062995869282969E+01 -0.2074908272709807E-01  0.7203020592415106E+00  0.1026509049843710E+02
 0.9912875323013584E+00  0.4069915037321810E+01  0.3051528990584884E-01  0.7898916084520579E+00  0.1027465479429038E+02
 0.1024947914391959E+01  0.4067403254436060E+01  0.5190211346600668E-01  0.8196400408678869E+00  0.1027245517369083E+02
 0.1075067653114583E+01  0.4071430506393019E+01  0.8543486571299819E-01  0.8539745438840484E+00  0.1027778507715963E+02
 0.1111919718129610E+01  0.4066726756880636E+01  0.1105613626895907E+00  0.8882074519303386E+00  0.1027225861268677E+02
 0.1072325730698581E+01  0.4083346580147525E+01  0.7777091396926729E-01  0.8366099085246688E+00  0.1029034037870526E+02
 0.1051713006029122E+01  0.4091441771978355E+01  0.5940363577916685E-01  0.8107117406368413E+00  0.1029883435877084E+02
 0.1026162909347233E+01  0.4099599269552640E+01  0.2935979063668342E-01  0.7817869404985831E+00  0.1030842460278047E+02
 0.1006246632845933E+01  0.4105807980101312E+01  0.8416931935174279E-02  0.7595970986594107E+00  0.1031606908278580E+02
 0.1003009793513977E+01  0.4106551300932701E+01  0.3377393462804250E-02  0.7562446878943140E+00  0.1031682594122142E+02
 0.9999235817460017E+00  0.4107351350310832E+01 -0.4020749138009149E-04  0.7530227772166109E+00  0.1031786837400910E+02
 0.9998377479180141E+00  0.4107380532873463E+01 -0.1667717077379968E-03  0.7529366265597990E+00  0.1031793446462007E+02
 0.9999244457039884E+00  0.4107365881113052E+01 -0.7819054886565436E-04  0.7530288466210631E+00  0.1031794160743368E+02
 0.9998633485416677E+00  0.4107360169044491E+01 -0.1231138909480839E-03  0.7529677519277415E+00  0.1031788043703430E+02
 0.9998867407495297E+00  0.4107348734605918E+01 -0.8955266750949832E-04  0.7529945166580948E+00  0.1031785634262653E+02
 0.1000975457792022E+01  0.4107079515846356E+01  0.9811162616621247E-03  0.7541244150073807E+00  0.1031752534437248E+02
 0.1012208330262944E+01  0.4103817832924785E+01  0.1259792283964311E-01  0.7663659579729946E+00  0.1031354664012193E+02
 0.1040664188333206E+01  0.4094730988493433E+01  0.4321907579421554E-01  0.7985474429033603E+00  0.1030270493110166E+02
 0.1005142372182351E+01  0.4105986778044020E+01  0.5189550425750380E-02  0.7585712430988125E+00  0.1031630303761583E+02
 0.1071589707051315E+01  0.4081118164155219E+01  0.7637249543676582E-01  0.8391288167767778E+00  0.1028835193230080E+02
 0.1049078525527906E+01  0.4076002474411908E+01  0.6542542285616455E-01  0.8282242744476684E+00  0.1028273299093743E+02
 0.9746875236679940E+00  0.4072397243295238E+01  0.2049148690561223E-01  0.7735628830754421E+00  0.1027655006719193E+02
 0.1025256751790784E+01  0.4076622846510340E+01  0.4838439351370264E-01  0.8088049460230159E+00  0.1028279841567438E+02
 0.1054749406956073E+01  0.4089397810353602E+01  0.5386469652777004E-01  0.8159208697128110E+00  0.1029695906725964E+02
 0.9999709507662802E+00  0.4107305193336138E+01  0.3025650897858539E-04  0.7530881977639827E+00  0.1031775316364716E+02
 0.9998947014518413E+00  0.4107344611430683E+01  0.8642627976799655E-04  0.7530033492778727E+00  0.1031784650172741E+02
 0.9999563088608809E+00  0.4107312106258920E+01  0.4406295189121380E-04  0.7530725424658913E+00  0.1031776998633313E+02
 0.9998485460338307E+00  0.4107368750752538E+01  0.1331404688892673E-03  0.7529512374162637E+00  0.1031790226654628E+02
 0.9999392690534509E+00  0.4107320495943537E+01  0.6281624189719195E-04  0.7530543610743290E+00  0.1031779107406212E+02
 0.9998674699566126E+00  0.4107365453778789E+01  0.1324908095596783E-03  0.7529692822402929E+00  0.1031789821052214E+02
 0.9999453298355048E+00  0.4107317664426440E+01  0.6210270891568043E-04  0.7530609474472572E+00  0.1031778449934316E+02
 0.9999004602288547E+00  0.4107365711029133E+01  0.5028561911372897E-04  0.7529949597286395E+00  0.1031790134367362E+02
 0.1002996714678704E+01  0.4106549540068570E+01 -0.3361849164953208E-02  0.7562373047634315E+00  0.1031682483422879E+02
 0.1006248718845135E+01  0.4105806432631629E+01 -0.8408494052654245E-02  0.7595976241307607E+00  0.1031606005144910E+02
 0.1026127070146004E+01  0.4099602751180008E+01 -0.2926817176557716E-01  0.7817619608378930E+00  0.1030844185387802E+02
 0.1051810924685385E+01  0.4091393913066204E+01 -0.5941845464555529E-01  0.8108126659465562E+00  0.1029869990698515E+02
 0.1072170311349549E+01  0.4083415526461086E+01 -0.7768446617708395E-01  0.8364319561223390E+00  0.1029048299208320E+02
 0.9999451528088062E+00  0.4107353717329842E+01  0.6108016414565537E-04  0.7530523599834041E+00  0.1031791144413613E+02
 0.1111803312942552E+01  0.4066788372235069E+01 -0.1104948585635876E+00  0.8880592954251842E+00  0.1027237777842115E+02
 0.1075072153340703E+01  0.4071434843845608E+01 -0.8550548011453135E-01  0.8539566174016094E+00  0.1027775877276302E+02
 0.1024644558750222E+01  0.4067555695536571E+01 -0.5173325442526479E-01  0.8192834268121870E+00  0.1027278827167998E+02
 0.9913691175632565E+00  0.4070004001326386E+01 -0.3048398433120138E-01  0.7898523442814208E+00  0.1027475296464479E+02
 0.8954549736178404E+00  0.4063097639818792E+01  0.2087446566542297E-01  0.7202038182058581E+00  0.1026531944544323E+02
 0.9115776222950068E+00  0.4063347829348003E+01  0.1002736249573439E-01  0.7329976228078107E+00  0.1026569273569203E+02
 0.9272654380419747E+00  0.4066490304610750E+01  0.2902630921514102E-02  0.7423506983235562E+00  0.1026962735092416E+02
 0.9217272827194428E+00  0.4065905435523701E+01  0.9402101551778202E-03  0.7384932232411725E+00  0.1026880838847328E+02
 0.9742528419958422E+00  0.4072582550994017E+01 -0.2015481084972498E-01  0.7730998662653160E+00  0.1027699501355584E+02
 0.1049034949209069E+01  0.4076026561518899E+01 -0.6539262395363445E-01  0.8281570948097940E+00  0.1028275091248691E+02
 0.1071774917400369E+01  0.4081050927720329E+01 -0.7654472112215083E-01  0.8393117587214777E+00  0.1028817912963317E+02
 0.1025231499681977E+01  0.4076649251964221E+01 -0.4835652917814947E-01  0.8087414627151464E+00  0.1028279848748896E+02
 0.1040621756622377E+01  0.4094736702560724E+01 -0.4315828260021821E-01  0.7985121502090133E+00  0.1030271913738310E+02
 0.1012179728440034E+01  0.4103831734395913E+01 -0.1253670048571623E-01  0.7663287537274496E+00  0.1031356451480066E+02
 0.1000991817258715E+01  0.4107070512108273E+01 -0.1002614072315836E-02  0.7541435046368368E+00  0.1031750528135818E+02
 0.1005175823357698E+01  0.4105957441881166E+01 -0.5197636421902893E-02  0.7586163692019505E+00  0.1031623207228048E+02
 0.1054580245576274E+01  0.4089449156002065E+01 -0.5377552149756286E-01  0.8157694707276241E+00  0.1029711554703606E+02
 0.1000000000003699E+01  0.4107292551881732E+01 -0.8713805356561716E-12  0.7531183976279052E+00  0.1031772204743437E+02
 0.1000000000006355E+01  0.4107292551879481E+01 -0.2809175705730244E-11  0.7531183976308262E+00  0.1031772204742743E+02
 0.1000000000001952E+01  0.4107292551883461E+01  0.9969112459676608E-13  0.7531183976259870E+00  0.1031772204743997E+02
 0.1000000000004828E+01  0.4107292551880752E+01 -0.1761528300164999E-11  0.7531183976292575E+00  0.1031772204743160E+02
 0.1000000000001137E+01  0.4107292551884382E+01  0.2258812615603185E-12  0.7531183976250738E+00  0.1031772204744300E+02
 0.1000000000006437E+01  0.4107292551879267E+01 -0.1969505421353307E-11  0.7531183976307526E+00  0.1031772204742621E+02
 0.1000000000000932E+01  0.4107292551884649E+01  0.8787178169327896E-13  0.7531183976248327E+00  0.1031772204744389E+02
 0.1000000000012818E+01  0.4107292551873854E+01 -0.5520497902561831E-11  0.7531183976374453E+00  0.1031772204740870E+02
 0.1000000000030469E+01  0.4107292551859964E+01 -0.2030233567609350E-10  0.7531183976567475E+00  0.1031772204736667E+02
 0.9999999999553471E+00  0.4107292551921251E+01  0.3211754890644341E-10  0.7531183975784090E+00  0.1031772204756399E+02
 0.9999999996422677E+00  0.4107292552184582E+01  0.2200021432148883E-09  0.7531183972525839E+00  0.1031772204842047E+02
 0.9999999999344238E+00  0.4107292551942636E+01  0.4446677794065840E-10  0.7531183975566366E+00  0.1031772204763678E+02
 0.9999999980066666E+00  0.4107292553435473E+01  0.1431712904332157E-08  0.7531183955156784E+00  0.1031772205229548E+02
 0.9999999947747257E+00  0.4107292555818178E+01  0.3867790185023331E-08  0.7531183920650828E+00  0.1031772205954054E+02
 0.1000000000009397E+01  0.4107292551876562E+01 -0.2871610975176213E-11  0.7531183976338168E+00  0.1031772204741719E+02
 0.1000000008242483E+01  0.4107292546183897E+01 -0.7626229419746459E-08  0.7531184059033565E+00  0.1031772202920838E+02
 0.1000000038837604E+01  0.4107292525255946E+01 -0.3345673502927945E-07  0.7531184374632878E+00  0.1031772196454662E+02
 0.1000000008416699E+01  0.4107292545528331E+01 -0.8174216787699916E-08  0.7531184055736964E+00  0.1031772202536361E+02
 0.1000000446174399E+01  0.4107292269258569E+01 -0.4030337938179068E-06  0.7531188698068844E+00  0.1031772122701737E+02
 0.1000000769049267E+01  0.4107292079409413E+01 -0.6959445859125306E-06  0.7531192134106826E+00  0.1031772069835327E+02
 0.9999985446364404E+00  0.4107293266183393E+01  0.1705228776984986E-05  0.7531169960865810E+00  0.1031772421758720E+02
 0.9999990509082884E+00  0.4107292847042165E+01  0.1138545183440330E-05  0.7531175495122557E+00  0.1031772292640891E+02
 0.1000000958030418E+01  0.4107291941829939E+01 -0.8451299363956125E-06  0.7531194158831704E+00  0.1031772028364231E+02
 0.9999999981320300E+00  0.4107292553423463E+01  0.1183309408209808E-08  0.7531183956515123E+00  0.1031772205234970E+02
 0.1000000376352725E+01  0.4107292097250029E+01 -0.9622638002334509E-07  0.7531189207191856E+00  0.1031772077926861E+02
 0.9999979665385381E+00  0.4107293299009794E+01  0.2517036114161982E-05  0.7531164477578699E+00  0.1031772407003419E+02
 0.1000000836810099E+01  0.4107292045987124E+01 -0.7408849869905792E-06  0.7531192822044939E+00  0.1031772060548282E+02
 0.1000000043650785E+01  0.4107292522104884E+01 -0.3618122499685875E-07  0.7531184421259947E+00  0.1031772195419881E+02
 0.9999999890884658E+00  0.4107292559857727E+01  0.8276451008649982E-08  0.7531183859721192E+00  0.1031772207160581E+02
 0.1000000105281415E+01  0.4107292479783866E+01 -0.8665763433953230E-07  0.7531185059674242E+00  0.1031772182393968E+02
 0.9999999987908819E+00  0.4107292552923377E+01  0.6906845819363615E-09  0.7531183963512849E+00  0.1031772205080465E+02
 0.9999999999191496E+00  0.4107292551968336E+01  0.1769916782342273E-10  0.7531183975411585E+00  0.1031772204773240E+02
 0.9999999999947998E+00  0.4107292551892389E+01 -0.2806269151812584E-11  0.7531183976192921E+00  0.1031772204747337E+02
 0.9999999998027835E+00  0.4107292552058633E+01  0.1028501652736195E-09  0.7531183974179372E+00  0.1031772204801432E+02
 0.9999999968105963E+00  0.4107292554452343E+01  0.2097186790721708E-08  0.7531183942052395E+00  0.1031772205544792E+02
 0.9999999999999990E+00  0.4107292551885528E+01 -0.2860951317101507E-15  0.7531183976238536E+00  0.1031772204744680E+02
 0.9999999999999990E+00  0.4107292551885528E+01 -0.5235804527478242E-15  0.7531183976238529E+00  0.1031772204744680E+02
 0.9999999999999987E+00  0.4107292551885527E+01 -0.7830482990729554E-15  0.7531183976238539E+00  0.1031772204744680E+02
 0.9999999999999989E+00  0.4107292551885528E+01 -0.4172673406442295E-15  0.7531183976238506E+00  0.1031772204744679E+02
 0.9999999999999991E+00  0.4107292551885528E+01 -0.1011525967379909E-14  0.7531183976238537E+00  0.1031772204744680E+02
 0.9999999999999986E+00  0.4107292551885528E+01 -0.9925481724671020E-15  0.7531183976238526E+00  0.1031772204744680E+02
 0.9999999999999986E+00  0.4107292551885529E+01 -0.1197621046061845E-14  0.7531183976238518E+00  0.1031772204744680E+02
 0.9999999999999983E+00  0.4107292551885529E+01 -0.1068595954801885E-14  0.7531183976238516E+00  0.1031772204744681E+02
 0.9999999999999976E+00  0.4107292551885531E+01 -0.3112044836441509E-15  0.7531183976238517E+00  0.1031772204744681E+02
 0.1000000000000001E+01  0.4107292551885531E+01  0.3425390906623797E-14  0.7531183976238545E+00  0.1031772204744681E+02
 0.1000000000000003E+01  0.4107292551885532E+01  0.1024267989045272E-13  0.7531183976238589E+00  0.1031772204744682E+02
 0.1000000000000004E+01  0.4107292551885537E+01  0.2652213366678817E-13  0.7531183976238600E+00  0.1031772204744685E+02
 0.1000000000000014E+01  0.4107292551885529E+01  0.5104888677593245E-13  0.7531183976238709E+00  0.1031772204744682E+02
 0.1000000000000034E+01  0.4107292551885520E+01  0.1555829605559619E-12  0.7531183976238942E+00  0.1031772204744680E+02
 0.1000000000000177E+01  0.4107292551885352E+01  0.2442225278749697E-12  0.7531183976240629E+00  0.1031772204744627E+02
 0.1000000000000025E+01  0.4107292551885536E+01  0.7157259030291242E-13  0.7531183976238840E+00  0.1031772204744686E+02
 0.1000000000000677E+01  0.4107292551884780E+01  0.2884410734888115E-12  0.7531183976246431E+00  0.1031772204744443E+02
 0.1000000000001814E+01  0.4107292551883531E+01 -0.2975648744450902E-12  0.7531183976259559E+00  0.1031772204744044E+02
 0.1000000000000061E+01  0.4107292551885472E+01  0.8342830009143121E-13  0.7531183976239241E+00  0.1031772204744663E+02
 0.1000000000000012E+01  0.4107292551885527E+01  0.2939674078127631E-13  0.7531183976238693E+00  0.1031772204744681E+02
 0.9999999999999963E+00  0.4107292551885535E+01  0.2085507995781205E-14  0.7531183976238495E+00  0.1031772204744682E+02
 0.1000000000000040E+01  0.4107292551885495E+01  0.5647496045570914E-13  0.7531183976239023E+00  0.1031772204744671E+02
 0.9999999999999973E+00  0.4107292551885532E+01 -0.4288842003203045E-15  0.7531183976238501E+00  0.1031772204744681E+02
 0.9999999999999981E+00  0.4107292551885529E+01 -0.1002852696950909E-14  0.7531183976238536E+00  0.1031772204744681E+02
 0.9999999999999986E+00  0.4107292551885528E+01 -0.1039498993996674E-14  0.7531183976238526E+00  0.1031772204744680E+02
 0.9999999999999982E+00  0.4107292551885529E+01 -0.9135157810220802E-15  0.7531183976238515E+00  0.1031772204744681E+02
 0.9999999999999959E+00  0.4107292551885536E+01  0.1630179676571384E-14  0.7531183976238469E+00  0.1031772204744682E+02
 0.1000000000000033E+01  0.4107292551885549E+01 -0.1609934897518980E-12  0.7531183976238917E+00  0.1031772204744692E+02
 0.1000000000000055E+01  0.4107292551885524E+01 -0.1347392988295085E-12  0.7531183976239164E+00  0.1031772204744684E+02
 0.9999999999998757E+00  0.4107292551885689E+01 -0.1492441131499048E-12  0.7531183976237251E+00  0.1031772204744738E+02
 0.1000000000000035E+01  0.4107292551885532E+01 -0.6623164893704427E-13  0.7531183976238922E+00  0.1031772204744685E+02
 0.9999999999994852E+00  0.4107292551886034E+01 -0.2981573772955461E-12  0.7531183976233052E+00  0.1031772204744848E+02
 0.9999999999999775E+00  0.4107292551885573E+01 -0.4788571155984636E-13  0.7531183976238309E+00  0.1031772204744697E+02
 0.1000000000001044E+01  0.4107292551884647E+01  0.3592895338985647E-12  0.7531183976249268E+00  0.1031772204744390E+02
 0.9999999999998281E+00  0.4107292551885703E+01 -0.9081992449627369E-13  0.7531183976236716E+00  0.1031772204744739E+02
 0.1000000000000004E+01  0.4107292551885531E+01 -0.1271209269796658E-13  0.7531183976238596E+00  0.1031772204744682E+02
 0.1000000000000017E+01  0.4107292551885526E+01 -0.1943453645772625E-13  0.7531183976238742E+00  0.1031772204744681E+02
 0.1000000000000010E+01  0.4107292551885528E+01 -0.1339985852941490E-13  0.7531183976238643E+00  0.1031772204744681E+02
 0.1000000000000007E+01  0.4107292551885527E+01 -0.7475939017425263E-14  0.7531183976238612E+00  0.1031772204744680E+02
 0.1000000000000004E+01  0.4107292551885529E+01 -0.6150046025356874E-14  0.7531183976238577E+00  0.1031772204744681E+02
 0.1000000000000006E+01  0.4107292551885529E+01 -0.1025353379966935E-13  0.7531183976238612E+00  0.1031772204744681E+02
 0.1000000000000006E+01  0.4107292551885528E+01 -0.9307017185119964E-14  0.7531183976238606E+00  0.1031772204744681E+02
 0.1000000000000003E+01  0.4107292551885529E+01 -0.5026137867504732E-14  0.7531183976238580E+00  0.1031772204744681E+02
 0.1000000000000011E+01  0.4107292551885529E+01 -0.1832503299280126E-13  0.7531183976238660E+00  0.1031772204744681E+02
 0.1000000000007372E+01  0.4107292551879014E+01  0.3235619208263386E-11  0.7531183976316284E+00  0.1031772204742560E+02
 0.9999999999998714E+00  0.4107292551885667E+01 -0.6776428576666376E-13  0.7531183976237135E+00  0.1031772204744726E+02
 0.1000000000006137E+01  0.4107292551879846E+01  0.1896384372904081E-11  0.7531183976303314E+00  0.1031772204742810E+02
 0.9999999999999388E+00  0.4107292551885615E+01 -0.3063638507982423E-13  0.7531183976237820E+00  0.1031772204744709E+02
 0.9999999999999490E+00  0.4107292551885581E+01 -0.1676014494313399E-13  0.7531183976238003E+00  0.1031772204744698E+02
 0.9999999999999990E+00  0.4107292551885529E+01  0.9221911295305596E-15  0.7531183976238515E+00  0.1031772204744680E+02
 0.9999999999999987E+00  0.4107292551885528E+01  0.7937745228241112E-15  0.7531183976238532E+00  0.1031772204744680E+02
 0.9999999999999991E+00  0.4107292551885527E+01  0.7990315577708566E-15  0.7531183976238522E+00  0.1031772204744679E+02
 0.9999999999999988E+00  0.4107292551885528E+01  0.1486500511326441E-14  0.7531183976238527E+00  0.1031772204744680E+02
 0.9999999999999986E+00  0.4107292551885527E+01  0.9863045791234014E-15  0.7531183976238532E+00  0.1031772204744680E+02
 0.9999999999999987E+00  0.4107292551885527E+01  0.9113953705823819E-15  0.7531183976238539E+00  0.1031772204744680E+02
 0.9999999999999983E+00  0.4107292551885526E+01  0.5782044499018273E-15  0.7531183976238551E+00  0.1031772204744680E+02
 0.9999999999999991E+00  0.4107292551885525E+01  0.5543281435766270E-15  0.7531183976238544E+00  0.1031772204744679E+02
 0.9999999999999988E+00  0.4107292551885528E+01  0.5181220257420392E-15  0.7531183976238519E+00  0.1031772204744680E+02
 0.9999999999999981E+00  0.4107292551885528E+01 -0.1302699014383529E-29  0.7531183976238515E+00  0.1031772204744680E+02
 0.9999999999999986E+00  0.4107292551885527E+01 -0.9258306879151007E-16  0.7531183976238532E+00  0.1031772204744680E+02
 0.9999999999999984E+00  0.4107292551885525E+01 -0.4245242609172148E-15  0.7531183976238560E+00  0.1031772204744680E+02
 0.9999999999999988E+00  0.4107292551885527E+01 -0.2663529266964154E-15  0.7531183976238519E+00  0.1031772204744679E+02
 0.9999999999999987E+00  0.4107292551885527E+01  0.4369703831559423E-16  0.7531183976238518E+00  0.1031772204744679E+02
 0.9999999999999988E+00  0.4107292551885527E+01 -0.1912063248787650E-29  0.7531183976238548E+00  0.1031772204744680E+02
 0.9999999999999989E+00  0.4107292551885527E+01 -0.4083961285473970E-15  0.7531183976238514E+00  0.1031772204744679E+02
 0.9999999999999987E+00  0.4107292551885527E+01  0.3818334380553795E-16  0.7531183976238532E+00  0.1031772204744680E+02
 0.9999999999999989E+00  0.4107292551885527E+01  0.5117169955736846E-15  0.7531183976238528E+00  0.1031772204744680E+02
 0.9999999999999988E+00  0.4107292551885528E+01  0.8254100432240128E-15  0.7531183976238519E+00  0.1031772204744680E+02
 0.9999999999999987E+00  0.4107292551885527E+01  0.5829345505922771E-15  0.7531183976238526E+00  0.1031772204744680E+02
 0.9999999999999983E+00  0.4107292551885527E+01  0.5743180387746549E-15  0.7531183976238516E+00  0.1031772204744679E+02
 0.9999999999999982E+00  0.4107292551885528E+01  0.9203393261768763E-15  0.7531183976238508E+00  0.1031772204744680E+02
 0.9999999999999986E+00  0.4107292551885527E+01  0.1030001618594413E-14  0.7531183976238539E+00  0.1031772204744680E+02
 0.9999999999999988E+00  0.4107292551885527E+01  0.6696799887272515E-15  0.7531183976238548E+00  0.1031772204744680E+02
 0.9999999999999982E+00  0.4107292551885527E+01  0.6070997110435926E-15  0.7531183976238537E+00  0.1031772204744680E+02
 0.9999999999999990E+00  0.4107292551885528E+01  0.4900847264210369E-15  0.7531183976238521E+00  0.1031772204744680E+02
 0.9999999999999989E+00  0.4107292551885527E+01  0.9888015547379995E-15  0.7531183976238541E+00  0.1031772204744680E+02
 0.9999999999999991E+00  0.4107292551885529E+01  0.8648833937911924E-15  0.7531183976238501E+00  0.1031772204744680E+02
 0.9999999999999996E+00  0.4107292551885529E+01 -0.6741828782304546E-16  0.7531183976238532E+00  0.1031772204744680E+02
 0.1000000000000000E+01  0.4107292551885529E+01 -0.1353131218400017E-14  0.7531183976238531E+00  0.1031772204744680E+02
 0.1000000000000001E+01  0.4107292551885529E+01 -0.2097457843383628E-14  0.7531183976238566E+00  0.1031772204744681E+02
 0.9999999999999996E+00  0.4107292551885529E+01 -0.1020567243630997E-14  0.7531183976238540E+00  0.1031772204744681E+02
 0.1000000000000000E+01  0.4107292551885528E+01 -0.4541912627895893E-15  0.7531183976238536E+00  0.1031772204744680E+02
 0.1000000000000001E+01  0.4107292551885527E+01 -0.1506478329982572E-14  0.7531183976238572E+00  0.1031772204744680E+02
 0.1000000000000002E+01  0.4107292551885528E+01 -0.2585571023259026E-14  0.7531183976238555E+00  0.1031772204744680E+02
 0.1000000000000002E+01  0.4107292551885527E+01 -0.3041313872906259E-14  0.7531183976238576E+00  0.1031772204744680E+02
 0.1000000000000004E+01  0.4107292551885528E+01 -0.4659220986755048E-14  0.7531183976238601E+00  0.1031772204744681E+02
 0.9999999999999611E+00  0.4107292551885569E+01 -0.2130204865827119E-13  0.7531183976238137E+00  0.1031772204744694E+02
 0.1000000000000000E+01  0.4107292551885528E+01 -0.4194915681120413E-15  0.7531183976238542E+00  0.1031772204744680E+02
 0.9999999999999993E+00  0.4107292551885526E+01  0.1420737116283394E-15  0.7531183976238573E+00  0.1031772204744680E+02
 0.9999999999999989E+00  0.4107292551885527E+01  0.5805463661928879E-15  0.7531183976238520E+00  0.1031772204744679E+02
 0.9999783792696322E+00  0.4107301298123566E+01 -0.2073774890293938E-04  0.7530955998143293E+00  0.1031774168360700E+02
 0.1000000124353016E+01  0.4107292030006968E+01 -0.4243938168820138E-06  0.7531186641442110E+00  0.1031772033610858E+02
 0.9999494819418568E+00  0.4107314994982866E+01 -0.4708811066808577E-04  0.7530645796969572E+00  0.1031777479756208E+02
 0.9999998409501747E+00  0.4107292095054148E+01 -0.2358698680534800E-06  0.7531183222310803E+00  0.1031772028208327E+02
 0.9999098047039710E+00  0.4107335139247818E+01 -0.8464634607937839E-04  0.7530214110884547E+00  0.1031782431714262E+02
 0.9999953358744752E+00  0.4107294012516824E+01 -0.4232089526570225E-05  0.7531136392370159E+00  0.1031772493231210E+02
 0.9998685600686671E+00  0.4107359169512660E+01 -0.1269968531224504E-03  0.7529749633543183E+00  0.1031788455010958E+02
 0.9999880731207970E+00  0.4107297337815453E+01 -0.1054971950288490E-04  0.7531059868221464E+00  0.1031773313350213E+02
 0.1000001374397899E+01  0.4107291667201562E+01  0.1197880831543317E-05  0.7531198968381354E+00  0.1031771957411530E+02
 0.1000001083384239E+01  0.4107291899097632E+01  0.9409922434081176E-06  0.7531195607638456E+00  0.1031772023431413E+02
 0.1000000162842853E+01  0.4107292460053819E+01  0.1426719951269586E-06  0.7531185671322842E+00  0.1031772178743831E+02
 0.1000000180697439E+01  0.4107292449804956E+01  0.1516273383199603E-06  0.7531185877549575E+00  0.1031772176328337E+02
 0.9998609686165589E+00  0.4107370831348349E+01 -0.1439743915272656E-03  0.7529634702221276E+00  0.1031791800929911E+02
 0.9999773740950164E+00  0.4107302624101258E+01 -0.2013740905021967E-04  0.7530945658077207E+00  0.1031774643727568E+02
 0.9998861650886839E+00  0.4107370611724070E+01 -0.1097531023596097E-03  0.7529871697110050E+00  0.1031792891629341E+02
 0.9999714246734333E+00  0.4107305224295721E+01 -0.2541719451153812E-04  0.7530882211652069E+00  0.1031775245689151E+02
 0.1000000945983180E+01  0.4107291766524033E+01  0.9355045484567554E-06  0.7531195030105040E+00  0.1031771980411048E+02
 0.1000001037126849E+01  0.4107291662734288E+01  0.1023464451920534E-05  0.7531195976814026E+00  0.1031771944288796E+02
 0.1000000454880117E+01  0.4107292263140880E+01  0.3616679442404851E-06  0.7531188815854062E+00  0.1031772121494542E+02
 0.1000001137562011E+01  0.4107291771855711E+01  0.9287790064810476E-06  0.7531196357305796E+00  0.1031771979710541E+02
 0.1000000272735230E+01  0.4107292379645664E+01  0.2074129696260006E-06  0.7531186859725909E+00  0.1031772154737431E+02
 0.1000000001901368E+01  0.4107292552516665E+01 -0.5849417848640720E-09  0.7531183986031535E+00  0.1031772204890742E+02
 0.9999775107724910E+00  0.4107301817927672E+01 -0.2078527078961075E-04  0.7530948436795605E+00  0.1031774356344633E+02
 0.9999999937197738E+00  0.4107292557557250E+01 -0.4844426647980768E-08  0.7531183905656611E+00  0.1031772206492113E+02
 0.9999999955843051E+00  0.4107292555296587E+01 -0.2917923815266903E-08  0.7531183929215102E+00  0.1031772205801501E+02
 0.9999999972362332E+00  0.4107292554023251E+01 -0.1670501844908050E-08  0.7531183947215179E+00  0.1031772205417483E+02
 0.9999999986287968E+00  0.4107292552952946E+01 -0.8231893120779274E-09  0.7531183961774532E+00  0.1031772205079669E+02
 0.9999999999187951E+00  0.4107292551943035E+01 -0.3317348686009979E-10  0.7531183975440101E+00  0.1031772204763628E+02
 0.1000000000022940E+01  0.4107292551862590E+01  0.1267515409631829E-10  0.7531183976494714E+00  0.1031772204737344E+02
 0.1000000000032265E+01  0.4107292551857470E+01  0.1689639624823768E-10  0.7531183976581843E+00  0.1031772204735664E+02
 0.1000000000046933E+01  0.4107292551841297E+01  0.2781415352921927E-10  0.7531183976754156E+00  0.1031772204730567E+02
 0.1000000018062176E+01  0.4107292545609966E+01  0.1417131502185580E-07  0.7531184147744105E+00  0.1031772203054023E+02
 0.1000000000021341E+01  0.4107292551866885E+01  0.9678422603870801E-11  0.7531183976463062E+00  0.1031772204738618E+02
 0.1000000000010284E+01  0.4107292551875902E+01  0.3255344292388816E-11  0.7531183976347083E+00  0.1031772204741504E+02
 0.1000000000010451E+01  0.4107292551876507E+01  0.4682319864551275E-11  0.7531183976348030E+00  0.1031772204741745E+02
 0.1000000000001211E+01  0.4107292551884270E+01 -0.4602817613275558E-12  0.7531183976251038E+00  0.1031772204744248E+02
 0.1000000000004516E+01  0.4107292551881623E+01  0.1924849770458989E-11  0.7531183976285699E+00  0.1031772204743405E+02
 0.9999999999992774E+00  0.4107292551886215E+01 -0.6085624108703931E-12  0.7531183976230778E+00  0.1031772204744904E+02
 0.1000000000000201E+01  0.4107292551885371E+01 -0.2349448496245703E-12  0.7531183976240635E+00  0.1031772204744630E+02
 0.1000000000000541E+01  0.4107292551885057E+01 -0.1191677735867978E-12  0.7531183976244187E+00  0.1031772204744526E+02
 0.1000000000072841E+01  0.4107292551823832E+01  0.4283507677704134E-10  0.7531183977017349E+00  0.1031772204725096E+02
 0.1000000000089024E+01  0.4107292551812390E+01  0.5654045187400999E-10  0.7531183977192428E+00  0.1031772204721726E+02
 0.1000000000109133E+01  0.4107292551795354E+01  0.6671905094411381E-10  0.7531183977410434E+00  0.1031772204716393E+02
 0.9999999993709157E+00  0.4107292552363178E+01 -0.3769805422588968E-09  0.7531183969727286E+00  0.1031772204896528E+02
 0.9999999996539188E+00  0.4107292552153785E+01 -0.1819618625795589E-09  0.7531183972681776E+00  0.1031772204831102E+02
 0.9999999922688614E+00  0.4107292557711674E+01 -0.5429180061053086E-08  0.7531183893644595E+00  0.1031772206528416E+02
 0.1000000008643826E+01  0.4107292548013093E+01  0.3982995173054023E-08  0.7531184054853204E+00  0.1031772203492068E+02
 0.1000000005059369E+01  0.4107292550621757E+01  0.2479623348906730E-08  0.7531184018178155E+00  0.1031772204321527E+02
 0.1000000521452948E+01  0.4107292228508120E+01  0.4204951352013677E-06  0.7531189518884429E+00  0.1031772112311306E+02
 0.9999999909700158E+00  0.4107292560274151E+01 -0.6645661567997533E-08  0.7531183873211508E+00  0.1031772207314619E+02
 0.1000000360957584E+01  0.4107292339157486E+01  0.3008692010167926E-06  0.7531187799779685E+00  0.1031772144998626E+02
 0.1000001352324858E+01  0.4107291586598799E+01  0.1230238584670526E-05  0.7531199115811008E+00  0.1031771932147265E+02
 0.9999999907851271E+00  0.4107292558589616E+01 -0.6766269365084102E-08  0.7531183878587437E+00  0.1031772206791940E+02
 0.9999999936434194E+00  0.4107292556512755E+01 -0.4626935579858424E-08  0.7531183908625589E+00  0.1031772206151708E+02
 0.9999999917577804E+00  0.4107292557860734E+01 -0.6106928619596370E-08  0.7531183888222956E+00  0.1031772206550324E+02
 0.9999999994782288E+00  0.4107292552261612E+01 -0.3523678999211238E-09  0.7531183970870352E+00  0.1031772204863183E+02
 0.1000000000066885E+01  0.4107292551836322E+01  0.4259786686543688E-10  0.7531183976991340E+00  0.1031772204730697E+02
 0.8397654940337892E+00  0.4039713546771059E+01 -0.2751260359299456E-03  0.6986718975626602E+00  0.1023960412597907E+02
 0.8539222905510316E+00  0.4049543468855317E+01 -0.3299530789151080E-01  0.7002561662888470E+00  0.1025006227713026E+02
 0.8215153771595968E+00  0.4035169579269363E+01 -0.2849348972966265E-03  0.6879343714067009E+00  0.1023478887860261E+02
 0.8382121018477048E+00  0.4050224972828001E+01 -0.4529243667136103E-01  0.6865367239281958E+00  0.1025080918908096E+02
 0.8802524744871136E+00  0.4065024929334223E+01 -0.4359837162435601E-01  0.7056866131614550E+00  0.1026738074634363E+02
 0.8074431218952405E+00  0.4025547742698171E+01 -0.2065280803507453E-03  0.6852190574467555E+00  0.1022408800385364E+02
 0.8186844142400699E+00  0.4051994438419721E+01 -0.6184590536834061E-01  0.6685304600226336E+00  0.1025271983631370E+02
 0.7957936650673777E+00  0.4060240646388815E+01 -0.9164753246009488E-01  0.6415978529781629E+00  0.1026256779304541E+02
 0.8661179865471015E+00  0.4071691944060113E+01 -0.6200244542513056E-01  0.6872709984101119E+00  0.1027502819948577E+02
 0.8733017083311094E+00  0.4067606825016450E+01 -0.5233420933622139E-01  0.6973434117910311E+00  0.1027036642196590E+02
 0.9541666788778409E+00  0.4068336141876185E+01  0.5478532892233799E-02  0.7619581931314020E+00  0.1027209147583132E+02
 0.9730630364257897E+00  0.4065047372759501E+01  0.2068912650578137E-01  0.7808518529553692E+00  0.1026868884534218E+02
 0.1060541802513526E+01  0.4058769434383018E+01  0.9049970270836631E-01  0.8579784020515319E+00  0.1026339995641925E+02
 0.1028643924344383E+01  0.4065322048259351E+01  0.6556428674058702E-01  0.8245352167556144E+00  0.1026950842619674E+02
 0.1082712570662011E+01  0.4062216675260223E+01  0.1018323499417085E+00  0.8710843014337369E+00  0.1026733413929402E+02
 0.1110830151981713E+01  0.4058784227507906E+01  0.1246511966821980E+00  0.8974657553270621E+00  0.1026444234795719E+02
 0.9492560399595691E+00  0.4070632457625616E+01  0.2100898225733944E-02  0.7555270547018280E+00  0.1027481383470166E+02
 0.8862568577376677E+00  0.4064266325360657E+01 -0.3541762114781800E-01  0.7114979342489052E+00  0.1026678841436965E+02
 0.8691082582340330E+00  0.4052354479420197E+01 -0.2864161030748672E-01  0.7099826427119658E+00  0.1025347190297465E+02
 0.9227341330391942E+00  0.4071955821065377E+01 -0.9246791957545235E-02  0.7327278323441563E+00  0.1027566328734614E+02
 0.1001935869177147E+01  0.4106858942147258E+01  0.1946585086971001E-02  0.7551569681954106E+00  0.1031739184906199E+02
 0.1000540507311700E+01  0.4107266782727838E+01  0.4400336490324693E-03  0.7536567702796119E+00  0.1031794439242768E+02
 0.1012040493452800E+01  0.4103882397924897E+01  0.1230015872205822E-01  0.7662318296706018E+00  0.1031379047008563E+02
 0.1043876151875870E+01  0.4093786391213396E+01  0.4390544933220370E-01  0.8023182736046460E+00  0.1030199552961535E+02
 0.1022356536725832E+01  0.4100758887541438E+01  0.2215968162203347E-01  0.7777352547752840E+00  0.1031017728026410E+02
 0.1025287148142445E+01  0.4099735073901082E+01  0.2612095299653197E-01  0.7810088731861281E+00  0.1030862118310738E+02
 0.1010494945740063E+01  0.4104310070552203E+01  0.1067418103008447E-01  0.7644962346855129E+00  0.1031412809225326E+02
 0.1010807867471298E+01  0.4104257998788769E+01  0.1108939560724939E-01  0.7648062680679845E+00  0.1031410016036406E+02
 0.1003664209124540E+01  0.4106362612229883E+01  0.3691544399141634E-02  0.7570189708920019E+00  0.1031675182037280E+02
 0.1002131486613814E+01  0.4106796887590433E+01  0.2070547540581402E-02  0.7553527611436534E+00  0.1031725788477142E+02
 0.1000466394790691E+01  0.4107259600532608E+01  0.4519618996772875E-03  0.7535853076444483E+00  0.1031787582329135E+02
 0.9999831613026521E+00  0.4107384334475058E+01 -0.4884884132994560E-04  0.7530781623863819E+00  0.1031803014537659E+02
 0.9998180320834404E+00  0.4107406790521516E+01 -0.1807659699374369E-03  0.7529131738063530E+00  0.1031802079970725E+02
 0.9998513001198083E+00  0.4107368313221860E+01 -0.1398224090862235E-03  0.7529555730625948E+00  0.1031790612529882E+02
 0.9999064422973813E+00  0.4107335020126380E+01 -0.8755325281900756E-04  0.7530186179798549E+00  0.1031782317577008E+02
 0.1001577121736969E+01  0.4106975623569526E+01  0.1651342092571853E-02  0.7547662216351453E+00  0.1031757009427340E+02
 0.1005861514784888E+01  0.4105723451548061E+01  0.5797775677689247E-02  0.7593809413744603E+00  0.1031588873000381E+02
 0.1025548801801713E+01  0.4099816471881191E+01  0.2710496662979895E-01  0.7811163699540680E+00  0.1030875726006207E+02
 0.1051030804897890E+01  0.4091398781918872E+01  0.5378342750356965E-01  0.8104097914438197E+00  0.1029887303220996E+02
 0.1094776020633611E+01  0.4076573476042911E+01  0.1020081727764011E+00  0.8618661310744431E+00  0.1028256195582712E+02
 0.1049018056026007E+01  0.4092641570079349E+01  0.5753854957660477E-01  0.8073991324059209E+00  0.1030069120181866E+02
 0.1158234811796578E+01  0.4054444541324163E+01  0.1620765709822350E+00  0.9387588719024885E+00  0.1025866530501401E+02
 0.1075325421485636E+01  0.4083360102577680E+01  0.7822163584479183E-01  0.8387332549555265E+00  0.1028992634424406E+02
 0.1091081632115538E+01  0.4078080517707225E+01  0.9279227155638839E-01  0.8573431984246446E+00  0.1028410968665661E+02
 0.1131624454071404E+01  0.4062896399638932E+01  0.1358995159676587E+00  0.9078183074838904E+00  0.1026836236002200E+02
 0.1131707488894504E+01  0.4061246813964022E+01  0.1343683318945534E+00  0.9103666516679849E+00  0.1026693698241242E+02
 0.1135607152538409E+01  0.4053067711962032E+01  0.1466319061534337E+00  0.9238937226691977E+00  0.1025834957909122E+02
 0.1110669236981957E+01  0.4070764329560711E+01  0.1051912103882339E+00  0.8820285168715273E+00  0.1027644742054254E+02
 0.1214135293795551E+01  0.4027462557431723E+01  0.2041051082219521E+00  0.1020115943278231E+01  0.1023155568087554E+02
 0.1152569411330084E+01  0.4039591967471891E+01  0.1615172370609956E+00  0.9552329368969974E+00  0.1024415955331616E+02
 0.1068030603167614E+01  0.4046865925549553E+01  0.9652368391914901E-01  0.8786500356690329E+00  0.1024992645103697E+02
 0.1100793985878768E+01  0.4050375640224400E+01  0.1226486253307217E+00  0.9002594300798443E+00  0.1025486113499900E+02
 0.1005656723912842E+01  0.4058659894125182E+01  0.4739713850059402E-01  0.8143584844410611E+00  0.1026192780001879E+02
 0.8680057201833613E+00  0.4077776958434596E+01 -0.6515252034322810E-01  0.6830927656850495E+00  0.1028367500227153E+02
 0.1159737616219182E+01  0.4048764891007487E+01  0.1655530472746291E+00  0.9482491307241881E+00  0.1025405520655237E+02
 0.1173496866908190E+01  0.4047296929359722E+01  0.1755328578791462E+00  0.9606775344472833E+00  0.1025232501798706E+02
 0.1120848760532820E+01  0.4067408071329005E+01  0.1257757328849285E+00  0.8935896456447876E+00  0.1027292329968785E+02
 0.9999802427375193E+00  0.4107300599525324E+01  0.1888074373148619E-04  0.7530975961439007E+00  0.1031774029657068E+02
 0.9999161780783430E+00  0.4107329919736150E+01  0.8183693077777099E-04  0.7530292761744177E+00  0.1031781054269534E+02
 0.9999556245623136E+00  0.4107312037301176E+01  0.4122439609753205E-04  0.7530712081590543E+00  0.1031776765549560E+02
 0.9998428390596965E+00  0.4107372384231124E+01  0.1467209079651270E-03  0.7529465096327139E+00  0.1031791611717209E+02
 0.9999190374632144E+00  0.4107330837943674E+01  0.7571633127009429E-04  0.7530314549411798E+00  0.1031781437706432E+02
 0.9998383634309158E+00  0.4107395703010808E+01  0.1631044325556559E-03  0.7529354830516428E+00  0.1031799275544366E+02
 0.9998845779784846E+00  0.4107350868218584E+01  0.1112104472590699E-03  0.7529927579181660E+00  0.1031786478325482E+02
 0.9999322793783542E+00  0.4107411748309944E+01  0.1070390894200240E-03  0.7530214937172779E+00  0.1031809687144245E+02
 0.1002026260137110E+01  0.4106857385612591E+01 -0.1937204131297827E-02  0.7552276905628921E+00  0.1031739191248505E+02
 0.1000458666444610E+01  0.4107260766714229E+01 -0.4406076446384364E-03  0.7535765650522018E+00  0.1031787330803574E+02
 0.1003667455991870E+01  0.4106354684421142E+01 -0.3685920882883572E-02  0.7570241319298092E+00  0.1031672600060595E+02
 0.1010726470890233E+01  0.4104313439487361E+01 -0.1097383913258961E-01  0.7646983462416673E+00  0.1031421182230604E+02
 0.1025302018532190E+01  0.4099740483157547E+01 -0.2609125178093908E-01  0.7810074924771782E+00  0.1030861159783661E+02
 0.1010504253225346E+01  0.4104300632273877E+01 -0.1066247395213713E-01  0.7645075277451447E+00  0.1031409974785696E+02
 0.1022391071948917E+01  0.4100733468720527E+01 -0.2215824628965453E-01  0.7777784011096701E+00  0.1031011427447912E+02
 0.1043908884144034E+01  0.4093794878992619E+01 -0.4395618174506755E-01  0.8023234817643173E+00  0.1030198472906650E+02
 0.1001557338329910E+01  0.4106981229586611E+01 -0.1617061074709699E-02  0.7547457768129865E+00  0.1031757924234692E+02
 0.9998818528619685E+00  0.4107359117499826E+01  0.1238904505574380E-03  0.7529869008366659E+00  0.1031788915421882E+02
 0.1000605704643222E+01  0.4107224655253393E+01 -0.5086759860322163E-03  0.7537351775364823E+00  0.1031784459623940E+02
 0.9998919027706283E+00  0.4107365155277980E+01  0.1052063966436191E-03  0.7529941887683090E+00  0.1031791325031391E+02
 0.1001858701219763E+01  0.4106894083025547E+01 -0.1873868597374013E-02  0.7550725741007702E+00  0.1031747056915916E+02
 0.1011930078503745E+01  0.4103925297279263E+01 -0.1219833664473670E-01  0.7661188954561496E+00  0.1031389279905785E+02
 0.1110763082190924E+01  0.4058799685547199E+01 -0.1246705847140393E+00  0.8973864236800553E+00  0.1026445091325134E+02
 0.1082704759619773E+01  0.4062212663366115E+01 -0.1018684531539902E+00  0.8710640446115968E+00  0.1026728925621345E+02
 0.1060517075660462E+01  0.4058796031689454E+01 -0.9048516578485301E-01  0.8579268042726376E+00  0.1026343211638835E+02
 0.1028522917575049E+01  0.4065422587943706E+01 -0.6535797803850948E-01  0.8243481682198796E+00  0.1026968476422278E+02
 0.9732488358829462E+00  0.4064993942300836E+01 -0.2079536469206951E-01  0.7810147173205998E+00  0.1026850921466901E+02
 0.9541705775910174E+00  0.4068367469004606E+01 -0.5447579173873458E-02  0.7619223653087261E+00  0.1027211672764926E+02
 0.8659977301433233E+00  0.4071835245050850E+01  0.6228615330971295E-01  0.6870659326371036E+00  0.1027531280040694E+02
 0.8731581459583576E+00  0.4067707031697998E+01  0.5255054571261391E-01  0.6971665908101836E+00  0.1027060732891428E+02
 0.8801060153421268E+00  0.4065255258589938E+01  0.4385610328775548E-01  0.7053976228525164E+00  0.1026784096389714E+02
 0.7957929544287785E+00  0.4060382968972376E+01  0.9158117643440708E-01  0.6415260487943191E+00  0.1026291581353257E+02
 0.8185926197646348E+00  0.4052257460590012E+01  0.6190486692541762E-01  0.6682905732532889E+00  0.1025328558913128E+02
 0.8381450950130738E+00  0.4050461610519739E+01  0.4532566084095682E-01  0.6863309612762536E+00  0.1025131911460005E+02
 0.8538495951677636E+00  0.4049705797174730E+01  0.3294119505080353E-01  0.7001090411432859E+00  0.1025046163544914E+02
 0.8689899210356182E+00  0.4052543023058275E+01  0.2872088690368554E-01  0.7097885524679576E+00  0.1025395797372224E+02
 0.8862398323326359E+00  0.4064321348041497E+01  0.3552822148592032E-01  0.7114507395784063E+00  0.1026692139099401E+02
 0.9492117380427582E+00  0.4070682079972196E+01 -0.2043691174909554E-02  0.7554462315342363E+00  0.1027489571053992E+02
 0.9229740563606422E+00  0.4071950536792485E+01  0.9187349282104377E-02  0.7328833352401460E+00  0.1027554637597007E+02
 0.8681642591258137E+00  0.4077776610375992E+01  0.6518376257177247E-01  0.6831824325449540E+00  0.1028357454874187E+02
 0.1005871336638597E+01  0.4058553965279816E+01 -0.4760852395302110E-01  0.8145866166573438E+00  0.1026164298385370E+02
 0.1100512915998071E+01  0.4050520738415239E+01 -0.1223387135257168E+00  0.8999145150770537E+00  0.1025514953377355E+02
 0.1152423876053112E+01  0.4039662686246227E+01 -0.1613267582064399E+00  0.9550461878013202E+00  0.1024427102146362E+02
 0.1067773980149537E+01  0.4046971031174985E+01 -0.9647513228030166E-01  0.8783488283629475E+00  0.1025013619482028E+02
 0.1213960476123860E+01  0.4027552975340827E+01 -0.2039325129383824E+00  0.1019881422040408E+01  0.1023170414440316E+02
 0.1135272220673715E+01  0.4053197750882812E+01 -0.1464055194396956E+00  0.9235166352807207E+00  0.1025861313844561E+02
 0.1131666428541569E+01  0.4061247970454589E+01 -0.1344085272599880E+00  0.9103214366015109E+00  0.1026692016195488E+02
 0.1131385715323479E+01  0.4062991123650892E+01 -0.1357138530537747E+00  0.9075530064449481E+00  0.1026855897688373E+02
 0.1091030462496184E+01  0.4078087160900092E+01 -0.9275942690919488E-01  0.8572980689320662E+00  0.1028412245319938E+02
 0.1075385135815392E+01  0.4083316571329703E+01 -0.7826921125290531E-01  0.8388202948520637E+00  0.1028984638229108E+02
 0.1110376405294133E+01  0.4070880030227924E+01 -0.1050531371391556E+00  0.8817150502235505E+00  0.1027672171943126E+02
 0.1158481963639773E+01  0.4054301478874692E+01 -0.1621675731143357E+00  0.9390662070264165E+00  0.1025833097119853E+02
 0.1094659170783594E+01  0.4076609056814576E+01 -0.1019083951655241E+00  0.8617499162287167E+00  0.1028264150685427E+02
 0.1048899994242491E+01  0.4092705101489112E+01 -0.5753016307409091E-01  0.8072531106602677E+00  0.1030081927829243E+02
 0.1051043743359408E+01  0.4091375429645037E+01 -0.5380241911704628E-01  0.8104385810603546E+00  0.1029882325963099E+02
 0.1025596984246404E+01  0.4099777357719740E+01 -0.2714021394765304E-01  0.7811848614079074E+00  0.1030867535461023E+02
 0.1005881292135120E+01  0.4105700354947912E+01 -0.5794530683883668E-02  0.7594133580411766E+00  0.1031583734172271E+02
 0.1121004445231418E+01  0.4067321641817785E+01 -0.1259342648946147E+00  0.8937707814245321E+00  0.1027271886771973E+02
 0.1173356109026454E+01  0.4047346939275837E+01 -0.1754953229695066E+00  0.9605111523694396E+00  0.1025241185124267E+02
 0.1159532372770870E+01  0.4048842389985410E+01 -0.1654682314324213E+00  0.9480070561136399E+00  0.1025419484099335E+02
 0.1000000000000110E+01  0.4107292551885470E+01  0.2192133687215638E-12  0.7531183976239800E+00  0.1031772204744667E+02
 0.1000000000000910E+01  0.4107292551884679E+01  0.1228383213487384E-12  0.7531183976248089E+00  0.1031772204744399E+02
 0.9999999999999469E+00  0.4107292551885632E+01  0.1737441876891837E-12  0.7531183976238029E+00  0.1031772204744720E+02
 0.1000000000000541E+01  0.4107292551885033E+01  0.2395066484098649E-12  0.7531183976244255E+00  0.1031772204744518E+02
 0.9999999999996793E+00  0.4107292551885864E+01  0.2358010677219922E-12  0.7531183976235133E+00  0.1031772204744794E+02
 0.9999999999996632E+00  0.4107292551885866E+01  0.5181544867480780E-12  0.7531183976234905E+00  0.1031772204744792E+02
 0.1000000000000653E+01  0.4107292551885007E+01 -0.1783601146204279E-12  0.7531183976245129E+00  0.1031772204744508E+02
 0.1000000000003314E+01  0.4107292551882728E+01 -0.1299456282991075E-11  0.7531183976272906E+00  0.1031772204743765E+02
 0.1000000000009303E+01  0.4107292551877454E+01 -0.3871008260531701E-11  0.7531183976335858E+00  0.1031772204742045E+02
 0.1000000000002370E+01  0.4107292551883155E+01  0.9534059346754372E-13  0.7531183976263338E+00  0.1031772204743879E+02
 0.1000000000011246E+01  0.4107292551875073E+01 -0.3863229736245883E-11  0.7531183976357748E+00  0.1031772204741249E+02
 0.1000000000021218E+01  0.4107292551867024E+01 -0.9767171424386032E-11  0.7531183976462217E+00  0.1031772204738677E+02
 0.1000000000006027E+01  0.4107292551880203E+01 -0.2710057791901754E-11  0.7531183976302265E+00  0.1031772204742951E+02
 0.1000000000022814E+01  0.4107292551865779E+01 -0.1213754655870944E-10  0.7531183976481429E+00  0.1031772204738346E+02
 0.1000000000007253E+01  0.4107292551878881E+01 -0.2728943380219347E-11  0.7531183976315404E+00  0.1031772204742506E+02
 0.1000000000020697E+01  0.4107292551863749E+01 -0.1466292494536284E-10  0.7531183976479080E+00  0.1031772204737852E+02
 0.9999999999260181E+00  0.4107292551937576E+01  0.2840221596738010E-10  0.7531183975516582E+00  0.1031772204761938E+02
 0.9999999987660640E+00  0.4107292552845404E+01  0.7440895513030718E-09  0.7531183963214484E+00  0.1031772205045653E+02
 0.9999999962374188E+00  0.4107292554762489E+01  0.2515977538512356E-08  0.7531183936221382E+00  0.1031772205634320E+02
 0.9999999973892335E+00  0.4107292553920167E+01  0.1572394267051049E-08  0.7531183948761924E+00  0.1031772205385004E+02
 0.9999999951420105E+00  0.4107292556687389E+01  0.4268741799866653E-08  0.7531183919289248E+00  0.1031772206207873E+02
 0.1000000004050002E+01  0.4107292550833090E+01 -0.7702667244691150E-09  0.7531184008930473E+00  0.1031772204367179E+02
 0.1000000000031241E+01  0.4107292551854542E+01 -0.1975230527866211E-10  0.7531183976588404E+00  0.1031772204734818E+02
 0.1000000279891610E+01  0.4107292377191344E+01 -0.2122359626384730E-06  0.7531186927207875E+00  0.1031772154069019E+02
 0.1000000450254843E+01  0.4107292271061843E+01 -0.3620564202416132E-06  0.7531188758355887E+00  0.1031772124181304E+02
 0.1000001265342827E+01  0.4107291686160353E+01 -0.1040582788446472E-05  0.7531197783985949E+00  0.1031771956121425E+02
 0.1000000762868272E+01  0.4107291848076006E+01 -0.8297761311983997E-06  0.7531193042234764E+00  0.1031771998686888E+02
 0.1000000649980460E+01  0.4107291956338138E+01 -0.6874615443525248E-06  0.7531191813467042E+00  0.1031772033688590E+02
 0.9999697298957566E+00  0.4107305910979237E+01  0.2710147331621380E-04  0.7530864215699944E+00  0.1031775396921108E+02
 0.9999764114710211E+00  0.4107302837745246E+01  0.2115114868060558E-04  0.7530935621674828E+00  0.1031774661808837E+02
 0.9999768916397300E+00  0.4107302115276187E+01  0.2127333117888194E-04  0.7530941914056635E+00  0.1031774431975168E+02
 0.1000000011168372E+01  0.4107292549254254E+01 -0.8184184737971976E-08  0.7531184076198479E+00  0.1031772204060161E+02
 0.1000000207688074E+01  0.4107292433444790E+01 -0.1719021204464425E-06  0.7531186159952403E+00  0.1031772171587022E+02
 0.1000000174441878E+01  0.4107292454594574E+01 -0.1503317703408216E-06  0.7531185791420834E+00  0.1031772177320149E+02
 0.1000001102232320E+01  0.4107291816749594E+01 -0.9606410954583810E-06  0.7531196058442745E+00  0.1031771997330060E+02
 0.1000000950638261E+01  0.4107291966121235E+01 -0.8174257008845192E-06  0.7531194183197960E+00  0.1031772040342321E+02
 0.9999868723056736E+00  0.4107297813914398E+01  0.1154820693317996E-04  0.7531047214656903E+00  0.1031773418646982E+02
 0.9999952357625908E+00  0.4107293895538144E+01  0.4318476441958520E-05  0.7531135583263644E+00  0.1031772443805989E+02
 0.9999998004828113E+00  0.4107292048143401E+01  0.2703081489831977E-06  0.7531182925985803E+00  0.1031772009151768E+02
 0.1000000138654054E+01  0.4107292017888882E+01  0.3398980308910340E-06  0.7531186816793662E+00  0.1031772030324797E+02
 0.1000000915389605E+01  0.4107291873410962E+01 -0.8467412677320528E-06  0.7531194312752294E+00  0.1031772012138963E+02
 0.1000000379606736E+01  0.4107292328882286E+01 -0.3115947547857414E-06  0.7531187988180990E+00  0.1031772141977078E+02
 0.9999999966854195E+00  0.4107292556167971E+01  0.2323693954238325E-08  0.7531183934619426E+00  0.1031772206087195E+02
 0.1000000007118406E+01  0.4107292549004825E+01 -0.4501610319629471E-08  0.7531184042214846E+00  0.1031772203870648E+02
 0.1000000414479780E+01  0.4107292302014094E+01 -0.3399850500245066E-06  0.7531188373742320E+00  0.1031772134014675E+02
 0.1000000009480073E+01  0.4107292547228523E+01 -0.5201022537510126E-08  0.7531184065737253E+00  0.1031772203284475E+02
 0.9999999946033381E+00  0.4107292555880845E+01  0.3866887996081850E-08  0.7531183918694804E+00  0.1031772205963162E+02
 0.9999999996066293E+00  0.4107292552176689E+01  0.2424075387122122E-09  0.7531183972184177E+00  0.1031772204836973E+02
 0.9999999997272314E+00  0.4107292552090815E+01  0.1470039361200455E-09  0.7531183973454524E+00  0.1031772204810754E+02
 0.1000000000077485E+01  0.4107292551823241E+01 -0.4905226663827490E-10  0.7531183977070716E+00  0.1031772204725312E+02
 0.1000000000080903E+01  0.4107292551818428E+01 -0.4943588901514986E-10  0.7531183977104225E+00  0.1031772204723530E+02
 0.1000000000044146E+01  0.4107292551848265E+01 -0.2595835091349386E-10  0.7531183976710424E+00  0.1031772204732860E+02
 0.1000000000017426E+01  0.4107292551881992E+01 -0.1826876086912409E-10  0.7531183976459876E+00  0.1031772204745480E+02
 0.9999999994961197E+00  0.4107292552261367E+01  0.3241105763173591E-09  0.7531183971040377E+00  0.1031772204863964E+02
 0.9999999933453317E+00  0.4107292556682981E+01  0.4896185139602845E-08  0.7531183905332791E+00  0.1031772206195429E+02
 0.9999999939599614E+00  0.4107292556307138E+01  0.4311233735941227E-08  0.7531183912092079E+00  0.1031772206094319E+02
 0.9999999910297948E+00  0.4107292558412522E+01  0.6468206642728740E-08  0.7531183881152356E+00  0.1031772206737259E+02
 0.9999999999999988E+00  0.4107292551885529E+01 -0.5494386554620055E-15  0.7531183976238534E+00  0.1031772204744681E+02
 0.9999999999999987E+00  0.4107292551885527E+01 -0.5637238541171461E-15  0.7531183976238518E+00  0.1031772204744679E+02
 0.9999999999999989E+00  0.4107292551885527E+01 -0.8250274226213659E-15  0.7531183976238506E+00  0.1031772204744679E+02
 0.9999999999999987E+00  0.4107292551885526E+01 -0.5751627916022989E-15  0.7531183976238547E+00  0.1031772204744680E+02
 0.9999999999999984E+00  0.4107292551885527E+01 -0.6732013122238069E-15  0.7531183976238525E+00  0.1031772204744680E+02
 0.9999999999999984E+00  0.4107292551885527E+01 -0.9967116084001860E-15  0.7531183976238539E+00  0.1031772204744680E+02
 0.9999999999999989E+00  0.4107292551885527E+01 -0.8926680694484913E-15  0.7531183976238520E+00  0.1031772204744679E+02
 0.9999999999999987E+00  0.4107292551885527E+01 -0.1298708911859519E-14  0.7531183976238539E+00  0.1031772204744680E+02
 0.9999999999999987E+00  0.4107292551885528E+01 -0.1189030851107029E-14  0.7531183976238526E+00  0.1031772204744680E+02
 0.9999999999999988E+00  0.4107292551885529E+01 -0.1212914416821557E-14  0.7531183976238527E+00  0.1031772204744680E+02
 0.9999999999999986E+00  0.4107292551885529E+01 -0.1120037327247813E-14  0.7531183976238511E+00  0.1031772204744680E+02
 0.9999999999999986E+00  0.4107292551885529E+01 -0.9227432131536167E-15  0.7531183976238511E+00  0.1031772204744680E+02
 0.9999999999999988E+00  0.4107292551885529E+01 -0.1074945251621118E-14  0.7531183976238527E+00  0.1031772204744680E+02
 0.9999999999999987E+00  0.4107292551885528E+01 -0.1111916252852731E-14  0.7531183976238518E+00  0.1031772204744680E+02
 0.9999999999999988E+00  0.4107292551885528E+01 -0.6373014863139411E-15  0.7531183976238527E+00  0.1031772204744680E+02
 0.9999999999999990E+00  0.4107292551885526E+01 -0.6501431531224777E-15  0.7531183976238550E+00  0.1031772204744680E+02
 0.9999999999999988E+00  0.4107292551885529E+01 -0.9709895379253545E-15  0.7531183976238512E+00  0.1031772204744680E+02
 0.9999999999999751E+00  0.4107292551885578E+01  0.2422136863830969E-13  0.7531183976238220E+00  0.1031772204744698E+02
 0.9999999999999172E+00  0.4107292551885630E+01  0.5705593478616074E-13  0.7531183976237592E+00  0.1031772204744714E+02
 0.9999999999999741E+00  0.4107292551885556E+01  0.8824590772921060E-14  0.7531183976238291E+00  0.1031772204744690E+02
 0.1000000000000002E+01  0.4107292551885531E+01  0.4819935913886640E-14  0.7531183976238552E+00  0.1031772204744681E+02
 0.1000000000000003E+01  0.4107292551885533E+01  0.9641693607915277E-14  0.7531183976238575E+00  0.1031772204744682E+02
 0.1000000000000004E+01  0.4107292551885530E+01  0.5237402169701264E-14  0.7531183976238570E+00  0.1031772204744681E+02
 0.1000000000000004E+01  0.4107292551885533E+01  0.1012371506687511E-13  0.7531183976238583E+00  0.1031772204744682E+02
 0.1000000000000006E+01  0.4107292551885529E+01  0.6492131414170808E-14  0.7531183976238611E+00  0.1031772204744681E+02
 0.1000000000000006E+01  0.4107292551885533E+01  0.1361720435773869E-13  0.7531183976238612E+00  0.1031772204744683E+02
 0.1000000000000003E+01  0.4107292551885536E+01  0.1328389966284180E-13  0.7531183976238570E+00  0.1031772204744684E+02
 0.1000000000000017E+01  0.4107292551885531E+01  0.2338282709586158E-13  0.7531183976238690E+00  0.1031772204744682E+02
 0.9999999999998509E+00  0.4107292551885685E+01  0.8818686585385133E-13  0.7531183976236951E+00  0.1031772204744733E+02
 0.9999999999999938E+00  0.4107292551885563E+01  0.5487924936451298E-13  0.7531183976238475E+00  0.1031772204744694E+02
 0.1000000000000049E+01  0.4107292551885528E+01  0.9405415355464169E-13  0.7531183976239076E+00  0.1031772204744684E+02
 0.1000000000000095E+01  0.4107292551885485E+01  0.1840660908268573E-12  0.7531183976239681E+00  0.1031772204744673E+02
 0.1000000000000006E+01  0.4107292551885536E+01  0.2028415537621063E-13  0.7531183976238629E+00  0.1031772204744684E+02
 0.9999999999999734E+00  0.4107292551885560E+01  0.1626821344563271E-13  0.7531183976238250E+00  0.1031772204744691E+02
 0.1000000000000004E+01  0.4107292551885528E+01  0.3297423101482444E-14  0.7531183976238592E+00  0.1031772204744681E+02
 0.1000000000000002E+01  0.4107292551885529E+01  0.2436984589095376E-14  0.7531183976238560E+00  0.1031772204744681E+02
 0.1000000000000001E+01  0.4107292551885529E+01  0.8168335766037652E-15  0.7531183976238542E+00  0.1031772204744680E+02
 0.1000000000000002E+01  0.4107292551885528E+01  0.1575114266414149E-14  0.7531183976238561E+00  0.1031772204744680E+02
 0.9999999999999997E+00  0.4107292551885529E+01 -0.2392003780033525E-15  0.7531183976238534E+00  0.1031772204744681E+02
 0.1000000000000001E+01  0.4107292551885529E+01  0.1490761390187773E-14  0.7531183976238542E+00  0.1031772204744681E+02
 0.9999999999999998E+00  0.4107292551885529E+01  0.6809822027040606E-15  0.7531183976238555E+00  0.1031772204744681E+02
 0.9999999999999993E+00  0.4107292551885529E+01 -0.5368398074431264E-15  0.7531183976238524E+00  0.1031772204744680E+02
 0.9999999999999991E+00  0.4107292551885529E+01 -0.4143457528518219E-15  0.7531183976238537E+00  0.1031772204744681E+02
 0.9999999999999991E+00  0.4107292551885528E+01 -0.1141783761842411E-14  0.7531183976238529E+00  0.1031772204744680E+02
 0.9999999999999994E+00  0.4107292551885530E+01  0.5474943064711424E-15  0.7531183976238531E+00  0.1031772204744681E+02
 0.9999999999999988E+00  0.4107292551885528E+01 -0.1207917377900768E-14  0.7531183976238534E+00  0.1031772204744680E+02
 0.9999999999999989E+00  0.4107292551885528E+01 -0.1232684839742901E-14  0.7531183976238514E+00  0.1031772204744680E+02
 0.9999999999999986E+00  0.4107292551885527E+01 -0.1222886317092623E-14  0.7531183976238539E+00  0.1031772204744680E+02
 0.9999999999999986E+00  0.4107292551885529E+01 -0.1093674445434966E-14  0.7531183976238511E+00  0.1031772204744680E+02
 0.9999999999999986E+00  0.4107292551885528E+01 -0.1179011570039545E-14  0.7531183976238518E+00  0.1031772204744680E+02
 0.9999999999999983E+00  0.4107292551885528E+01 -0.1064605146624408E-14  0.7531183976238516E+00  0.1031772204744680E+02
 0.9999999999999987E+00  0.4107292551885529E+01 -0.7257907843446778E-15  0.7531183976238539E+00  0.1031772204744681E+02
 0.9999999999999990E+00  0.4107292551885529E+01 -0.9095233724197094E-15  0.7531183976238529E+00  0.1031772204744680E+02
 0.9999999999999996E+00  0.4107292551885529E+01  0.1997578896667957E-15  0.7531183976238526E+00  0.1031772204744681E+02
 0.1000000000001782E+01  0.4107292551883912E+01  0.2269402989510141E-12  0.7531183976256790E+00  0.1031772204744137E+02
 0.9999999999996807E+00  0.4107292551885832E+01 -0.1886380189889015E-12  0.7531183976235101E+00  0.1031772204744779E+02
 0.1000000000018647E+01  0.4107292551869810E+01  0.9924396432845330E-11  0.7531183976434768E+00  0.1031772204739619E+02
 0.1000000000000007E+01  0.4107292551885569E+01 -0.1130379957650501E-13  0.7531183976238380E+00  0.1031772204744692E+02
 0.9999999999997977E+00  0.4107292551885721E+01 -0.5812954582784178E-13  0.7531183976236409E+00  0.1031772204744744E+02
 0.1000000000029613E+01  0.4107292551857586E+01  0.1774925629571045E-10  0.7531183976566359E+00  0.1031772204735823E+02
 0.1000000000006378E+01  0.4107292551880092E+01  0.3233880472167694E-11  0.7531183976305378E+00  0.1031772204742918E+02
 0.9999999997604767E+00  0.4107292552058242E+01 -0.1481865850352949E-09  0.7531183973765957E+00  0.1031772204798902E+02
 0.1000000000013995E+01  0.4107292551873014E+01  0.7354921944844200E-11  0.7531183976388259E+00  0.1031772204740648E+02
 0.1000000000000937E+01  0.4107292551884750E+01  0.4538299493299633E-12  0.7531183976248245E+00  0.1031772204744427E+02
 0.9999999999998233E+00  0.4107292551885705E+01 -0.6407234303876604E-13  0.7531183976236607E+00  0.1031772204744738E+02
 0.9999999999999520E+00  0.4107292551885571E+01 -0.1295305064355161E-13  0.7531183976238061E+00  0.1031772204744695E+02
 0.9999999999999002E+00  0.4107292551885621E+01 -0.3668303944723019E-13  0.7531183976237485E+00  0.1031772204744711E+02
 0.9999999999999949E+00  0.4107292551885530E+01 -0.2449531120939962E-14  0.7531183976238511E+00  0.1031772204744681E+02
 0.9999999999999921E+00  0.4107292551885537E+01 -0.1169795355420115E-14  0.7531183976238469E+00  0.1031772204744683E+02
 0.1000000000000001E+01  0.4107292551885528E+01 -0.1834193688352884E-14  0.7531183976238557E+00  0.1031772204744680E+02
 0.9999999999999993E+00  0.4107292551885528E+01  0.4182430810206826E-15  0.7531183976238559E+00  0.1031772204744681E+02
 0.1000000000000001E+01  0.4107292551885527E+01 -0.1168583654026399E-14  0.7531183976238551E+00  0.1031772204744680E+02
 0.1000000000000001E+01  0.4107292551885527E+01 -0.1117395694070179E-14  0.7531183976238549E+00  0.1031772204744680E+02
 0.1000000000000001E+01  0.4107292551885525E+01  0.1747881532623748E-15  0.7531183976238566E+00  0.1031772204744679E+02
 0.1000000000000001E+01  0.4107292551885526E+01 -0.7865466896806840E-15  0.7531183976238569E+00  0.1031772204744680E+02
 0.1000000000000000E+01  0.4107292551885525E+01 -0.2696731509291696E-15  0.7531183976238575E+00  0.1031772204744680E+02
 0.9999999999999990E+00  0.4107292551885528E+01 -0.3370914386614621E-15  0.7531183976238536E+00  0.1031772204744680E+02
 0.1000000000000000E+01  0.4107292551885528E+01 -0.6679404428240744E-15  0.7531183976238529E+00  0.1031772204744680E+02
 0.9999999999999992E+00  0.4107292551885527E+01 -0.4307279491108533E-15  0.7531183976238551E+00  0.1031772204744680E+02
 0.9999999999999994E+00  0.4107292551885527E+01 -0.3745460429571706E-16  0.7531183976238539E+00  0.1031772204744680E+02
 0.9999999999999990E+00  0.4107292551885528E+01 -0.3121217022542432E-16  0.7531183976238529E+00  0.1031772204744680E+02
 0.9999999999999810E+00  0.4107292551885547E+01  0.2809095323439348E-14  0.7531183976238343E+00  0.1031772204744687E+02
 0.9999999999999540E+00  0.4107292551885575E+01 -0.5854900326614077E-14  0.7531183976238069E+00  0.1031772204744696E+02
 0.9999999999999286E+00  0.4107292551885600E+01 -0.1897413975405647E-13  0.7531183976237800E+00  0.1031772204744705E+02
 0.9999999999998866E+00  0.4107292551885644E+01 -0.2301893483819063E-13  0.7531183976237362E+00  0.1031772204744720E+02
 0.9999999999999084E+00  0.4107292551885639E+01 -0.6849152721374565E-13  0.7531183976237498E+00  0.1031772204744717E+02
 0.9999999994985044E+00  0.4107292552237935E+01 -0.3206214979169470E-09  0.7531183971042662E+00  0.1031772204853948E+02
 0.1000000000021430E+01  0.4107292551866569E+01  0.1106050456798270E-10  0.7531183976464330E+00  0.1031772204738503E+02
 0.9999999999999988E+00  0.4107292551885526E+01  0.1186062468566121E-15  0.7531183976238548E+00  0.1031772204744680E+02
 0.9999999999999989E+00  0.4107292551885527E+01  0.2809095320288169E-15  0.7531183976238528E+00  0.1031772204744680E+02
 0.9999999999999988E+00  0.4107292551885527E+01 -0.1747881532623757E-15  0.7531183976238527E+00  0.1031772204744680E+02
 0.9999999999999986E+00  0.4107292551885527E+01 -0.2996368343657492E-16  0.7531183976238539E+00  0.1031772204744680E+02
 0.9999999999999986E+00  0.4107292551885528E+01  0.1435759830369504E-15  0.7531183976238511E+00  0.1031772204744680E+02
 0.9999999999999984E+00  0.4107292551885526E+01 -0.1395665913556153E-15  0.7531183976238560E+00  0.1031772204744680E+02
 0.9999999999999982E+00  0.4107292551885527E+01 -0.1061213787664436E-15  0.7531183976238522E+00  0.1031772204744680E+02
 0.9999999999999984E+00  0.4107292551885527E+01 -0.1274708561848540E-15  0.7531183976238525E+00  0.1031772204744680E+02
 0.9999999999999987E+00  0.4107292551885527E+01  0.2490523713112201E-15  0.7531183976238518E+00  0.1031772204744679E+02
 0.9999999999999987E+00  0.4107292551885527E+01 -0.5992736687314918E-16  0.7531183976238532E+00  0.1031772204744680E+02
 0.9999999999999981E+00  0.4107292551885528E+01 -0.3745460427050948E-16  0.7531183976238515E+00  0.1031772204744680E+02
 0.9999999999999982E+00  0.4107292551885526E+01  0.2434549277583064E-15  0.7531183976238550E+00  0.1031772204744680E+02
 0.9999999999999982E+00  0.4107292551885526E+01  0.2247276257743151E-16  0.7531183976238544E+00  0.1031772204744680E+02
 0.9999999999999980E+00  0.4107292551885527E+01 -0.2247276256230559E-15  0.7531183976238528E+00  0.1031772204744680E+02
 0.9999999999999987E+00  0.4107292551885527E+01 -0.1685457192172899E-15  0.7531183976238526E+00  0.1031772204744680E+02
 0.9999999999999980E+00  0.4107292551885527E+01 -0.8115164258610291E-16  0.7531183976238536E+00  0.1031772204744680E+02
 0.9999999999999986E+00  0.4107292551885527E+01 -0.1810305873074591E-15  0.7531183976238526E+00  0.1031772204744680E+02
 0.9999999999999982E+00  0.4107292551885528E+01  0.1048728920280115E-15  0.7531183976238508E+00  0.1031772204744680E+02
 0.9999999999999981E+00  0.4107292551885526E+01 -0.9987894472135727E-16  0.7531183976238550E+00  0.1031772204744680E+02
 0.9999999999999987E+00  0.4107292551885526E+01  0.6447947345301598E-17  0.7531183976238561E+00  0.1031772204744680E+02
 0.9999999999999984E+00  0.4107292551885527E+01  0.2247276256230523E-15  0.7531183976238517E+00  0.1031772204744679E+02
 0.9999999999999987E+00  0.4107292551885527E+01 -0.3265571237824634E-16  0.7531183976238554E+00  0.1031772204744680E+02
 0.9999999999999984E+00  0.4107292551885526E+01 -0.1598117560178499E-15  0.7531183976238531E+00  0.1031772204744679E+02
 0.9999999999999982E+00  0.4107292551885527E+01 -0.6741828773229329E-16  0.7531183976238537E+00  0.1031772204744680E+02
 0.9999999999999986E+00  0.4107292551885527E+01  0.6242434045085242E-17  0.7531183976238532E+00  0.1031772204744680E+02
 0.9999999999999987E+00  0.4107292551885526E+01 -0.2684246639386473E-15  0.7531183976238539E+00  0.1031772204744679E+02
 0.9999999999999984E+00  0.4107292551885526E+01 -0.7191284024777873E-15  0.7531183976238525E+00  0.1031772204744679E+02
 0.9999999999999983E+00  0.4107292551885528E+01 -0.5243644601400524E-15  0.7531183976238516E+00  0.1031772204744680E+02
 0.9999999999999992E+00  0.4107292551885528E+01 -0.1850105841075166E-15  0.7531183976238501E+00  0.1031772204744679E+02
 0.9999999999999989E+00  0.4107292551885527E+01 -0.2917417772673186E-15  0.7531183976238528E+00  0.1031772204744680E+02
 0.9999999999999987E+00  0.4107292551885527E+01 -0.3231494035434203E-15  0.7531183976238526E+00  0.1031772204744680E+02
 0.9999999999999986E+00  0.4107292551885527E+01 -0.1573093382537724E-15  0.7531183976238526E+00  0.1031772204744680E+02
 0.9999999999999986E+00  0.4107292551885527E+01 -0.7251087301980109E-16  0.7531183976238532E+00  0.1031772204744680E+02
 0.9999999999999984E+00  0.4107292551885526E+01 -0.2806297451824476E-15  0.7531183976238539E+00  0.1031772204744679E+02
 0.9999999999999984E+00  0.4107292551885526E+01 -0.1669724964315213E-16  0.7531183976238552E+00  0.1031772204744680E+02
 0.9999999999999986E+00  0.4107292551885526E+01 -0.1985661917201638E-16  0.7531183976238547E+00  0.1031772204744680E+02
 0.9999999999999989E+00  0.4107292551885526E+01  0.7102656667969548E-16  0.7531183976238549E+00  0.1031772204744680E+02
 0.9999999999999988E+00  0.4107292551885529E+01  0.1648002591230005E-15  0.7531183976238519E+00  0.1031772204744680E+02
 0.9999999999999988E+00  0.4107292551885527E+01  0.1615476667881476E-16  0.7531183976238540E+00  0.1031772204744680E+02
 0.9999999999999996E+00  0.4107292551885526E+01 -0.3330559593131877E-16  0.7531183976238568E+00  0.1031772204744680E+02
 0.9999999999999789E+00  0.4107292551885545E+01 -0.4235963973310689E-14  0.7531183976238335E+00  0.1031772204744686E+02
 0.9999999999999756E+00  0.4107292551885548E+01 -0.8640248445317611E-14  0.7531183976238309E+00  0.1031772204744687E+02
 0.9999999999998903E+00  0.4107292551885633E+01 -0.3880730683631084E-13  0.7531183976237383E+00  0.1031772204744715E+02
 0.1000000000005260E+01  0.4107292551881667E+01  0.3331862248623007E-11  0.7531183976293091E+00  0.1031772204743468E+02
 0.1000000000003069E+01  0.4107292551882952E+01  0.1514631731430790E-11  0.7531183976270635E+00  0.1031772204743847E+02
 0.9999999999998835E+00  0.4107292551885634E+01 -0.4711941502239209E-13  0.7531183976237324E+00  0.1031772204744715E+02
 0.9999999999999993E+00  0.4107292551885525E+01 -0.9980721089024234E-16  0.7531183976238559E+00  0.1031772204744679E+02
 0.9999999999999986E+00  0.4107292551885527E+01 -0.1773444479866434E-15  0.7531183976238526E+00  0.1031772204744680E+02
 0.9999999999999984E+00  0.4107292551885527E+01 -0.2017850367434802E-15  0.7531183976238525E+00  0.1031772204744680E+02
 0.9999999999999986E+00  0.4107292551885527E+01 -0.4273668790575861E-15  0.7531183976238526E+00  0.1031772204744680E+02
 0.9999999999999983E+00  0.4107292551885527E+01  0.1017509875048484E-15  0.7531183976238530E+00  0.1031772204744680E+02
 0.9999999999999982E+00  0.4107292551885526E+01 -0.5412524873600085E-16  0.7531183976238522E+00  0.1031772204744679E+02
 0.9999999999999981E+00  0.4107292551885528E+01  0.4960360640861237E-15  0.7531183976238521E+00  0.1031772204744680E+02
 0.9999999999999984E+00  0.4107292551885527E+01  0.2267927208068828E-16  0.7531183976238539E+00  0.1031772204744680E+02
 0.9999999999999984E+00  0.4107292551885527E+01  0.5750807678200089E-15  0.7531183976238525E+00  0.1031772204744680E+02
 0.9999999999999984E+00  0.4107292551885527E+01  0.7885701531625591E-15  0.7531183976238531E+00  0.1031772204744680E+02
 0.9999999999999989E+00  0.4107292551885526E+01  0.2367979632200036E-15  0.7531183976238535E+00  0.1031772204744679E+02
 0.9999999999999989E+00  0.4107292551885527E+01  0.1526264812572687E-15  0.7531183976238549E+00  0.1031772204744680E+02
 0.9999999999999986E+00  0.4107292551885528E+01  0.2381323568472329E-15  0.7531183976238518E+00  0.1031772204744680E+02
 0.9999999999999986E+00  0.4107292551885527E+01  0.9298501553082433E-15  0.7531183976238526E+00  0.1031772204744680E+02
 0.9999999999999994E+00  0.4107292551885528E+01 -0.2029696827600031E-15  0.7531183976238525E+00  0.1031772204744680E+02
 0.9999999999999999E+00  0.4107292551885528E+01 -0.6105059250290763E-15  0.7531183976238549E+00  0.1031772204744680E+02
 0.1000000000000001E+01  0.4107292551885528E+01 -0.1552719594506021E-14  0.7531183976238539E+00  0.1031772204744680E+02
 0.1000000000000002E+01  0.4107292551885528E+01 -0.2519665230086072E-14  0.7531183976238571E+00  0.1031772204744681E+02
 0.1000000000000001E+01  0.4107292551885529E+01 -0.1562249313216569E-14  0.7531183976238527E+00  0.1031772204744680E+02
 0.9999999999999987E+00  0.4107292551885527E+01  0.1020567243630986E-15  0.7531183976238539E+00  0.1031772204744680E+02
 0.1000161972123801E+01  0.4107355149487414E+01  0.1542963065709825E-03  0.7532551639353494E+00  0.1031801611730183E+02
 0.9998650028943536E+00  0.4107360241690318E+01 -0.1291242391604356E-03  0.7529709002963469E+00  0.1031788549312741E+02
 0.1001203535058667E+01  0.4107151491952335E+01  0.1154129266104771E-02  0.7543202483462333E+00  0.1031788107692731E+02
 0.9998419490545387E+00  0.4107384667440789E+01 -0.1535989859825167E-03  0.7529405364372741E+00  0.1031795331049126E+02
 0.1004042386999844E+01  0.4106371673012119E+01  0.3910768933395666E-02  0.7573482301851834E+00  0.1031689945917781E+02
 0.9998290835138465E+00  0.4107447287254796E+01 -0.1837317455217133E-03  0.7529054918158957E+00  0.1031814712010440E+02
 0.1010948766028349E+01  0.4104270411194641E+01  0.1078215864738605E-01  0.7649440212288081E+00  0.1031422476417259E+02
 0.1000161793713995E+01  0.4107423108823515E+01  0.8078500192287335E-04  0.7532293505872197E+00  0.1031823105703019E+02
 0.9998650651464118E+00  0.4107361438721670E+01 -0.1269802120472880E-03  0.7529712415153489E+00  0.1031789114543858E+02
 0.9999284392419809E+00  0.4107324621051519E+01 -0.6719530233828606E-04  0.7530419409321781E+00  0.1031779735620773E+02
 0.9999964517108078E+00  0.4107292797258993E+01 -0.3537259414134834E-05  0.7531149776584889E+00  0.1031772118605832E+02
 0.9999902179031873E+00  0.4107295867192114E+01 -0.8889651022598351E-05  0.7531083968808472E+00  0.1031772908019663E+02
 0.1021567638944247E+01  0.4100910853149536E+01  0.2221085506807692E-01  0.7769683215116246E+00  0.1031039341351659E+02
 0.1001499024594479E+01  0.4107078553419544E+01  0.1285189184501210E-02  0.7546399662843706E+00  0.1031782403685799E+02
 0.1004147783575714E+01  0.4106324729305472E+01  0.4202818374518686E-02  0.7575110424490032E+00  0.1031691529574162E+02
 0.9999380491829662E+00  0.4107378396363567E+01 -0.8200183855284586E-04  0.7530345319991411E+00  0.1031798161380399E+02
 0.1000166776955414E+01  0.4107332358896142E+01  0.1719979007683528E-03  0.7532708870111774E+00  0.1031795276734541E+02
 0.9999432889393304E+00  0.4107319310730656E+01 -0.5314273352992728E-04  0.7530578187012754E+00  0.1031778728114005E+02
 0.9999498006865501E+00  0.4107316931905053E+01 -0.4680320027028222E-04  0.7530646307023002E+00  0.1031778228047109E+02
 0.9999960601588365E+00  0.4107293658542775E+01 -0.3350410983224549E-05  0.7531144706906772E+00  0.1031772419339286E+02
 0.9999975897973560E+00  0.4107293013913633E+01 -0.2374563220469563E-05  0.7531160105104712E+00  0.1031772251526730E+02
 0.1000000545802124E+01  0.4107292179774449E+01  0.4539353969633850E-06  0.7531189857429376E+00  0.1031772096174132E+02
 0.1000000264101187E+01  0.4107292392087031E+01  0.2133092090608385E-06  0.7531186745548716E+00  0.1031772158618650E+02
 0.1000000043446378E+01  0.4107292528308525E+01  0.3274255912567259E-07  0.7531184420278719E+00  0.1031772197981853E+02
 0.9999999978605989E+00  0.4107292554854571E+01 -0.6994065250603057E-09  0.7531183951521313E+00  0.1031772205749028E+02
 0.9999999967411202E+00  0.4107292554527763E+01 -0.2197807889955164E-08  0.7531183941258448E+00  0.1031772205569002E+02
 0.9999999980775678E+00  0.4107292553232535E+01 -0.1357349851746501E-08  0.7531183956175443E+00  0.1031772205158313E+02
 0.1000000000071105E+01  0.4107292551811788E+01  0.4958257782205788E-10  0.7531183977077476E+00  0.1031772204721979E+02
 0.9999999983685665E+00  0.4107292553083361E+01 -0.1089084234857224E-08  0.7531183959178647E+00  0.1031772205117334E+02
 0.1000000000032653E+01  0.4107292551850283E+01  0.1803300899352196E-10  0.7531183976623977E+00  0.1031772204733692E+02
 0.9999999991195165E+00  0.4107292552542095E+01 -0.5586931562510981E-09  0.7531183967055105E+00  0.1031772204950543E+02
 0.1000000000025351E+01  0.4107292551859490E+01  0.1796440180475965E-10  0.7531183976538168E+00  0.1031772204736703E+02
 0.1000000000034704E+01  0.4107292551856371E+01  0.1830820744808145E-10  0.7531183976604239E+00  0.1031772204735313E+02
 0.1000000000012998E+01  0.4107292551873827E+01  0.4914372433668675E-11  0.7531183976375326E+00  0.1031772204740847E+02
 0.9999999940972456E+00  0.4107292556753420E+01 -0.4297707190072583E-08  0.7531183911589102E+00  0.1031772206239198E+02
 0.9999999937058789E+00  0.4107292556916099E+01 -0.4839379813648448E-08  0.7531183906809165E+00  0.1031772206260203E+02
 0.9999999925451051E+00  0.4107292557807825E+01 -0.5339192703901389E-08  0.7531183894701409E+00  0.1031772206542317E+02
 0.1000000110500786E+01  0.4107292487961364E+01  0.8516276342775514E-07  0.7531185115505163E+00  0.1031772186165778E+02
 0.1000000089868458E+01  0.4107292499308068E+01  0.6844960480464226E-07  0.7531184903156015E+00  0.1031772189402118E+02
 0.1000000802697578E+01  0.4107292018801309E+01  0.6665811534031228E-06  0.7531192652308973E+00  0.1031772051561562E+02
 0.9999968794438377E+00  0.4107293342132261E+01 -0.2661688238805836E-05  0.7531153525381931E+00  0.1031772355587625E+02
 0.9999991195195375E+00  0.4107292349191201E+01 -0.7134940902747496E-06  0.7531176719740034E+00  0.1031772105856250E+02
 0.9999476996840595E+00  0.4107316360289633E+01 -0.4732119677432495E-04  0.7530629962508277E+00  0.1031777980222967E+02
 0.1000000904406007E+01  0.4107291669800258E+01  0.7423633162574283E-06  0.7531194635275454E+00  0.1031771938641156E+02
 0.9999714371960486E+00  0.4107304480678405E+01 -0.2560742210740216E-04  0.7530884938833309E+00  0.1031775006087020E+02
 0.9998275674243741E+00  0.4107397070593376E+01 -0.1695188726930884E-03  0.7529240925276972E+00  0.1031799022102478E+02
 0.1000000500100023E+01  0.4107292264702401E+01  0.4157829923479309E-06  0.7531189245200454E+00  0.1031772124355578E+02
 0.1000000540655727E+01  0.4107292222209379E+01  0.4454604754983410E-06  0.7531189732663396E+00  0.1031772111453211E+02
 0.1000000796773156E+01  0.4107292049681256E+01  0.6644154250161516E-06  0.7531192536539565E+00  0.1031772062466072E+02
 0.1000000065456500E+01  0.4107292518799566E+01  0.5411411402932953E-07  0.7531184643819825E+00  0.1031772195520716E+02
 0.9999999865825557E+00  0.4107292562137379E+01 -0.9328944616868556E-08  0.7531183831983203E+00  0.1031772207875263E+02
 0.8047072284856714E+00  0.4021694777732760E+01 -0.2676645515604098E-03  0.6864179878386454E+00  0.1021952293475007E+02
 0.8040907155232001E+00  0.4026655681027260E+01 -0.4604868252055981E-01  0.6809422993268678E+00  0.1022515724819818E+02
 0.7900054686425203E+00  0.4021117429674097E+01 -0.2859326819489849E-03  0.6743961776556686E+00  0.1021884307835879E+02
 0.7921901484869330E+00  0.4034368465878860E+01 -0.6422670357314610E-01  0.6633597763176206E+00  0.1023356307614982E+02
 0.7767355436855491E+00  0.4018633188281812E+01 -0.2742862597603047E-03  0.6653719129072948E+00  0.1021627155294496E+02
 0.7778169223084022E+00  0.4032252032527090E+01 -0.7160671562563629E-01  0.6531627421075157E+00  0.1023143800151222E+02
 0.7624385623681210E+00  0.4014836488003504E+01 -0.2929316744075755E-03  0.6565920061671499E+00  0.1021239020195866E+02
 0.7613886022111106E+00  0.4032909963796100E+01 -0.8614033001060914E-01  0.6384856126419479E+00  0.1023234264372322E+02
 0.7643633151225780E+00  0.4060272847590789E+01 -0.1375091734691158E+00  0.6150713301477124E+00  0.1026407349403505E+02
 0.7481786407426143E+00  0.4007430021451885E+01 -0.2905007708194901E-03  0.6508602136485138E+00  0.1020456326999500E+02
 0.7414237974385575E+00  0.4034612103472985E+01 -0.1062302777225991E+00  0.6198013454729712E+00  0.1023459223520824E+02
 0.7428552129000368E+00  0.3992133883269732E+01 -0.2517417552830751E-03  0.6591999876818820E+00  0.1018703376328892E+02
 0.7157604915807902E+00  0.4039097698658981E+01 -0.1364463662006757E+00  0.5937151008517698E+00  0.1024018518020864E+02
 0.7216319215208720E+00  0.4075834930551051E+01 -0.1969522340180232E+00  0.5653589216782119E+00  0.1028422278498755E+02
 0.7450619924693717E+00  0.4066664899390775E+01 -0.1635339652465621E+00  0.5930916318454553E+00  0.1027232815933814E+02
 0.7813901930251104E+00  0.4080942415923826E+01 -0.1515681827581458E+00  0.6095619189319322E+00  0.1028878013231277E+02
 0.7735454255582994E+00  0.4085043246365308E+01 -0.1647479694126314E+00  0.5992825682154551E+00  0.1029416481506643E+02
 0.8564461458233222E+00  0.4077465281333533E+01 -0.8156824015702789E-01  0.6739453059905275E+00  0.1028346111643484E+02
 0.8727273155123954E+00  0.4074070684668249E+01 -0.6565217560801022E-01  0.6905334804544272E+00  0.1027927167816091E+02
 0.9812554010474629E+00  0.4057254036353513E+01  0.3803007971380432E-01  0.7962429013704349E+00  0.1026001146982814E+02
 0.8983746538824109E+00  0.4068509504744310E+01 -0.4020763268384161E-01  0.7170321445287778E+00  0.1027255257870281E+02
 0.1019561307703036E+01  0.4048362730775816E+01  0.7286765338120310E-01  0.8373132899446102E+00  0.1025039673118782E+02
 0.1117694995690754E+01  0.4033852165058945E+01  0.1539977811854032E+00  0.9338484290291321E+00  0.1023662119937043E+02
 0.9361822535680817E+00  0.4060305307001955E+01 -0.4070919991906953E-02  0.7563247539912339E+00  0.1026275277939297E+02
 0.1067375087271185E+01  0.4037496682135904E+01  0.1143816588931550E+00  0.8888096084100354E+00  0.1023899623844052E+02
 0.9936347463971329E+00  0.4049363984474161E+01  0.4807200532008638E-01  0.8151926836707690E+00  0.1025086687856816E+02
 0.1124785926616561E+01  0.4024629522800756E+01  0.1617170708857828E+00  0.9511533260646433E+00  0.1022597394352907E+02
 0.1211853971078967E+01  0.4012421303376963E+01  0.2299504924132583E+00  0.1037273042706894E+01  0.1021604840338277E+02
 0.1163211706453896E+01  0.4023431878700395E+01  0.1913920511715481E+00  0.9836362169146523E+00  0.1022636993647660E+02
 0.1219133259969775E+01  0.4018162629221025E+01  0.2305892064418585E+00  0.1035386810671440E+01  0.1022260384640710E+02
 0.1252213841901761E+01  0.4010766545536379E+01  0.2560440642249189E+00  0.1071902547037822E+01  0.1021591839303577E+02
 0.1252335758839695E+01  0.4017830262435124E+01  0.2486639113680898E+00  0.1062363853501876E+01  0.1022316171012150E+02
 0.7967400346472256E+00  0.4087715509431269E+01 -0.1513280233366845E+00  0.6159737373476685E+00  0.1029895310932247E+02
 0.7705688161319366E+00  0.4090979337861103E+01 -0.1761474600982931E+00  0.5914690553229494E+00  0.1030250644987835E+02
 0.6634622077796819E+00  0.4108473804671974E+01 -0.2922673580470197E+00  0.4905636796902177E+00  0.1033098756333261E+02
 0.7684925825197683E+00  0.4088978341685823E+01 -0.1746831602414410E+00  0.5915893606524764E+00  0.1029964130893859E+02
 0.6924610465641839E+00  0.4089494384705855E+01 -0.2412527368938908E+00  0.5295381330797151E+00  0.1030288115338816E+02
 0.6815281215921569E+00  0.4054768507846096E+01 -0.1932093082374693E+00  0.5507838704731193E+00  0.1025963912499997E+02
 0.1082824657789542E+01  0.4080286911085136E+01  0.1000254964788013E+00  0.8479108561402819E+00  0.1028700975038397E+02
 0.1258471315054916E+01  0.4017218312886925E+01  0.2519776569890689E+00  0.1068065750547563E+01  0.1022252013200762E+02
 0.1212600185479938E+01  0.4035259048188553E+01  0.2079634367180367E+00  0.1007184851803505E+01  0.1023978041079877E+02
 0.1252231305038607E+01  0.4020102308519822E+01  0.2450075926912636E+00  0.1059117885172612E+01  0.1022508700943078E+02
 0.1190849226992103E+01  0.4042635020717860E+01  0.1878842067238899E+00  0.9802006875742298E+00  0.1024687583114604E+02
 0.1129877239837040E+01  0.4064259121932751E+01  0.1304392698088338E+00  0.9046307178839349E+00  0.1026922115004913E+02
 0.1229736241317550E+01  0.4027899277149573E+01  0.2241966073122330E+00  0.1030601136020640E+01  0.1023228539226728E+02
 0.1158512100382250E+01  0.4053487168278584E+01  0.1580202596875821E+00  0.9406036016343905E+00  0.1025763077226727E+02
 0.1190078635263328E+01  0.4041318810424567E+01  0.1881084434126247E+00  0.9812677698848074E+00  0.1024517195434620E+02
 0.1118815197548338E+01  0.4067070857882554E+01  0.1205860942129244E+00  0.8923591571551241E+00  0.1027178565619248E+02
 0.1068008503431745E+01  0.4085241587012081E+01  0.7007968409195765E-01  0.8309104906146334E+00  0.1029205470045768E+02
 0.1098757946322148E+01  0.4074789076458508E+01  0.1007236696655961E+00  0.8673777118309621E+00  0.1028056702300416E+02
 0.1050633967116891E+01  0.4091183665780067E+01  0.5228841316032423E-01  0.8104444004711037E+00  0.1029872409234389E+02
 0.1031407050294421E+01  0.4097684470343432E+01  0.3245061062642907E-01  0.7881719757496722E+00  0.1030646453000866E+02
 0.1139474209198578E+01  0.4058953948630232E+01  0.1414613153266568E+00  0.9186699728189403E+00  0.1026311597887836E+02
 0.1078433982932122E+01  0.4081188837848875E+01  0.8108670479833252E-01  0.8437339671402215E+00  0.1028726269955899E+02
 0.1086669812193038E+01  0.4077990368373991E+01  0.9084332286280962E-01  0.8539101240501746E+00  0.1028364044690180E+02
 0.1043754201635261E+01  0.4093390230722055E+01  0.4564842993187652E-01  0.8025943460670080E+00  0.1030133760873695E+02
 0.1020442633215391E+01  0.4101300745552136E+01  0.2111061019621707E-01  0.7756546372774820E+00  0.1031084640016229E+02
 0.1044662797269779E+01  0.4093334078998851E+01  0.4777733317263215E-01  0.8033925142843464E+00  0.1030144533127316E+02
 0.1019056160192987E+01  0.4101779870841334E+01  0.1975530868011277E-01  0.7740406868036259E+00  0.1031140986623005E+02
 0.1007628995905226E+01  0.4105304289127668E+01  0.7768292033600680E-02  0.7613132228653994E+00  0.1031566468024121E+02
 0.1002240413201318E+01  0.4106824842739685E+01  0.2252617010227946E-02  0.7554632260476818E+00  0.1031744383110646E+02
 0.1000919562031643E+01  0.4107185551155790E+01  0.9331228059393285E-03  0.7540591269441493E+00  0.1031790291077983E+02
 0.1007541930560869E+01  0.4105300883486480E+01  0.7699923439376892E-02  0.7612481323495001E+00  0.1031565188641633E+02
 0.1009522052557364E+01  0.4104746969092558E+01  0.9772760843313816E-02  0.7634445136414805E+00  0.1031513040123616E+02
 0.1017111206743901E+01  0.4102274615528488E+01  0.1764099926168497E-01  0.7719593159580844E+00  0.1031191506954817E+02
 0.1040934126534738E+01  0.4094459811865183E+01  0.4241466260195174E-01  0.7992213720901270E+00  0.1030268122340078E+02
 0.1156914799322925E+01  0.4051923587454785E+01  0.1630155713660343E+00  0.9409753702908494E+00  0.1025570164780623E+02
 0.1261198868889148E+01  0.4013449290094798E+01  0.2446913021444853E+00  0.1075264246145150E+01  0.1021525730201548E+02
 0.1227723180733242E+01  0.4026826327796850E+01  0.2236457345969277E+00  0.1030346239053680E+01  0.1023075722189323E+02
 0.1276812139228436E+01  0.4010181438503619E+01  0.2665775561934243E+00  0.1092391223636862E+01  0.1021521296434075E+02
 0.1352722377009843E+01  0.3982707496727134E+01  0.3357710783415473E+00  0.1191937979116630E+01  0.1019020095052451E+02
 0.1324060202616065E+01  0.3992333936365270E+01  0.3088432800026559E+00  0.1155094392444177E+01  0.1019802751839284E+02
 0.1302712683227500E+01  0.4001395424883537E+01  0.2904863572130478E+00  0.1125443508064017E+01  0.1020758144752209E+02
 0.1300793498393478E+01  0.4000406783392309E+01  0.2911984503811473E+00  0.1125256727294956E+01  0.1020666069326856E+02
 0.1315379015877835E+01  0.3989427238660505E+01  0.3070398985327181E+00  0.1152485984462239E+01  0.1019530825923765E+02
 0.1280843694235290E+01  0.4004452621585275E+01  0.2772285781271903E+00  0.1103561401233888E+01  0.1021022184150663E+02
 0.1262065995354165E+01  0.4000916976074053E+01  0.2681145238177934E+00  0.1093379681933023E+01  0.1020546385139999E+02
 0.1197024745369643E+01  0.4009490151294817E+01  0.2179073981776762E+00  0.1029452477257679E+01  0.1021177083723140E+02
 0.1350009534285431E+01  0.3982357709297281E+01  0.3354973812659349E+00  0.1190263789165839E+01  0.1019004234412561E+02
 0.1033547080791215E+01  0.4097163929157785E+01  0.3481450094777596E-01  0.7904479214134646E+00  0.1030596066205181E+02
 0.1074275607807038E+01  0.4083363318932493E+01  0.7597363127303153E-01  0.8378152738100797E+00  0.1028953543307443E+02
 0.1160056567076228E+01  0.4054233525173562E+01  0.1554853467752414E+00  0.9414901694436377E+00  0.1025946728350899E+02
 0.1220946183902204E+01  0.4032380026259588E+01  0.2145062839207963E+00  0.1017809095964665E+01  0.1023710887471474E+02
 0.1107512139393149E+01  0.4072020206564620E+01  0.1041407608529052E+00  0.8778147856271823E+00  0.1027759842909968E+02
 0.1238792995842045E+01  0.4020193585221594E+01  0.2370298364047780E+00  0.1048498422620411E+01  0.1022503757594588E+02
 0.1188089576585497E+01  0.4026080446942424E+01  0.2039202563604404E+00  0.1000315600021442E+01  0.1023033615334151E+02
 0.1074621759620582E+01  0.4043855033215818E+01  0.1194548529322529E+00  0.8864654889122279E+00  0.1024578975838339E+02
 0.9595045352697517E+00  0.4063773739157107E+01  0.1805572473782469E-01  0.7715471576909652E+00  0.1026756641711261E+02
 0.1145969453692947E+01  0.4033841234181384E+01  0.1727866713243956E+00  0.9561251475873305E+00  0.1023670860953071E+02
 0.8426117249754339E+00  0.4081345823057405E+01 -0.8785692940850580E-01  0.6587797516043569E+00  0.1028712814301549E+02
 0.7937844238972419E+00  0.4078786144558651E+01 -0.1318531350145949E+00  0.6218360888652662E+00  0.1028539475811603E+02
 0.7791060130105917E+00  0.4056636753223636E+01 -0.1152768489966639E+00  0.6310992031392556E+00  0.1025987011954728E+02
 0.7885291962731465E+00  0.4075670951163042E+01 -0.1194636230915834E+00  0.6208816420313398E+00  0.1028116282347491E+02
 0.9148673870526386E+00  0.4072958790133243E+01 -0.1041864234211825E-01  0.7254413987140713E+00  0.1027691856033975E+02
 0.1234327805258119E+01  0.4026162378998149E+01  0.2177557285947946E+00  0.1037755893372047E+01  0.1023056497962629E+02
 0.1000161766804255E+01  0.4107352374914789E+01 -0.1549252221812558E-03  0.7532570375108620E+00  0.1031800979094884E+02
 0.1002272312291664E+01  0.4106795340313216E+01 -0.2284745206773599E-02  0.7555071965981182E+00  0.1031737244477180E+02
 0.1001209153575260E+01  0.4107137714867912E+01 -0.1162102907684359E-02  0.7543352358371715E+00  0.1031785135527553E+02
 0.1007527598682817E+01  0.4105358343175624E+01 -0.7666206697659607E-02  0.7611942875974124E+00  0.1031578078104704E+02
 0.1020434038791427E+01  0.4101264771788451E+01 -0.2111900630809018E-01  0.7756800490142793E+00  0.1031077730089556E+02
 0.1004028913316018E+01  0.4106361715788435E+01 -0.3889964816060444E-02  0.7573454540205613E+00  0.1031687688347290E+02
 0.1019048268613509E+01  0.4101745357726845E+01 -0.1976850694833816E-01  0.7740629404330288E+00  0.1031133786193263E+02
 0.1010906980164366E+01  0.4104276107527617E+01 -0.1065980764219072E-01  0.7649088016064090E+00  0.1031423792403777E+02
 0.1044487333590140E+01  0.4093459134347809E+01 -0.4765317524083976E-01  0.8031339329114464E+00  0.1030165536889032E+02
 0.1086556742283484E+01  0.4078064963057598E+01 -0.9067024615567623E-01  0.8537103484995454E+00  0.1028367371752747E+02
 0.1043684195665481E+01  0.4093394400950224E+01 -0.4558790930290792E-01  0.8025290703762465E+00  0.1030132450426009E+02
 0.1078312598418170E+01  0.4081217624335070E+01 -0.8099556468600749E-01  0.8436113619165039E+00  0.1028730872076079E+02
 0.1139627774565210E+01  0.4058869675110596E+01 -0.1415153589512615E+00  0.9188189914670990E+00  0.1026283687145702E+02
 0.1190390133860795E+01  0.4041144016950945E+01 -0.1883176054413872E+00  0.9816276745808924E+00  0.1024472138540084E+02
 0.1031383397431551E+01  0.4097676223212489E+01 -0.3243952500409896E-01  0.7881617932109718E+00  0.1030644950662023E+02
 0.1050549090135761E+01  0.4091205947583837E+01 -0.5221997344947096E-01  0.8103704395888873E+00  0.1029879147641180E+02
 0.1067921033480342E+01  0.4085262604803398E+01 -0.7001489749961040E-01  0.8308231208365077E+00  0.1029209080153820E+02
 0.1098815618089627E+01  0.4074751427706792E+01 -0.1007638119394917E+00  0.8674390173857224E+00  0.1028045355596894E+02
 0.1129654152525224E+01  0.4064372804386854E+01 -0.1302647547653218E+00  0.9043510204671088E+00  0.1026943673822427E+02
 0.1118757536562736E+01  0.4067081696837637E+01 -0.1205511279213353E+00  0.8922974984125427E+00  0.1027179050949350E+02
 0.1158406435126921E+01  0.4053533204774563E+01 -0.1579413253894923E+00  0.9404699060315239E+00  0.1025770152538991E+02
 0.1230044841159704E+01  0.4027723499819745E+01 -0.2244166825333151E+00  0.1030962674126622E+01  0.1023183591937675E+02
 0.1252439306261984E+01  0.4019980290366183E+01 -0.2451575167479567E+00  0.1059352225500239E+01  0.1022474983985201E+02
 0.1190790588425292E+01  0.4042657396093727E+01 -0.1878325243337775E+00  0.9801183908656914E+00  0.1024688513234677E+02
 0.1212551047925859E+01  0.4035279650945863E+01 -0.2079013564590427E+00  0.1007107975305388E+01  0.1023977628665228E+02
 0.1258584228533498E+01  0.4017148944208421E+01 -0.2520450298366092E+00  0.1068176893789066E+01  0.1022228886205636E+02
 0.1252360968635749E+01  0.4017808278242855E+01 -0.2486508419217365E+00  0.1062372052254189E+01  0.1022304380778158E+02
 0.1040837284021652E+01  0.4094498763815615E+01 -0.4231949445002450E-01  0.7991091946673794E+00  0.1030274583309432E+02
 0.1017170535553677E+01  0.4102224306109838E+01 -0.1770265582279241E-01  0.7720395346426462E+00  0.1031179626666988E+02
 0.1009488486189276E+01  0.4104764885350358E+01 -0.9743540995194953E-02  0.7634060883169023E+00  0.1031517136196972E+02
 0.1007567626473971E+01  0.4105271096133981E+01 -0.7731041677543110E-02  0.7612902122248782E+00  0.1031558607865305E+02
 0.1000911291913146E+01  0.4107186757480887E+01 -0.9260426693427642E-03  0.7540518836387068E+00  0.1031790532891452E+02
 0.1021480962735220E+01  0.4100942915728002E+01 -0.2214192023364151E-01  0.7768737298083030E+00  0.1031045320620191E+02
 0.1082634768748968E+01  0.4080386141035467E+01 -0.9990992246390147E-01  0.8476660696782817E+00  0.1028718119221121E+02
 0.1252107437423928E+01  0.4010822647474926E+01 -0.2559146288905237E+00  0.1071742005529861E+01  0.1021597159015326E+02
 0.1219103364752471E+01  0.4018171497257103E+01 -0.2305565668311036E+00  0.1035326433229617E+01  0.1022256020439617E+02
 0.1211865125813325E+01  0.4012462018858188E+01 -0.2299523999452361E+00  0.1037231578432757E+01  0.1021610697593772E+02
 0.1163085088805433E+01  0.4023544556387566E+01 -0.1912164405081886E+00  0.9834209377224978E+00  0.1022655710904038E+02
 0.1117861351018354E+01  0.4033826609080866E+01 -0.1540563342897092E+00  0.9339727220066267E+00  0.1023649425633534E+02
 0.1124760711359593E+01  0.4024662286589897E+01 -0.1617548722497441E+00  0.9510785895077138E+00  0.1022599319750976E+02
 0.1067453345062842E+01  0.4037498897339880E+01 -0.1144390517919125E+00  0.8888435636102013E+00  0.1023893865289235E+02
 0.9935644434483456E+00  0.4049437099125711E+01 -0.4791729890451980E-01  0.8150696007165075E+00  0.1025099095145040E+02
 0.9360196559812209E+00  0.4060419299621032E+01  0.4317796182455214E-02  0.7561180143609297E+00  0.1026301533504310E+02
 0.8980189675125958E+00  0.4068726615885974E+01  0.4061080014796908E-01  0.7166149447796200E+00  0.1027308108778312E+02
 0.1019566433044989E+01  0.4048395716423427E+01 -0.7284697349690489E-01  0.8372726741082213E+00  0.1025041885096175E+02
 0.9811822964789592E+00  0.4057320098380491E+01 -0.3792474849645181E-01  0.7961125741509716E+00  0.1026009458202970E+02
 0.8723829248543330E+00  0.4074298513071192E+01  0.6605549837921081E-01  0.6901210575030825E+00  0.1027982545818170E+02
 0.8563591010711028E+00  0.4077578267077448E+01  0.8175552969511081E-01  0.6737928012932408E+00  0.1028369186397358E+02
 0.7734613508696098E+00  0.4085201408563529E+01  0.1649028889045687E+00  0.5991188835963327E+00  0.1029451792565225E+02
 0.7811945936132683E+00  0.4081171790667313E+01  0.1518342551412286E+00  0.6092768391600180E+00  0.1028933258016971E+02
 0.7213472018076792E+00  0.4076222828360581E+01  0.1973175702575010E+00  0.5649131033728589E+00  0.1028510387413738E+02
 0.7450084648278752E+00  0.4066821926621416E+01  0.1636182173950809E+00  0.5929673916482543E+00  0.1027270660537749E+02
 0.7641314379286317E+00  0.4060661750633895E+01  0.1377727421474352E+00  0.6146581104368560E+00  0.1026494743158375E+02
 0.7154917434791316E+00  0.4039483408825708E+01  0.1365977847507031E+00  0.5933162119438748E+00  0.1024114900667596E+02
 0.7411764049018252E+00  0.4035030949774973E+01  0.1062654398629563E+00  0.6193772896674057E+00  0.1023555316926096E+02
 0.7612224624883153E+00  0.4033241501563885E+01  0.8607437658336768E-01  0.6381720397834939E+00  0.1023310180691026E+02
 0.7777392365071220E+00  0.4032484591732943E+01  0.7142934318215083E-01  0.6529815259691364E+00  0.1023199026798034E+02
 0.6812771446056012E+00  0.4055172696392730E+01  0.1934177777983547E+00  0.5504167604714783E+00  0.1026071555782354E+02
 0.6922690791808163E+00  0.4089704634326885E+01  0.2415007455952124E+00  0.5292837500713675E+00  0.1030341234180735E+02
 0.6633643047776560E+00  0.4108589645548917E+01  0.2925242586079597E+00  0.4904249425325764E+00  0.1033128857335590E+02
 0.7686234867150100E+00  0.4088974496835060E+01  0.1745810232945039E+00  0.5916834396474765E+00  0.1029958598584834E+02
 0.7707225571662369E+00  0.4090963587986812E+01  0.1759848154046989E+00  0.5915826734493995E+00  0.1030239914282330E+02
 0.7967850702649046E+00  0.4087743915150664E+01  0.1513262987367436E+00  0.6159832593263244E+00  0.1029898959476152E+02
 0.1197022066751424E+01  0.4009487901371112E+01 -0.2179479145671318E+00  0.1029427589903348E+01  0.1021172347936830E+02
 0.1261925820485458E+01  0.4001034999814009E+01 -0.2679671857032918E+00  0.1093147334336894E+01  0.1020567684850866E+02
 0.1315236100686536E+01  0.3989533865144632E+01 -0.3070045138171355E+00  0.1152250401741467E+01  0.1019551299644669E+02
 0.1280518353404401E+01  0.4004615447122385E+01 -0.2768859676975199E+00  0.1103127638809756E+01  0.1021047936919556E+02
 0.1300341689740266E+01  0.4000630158946373E+01 -0.2907638963478367E+00  0.1124673428811937E+01  0.1020705784696715E+02
 0.1302217996525570E+01  0.4001645764654403E+01 -0.2900329150839910E+00  0.1124804990835023E+01  0.1020804621295090E+02
 0.1352730466104651E+01  0.3982743956724280E+01 -0.3357150919422807E+00  0.1191893065270522E+01  0.1019023118507769E+02
 0.1276378713783867E+01  0.4010410290250954E+01 -0.2662580185881543E+00  0.1091824721253557E+01  0.1021566232466342E+02
 0.1227332686114892E+01  0.4027033606653742E+01 -0.2233745198809800E+00  0.1029857417592738E+01  0.1023120313855776E+02
 0.1260438948929255E+01  0.4013856248936859E+01 -0.2440732522899983E+00  0.1074249065194207E+01  0.1021601114966622E+02
 0.1156346999677190E+01  0.4052220385283261E+01 -0.1623797331511813E+00  0.9402572730526154E+00  0.1025624677641992E+02
 0.1324605493836893E+01  0.3992125916225707E+01 -0.3092456069779822E+00  0.1155710239529190E+01  0.1019758588776114E+02
 0.1350062332218288E+01  0.3982360246315581E+01 -0.3355809269551991E+00  0.1190281884257409E+01  0.1019002778773265E+02
 0.7922227350188407E+00  0.4034484279565021E+01  0.6411967030717150E-01  0.6633410974896552E+00  0.1023387839550733E+02
 0.8040607660740051E+00  0.4026906356668277E+01  0.4592587882321149E-01  0.6807748859907991E+00  0.1022571935009467E+02
 0.7791751848000854E+00  0.4056689839096282E+01  0.1152929144205293E+00  0.6311456513565701E+00  0.1026005657588947E+02
 0.7935287627988232E+00  0.4079039951268189E+01  0.1321264329487226E+00  0.6214875217191572E+00  0.1028599891041538E+02
 0.8422432122132665E+00  0.4081580365211258E+01  0.8831135427100670E-01  0.6583425171929199E+00  0.1028768281887354E+02
 0.7883517716194088E+00  0.4075911163330236E+01  0.1196332801753034E+00  0.6206058394103773E+00  0.1028173056411092E+02
 0.9594068034841139E+00  0.4063841382511390E+01 -0.1796973731866528E-01  0.7714079015635448E+00  0.1026768166788114E+02
 0.1074326514583505E+01  0.4044023747867599E+01 -0.1192056508403877E+00  0.8860754733652536E+00  0.1024610146266042E+02
 0.1188085532209578E+01  0.4026072529312312E+01 -0.2039240372424747E+00  0.1000292640729535E+01  0.1023026390108808E+02
 0.1238779953916692E+01  0.4020194109584081E+01 -0.2371198720003047E+00  0.1048453526600033E+01  0.1022499270083710E+02
 0.1145996734653100E+01  0.4033816319850372E+01 -0.1728000778125085E+00  0.9561437691529112E+00  0.1023660139458742E+02
 0.9149434058176364E+00  0.4072909155460342E+01  0.1040343126579074E-01  0.7255069902959145E+00  0.1027673075977426E+02
 0.1220915227092425E+01  0.4032375345221142E+01 -0.2144111468265181E+00  0.1017769078190515E+01  0.1023704049600992E+02
 0.1160311387414144E+01  0.4054105261297543E+01 -0.1556435412524438E+00  0.9417800941079831E+00  0.1025915096867095E+02
 0.1074239093401485E+01  0.4083366781713901E+01 -0.7592202472722870E-01  0.8377891330652564E+00  0.1028955109086032E+02
 0.1033394085908037E+01  0.4097230368746491E+01 -0.3461984409043171E-01  0.7902852528763493E+00  0.1030611566049609E+02
 0.1107408570408060E+01  0.4072060342039704E+01 -0.1040902819366060E+00  0.8777081598982066E+00  0.1027770121414705E+02
 0.1234042642953171E+01  0.4026284394267126E+01 -0.2176290080005165E+00  0.1037401088485025E+01  0.1023079556691821E+02
 0.1000000000001695E+01  0.4107292551883961E+01 -0.1941840828853768E-12  0.7531183976255976E+00  0.1031772204744153E+02
 0.1000000000010060E+01  0.4107292551876356E+01 -0.3634961461718585E-11  0.7531183976344524E+00  0.1031772204741669E+02
 0.1000000000013717E+01  0.4107292551874060E+01 -0.7223843947149434E-11  0.7531183976382417E+00  0.1031772204740984E+02
 0.1000000000031407E+01  0.4107292551859137E+01 -0.1652737484592280E-10  0.7531183976569381E+00  0.1031772204736198E+02
 0.1000000000024758E+01  0.4107292551862792E+01 -0.1461713134161849E-10  0.7531183976509531E+00  0.1031772204737455E+02
 0.1000000000028378E+01  0.4107292551857482E+01 -0.1740872029337915E-10  0.7531183976562240E+00  0.1031772204735910E+02
 0.9999999998400509E+00  0.4107292551998528E+01  0.9959866280269189E-10  0.7531183974592222E+00  0.1031772204780050E+02
 0.9999999992760903E+00  0.4107292552414554E+01  0.4633610974087279E-09  0.7531183968716885E+00  0.1031772204910223E+02
 0.9999999986447534E+00  0.4107292552871801E+01  0.9113729364822401E-09  0.7531183962084405E+00  0.1031772205051083E+02
 0.1000000000045541E+01  0.4107292551839381E+01 -0.2451957564206159E-10  0.7531183976757091E+00  0.1031772204730115E+02
 0.1000000000071845E+01  0.4107292551812763E+01 -0.5064559858373899E-10  0.7531183977074679E+00  0.1031772204722170E+02
 0.9999999984808834E+00  0.4107292552938342E+01  0.1076136441021089E-08  0.7531183960421102E+00  0.1031772205067685E+02
 0.9999999995100350E+00  0.4107292552224825E+01  0.3233754102288017E-09  0.7531183971157384E+00  0.1031772204849261E+02
 0.9999999972647505E+00  0.4107292554061035E+01  0.1842903786041783E-08  0.7531183947009888E+00  0.1031772205422500E+02
 0.9999999980539411E+00  0.4107292554598781E+01  0.6303644837160998E-09  0.7531183953834338E+00  0.1031772205665391E+02
 0.1000000036310501E+01  0.4107292532634706E+01 -0.2752308725671520E-07  0.7531184347009614E+00  0.1031772199270555E+02
 0.1000000252778532E+01  0.4107292397220863E+01 -0.2032848971380368E-06  0.7531186632903920E+00  0.1031772160042970E+02
 0.1000000549965268E+01  0.4107292179720691E+01 -0.4532862815369089E-06  0.7531189887809284E+00  0.1031772096127715E+02
 0.9999978632715626E+00  0.4107292876131845E+01  0.2173094762436658E-05  0.7531162836914150E+00  0.1031772211741365E+02
 0.9999964282267385E+00  0.4107293425359360E+01  0.3048931470705114E-05  0.7531148720167004E+00  0.1031772354595944E+02
 0.9999469828335292E+00  0.4107318848328994E+01  0.4922731482792926E-04  0.7530614649922557E+00  0.1031778754286632E+02
 0.9999399492171532E+00  0.4107320600472989E+01  0.5643912122495041E-04  0.7530543255768417E+00  0.1031779013361351E+02
 0.1000166170919289E+01  0.4107330127312612E+01 -0.1706847600492782E-03  0.7532712568900751E+00  0.1031794566670481E+02
 0.9999085328543569E+00  0.4107392492735781E+01  0.1086968742522805E-03  0.7530022517394154E+00  0.1031801438311468E+02
 0.1004126097546016E+01  0.4106332361200812E+01 -0.4179977323278763E-02  0.7574863832963292E+00  0.1031692587533203E+02
 0.1001397563297996E+01  0.4107132235095418E+01 -0.1197630028374112E-02  0.7545244017900373E+00  0.1031794676005446E+02
 0.9999899877282696E+00  0.4107295952912934E+01  0.8774473242595716E-05  0.7531082430296994E+00  0.1031772948101990E+02
 0.9999967714896455E+00  0.4107292487630349E+01  0.3149575559105090E-05  0.7531154043088216E+00  0.1031772037887119E+02
 0.9998591003397277E+00  0.4107365693010049E+01  0.1321717174051321E-03  0.7529642485355307E+00  0.1031790236652473E+02
 0.9999262695767178E+00  0.4107326182584879E+01  0.6900219858868510E-04  0.7530394412031183E+00  0.1031780160548885E+02
 0.1000124029324420E+01  0.4107443466645063E+01 -0.2312379478950282E-04  0.7531827758719477E+00  0.1031826934287514E+02
 0.9997708178289960E+00  0.4107477087498522E+01  0.2439774332964695E-03  0.7528396455781068E+00  0.1031821459831032E+02
 0.9998175079348913E+00  0.4107396735965270E+01  0.1786071154574782E-03  0.7529129124476494E+00  0.1031797983465680E+02
 0.9998455176720658E+00  0.4107369253268774E+01  0.1482056241557355E-03  0.7529494430650380E+00  0.1031790554838024E+02
 0.9998393589548559E+00  0.4107390136518997E+01  0.1570526431100151E-03  0.7529374055003191E+00  0.1031797282308241E+02
 0.9999728935296721E+00  0.4107303499879906E+01  0.2378828923470301E-04  0.7530902333409586E+00  0.1031774763912675E+02
 0.1000001107723281E+01  0.4107291581868632E+01 -0.9294794538952712E-06  0.7531196778814475E+00  0.1031771917833033E+02
 0.9999998153020463E+00  0.4107292015744232E+01  0.1627527923757220E-06  0.7531183880571385E+00  0.1031772016918964E+02
 0.9999565279340012E+00  0.4107311885779433E+01  0.3973659530478171E-04  0.7530723937618963E+00  0.1031776829631683E+02
 0.9999977372474387E+00  0.4107292934090748E+01  0.1958673508885246E-05  0.7531162371006104E+00  0.1031772247626821E+02
 0.1000000647926287E+01  0.4107292126389715E+01 -0.5411931814713267E-06  0.7531190966301515E+00  0.1031772082741364E+02
 0.1000000068634436E+01  0.4107292514312944E+01 -0.5420875705263159E-07  0.7531184679771923E+00  0.1031772193978391E+02
 0.1000000070292036E+01  0.4107292512361384E+01 -0.5422796425728591E-07  0.7531184697721689E+00  0.1031772193313480E+02
 0.9999999930746079E+00  0.4107292557292951E+01  0.4889821583182272E-08  0.7531183901205641E+00  0.1031772206393754E+02
 0.9999999926078353E+00  0.4107292557798552E+01  0.5413528858074134E-08  0.7531183895432294E+00  0.1031772206544970E+02
 0.9999999955048340E+00  0.4107292555560394E+01  0.3210054546010052E-08  0.7531183927288281E+00  0.1031772205876647E+02
 0.9999999871129326E+00  0.4107292561711477E+01  0.8861064664855367E-08  0.7531183838127755E+00  0.1031772207754087E+02
 0.1000000043338287E+01  0.4107292531682431E+01 -0.3601819637957587E-07  0.7531184412551035E+00  0.1031772199194774E+02
 0.1000000726307540E+01  0.4107292095277828E+01 -0.6016792147024806E-06  0.7531191759755820E+00  0.1031772075041566E+02
 0.1000000528507789E+01  0.4107292227746496E+01 -0.4291647716658914E-06  0.7531189594827324E+00  0.1031772112568775E+02
 0.1000000512214149E+01  0.4107292255658574E+01 -0.4182238487931613E-06  0.7531189360315012E+00  0.1031772121238035E+02
 0.9999999999999983E+00  0.4107292551885528E+01 -0.4941643184084375E-15  0.7531183976238516E+00  0.1031772204744680E+02
 0.9999999999999981E+00  0.4107292551885528E+01 -0.6280968643302356E-15  0.7531183976238521E+00  0.1031772204744680E+02
 0.9999999999999984E+00  0.4107292551885528E+01 -0.5610963841219256E-15  0.7531183976238531E+00  0.1031772204744680E+02
 0.9999999999999988E+00  0.4107292551885527E+01 -0.7914325199829836E-15  0.7531183976238505E+00  0.1031772204744679E+02
 0.9999999999999984E+00  0.4107292551885528E+01 -0.5994993368790720E-15  0.7531183976238531E+00  0.1031772204744680E+02
 0.9999999999999982E+00  0.4107292551885525E+01 -0.3353669809536336E-15  0.7531183976238558E+00  0.1031772204744680E+02
 0.9999999999999982E+00  0.4107292551885527E+01 -0.3957309570077999E-15  0.7531183976238537E+00  0.1031772204744680E+02
 0.9999999999999984E+00  0.4107292551885526E+01 -0.3578321868951185E-15  0.7531183976238546E+00  0.1031772204744680E+02
 0.9999999999999987E+00  0.4107292551885526E+01 -0.7428496521983945E-15  0.7531183976238547E+00  0.1031772204744680E+02
 0.9999999999999984E+00  0.4107292551885525E+01 -0.6901737450876840E-15  0.7531183976238560E+00  0.1031772204744680E+02
 0.9999999999999981E+00  0.4107292551885525E+01 -0.7476551199576218E-15  0.7531183976238550E+00  0.1031772204744679E+02
 0.9999999999999986E+00  0.4107292551885527E+01 -0.1076079986046223E-14  0.7531183976238532E+00  0.1031772204744680E+02
 0.9999999999999981E+00  0.4107292551885528E+01 -0.1011274316438152E-14  0.7531183976238536E+00  0.1031772204744680E+02
 0.9999999999999983E+00  0.4107292551885528E+01 -0.1174456636932777E-14  0.7531183976238502E+00  0.1031772204744679E+02
 0.9999999999999980E+00  0.4107292551885527E+01 -0.1248486810417473E-14  0.7531183976238528E+00  0.1031772204744680E+02
 0.9999999999999980E+00  0.4107292551885528E+01 -0.1053863744655708E-14  0.7531183976238550E+00  0.1031772204744681E+02
 0.9999999999999982E+00  0.4107292551885527E+01 -0.1302251160399267E-14  0.7531183976238522E+00  0.1031772204744680E+02
 0.9999999999999984E+00  0.4107292551885528E+01 -0.1023488337830174E-14  0.7531183976238517E+00  0.1031772204744680E+02
 0.9999999999999982E+00  0.4107292551885527E+01 -0.8476752938503730E-15  0.7531183976238522E+00  0.1031772204744680E+02
 0.9999999999999989E+00  0.4107292551885526E+01 -0.1087343252254550E-14  0.7531183976238549E+00  0.1031772204744680E+02
 0.9999999999999983E+00  0.4107292551885528E+01 -0.7120085948168597E-15  0.7531183976238524E+00  0.1031772204744680E+02
 0.9999999999999986E+00  0.4107292551885527E+01 -0.7321580793505249E-15  0.7531183976238539E+00  0.1031772204744680E+02
 0.9999999999999988E+00  0.4107292551885528E+01 -0.7428496521983958E-15  0.7531183976238527E+00  0.1031772204744680E+02
 0.9999999999999988E+00  0.4107292551885527E+01 -0.9722857924318103E-15  0.7531183976238527E+00  0.1031772204744680E+02
 0.9999999999999981E+00  0.4107292551885528E+01 -0.6685140558043177E-15  0.7531183976238542E+00  0.1031772204744681E+02
 0.9999999999999989E+00  0.4107292551885528E+01 -0.7071253540884586E-15  0.7531183976238514E+00  0.1031772204744680E+02
 0.9999999999999986E+00  0.4107292551885529E+01 -0.9130575111352055E-15  0.7531183976238511E+00  0.1031772204744680E+02
 0.9999999999999982E+00  0.4107292551885526E+01 -0.9240648541725099E-15  0.7531183976238544E+00  0.1031772204744680E+02
 0.9999999999999987E+00  0.4107292551885527E+01 -0.8808718103716252E-15  0.7531183976238526E+00  0.1031772204744680E+02
 0.9999999999999982E+00  0.4107292551885527E+01 -0.8002290302393586E-15  0.7531183976238529E+00  0.1031772204744680E+02
 0.9999999999999981E+00  0.4107292551885528E+01 -0.4995193468239221E-15  0.7531183976238528E+00  0.1031772204744680E+02
 0.9999999999999984E+00  0.4107292551885527E+01 -0.4711279456940459E-15  0.7531183976238531E+00  0.1031772204744680E+02
 0.1000000000017080E+01  0.4107292551870529E+01 -0.8550412649678160E-11  0.7531183976417454E+00  0.1031772204739777E+02
 0.9999999999999989E+00  0.4107292551885527E+01 -0.5430917625315997E-15  0.7531183976238556E+00  0.1031772204744680E+02
 0.9999999999999993E+00  0.4107292551885528E+01 -0.6529799694127446E-15  0.7531183976238559E+00  0.1031772204744681E+02
 0.9999999999999994E+00  0.4107292551885527E+01 -0.2309700599272308E-15  0.7531183976238560E+00  0.1031772204744680E+02
 0.9999999999999996E+00  0.4107292551885527E+01 -0.2498093783792150E-15  0.7531183976238554E+00  0.1031772204744680E+02
 0.1000000000000000E+01  0.4107292551885528E+01  0.1435645316718191E-15  0.7531183976238554E+00  0.1031772204744680E+02
 0.1000000000000001E+01  0.4107292551885526E+01 -0.2247276258751445E-15  0.7531183976238577E+00  0.1031772204744680E+02
 0.1000000000000000E+01  0.4107292551885528E+01  0.2551657866611547E-15  0.7531183976238554E+00  0.1031772204744680E+02
 0.9999999999999938E+00  0.4107292551885534E+01  0.2503216054887043E-14  0.7531183976238460E+00  0.1031772204744682E+02
 0.1000000000000001E+01  0.4107292551885527E+01 -0.1533966178751312E-15  0.7531183976238554E+00  0.1031772204744680E+02
 0.1000000000000000E+01  0.4107292551885529E+01 -0.4412987101192854E-15  0.7531183976238552E+00  0.1031772204744681E+02
 0.1000000000000001E+01  0.4107292551885527E+01  0.3058792685522802E-15  0.7531183976238551E+00  0.1031772204744680E+02
 0.1000000000000001E+01  0.4107292551885529E+01  0.1076544532761292E-14  0.7531183976238551E+00  0.1031772204744681E+02
 0.9999999999999963E+00  0.4107292551885532E+01  0.4056833749794474E-15  0.7531183976238522E+00  0.1031772204744682E+02
 0.9999999999998969E+00  0.4107292551885624E+01  0.4040103318511356E-13  0.7531183976237453E+00  0.1031772204744712E+02
 0.9999999999999581E+00  0.4107292551885567E+01  0.1307117961046739E-13  0.7531183976238093E+00  0.1031772204744693E+02
 0.1000000000000979E+01  0.4107292551884708E+01 -0.4735885017952173E-12  0.7531183976248712E+00  0.1031772204744413E+02
 0.9999999999998433E+00  0.4107292551885681E+01  0.5653332053178401E-13  0.7531183976236852E+00  0.1031772204744730E+02
 0.9999999999998282E+00  0.4107292551885692E+01  0.5275496404187586E-13  0.7531183976236731E+00  0.1031772204744735E+02
 0.1000000000014611E+01  0.4107292551872725E+01 -0.7838357913633128E-11  0.7531183976394155E+00  0.1031772204740561E+02
 0.1000000000005358E+01  0.4107292551881025E+01 -0.2771905783127750E-11  0.7531183976294537E+00  0.1031772204743222E+02
 0.9999999999999528E+00  0.4107292551885616E+01  0.4558849588241906E-13  0.7531183976237811E+00  0.1031772204744707E+02
 0.9999999999997750E+00  0.4107292551885743E+01  0.1597154633540740E-12  0.7531183976236088E+00  0.1031772204744750E+02
 0.1000000000000010E+01  0.4107292551885545E+01  0.3548815294660075E-13  0.7531183976238500E+00  0.1031772204744684E+02
 0.9999999999998949E+00  0.4107292551885637E+01  0.2929263705553971E-13  0.7531183976237424E+00  0.1031772204744717E+02
 0.9999999999999624E+00  0.4107292551885569E+01  0.1080534806135252E-13  0.7531183976238132E+00  0.1031772204744694E+02
 0.9999999999999668E+00  0.4107292551885563E+01  0.6642339422458307E-14  0.7531183976238186E+00  0.1031772204744692E+02
 0.9999999999999867E+00  0.4107292551885543E+01 -0.1078692603716691E-14  0.7531183976238400E+00  0.1031772204744685E+02
 0.1000000000002628E+01  0.4107292551883328E+01 -0.1287667526941120E-11  0.7531183976266033E+00  0.1031772204743969E+02
 0.1000000000004793E+01  0.4107292551881928E+01 -0.2915438683423353E-11  0.7531183976288341E+00  0.1031772204743544E+02
 0.9999999999998658E+00  0.4107292551885656E+01  0.5112237682702618E-13  0.7531183976237114E+00  0.1031772204744722E+02
 0.9999999999999754E+00  0.4107292551885550E+01  0.8314964739435413E-14  0.7531183976238286E+00  0.1031772204744687E+02
 0.9999999999999745E+00  0.4107292551885552E+01  0.5531431156260640E-14  0.7531183976238258E+00  0.1031772204744688E+02
 0.9999999999998904E+00  0.4107292551885630E+01  0.3858228853574604E-13  0.7531183976237390E+00  0.1031772204744714E+02
 0.1000000000000000E+01  0.4107292551885527E+01 -0.3116067392110985E-15  0.7531183976238546E+00  0.1031772204744680E+02
 0.9999999999999992E+00  0.4107292551885527E+01 -0.4014392958121599E-15  0.7531183976238551E+00  0.1031772204744680E+02
 0.9999999999999991E+00  0.4107292551885527E+01 -0.3707819608832780E-15  0.7531183976238544E+00  0.1031772204744680E+02
 0.9999999999999990E+00  0.4107292551885528E+01 -0.6164825550972196E-15  0.7531183976238542E+00  0.1031772204744680E+02
 0.9999999999999986E+00  0.4107292551885527E+01 -0.6303023897637507E-15  0.7531183976238547E+00  0.1031772204744680E+02
 0.9999999999999990E+00  0.4107292551885527E+01 -0.8016153392346417E-15  0.7531183976238542E+00  0.1031772204744680E+02
 0.9999999999999997E+00  0.4107292551885528E+01 -0.7162553564803319E-16  0.7531183976238519E+00  0.1031772204744680E+02
 0.1000000000000002E+01  0.4107292551885528E+01  0.1764265255075964E-14  0.7531183976238561E+00  0.1031772204744680E+02
 0.1000000000000001E+01  0.4107292551885528E+01  0.8060217318013151E-15  0.7531183976238554E+00  0.1031772204744680E+02
 0.9999999999999999E+00  0.4107292551885529E+01 -0.1090383560136358E-15  0.7531183976238520E+00  0.1031772204744680E+02
 0.9999999999999991E+00  0.4107292551885528E+01 -0.6756620292454407E-15  0.7531183976238537E+00  0.1031772204744680E+02
 0.1000000000000000E+01  0.4107292551885528E+01  0.8102753394801876E-15  0.7531183976238552E+00  0.1031772204744680E+02
 0.9999999999999988E+00  0.4107292551885528E+01 -0.7778069395639461E-15  0.7531183976238519E+00  0.1031772204744680E+02
 0.9999999999999982E+00  0.4107292551885528E+01 -0.1165117987438984E-14  0.7531183976238529E+00  0.1031772204744680E+02
 0.9999999999999984E+00  0.4107292551885527E+01 -0.9086529667803097E-15  0.7531183976238531E+00  0.1031772204744680E+02
 0.9999999999999984E+00  0.4107292551885527E+01 -0.9070895746956490E-15  0.7531183976238531E+00  0.1031772204744680E+02
 0.9999999999999982E+00  0.4107292551885527E+01 -0.1193414555678676E-14  0.7531183976238544E+00  0.1031772204744680E+02
 0.9999999999999984E+00  0.4107292551885526E+01 -0.7196531496900069E-15  0.7531183976238552E+00  0.1031772204744680E+02
 0.9999999999999984E+00  0.4107292551885527E+01 -0.7368440240196352E-15  0.7531183976238531E+00  0.1031772204744680E+02
 0.9999999999999982E+00  0.4107292551885527E+01 -0.6687685835503062E-15  0.7531183976238508E+00  0.1031772204744679E+02
 0.9999999999999983E+00  0.4107292551885527E+01 -0.6243895742339483E-15  0.7531183976238516E+00  0.1031772204744679E+02
 0.9999999999999987E+00  0.4107292551885526E+01 -0.8396963239697880E-15  0.7531183976238547E+00  0.1031772204744680E+02
 0.9999999999999988E+00  0.4107292551885527E+01 -0.9227432131536159E-15  0.7531183976238562E+00  0.1031772204744681E+02
 0.9999999987360368E+00  0.4107292552924805E+01 -0.7855456915359972E-09  0.7531183963019964E+00  0.1031772205079056E+02
 0.9999999995944104E+00  0.4107292552117569E+01 -0.3316618727836506E-09  0.7531183972021774E+00  0.1031772204810931E+02
 0.1000000019022000E+01  0.4107292543672543E+01  0.1672611472078250E-07  0.7531184172553765E+00  0.1031772202697793E+02
 0.9999999996050495E+00  0.4107292552436899E+01 -0.7867889540744399E-10  0.7531183972274120E+00  0.1031772204946395E+02
 0.9999999994833715E+00  0.4107292552190620E+01 -0.4135830296064566E-09  0.7531183970868731E+00  0.1031772204833016E+02
 0.9999999999792607E+00  0.4107292551892279E+01 -0.2339295839314594E-10  0.7531183976012221E+00  0.1031772204745700E+02
 0.1000000000007980E+01  0.4107292551877495E+01  0.4066172868695630E-11  0.7531183976307675E+00  0.1031772204741607E+02
 0.9999999999360177E+00  0.4107292551923941E+01 -0.5471090335331635E-10  0.7531183975578810E+00  0.1031772204756011E+02
 0.1000000000014736E+01  0.4107292551862327E+01 -0.2102371492680185E-11  0.7531183976394878E+00  0.1031772204736285E+02
 0.1000000137094444E+01  0.4107292466720375E+01  0.1106589211561451E-06  0.7531185405281892E+00  0.1031772179678856E+02
 0.1000000026324423E+01  0.4107292540155983E+01  0.2315641015568319E-07  0.7531184250083295E+00  0.1031772201816780E+02
 0.9999992470190830E+00  0.4107292634678176E+01 -0.7235522001249872E-06  0.7531176308229699E+00  0.1031772188820756E+02
 0.1000000075992095E+01  0.4107292501069026E+01  0.5508956400857135E-07  0.7531184743373179E+00  0.1031772188743461E+02
 0.1000000034691584E+01  0.4107292536575704E+01  0.3002348007060933E-07  0.7531184337956869E+00  0.1031772200967728E+02
 0.9999909382532581E+00  0.4107296334146485E+01 -0.8643924973943608E-05  0.7531089310998309E+00  0.1031773097739413E+02
 0.9999987100375599E+00  0.4107292847214084E+01 -0.1292419737670989E-05  0.7531170474482214E+00  0.1031772231374427E+02
 0.1000000017778419E+01  0.4107292536987862E+01 -0.1767682239448417E-07  0.7531184033877388E+00  0.1031772196719431E+02
 0.1000000059083968E+01  0.4107292522570978E+01  0.5024498083531937E-07  0.7531184592303540E+00  0.1031772196981656E+02
 0.9999998212957258E+00  0.4107292546203613E+01 -0.1859702770866505E-06  0.7531182184018296E+00  0.1031772191251814E+02
 0.1000000048394918E+01  0.4107292527597526E+01  0.4229702090001816E-07  0.7531184482019330E+00  0.1031772198301631E+02
 0.9999999999282468E+00  0.4107292551933551E+01 -0.5212216154361734E-10  0.7531183975483118E+00  0.1031772204759029E+02
 0.1000000000007775E+01  0.4107292551879981E+01  0.5504538464084613E-11  0.7531183976319609E+00  0.1031772204742965E+02
 0.9999999992597101E+00  0.4107292552354978E+01 -0.5663458654213780E-09  0.7531183968516777E+00  0.1031772204883834E+02
 0.9999999999479651E+00  0.4107292551920438E+01 -0.3644198910655175E-10  0.7531183975691902E+00  0.1031772204755150E+02
 0.1000000000006123E+01  0.4107292551881006E+01  0.4178897592509321E-11  0.7531183976302819E+00  0.1031772204743277E+02
 0.1000000002623835E+01  0.4107292550849302E+01  0.2168358018961266E-08  0.7531184003745316E+00  0.1031772204512727E+02
 0.9999999994702354E+00  0.4107292552226923E+01 -0.4033669430500604E-09  0.7531183970684351E+00  0.1031772204845790E+02
 0.9999999991868445E+00  0.4107292552660644E+01 -0.4767958222533271E-09  0.7531183967684200E+00  0.1031772205002285E+02
 0.9999999998214344E+00  0.4107292551981328E+01 -0.1507503622057473E-09  0.7531183974352575E+00  0.1031772204770499E+02
 0.9999999999875135E+00  0.4107292551893448E+01 -0.7798883797817676E-11  0.7531183976108978E+00  0.1031772204747045E+02
 0.1000000000003057E+01  0.4107292551883284E+01  0.2113596093307955E-11  0.7531183976270982E+00  0.1031772204743994E+02
 0.1000000000012762E+01  0.4107292551877319E+01  0.1114526879575243E-10  0.7531183976375813E+00  0.1031772204742338E+02
 0.1000000000001508E+01  0.4107292551884422E+01  0.1036353759036710E-11  0.7531183976254671E+00  0.1031772204744345E+02
 0.1000000002681015E+01  0.4107292550664592E+01  0.2454106857540098E-08  0.7531184004920092E+00  0.1031772204455465E+02
 0.9999999993290882E+00  0.4107292552292814E+01 -0.5214867041122505E-09  0.7531183969262045E+00  0.1031772204863871E+02
 0.1000000000716908E+01  0.4107292551825659E+01  0.9311561985271980E-09  0.7531183984301808E+00  0.1031772204786693E+02
 0.1000000000024450E+01  0.4107292551869989E+01  0.2010266643093418E-10  0.7531183976498013E+00  0.1031772204740181E+02
 0.9999999999993225E+00  0.4107292551885996E+01 -0.5332023471129698E-12  0.7531183976231345E+00  0.1031772204744820E+02
 0.9999999999999984E+00  0.4107292551885527E+01  0.3546888959733037E-16  0.7531183976238531E+00  0.1031772204744680E+02
 0.9999999999999984E+00  0.4107292551885529E+01 -0.1247359964437905E-15  0.7531183976238525E+00  0.1031772204744680E+02
 0.9999999999999984E+00  0.4107292551885526E+01 -0.1248486809016870E-16  0.7531183976238552E+00  0.1031772204744680E+02
 0.9999999999999986E+00  0.4107292551885528E+01 -0.5151239395685447E-16  0.7531183976238526E+00  0.1031772204744680E+02
 0.9999999999999986E+00  0.4107292551885528E+01 -0.2684246639386481E-15  0.7531183976238518E+00  0.1031772204744680E+02
 0.9999999999999988E+00  0.4107292551885527E+01 -0.3495763065247502E-15  0.7531183976238527E+00  0.1031772204744680E+02
 0.9999999999999984E+00  0.4107292551885526E+01 -0.3522394924689278E-15  0.7531183976238539E+00  0.1031772204744679E+02
 0.9999999999999989E+00  0.4107292551885527E+01 -0.3296005178023172E-15  0.7531183976238541E+00  0.1031772204744680E+02
 0.9999999999999990E+00  0.4107292551885528E+01  0.2322185466334523E-15  0.7531183976238507E+00  0.1031772204744679E+02
 0.9999999999999984E+00  0.4107292551885527E+01 -0.2364592639821924E-15  0.7531183976238539E+00  0.1031772204744680E+02
 0.9999999999999984E+00  0.4107292551885527E+01 -0.2154530847665441E-15  0.7531183976238525E+00  0.1031772204744680E+02
 0.9999999999999986E+00  0.4107292551885528E+01 -0.5224828529909762E-15  0.7531183976238532E+00  0.1031772204744680E+02
 0.9999999999999982E+00  0.4107292551885527E+01 -0.4646518306092979E-15  0.7531183976238529E+00  0.1031772204744680E+02
 0.9999999999999984E+00  0.4107292551885527E+01 -0.2773820084172389E-15  0.7531183976238517E+00  0.1031772204744679E+02
 0.9999999999999986E+00  0.4107292551885527E+01 -0.2858625284254240E-15  0.7531183976238526E+00  0.1031772204744680E+02
 0.9999999999999987E+00  0.4107292551885527E+01 -0.3504930461392875E-15  0.7531183976238532E+00  0.1031772204744680E+02
 0.9999999999999983E+00  0.4107292551885527E+01 -0.3965057415479940E-15  0.7531183976238538E+00  0.1031772204744680E+02
 0.9999999999999984E+00  0.4107292551885527E+01 -0.4614992549692842E-15  0.7531183976238531E+00  0.1031772204744680E+02
 0.9999999999999989E+00  0.4107292551885526E+01 -0.3760838873085684E-15  0.7531183976238549E+00  0.1031772204744680E+02
 0.9999999999999988E+00  0.4107292551885527E+01 -0.5176537697790715E-15  0.7531183976238527E+00  0.1031772204744680E+02
 0.9999999999999987E+00  0.4107292551885526E+01 -0.6741828773229246E-15  0.7531183976238568E+00  0.1031772204744680E+02
 0.9999999999999989E+00  0.4107292551885526E+01 -0.2719281535795216E-15  0.7531183976238541E+00  0.1031772204744679E+02
 0.9999999999999989E+00  0.4107292551885526E+01 -0.1360756324841313E-15  0.7531183976238549E+00  0.1031772204744680E+02
 0.9999999999999987E+00  0.4107292551885528E+01 -0.2496973618033932E-15  0.7531183976238511E+00  0.1031772204744680E+02
 0.9999999999999987E+00  0.4107292551885526E+01 -0.1986906624050162E-15  0.7531183976238547E+00  0.1031772204744680E+02
 0.9999999999999988E+00  0.4107292551885526E+01 -0.4744249874264448E-15  0.7531183976238555E+00  0.1031772204744680E+02
 0.9999999999999988E+00  0.4107292551885527E+01 -0.2559397958484783E-15  0.7531183976238519E+00  0.1031772204744679E+02
 0.9999999999999988E+00  0.4107292551885527E+01 -0.4719280141260457E-15  0.7531183976238519E+00  0.1031772204744679E+02
 0.9999999999999988E+00  0.4107292551885527E+01 -0.9513469491112367E-15  0.7531183976238548E+00  0.1031772204744680E+02
 0.9999999999999988E+00  0.4107292551885526E+01 -0.3665118591724000E-15  0.7531183976238562E+00  0.1031772204744680E+02
 0.9999999999999984E+00  0.4107292551885526E+01 -0.4708317524014552E-15  0.7531183976238539E+00  0.1031772204744679E+02
 0.9999999999999988E+00  0.4107292551885527E+01 -0.3748832272434975E-15  0.7531183976238527E+00  0.1031772204744680E+02
 0.9999999999999986E+00  0.4107292551885527E+01 -0.5430917625316004E-15  0.7531183976238547E+00  0.1031772204744680E+02
 0.9999999999999991E+00  0.4107292551885526E+01 -0.7490920869227341E-17  0.7531183976238537E+00  0.1031772204744679E+02
 0.9999999999999986E+00  0.4107292551885528E+01 -0.2022548634691355E-15  0.7531183976238526E+00  0.1031772204744680E+02
 0.9999999999999980E+00  0.4107292551885527E+01 -0.3752211186661106E-15  0.7531183976238536E+00  0.1031772204744680E+02
 0.9999999999999981E+00  0.4107292551885527E+01 -0.2281182945224748E-15  0.7531183976238536E+00  0.1031772204744680E+02
 0.9999999999999981E+00  0.4107292551885527E+01 -0.3121217026043681E-15  0.7531183976238542E+00  0.1031772204744680E+02
 0.9999999999999980E+00  0.4107292551885527E+01 -0.4519091751767025E-15  0.7531183976238521E+00  0.1031772204744680E+02
 0.9999999999999988E+00  0.4107292551885528E+01 -0.2322185469460445E-15  0.7531183976238512E+00  0.1031772204744680E+02
 0.9999999999999989E+00  0.4107292551885526E+01 -0.4070039500193826E-15  0.7531183976238549E+00  0.1031772204744680E+02
 0.9999999999999983E+00  0.4107292551885527E+01 -0.1186062469896580E-15  0.7531183976238530E+00  0.1031772204744680E+02
 0.9999999999999983E+00  0.4107292551885527E+01 -0.3895278851998183E-15  0.7531183976238530E+00  0.1031772204744680E+02
 0.9999999999999981E+00  0.4107292551885527E+01 -0.2781624469704535E-15  0.7531183976238521E+00  0.1031772204744680E+02
 0.9999999999999982E+00  0.4107292551885527E+01 -0.8115164267713484E-16  0.7531183976238529E+00  0.1031772204744680E+02
 0.9999999999999979E+00  0.4107292551885527E+01 -0.1997578896667946E-15  0.7531183976238527E+00  0.1031772204744680E+02
 0.9999999999999976E+00  0.4107292551885528E+01 -0.8834764367922835E-15  0.7531183976238510E+00  0.1031772204744680E+02
 0.9999999999999979E+00  0.4107292551885528E+01 -0.3864323201802508E-15  0.7531183976238514E+00  0.1031772204744680E+02
 0.9999999999999987E+00  0.4107292551885526E+01 -0.2698758640820023E-15  0.7531183976238539E+00  0.1031772204744679E+02
 0.9999999999999983E+00  0.4107292551885527E+01 -0.1572823792735535E-15  0.7531183976238524E+00  0.1031772204744680E+02
 0.9999999999999891E+00  0.4107292551885533E+01 -0.4386874360749485E-14  0.7531183976238447E+00  0.1031772204744682E+02
 0.9999999999999939E+00  0.4107292551885532E+01  0.1410641207803438E-14  0.7531183976238476E+00  0.1031772204744681E+02
 0.9999999999998271E+00  0.4107292551885657E+01 -0.1161329712819240E-12  0.7531183976236729E+00  0.1031772204744721E+02
 0.9999999999999979E+00  0.4107292551885527E+01 -0.8204876332226939E-15  0.7531183976238541E+00  0.1031772204744680E+02
 0.9999999999999978E+00  0.4107292551885529E+01 -0.4119956806671391E-15  0.7531183976238512E+00  0.1031772204744680E+02
 0.9999999999999591E+00  0.4107292551885545E+01 -0.5681114387222368E-13  0.7531183976238108E+00  0.1031772204744684E+02
 0.9999999999999494E+00  0.4107292551885565E+01 -0.2966404664214152E-13  0.7531183976238019E+00  0.1031772204744692E+02
 0.1000000000000477E+01  0.4107292551885136E+01  0.2575253743846986E-12  0.7531183976243536E+00  0.1031772204744554E+02
 0.9999999999999868E+00  0.4107292551885537E+01 -0.3056697411135076E-14  0.7531183976238423E+00  0.1031772204744683E+02
 0.9999999999999126E+00  0.4107292551885599E+01 -0.4506851531766999E-13  0.7531183976237622E+00  0.1031772204744703E+02
 0.9999999999999439E+00  0.4107292551885576E+01 -0.1957617485994899E-13  0.7531183976237986E+00  0.1031772204744696E+02
 0.1000000000000903E+01  0.4107292551884807E+01  0.5370093900006075E-12  0.7531183976248000E+00  0.1031772204744451E+02
 0.1000000000001645E+01  0.4107292551884277E+01  0.1078405439345959E-11  0.7531183976255830E+00  0.1031772204744289E+02
 0.9999999999999996E+00  0.4107292551885525E+01  0.9085789168311505E-15  0.7531183976238561E+00  0.1031772204744679E+02
 0.9999999999999960E+00  0.4107292551885528E+01 -0.7041465607594988E-15  0.7531183976238520E+00  0.1031772204744680E+02
 0.9999999999999993E+00  0.4107292551885524E+01  0.5555766300125479E-15  0.7531183976238573E+00  0.1031772204744679E+02
 0.9999999999999674E+00  0.4107292551885552E+01 -0.1778469459444714E-13  0.7531183976238205E+00  0.1031772204744688E+02
 0.9999999999999983E+00  0.4107292551885527E+01  0.3433338724796659E-15  0.7531183976238530E+00  0.1031772204744680E+02
 0.9999999999999984E+00  0.4107292551885525E+01 -0.1435759830369508E-15  0.7531183976238552E+00  0.1031772204744679E+02
 0.9999999999999982E+00  0.4107292551885527E+01  0.8278516331913072E-16  0.7531183976238537E+00  0.1031772204744680E+02
 0.9999999999999986E+00  0.4107292551885527E+01 -0.2215956472647892E-16  0.7531183976238539E+00  0.1031772204744680E+02
 0.9999999999999984E+00  0.4107292551885526E+01  0.2684246639386488E-15  0.7531183976238546E+00  0.1031772204744680E+02
 0.9999999999999984E+00  0.4107292551885526E+01  0.2060495758274268E-15  0.7531183976238552E+00  0.1031772204744680E+02
 0.9999999999999984E+00  0.4107292551885526E+01  0.1061213787664419E-15  0.7531183976238546E+00  0.1031772204744680E+02
 0.9999999999999983E+00  0.4107292551885527E+01  0.1747881532623764E-15  0.7531183976238538E+00  0.1031772204744680E+02
 0.9999999999999987E+00  0.4107292551885526E+01  0.7093777919466004E-16  0.7531183976238554E+00  0.1031772204744680E+02
 0.9999999999999989E+00  0.4107292551885527E+01 -0.6803781624206875E-16  0.7531183976238520E+00  0.1031772204744679E+02
 0.9999999999999984E+00  0.4107292551885527E+01  0.4869098560628162E-15  0.7531183976238525E+00  0.1031772204744680E+02
 0.9999999999999986E+00  0.4107292551885527E+01  0.1550966973937440E-15  0.7531183976238539E+00  0.1031772204744680E+02
 0.9999999999999987E+00  0.4107292551885526E+01  0.1445709558246115E-15  0.7531183976238561E+00  0.1031772204744680E+02
 0.9999999999999989E+00  0.4107292551885525E+01  0.4200535554413923E-15  0.7531183976238549E+00  0.1031772204744679E+02
 0.9999999999999996E+00  0.4107292551885526E+01  0.3913228188303305E-15  0.7531183976238547E+00  0.1031772204744679E+02
 0.1054841109643161E+01  0.4089393502997273E+01  0.5680815444498893E-01  0.8159274309786969E+00  0.1029695175800839E+02
 0.1017261350698857E+01  0.4102479361687120E+01  0.1786372122299241E-01  0.7720826469794624E+00  0.1031278201134717E+02
 0.1116530250249209E+01  0.4066930758256592E+01  0.1175291791186585E+00  0.8908974652988967E+00  0.1027165970576980E+02
 0.1030233296677753E+01  0.4097932358625414E+01  0.3135144170857036E-01  0.7870494928730392E+00  0.1030689797615443E+02
 0.1198694848011104E+01  0.4036185592842884E+01  0.1927630991813805E+00  0.9949330229924535E+00  0.1023900986965991E+02
 0.1069857593857731E+01  0.4083998882273369E+01  0.7172427847281228E-01  0.8338794434438542E+00  0.1029067141357576E+02
 0.1306295335301579E+01  0.3996853608903915E+01  0.2861454326710785E+00  0.1135311073015589E+01  0.1020112773961281E+02
 0.1130791670230495E+01  0.4061378778426409E+01  0.1298664907837475E+00  0.9089574550231230E+00  0.1026539138061328E+02
 0.1036290500282254E+01  0.4095984115942715E+01  0.3730291374417504E-01  0.7939559429421706E+00  0.1030461846008158E+02
 0.1409635235359892E+01  0.3960363461869372E+01  0.3804177762662189E+00  0.1270674371329941E+01  0.1016814995085919E+02
 0.1224305119261333E+01  0.4026816416189813E+01  0.2134567724938335E+00  0.1028231573938605E+01  0.1023002991541112E+02
 0.1325553679757879E+01  0.3989576545040690E+01  0.3117707739462151E+00  0.1159538469951487E+01  0.1019385560502613E+02
 0.1142123496597292E+01  0.4057513100128531E+01  0.1376202152599394E+00  0.9229728627762934E+00  0.1026147599038290E+02
 0.1074043397819878E+01  0.4082412694485282E+01  0.7488474713850704E-01  0.8389631085961708E+00  0.1028866530004680E+02
 0.1015540520301139E+01  0.4102975835577564E+01  0.1580303500805338E-01  0.7700751469375932E+00  0.1031305750070249E+02
 0.1035072449710151E+01  0.4096481901431054E+01  0.3527937719319111E-01  0.7924542127715706E+00  0.1030521093223488E+02
 0.1005008157369846E+01  0.4106193743275409E+01  0.5009575907608916E-02  0.7583828239562417E+00  0.1031693520189384E+02
 0.1001453470029347E+01  0.4107081346161783E+01  0.1459965327651304E-02  0.7546022368025110E+00  0.1031782725001308E+02
 0.9999849856634930E+00  0.4107359237133448E+01 -0.5838008873957310E-05  0.7530890240287749E+00  0.1031795077977620E+02
 0.1000170947459992E+01  0.4107336572260584E+01  0.1777557795632718E-03  0.7532733364358224E+00  0.1031796834541684E+02
 0.1005341575456070E+01  0.4106038279986252E+01  0.5419094553759683E-02  0.7587853590603002E+00  0.1031667432356964E+02
 0.1014214447710037E+01  0.4103355076087849E+01  0.1460553179425285E-01  0.7686330448761410E+00  0.1031351929290187E+02
 0.1002543158972258E+01  0.4106843448642045E+01  0.2587160558429456E-02  0.7557631099099097E+00  0.1031769980201082E+02
 0.9999881800827335E+00  0.4107296703145011E+01 -0.1108135119060189E-04  0.7531062218792093E+00  0.1031773091298849E+02
 0.1000000316671291E+01  0.4107292070219659E+01  0.1466122166730403E-06  0.7531187796817472E+00  0.1031772042802147E+02
 0.9999717211070318E+00  0.4107304663349753E+01 -0.2558530928906479E-04  0.7530888241395471E+00  0.1031775110226477E+02
 0.9999993471765206E+00  0.4107292481852950E+01 -0.6919059567899824E-06  0.7531177857949558E+00  0.1031772145936375E+02
 0.9999579110457393E+00  0.4107312874732815E+01 -0.3883855998598933E-04  0.7530737973936571E+00  0.1031777326326814E+02
 0.9999966687305656E+00  0.4107293505592971E+01 -0.3066742549934455E-05  0.7531150343182267E+00  0.1031772382843700E+02
 0.9999620918210679E+00  0.4107315897487161E+01 -0.3725811729975483E-04  0.7530773995791039E+00  0.1031778681270485E+02
 0.9999931828757641E+00  0.4107295026692144E+01 -0.6231246251445950E-05  0.7531113935125004E+00  0.1031772753716801E+02
 0.1000000225105883E+01  0.4107292308753892E+01  0.1602176087545719E-06  0.7531186497233496E+00  0.1031772125525432E+02
 0.9999999408498642E+00  0.4107309510740300E+01  0.2387887393473739E-05  0.7531162321082464E+00  0.1031778640014965E+02
 0.9999905075273545E+00  0.4107296259442784E+01 -0.8794893499143370E-05  0.7531085656012106E+00  0.1031773056778384E+02
 0.9999998041881737E+00  0.4107292447865947E+01 -0.2178380470188231E-06  0.7531182159250388E+00  0.1031772153463465E+02
 0.1000000134462259E+01  0.4107292474038248E+01  0.1108917917244351E-06  0.7531185377926890E+00  0.1031772182496233E+02
 0.1000000007261742E+01  0.4107292549889827E+01  0.7115889061062929E-08  0.7531184049964784E+00  0.1031772204400906E+02
 0.9999999975385048E+00  0.4107292553714736E+01 -0.1642639255001418E-08  0.7531183950537759E+00  0.1031772205316919E+02
 0.1000000095795596E+01  0.4107292498664597E+01  0.7906120865158528E-07  0.7531184970507642E+00  0.1031772189705658E+02
 0.1000000380233748E+01  0.4107292293241139E+01  0.3069882889119945E-06  0.7531188031246486E+00  0.1031772128296801E+02
 0.1000000072179191E+01  0.4107292516675134E+01  0.6297630532535008E-07  0.7531184718887702E+00  0.1031772195259101E+02
 0.1000570976599211E+01  0.4107223459225114E+01  0.5713399388631734E-03  0.7536999204111900E+00  0.1031781698764553E+02
 0.1000134959723632E+01  0.4107317600307565E+01  0.1120695059663880E-03  0.7532457373077548E+00  0.1031788917415064E+02
 0.9999179946402558E+00  0.4107365678399695E+01 -0.7702052454816069E-04  0.7530217045610598E+00  0.1031793506461706E+02
 0.1001738928061208E+01  0.4107029191205672E+01  0.1595019636097147E-02  0.7548886548105802E+00  0.1031779125192375E+02
 0.1004633175054989E+01  0.4106216615237971E+01  0.4683334996522233E-02  0.7580147649637131E+00  0.1031681577894604E+02
 0.1020366801316635E+01  0.4101420297690920E+01  0.2097817930617848E-01  0.7754923781881854E+00  0.1031107761502010E+02
 0.9999196398186031E+00  0.4107338856882287E+01 -0.7355814670687481E-04  0.7530301734599618E+00  0.1031784297524439E+02
 0.9999528083654687E+00  0.4107314727932618E+01 -0.4339849579579847E-04  0.7530681620652835E+00  0.1031777639373772E+02
 0.1000004988139701E+01  0.4107371832821554E+01  0.1062264522462066E-04  0.7531015882378673E+00  0.1031799626578606E+02
 0.9999218312083724E+00  0.4107348979002728E+01 -0.7111551329644133E-04  0.7530291931627844E+00  0.1031787797305237E+02
 0.1001044831990644E+01  0.4107189206888350E+01  0.1034098483011605E-02  0.7541634537723291E+00  0.1031794288054714E+02
 0.9999684742583967E+00  0.4107305307254858E+01 -0.2974892792698386E-04  0.7530853509879599E+00  0.1031775117722105E+02
 0.1060185697652684E+01  0.4087605438868303E+01  0.6233851740880204E-01  0.8220086441355643E+00  0.1029456221525838E+02
 0.1030889848994280E+01  0.4098082026838292E+01  0.2993058655336903E-01  0.7874316039195081E+00  0.1030717807059303E+02
 0.1131542830564838E+01  0.4061105211330203E+01  0.1343779203789900E+00  0.9094948983106123E+00  0.1026472981022879E+02
 0.1012968689584765E+01  0.4103849948847289E+01  0.1277749007119068E-01  0.7671173044540095E+00  0.1031411424735106E+02
 0.1074842457025379E+01  0.4082494514814092E+01  0.7298585848125205E-01  0.8396276401025505E+00  0.1028895282024726E+02
 0.1226252223305162E+01  0.4025570203350662E+01  0.2245833419222250E+00  0.1030096334773138E+01  0.1022791722649667E+02
 0.1003329511271015E+01  0.4106654563891774E+01  0.3216337415088442E-02  0.7565659670209108E+00  0.1031744935422073E+02
 0.1009397701569728E+01  0.4104899303464931E+01  0.8947728943132052E-02  0.7631726913934269E+00  0.1031530766582650E+02
 0.1000381251327661E+01  0.4107342885268352E+01  0.3531049499381956E-03  0.7534706069391884E+00  0.1031809148779156E+02
 0.7427498776134180E+00  0.3987917724460095E+01 -0.3655748636531926E-03  0.6624977083628441E+00  0.1018162553571708E+02
 0.7371493929343104E+00  0.3994201603506792E+01 -0.8278453386557971E-01  0.6513396183448380E+00  0.1018923092218939E+02
 0.7251028204404357E+00  0.3989843523382342E+01 -0.3565901195372926E-03  0.6452314710988090E+00  0.1018404634277315E+02
 0.7132870597249105E+00  0.4009643947051503E+01 -0.1127594667854469E+00  0.6167385772708712E+00  0.1020658683862927E+02
 0.7135421159972551E+00  0.3987179145536570E+01 -0.3343113553703924E-03  0.6372114867638379E+00  0.1018136321233637E+02
 0.6979313299569491E+00  0.4008074245744395E+01 -0.1208223979202022E+00  0.6046382775817045E+00  0.1020545155849854E+02
 0.7033111765008174E+00  0.3983267986528878E+01 -0.3607488285867158E-03  0.6313494322826856E+00  0.1017741574272566E+02
 0.6789826813888287E+00  0.4009740423738915E+01 -0.1449522758171492E+00  0.5862235750213660E+00  0.1020797762879193E+02
 0.6421478570561636E+00  0.4057565922445180E+01 -0.2645812707310841E+00  0.5139151628577611E+00  0.1026768871119274E+02
 0.6681950671412729E+00  0.4047850537409126E+01 -0.2258124566813351E+00  0.5445434318437344E+00  0.1025540961977642E+02
 0.6445796275860503E+00  0.4085136312586142E+01 -0.2872380644787397E+00  0.4941531268850807E+00  0.1030199350279679E+02
 0.6300792660784915E+00  0.4095823201699393E+01 -0.3274150717281142E+00  0.4728127342583982E+00  0.1031748913595621E+02
 0.6975863150559276E+00  0.3976956715535976E+01 -0.2985495731167877E-03  0.6313317931062792E+00  0.1017065038160827E+02
 0.6558745728278277E+00  0.4012174227522906E+01 -0.1807530809129103E+00  0.5631950739953578E+00  0.1021183999994677E+02
 0.7018595058441015E+00  0.3966664714129870E+01 -0.7601652224616106E-04  0.6429218069204856E+00  0.1015728037488845E+02
 0.6331579529324025E+00  0.4014166923347153E+01 -0.2261145986007347E+00  0.5403620275276750E+00  0.1021593078205172E+02
 0.5764902388791647E+00  0.4086102834336298E+01 -0.3771564592958713E+00  0.4360521140440539E+00  0.1031021955572026E+02
 0.5316833231059706E+00  0.4117800136165540E+01 -0.4670997960244336E+00  0.3770108611735772E+00  0.1035995289735486E+02
 0.5678928117699424E+00  0.4121513800244629E+01 -0.4461595563101234E+00  0.4018876490481422E+00  0.1036217274214235E+02
 0.5632890820979098E+00  0.4125168169085906E+01 -0.4628414656539832E+00  0.3953936737212839E+00  0.1037046082271797E+02
 0.6387903899699157E+00  0.4113149314328350E+01 -0.3496582649544430E+00  0.4655233266136824E+00  0.1034202299471873E+02
 0.6367718628570344E+00  0.4112353760737149E+01 -0.3372297084416614E+00  0.4652027700529037E+00  0.1033899933556590E+02
 0.6799199281183164E+00  0.4109599205668435E+01 -0.2717625276911806E+00  0.5029949008033853E+00  0.1033079398965283E+02
 0.6349135827359340E+00  0.4112033117314725E+01 -0.3530941603739474E+00  0.4632373395255960E+00  0.1034076320608184E+02
 0.7058873231152958E+00  0.4103736792863493E+01 -0.2557472289710240E+00  0.5280955106864660E+00  0.1032335625301987E+02
 0.6338075105686229E+00  0.4113416482475722E+01 -0.3567321816215281E+00  0.4612422907247559E+00  0.1034305762187307E+02
 0.7106596114994639E+00  0.4101079584235749E+01 -0.2556522032558369E+00  0.5338458239797651E+00  0.1032010000607306E+02
 0.7251652801730489E+00  0.4097997606115083E+01 -0.2377689205170035E+00  0.5482481749837739E+00  0.1031513928129924E+02
 0.8090352463644226E+00  0.4083179276255716E+01 -0.1381500563043664E+00  0.6299399210217062E+00  0.1029229671420940E+02
 0.7842186575095588E+00  0.4090581064827886E+01 -0.1567053284904641E+00  0.6029724601090660E+00  0.1030091271456743E+02
 0.8536721743694632E+00  0.4078293685762644E+01 -0.6912946756079895E-01  0.6709328469280406E+00  0.1028347251158333E+02
 0.8971461296085524E+00  0.4068190883586903E+01 -0.3906619303638670E-01  0.7165035624771687E+00  0.1027247050271973E+02
 0.5870617215963679E+00  0.4111864797910013E+01 -0.4082116480956255E+00  0.4246513461829558E+00  0.1034541049702057E+02
 0.6083294892594524E+00  0.4101981097852962E+01 -0.3680649997949090E+00  0.4497537972578832E+00  0.1032917534156022E+02
 0.6123064653525341E+00  0.4069424521796084E+01 -0.3138565394688524E+00  0.4790108880006489E+00  0.1028512538716221E+02
 0.1189219149891082E+01  0.3994865899640347E+01  0.2402125497406101E+00  0.1040949276975021E+01  0.1019663195540951E+02
 0.1269182951413059E+01  0.3979064657596322E+01  0.2899627437860460E+00  0.1128647903176613E+01  0.1018169508324434E+02
 0.1147679644066339E+01  0.4005468437515876E+01  0.1974352304109688E+00  0.9934806989304701E+00  0.1020548620771570E+02
 0.1316366141714309E+01  0.3967274072183162E+01  0.3200041309211103E+00  0.1184744965278439E+01  0.1017086242265973E+02
 0.1370011045229624E+01  0.3959265912754625E+01  0.3634863659620033E+00  0.1239701570509145E+01  0.1016616535791280E+02
 0.1378623783062152E+01  0.3951513090121293E+01  0.3743386299924270E+00  0.1258177470521362E+01  0.1015887489519153E+02
 0.1415687295733956E+01  0.3948186421861582E+01  0.3981768660087463E+00  0.1293558934711369E+01  0.1015769068515714E+02
 0.1433824630434892E+01  0.3949469316242529E+01  0.4024969869574665E+00  0.1307789393192585E+01  0.1016040227398619E+02
 0.1424963877576050E+01  0.3939534056235889E+01  0.4076476391245135E+00  0.1314445558443023E+01  0.1014915588590942E+02
 0.1452756879505118E+01  0.3938909521109600E+01  0.4237544378359673E+00  0.1338219111317052E+01  0.1015018386225499E+02
 0.1471136385090527E+01  0.3927766872078072E+01  0.4393357960561206E+00  0.1370907813577871E+01  0.1013985918726259E+02
 0.1482278698733144E+01  0.3931535642158321E+01  0.4432702996033541E+00  0.1374201032906737E+01  0.1014444756136579E+02
 0.1461181516405698E+01  0.3942914717435914E+01  0.4200975887664830E+00  0.1340174225530260E+01  0.1015449250741475E+02
 0.1453135340238117E+01  0.3944656481013731E+01  0.4152517557057191E+00  0.1330874001119645E+01  0.1015603379485898E+02
 0.1410037167760444E+01  0.3962442287704807E+01  0.3731359180763713E+00  0.1270269457220621E+01  0.1017228109102716E+02
 0.1397769466194541E+01  0.3966823287720866E+01  0.3621606419235788E+00  0.1253465729114941E+01  0.1017532720930678E+02
 0.1512795835957324E+01  0.3917041567218867E+01  0.4648818762193481E+00  0.1422855524843236E+01  0.1013103229946374E+02
 0.1502518762918970E+01  0.3926763638461088E+01  0.4561823772210820E+00  0.1398528196586099E+01  0.1014076044903370E+02
 0.1506143103730507E+01  0.3927183446613239E+01  0.4578969968508559E+00  0.1400622654257167E+01  0.1014106963592825E+02
 0.1433658239023830E+01  0.3952823224310791E+01  0.3949106933665818E+00  0.1303052085641585E+01  0.1016263314483383E+02
 0.1467740039553306E+01  0.3940808550039123E+01  0.4255263261576080E+00  0.1348143172652180E+01  0.1015181312890213E+02
 0.1379538529947228E+01  0.3971240527839828E+01  0.3486066291588762E+00  0.1231633343140219E+01  0.1017810514679976E+02
 0.1269313780676047E+01  0.4010446227557107E+01  0.2557484211226643E+00  0.1086026143034411E+01  0.1021354560537478E+02
 0.1285560646387839E+01  0.4005996189679949E+01  0.2677610606614255E+00  0.1106397441735363E+01  0.1021143619615317E+02
 0.1187365829453954E+01  0.4041612560998719E+01  0.1770889927072468E+00  0.9796434848744775E+00  0.1024563668777341E+02
 0.1231429086609628E+01  0.4025083575783940E+01  0.2234612509548661E+00  0.1035902612895891E+01  0.1022866602975161E+02
 0.1134794017062995E+01  0.4060306617164190E+01  0.1359736982266854E+00  0.9131366393938699E+00  0.1026396860479906E+02
 0.1172630780616395E+01  0.4046377488482051E+01  0.1702474753343180E+00  0.9610704037788147E+00  0.1025003957629781E+02
 0.1089457327821169E+01  0.4076525769293388E+01  0.9189806710465835E-01  0.8579250090518840E+00  0.1028195185653985E+02
 0.1059769470818332E+01  0.4087933290028293E+01  0.6236175799313994E-01  0.8215067987604743E+00  0.1029548128444809E+02
 0.1332155229717442E+01  0.3988404964777002E+01  0.3103532092852515E+00  0.1167776753537949E+01  0.1019336442794317E+02
 0.1377675151409217E+01  0.3973014850946724E+01  0.3485456546532881E+00  0.1227054603326071E+01  0.1017984176671472E+02
 0.1455830284280206E+01  0.3945256123449851E+01  0.4139769551656491E+00  0.1332439669069281E+01  0.1015632094678810E+02
 0.1337534160097841E+01  0.3986881460064779E+01  0.3113793173169374E+00  0.1174497720345212E+01  0.1019135720201294E+02
 0.1403072583888741E+01  0.3964038309415371E+01  0.3672285586011556E+00  0.1261750656905620E+01  0.1017242032607009E+02
 0.1369399979914052E+01  0.3975831286891200E+01  0.3453827361371014E+00  0.1215697618432970E+01  0.1018266017094475E+02
 0.1399882536320549E+01  0.3964020863295382E+01  0.3685502375586369E+00  0.1258965176400517E+01  0.1017298608353534E+02
 0.1384213036401364E+01  0.3967991223240099E+01  0.3595694794109254E+00  0.1239608991970833E+01  0.1017595575231130E+02
 0.1376032321677505E+01  0.3963700124179319E+01  0.3609672458236365E+00  0.1238975936601650E+01  0.1017160153501264E+02
 0.1405434786131003E+01  0.3956459342314084E+01  0.3818198026711533E+00  0.1273894596322469E+01  0.1016569357540551E+02
 0.1332940085532795E+01  0.3968612183422499E+01  0.3359085468980149E+00  0.1195808837861623E+01  0.1017416166116088E+02
 0.1224625857775298E+01  0.3990941941438667E+01  0.2569316426536308E+00  0.1075530655667458E+01  0.1019244684077496E+02
 0.1179996526047574E+01  0.4002402650078058E+01  0.2206047420191841E+00  0.1023814871081706E+01  0.1020305240182257E+02
 0.1106612751288704E+01  0.4016208734596660E+01  0.1588374603041127E+00  0.9464431930260980E+00  0.1021573451925273E+02
 0.1133845694699716E+01  0.4013716713043826E+01  0.1795098632196592E+00  0.9716028594464606E+00  0.1021334593704699E+02
 0.1056133141670409E+01  0.4028903831235890E+01  0.1022994546393478E+00  0.8899662617971419E+00  0.1022792772267014E+02
 0.1099528393914955E+01  0.4022378596745875E+01  0.1488229395198753E+00  0.9330056356804936E+00  0.1022221577911240E+02
 0.1016515064864574E+01  0.4038427497727947E+01  0.7140569438031560E-01  0.8462940216165176E+00  0.1023835895198361E+02
 0.9344810646952215E+00  0.4055449324929389E+01  0.7948494496646058E-02  0.7605384716898577E+00  0.1025802078390820E+02
 0.1063554196248602E+01  0.4031220521083933E+01  0.1167166752028924E+00  0.8929723861857271E+00  0.1023120970850511E+02
 0.9757876858944327E+00  0.4048137269318664E+01  0.3411495751467750E-01  0.8018882987450394E+00  0.1024875366718547E+02
 0.1030128762756695E+01  0.4039487051611590E+01  0.8661160086061170E-01  0.8559970703935036E+00  0.1023988169587259E+02
 0.9445440154156712E+00  0.4055613228546262E+01  0.4542256700605317E-02  0.7682097885582641E+00  0.1025729177990641E+02
 0.8555074586260953E+00  0.4072550337369949E+01 -0.8992173972764368E-01  0.6779233373280332E+00  0.1027793227112407E+02
 0.9952550484001255E+00  0.4048664647699161E+01  0.5946325273973373E-01  0.8166847336883983E+00  0.1024905649944518E+02
 0.9166125310831154E+00  0.4062346136395959E+01 -0.2266055773355265E-01  0.7382790060499491E+00  0.1026519193229795E+02
 0.8312804079611015E+00  0.4078083674315711E+01 -0.1146125092034246E+00  0.6528446627958716E+00  0.1028532201379022E+02
 0.7437579537710135E+00  0.4094416281165858E+01 -0.2143347220469198E+00  0.5664921504608837E+00  0.1030924696063166E+02
 0.6567639960460006E+00  0.4110825639123893E+01 -0.3258341656403626E+00  0.4820053697331407E+00  0.1033730154796211E+02
 0.7722200865810679E+00  0.4089553045170781E+01 -0.1796237035667088E+00  0.5942534971547496E+00  0.1030220196960157E+02
 0.8925155104683290E+00  0.4064400369402554E+01 -0.5359963234829391E-01  0.7164020059769651E+00  0.1026780507607745E+02
 0.1066175490142856E+01  0.4035828159064689E+01  0.1306810481899653E+00  0.8885785405373690E+00  0.1023605862331745E+02
 0.1115055354718995E+01  0.4024428391586897E+01  0.1611582914278848E+00  0.9431202647997203E+00  0.1022551238865379E+02
 0.1143106108236309E+01  0.4016557747181971E+01  0.1843392582929092E+00  0.9757934874171920E+00  0.1021744190426017E+02
 0.1178244947590650E+01  0.4007764182113141E+01  0.2138336812913047E+00  0.1015718791782532E+01  0.1020910131185235E+02
 0.1244434847544280E+01  0.3996626896425474E+01  0.2644342392786722E+00  0.1084366702758580E+01  0.1019990805876561E+02
 0.1208580994069231E+01  0.4005498471730980E+01  0.2385027204403236E+00  0.1042778342355891E+01  0.1020748110355946E+02
 0.1264430081183143E+01  0.3996300372365799E+01  0.2799557268788395E+00  0.1100519621599710E+01  0.1020031621578120E+02
 0.1297754271074109E+01  0.3989277149433153E+01  0.3024515113774205E+00  0.1137862384646538E+01  0.1019488805539182E+02
 0.1214795848796339E+01  0.3998577203588773E+01  0.2440621524808259E+00  0.1057627375728677E+01  0.1020064672649475E+02
 0.1255169472292276E+01  0.3988513436390600E+01  0.2765291707142649E+00  0.1104246551636490E+01  0.1019175123171236E+02
 0.1311924106615647E+01  0.3979769577366083E+01  0.3150753859630406E+00  0.1163023293514544E+01  0.1018517409698750E+02
 0.1294653991597490E+01  0.3978432405046521E+01  0.3070655594165767E+00  0.1150494643363485E+01  0.1018273255133207E+02
 0.1344686404704621E+01  0.3971565285601069E+01  0.3386684777119527E+00  0.1201642463576354E+01  0.1017807064004285E+02
 0.1369227901448715E+01  0.3971235538718762E+01  0.3515035876576968E+00  0.1222458577426639E+01  0.1017915497843823E+02
 0.1364234979634386E+01  0.3976207449019060E+01  0.3462392003133351E+00  0.1210525135420709E+01  0.1018337590199185E+02
 0.1347473981370269E+01  0.3976989226529835E+01  0.3372272284261023E+00  0.1195916221685427E+01  0.1018389409872743E+02
 0.1337028807093136E+01  0.3982563119287142E+01  0.3281923819583311E+00  0.1179159908731702E+01  0.1018907357412638E+02
 0.1324931882511721E+01  0.3982148827912479E+01  0.3223514094041295E+00  0.1170100741088829E+01  0.1018856061107008E+02
 0.1277925173736024E+01  0.3988281305100210E+01  0.2898750402703914E+00  0.1123155939326576E+01  0.1019243320817035E+02
 0.1054730018710295E+01  0.4089431428658965E+01 -0.5668509124791912E-01  0.8157899294777131E+00  0.1029697762882890E+02
 0.1089236930505518E+01  0.4076604788773142E+01 -0.9169293637372032E-01  0.8576733801473967E+00  0.1028207596808295E+02
 0.1116179848478725E+01  0.4067112463558943E+01 -0.1172054817946392E+00  0.8904367118244019E+00  0.1027195494962668E+02
 0.1172549494766000E+01  0.4046422298550203E+01 -0.1700961291832164E+00  0.9609062611324767E+00  0.1024998721365689E+02
 0.1231708511935727E+01  0.4024923176486532E+01 -0.2235992441932910E+00  0.1036216322696295E+01  0.1022821090706325E+02
 0.1134607813973082E+01  0.4060373985987200E+01 -0.1356938118165207E+00  0.9129260573318547E+00  0.1026407027095162E+02
 0.1187177848015321E+01  0.4041680199374651E+01 -0.1769450750744302E+00  0.9794316066607114E+00  0.1024576500676229E+02
 0.1285582153131694E+01  0.4005991468041990E+01 -0.2676908016524243E+00  0.1106367835099982E+01  0.1021130490249247E+02
 0.1059548675109667E+01  0.4088038522928462E+01 -0.6203981461480327E-01  0.8212354736984053E+00  0.1029565509988944E+02
 0.1198309700749958E+01  0.4036375418251980E+01 -0.1924594906886233E+00  0.9944264613057754E+00  0.1023932768850789E+02
 0.1268757772219594E+01  0.4010777472894082E+01 -0.2553102122521690E+00  0.1085234592990732E+01  0.1021413980798252E+02
 0.1305951018371973E+01  0.3997010128201121E+01 -0.2858451196611119E+00  0.1134838884350410E+01  0.1020133638659844E+02
 0.1379633173746446E+01  0.3971188247272219E+01 -0.3487847009645930E+00  0.1231709343755470E+01  0.1017794422676667E+02
 0.1433633172122106E+01  0.3952851162353202E+01 -0.3948283693255299E+00  0.1302962409693440E+01  0.1016259442330530E+02
 0.1409402946821268E+01  0.3960521967012402E+01 -0.3801913028339468E+00  0.1270285082775548E+01  0.1016837246779353E+02
 0.1467740709937477E+01  0.3940851064404040E+01 -0.4255516196850064E+00  0.1348035161520496E+01  0.1015180641018136E+02
 0.1505918509959159E+01  0.3927262262264324E+01 -0.4577025977586203E+00  0.1400319152329039E+01  0.1014113304795219E+02
 0.1502455399011078E+01  0.3926783693722346E+01 -0.4561928461141431E+00  0.1398403707118625E+01  0.1014073497067452E+02
 0.1512724136257648E+01  0.3917110661551510E+01 -0.4647579690047780E+00  0.1422714787112837E+01  0.1013112421229339E+02
 0.1471038700952632E+01  0.3927824954056139E+01 -0.4391840231141409E+00  0.1370755148537390E+01  0.1013991590432182E+02
 0.1398031574405860E+01  0.3966749238893783E+01 -0.3622283096990563E+00  0.1253711911862528E+01  0.1017507789285470E+02
 0.1410358534749289E+01  0.3962344244156174E+01 -0.3732697117094002E+00  0.1270595188120958E+01  0.1017200673768657E+02
 0.1461206181982968E+01  0.3942908811158719E+01 -0.4201378070612056E+00  0.1340160520672949E+01  0.1015442396217795E+02
 0.1453074308635557E+01  0.3944688420873313E+01 -0.4152626296881967E+00  0.1330738516575668E+01  0.1015602737242796E+02
 0.1433976019998940E+01  0.3949410938771019E+01 -0.4026136346801052E+00  0.1307919101720824E+01  0.1016020407411416E+02
 0.1482174089269523E+01  0.3931579121632081E+01 -0.4432798540001400E+00  0.1374009724637767E+01  0.1014446363753160E+02
 0.1452637650977718E+01  0.3938957248048399E+01 -0.4237820864847862E+00  0.1338006823977621E+01  0.1015020723944228E+02
 0.1424831486805933E+01  0.3939606100925589E+01 -0.4074519783223028E+00  0.1314252675410090E+01  0.1014923581390289E+02
 0.1378506742953365E+01  0.3951576893038673E+01 -0.3741163840273414E+00  0.1258010086768909E+01  0.1015893399925593E+02
 0.1415563803673606E+01  0.3948239886615641E+01 -0.3982930925699687E+00  0.1293318770586886E+01  0.1015772319383212E+02
 0.1369801477099849E+01  0.3959351114094475E+01 -0.3635260288726817E+00  0.1239370831957246E+01  0.1016625958832634E+02
 0.1316099604517138E+01  0.3967407788718326E+01 -0.3196697482270285E+00  0.1184403467590879E+01  0.1017109295823877E+02
 0.1269178617535228E+01  0.3979083208326076E+01 -0.2898495476589857E+00  0.1128630503899887E+01  0.1018170940051589E+02
 0.1455878747529125E+01  0.3945236425833537E+01 -0.4140441356289047E+00  0.1332465171917973E+01  0.1015623867461658E+02
 0.1377419515944745E+01  0.3973167931107206E+01 -0.3482950447277720E+00  0.1226656485777966E+01  0.1018005332110741E+02
 0.1331793491600983E+01  0.3988611305985225E+01 -0.3100636663114389E+00  0.1167244979917971E+01  0.1019369462857026E+02
 0.1189991739795694E+01  0.3994585989039565E+01 -0.2407010694662260E+00  0.1041796530751686E+01  0.1019599048045919E+02
 0.1147769939306453E+01  0.4005475405022937E+01 -0.1973146334611598E+00  0.9935376698049949E+00  0.1020544415276741E+02
 0.8969682667642540E+00  0.4068346367747612E+01  0.3913477297897928E-01  0.7162616728577459E+00  0.1027282746514349E+02
 0.8536120069327361E+00  0.4078379478601816E+01  0.6909457926238136E-01  0.6708351849574993E+00  0.1028367246016378E+02
 0.8089669531073100E+00  0.4083264544794305E+01  0.1382015433458559E+00  0.6298389504999005E+00  0.1029250429417949E+02
 0.7842599503357743E+00  0.4090604255449446E+01  0.1567924083751613E+00  0.6029916087326318E+00  0.1030098106003984E+02
 0.7252560086696561E+00  0.4098005509097183E+01  0.2377110196477658E+00  0.5483214527367108E+00  0.1031517404876233E+02
 0.7106325910910044E+00  0.4101143023404591E+01  0.2556898732902726E+00  0.5337995416006862E+00  0.1032027839428507E+02
 0.6388021484880944E+00  0.4113179460968698E+01  0.3496960390061143E+00  0.4655382849722975E+00  0.1034218520633529E+02
 0.6336309337397976E+00  0.4113587375189375E+01  0.3570393102619314E+00  0.4610465147008047E+00  0.1034360476340371E+02
 0.6346096209057250E+00  0.4112322174739833E+01  0.3535186285962023E+00  0.4628829867757565E+00  0.1034157953892666E+02
 0.7057829005369852E+00  0.4103849500369106E+01  0.2558491833348587E+00  0.5279611184419059E+00  0.1032364554134330E+02
 0.6798852064127806E+00  0.4109612396986017E+01  0.2718153576424396E+00  0.5029635962177880E+00  0.1033084190157049E+02
 0.6365164681184476E+00  0.4112667507479811E+01  0.3377110273292939E+00  0.4648538600473323E+00  0.1033981449026062E+02
 0.5633481287490492E+00  0.4125178048244423E+01  0.4628708238078346E+00  0.3954542377867843E+00  0.1037060000114464E+02
 0.5679198781299553E+00  0.4121479913374897E+01  0.4463434564506901E+00  0.4019480461216719E+00  0.1036229669477108E+02
 0.5315910351372267E+00  0.4117982842553130E+01  0.4673699580735559E+00  0.3768739796854682E+00  0.1036049551386527E+02
 0.5760536217415043E+00  0.4086759824652337E+01  0.3776916759642073E+00  0.4354377195283972E+00  0.1031187316834200E+02
 0.6329107806057535E+00  0.4014513832997749E+01  0.2260941868978814E+00  0.5400448953672922E+00  0.1021689934706319E+02
 0.6554555512273809E+00  0.4012704686266387E+01  0.1808499564510483E+00  0.5626242414421593E+00  0.1021318108288020E+02
 0.6297867321249652E+00  0.4096162806302273E+01  0.3278589034075309E+00  0.4724438121338039E+00  0.1031843249567014E+02
 0.6442770019963067E+00  0.4085519397237687E+01  0.2876343778102995E+00  0.4937627868340276E+00  0.1030305803962935E+02
 0.6418660860766005E+00  0.4057973932334757E+01  0.2648969618576258E+00  0.5135178373656158E+00  0.1026875866761834E+02
 0.6681475928293652E+00  0.4048050450394288E+01  0.2258465080447188E+00  0.5444415875941104E+00  0.1025599024033387E+02
 0.6787039604028183E+00  0.4010151856863772E+01  0.1448468791258507E+00  0.5858200116796620E+00  0.1020901206797792E+02
 0.6977892534230822E+00  0.4008342143543907E+01  0.1205403055167732E+00  0.6044238583218723E+00  0.1020616407829333E+02
 0.7132484174341500E+00  0.4009824175034783E+01  0.1126057692133655E+00  0.6166574613900760E+00  0.1020712497869959E+02
 0.7369734980984282E+00  0.3994605289114708E+01  0.8261008805010381E-01  0.6510061171892021E+00  0.1019022488074942E+02
 0.6122159890799043E+00  0.4069635682642202E+01  0.3140450377312474E+00  0.4788613316541925E+00  0.1028572220694339E+02
 0.6082150273847067E+00  0.4102107100555410E+01  0.3682533248386483E+00  0.4496409245083469E+00  0.1032964543308229E+02
 0.5869951825967940E+00  0.4111964211682829E+01  0.4084596457937649E+00  0.4245747227916745E+00  0.1034579919582512E+02
 0.6569617378245841E+00  0.4110762284303903E+01  0.3257003328838677E+00  0.4822066715255767E+00  0.1033721128759796E+02
 0.7438121883270392E+00  0.4094440222121495E+01  0.2143627674007508E+00  0.5665335077523624E+00  0.1030935116097410E+02
 0.8312338636710905E+00  0.4078149401135944E+01  0.1146348423197967E+00  0.6527709768014188E+00  0.1028548093642193E+02
 0.8553953632716649E+00  0.4072641244827077E+01  0.9000741861153215E-01  0.6777785086793295E+00  0.1027814653633311E+02
 0.9165177947453290E+00  0.4062442499144333E+01  0.2271850526901278E-01  0.7381395428053577E+00  0.1026541243204181E+02
 0.9949700348392365E+00  0.4048841131258714E+01 -0.5920546137068423E-01  0.8163230867271895E+00  0.1024943469953227E+02
 0.1030007446167539E+01  0.4039590969213863E+01 -0.8644847138920843E-01  0.8558124356010174E+00  0.1024008390122070E+02
 0.9445251214580324E+00  0.4055664028972410E+01 -0.4543274288108002E-02  0.7681553526336670E+00  0.1025739440299386E+02
 0.9758353460465019E+00  0.4048165856649264E+01 -0.3423031126937937E-01  0.8018946904853276E+00  0.1024878936925201E+02
 0.1063462665725269E+01  0.4031323546197291E+01 -0.1165876420276407E+00  0.8928021540345765E+00  0.1023139045515192E+02
 0.1099441326487339E+01  0.4022476931090314E+01 -0.1486608202019261E+00  0.9328403301484386E+00  0.1022237931966312E+02
 0.9345506350851667E+00  0.4055444718859156E+01 -0.7939370515271740E-02  0.7605889078918743E+00  0.1025798548775210E+02
 0.1016615081368798E+01  0.4038448094540722E+01 -0.7163524116008411E-01  0.8463421768111482E+00  0.1023837220041130E+02
 0.1056144035015482E+01  0.4028951809498414E+01 -0.1023863956862097E+00  0.8899296292460210E+00  0.1022802147980329E+02
 0.1133625489044129E+01  0.4013859576994105E+01 -0.1792116950606367E+00  0.9712965852678163E+00  0.1021360658679546E+02
 0.1179853202432127E+01  0.4002507783245568E+01 -0.2203868796592644E+00  0.1023591354789572E+01  0.1020321503834971E+02
 0.1106616175996380E+01  0.4016260500277300E+01 -0.1587713437536870E+00  0.9463943829189280E+00  0.1021581503688009E+02
 0.1224537150477019E+01  0.3991014580747736E+01 -0.2567761180442304E+00  0.1075375357542177E+01  0.1019253879562868E+02
 0.8923490415664772E+00  0.4064504200865977E+01  0.5375511472455942E-01  0.7162045296250646E+00  0.1026805654269945E+02
 0.7722931120287440E+00  0.4089564127084451E+01  0.1796888654845450E+00  0.5943183894371223E+00  0.1030228714755205E+02
 0.1332927155903762E+01  0.3968608882332863E+01 -0.3359891009154597E+00  0.1195752758873079E+01  0.1017409219789042E+02
 0.1375964243739678E+01  0.3963749715280432E+01 -0.3609548573940211E+00  0.1238828613406741E+01  0.1017163732746245E+02
 0.1405314573264780E+01  0.3956521316448464E+01 -0.3818230623580282E+00  0.1273679543815277E+01  0.1016575128861078E+02
 0.1384117067869013E+01  0.3968047047669276E+01 -0.3595188007027529E+00  0.1239434002397156E+01  0.1017599820710708E+02
 0.1399665685423980E+01  0.3964145049141784E+01 -0.3684248221186542E+00  0.1258619051663441E+01  0.1017316226153150E+02
 0.1369586672759736E+01  0.3975749167068410E+01 -0.3454542759305086E+00  0.1215900252234668E+01  0.1018242573877013E+02
 0.1403106433521309E+01  0.3964048074474869E+01 -0.3672439457694247E+00  0.1261737241662108E+01  0.1017238654602260E+02
 0.1337756558257924E+01  0.3986793479537932E+01 -0.3114907109168825E+00  0.1174753100121466E+01  0.1019115342689473E+02
 0.1369135386037076E+01  0.3971288415296015E+01 -0.3514202725334894E+00  0.1222301771659903E+01  0.1017920018296632E+02
 0.1344577683545472E+01  0.3971631414712977E+01 -0.3386269220930817E+00  0.1201449506062575E+01  0.1017814107940159E+02
 0.1311932266376522E+01  0.3979776679427802E+01 -0.3151021457552132E+00  0.1162988487951533E+01  0.1018513068395971E+02
 0.1294675184818882E+01  0.3978415624482336E+01 -0.3071129602382215E+00  0.1150488189587392E+01  0.1018263151829882E+02
 0.1255227980474871E+01  0.3988490431815703E+01 -0.2765648032612888E+00  0.1104279052694534E+01  0.1019163154595403E+02
 0.1214794155293975E+01  0.3998581717315366E+01 -0.2440390778889937E+00  0.1057589563165423E+01  0.1020058436106708E+02
 0.1297645643379264E+01  0.3989348304574095E+01 -0.3024131773939561E+00  0.1137681576876114E+01  0.1019499547790143E+02
 0.1264460554126068E+01  0.3996290058114493E+01 -0.2800187380082543E+00  0.1100525380209658E+01  0.1020025158608592E+02
 0.1244342087018750E+01  0.3996672337794939E+01 -0.2643741423994403E+00  0.1084228296659888E+01  0.1019995810433896E+02
 0.1208576641369366E+01  0.4005529073521156E+01 -0.2383838160255785E+00  0.1042723717379178E+01  0.1020747010161791E+02
 0.1178211564738981E+01  0.4007793614913469E+01 -0.2137831427912218E+00  0.1015641612724618E+01  0.1020910576628489E+02
 0.1142996329955156E+01  0.4016620605087025E+01 -0.1842544412928296E+00  0.9756320837760709E+00  0.1021753068620474E+02
 0.1114918671743079E+01  0.4024519634328025E+01 -0.1610791742171775E+00  0.9429143029397477E+00  0.1022566424184264E+02
 0.1066080272430823E+01  0.4035883722196846E+01 -0.1306779156179531E+00  0.8884369819228344E+00  0.1023613659336880E+02
 0.1277794844103526E+01  0.3988355637950429E+01 -0.2897679530758543E+00  0.1122954940454144E+01  0.1019252948931733E+02
 0.1324813612182878E+01  0.3982216388226036E+01 -0.3222600068222865E+00  0.1169917848168229E+01  0.1018865216133573E+02
 0.1336824340712373E+01  0.3982674354963577E+01 -0.3280883956636675E+00  0.1178862068710964E+01  0.1018926269442660E+02
 0.1347397551588196E+01  0.3977036754334314E+01 -0.3371468221610296E+00  0.1195791478045523E+01  0.1018395041241254E+02
 0.1364053637647639E+01  0.3976301472361258E+01 -0.3460377290142440E+00  0.1210275188189659E+01  0.1018351684074718E+02
 0.9999999985895457E+00  0.4107292553005450E+01  0.9310941551533231E-09  0.7531183961487488E+00  0.1031772205101448E+02
 0.9999999974563055E+00  0.4107292553747596E+01  0.1749659930236610E-08  0.7531183949630832E+00  0.1031772205323219E+02
 0.1000000019790321E+01  0.4107292542745066E+01 -0.1713402233188145E-07  0.7531184181423080E+00  0.1031772202393925E+02
 0.1000000007873003E+01  0.4107292549332671E+01 -0.7528027250501264E-08  0.7531184056728736E+00  0.1031772204226076E+02
 0.1000000150314155E+01  0.4107292460048584E+01 -0.1234257637885533E-06  0.7531185545518578E+00  0.1031772177955472E+02
 0.1000000153763519E+01  0.4107292463751891E+01 -0.1279001358158121E-06  0.7531185582336822E+00  0.1031772179747540E+02
 0.9999992127824096E+00  0.4107292662812665E+01  0.7463223985656006E-06  0.7531175900074177E+00  0.1031772196618590E+02
 0.9999997531126978E+00  0.4107292487265538E+01  0.2554255699021420E-06  0.7531181600322320E+00  0.1031772165289297E+02
 0.1000000168415704E+01  0.4107292338704893E+01 -0.1165644480043676E-06  0.7531185909450088E+00  0.1031772133806204E+02
 0.9999894661457085E+00  0.4107296978539758E+01  0.1007013508137945E-04  0.7531073352437758E+00  0.1031773240613731E+02
 0.9999895546936316E+00  0.4107296580157238E+01  0.9761741679138166E-05  0.7531075502233849E+00  0.1031773114059492E+02
 0.1000002595057665E+01  0.4107307512490509E+01 -0.4534389061997594E-05  0.7531192275610469E+00  0.1031778068403650E+02
 0.9999658328848455E+00  0.4107314407489016E+01  0.3379145509231422E-04  0.7530813257483470E+00  0.1031778346466409E+02
 0.9999920133719927E+00  0.4107295542668115E+01  0.7305547182058029E-05  0.7531101526180544E+00  0.1031772875612920E+02
 0.9999960458110442E+00  0.4107293760280289E+01  0.3626343332178635E-05  0.7531143720822442E+00  0.1031772439175165E+02
 0.9999597718554701E+00  0.4107312383696417E+01  0.3707558071925719E-04  0.7530756070257201E+00  0.1031777226701736E+02
 0.9999733636949032E+00  0.4107304031082156E+01  0.2422411987895203E-04  0.7530904602602220E+00  0.1031774950301980E+02
 0.9999990161484056E+00  0.4107292621995989E+01  0.9937039672444471E-06  0.7531174381576911E+00  0.1031772178913737E+02
 0.1000000194619341E+01  0.4107292092680495E+01 -0.1059811393663041E-07  0.7531186542047749E+00  0.1031772043638123E+02
 0.9999884978072134E+00  0.4107296647669151E+01  0.1080368646944143E-04  0.7531065179856621E+00  0.1031773082718963E+02
 0.1000000310021874E+01  0.4107292334021124E+01 -0.2502581512040539E-06  0.7531187297954756E+00  0.1031772139933505E+02
 0.1000000090371791E+01  0.4107292502486074E+01 -0.7606437956148175E-07  0.7531184917597152E+00  0.1031772190973680E+02
 0.1000000076370178E+01  0.4107292514370555E+01 -0.6652871978196568E-07  0.7531184764842438E+00  0.1031772194672334E+02
 0.1000136671687233E+01  0.4107357604663544E+01 -0.1452563609499947E-03  0.7532322983688842E+00  0.1031801667411244E+02
 0.9999515522339190E+00  0.4107377281827491E+01  0.3765866203959627E-04  0.7530510652671958E+00  0.1031799294503710E+02
 0.1005011505488940E+01  0.4106190733835001E+01 -0.5021044801368343E-02  0.7583855978829960E+00  0.1031692351754826E+02
 0.1001451296647708E+01  0.4107082458493600E+01 -0.1459918250962256E-02  0.7546000159551045E+00  0.1031783036252249E+02
 0.1035061238545393E+01  0.4096453064143366E+01 -0.3522856221829750E-01  0.7924407438732624E+00  0.1030507920952398E+02
 0.1015354723486545E+01  0.4103098149122005E+01 -0.1561484514960067E-01  0.7698272989488786E+00  0.1031329304531521E+02
 0.1141531234159161E+01  0.4057772966311262E+01 -0.1372214568410103E+00  0.9222424150017503E+00  0.1026192412186952E+02
 0.1073860615328856E+01  0.4082477599440865E+01 -0.7469595455248221E-01  0.8387376114711673E+00  0.1028872357259976E+02
 0.1035960710232372E+01  0.4096204199988306E+01 -0.3694999098217897E-01  0.7934997498287035E+00  0.1030501569470600E+02
 0.1325192723000759E+01  0.3989759137917048E+01 -0.3114106025652187E+00  0.1159058068914770E+01  0.1019416124628323E+02
 0.1224031387334187E+01  0.4026964937248995E+01 -0.2132304854028838E+00  0.1027807075221015E+01  0.1023018224882134E+02
 0.1130621677924349E+01  0.4061415607881768E+01 -0.1297566641546292E+00  0.9087705294414126E+00  0.1026541552138116E+02
 0.1069548858701534E+01  0.4084216197374157E+01 -0.7137948852260532E-01  0.8334221327475402E+00  0.1029102782221915E+02
 0.1030248590199526E+01  0.4097905958268989E+01 -0.3133119012630916E-01  0.7870598038241976E+00  0.1030678582422587E+02
 0.1017201686269670E+01  0.4102519035871889E+01 -0.1778972534054303E-01  0.7719931017092115E+00  0.1031283467411261E+02
 0.1014172453282037E+01  0.4103356121015766E+01 -0.1455136413423975E-01  0.7685912740214953E+00  0.1031349827602510E+02
 0.1005386589673021E+01  0.4105997995891959E+01 -0.5460685113257026E-02  0.7588465519549473E+00  0.1031657682363596E+02
 0.1002529587044030E+01  0.4106847232807871E+01 -0.2573955551272536E-02  0.7557494420364520E+00  0.1031770673877176E+02
 0.1225405894119736E+01  0.4026099920934729E+01 -0.2239560254299321E+00  0.1028889920706758E+01  0.1022889827211818E+02
 0.1074322394479730E+01  0.4082803150792114E+01 -0.7246276304721970E-01  0.8389197410845343E+00  0.1028947288796437E+02
 0.1012985095553775E+01  0.4103793197299894E+01 -0.1283819938730026E-01  0.7671747394247520E+00  0.1031399321122198E+02
 0.1030762831619292E+01  0.4098073699095910E+01 -0.2978923770941687E-01  0.7873414672065406E+00  0.1030715641815796E+02
 0.1130763597499340E+01  0.4061554224408757E+01 -0.1336897496606597E+00  0.9084745074484261E+00  0.1026558991394079E+02
 0.1059718031501966E+01  0.4087816753161971E+01 -0.6193870487170260E-01  0.8214731716883724E+00  0.1029499334180806E+02
 0.1000953645867863E+01  0.4107243538406296E+01 -0.9550593508906672E-03  0.7540565301595594E+00  0.1031807047891328E+02
 0.9999185617431859E+00  0.4107352035412291E+01  0.7343888006060935E-04  0.7530253683320892E+00  0.1031788712009947E+02
 0.9999788568264332E+00  0.4107388649043117E+01  0.6390747553721429E-05  0.7530728889494128E+00  0.1031804278625672E+02
 0.9999555600536252E+00  0.4107313817433983E+01  0.4065302400639411E-04  0.7530710094823634E+00  0.1031777459178078E+02
 0.9999156862775104E+00  0.4107340712080823E+01  0.7523937001530281E-04  0.7530263192557941E+00  0.1031784840304246E+02
 0.9999696695845602E+00  0.4107304727563739E+01  0.2867394115337162E-04  0.7530866769360814E+00  0.1031774986059648E+02
 0.1020183752804036E+01  0.4101469654196467E+01 -0.2080272772180291E-01  0.7753125759380007E+00  0.1031117668762244E+02
 0.1001870835949959E+01  0.4106937936089373E+01 -0.1732647618864122E-02  0.7550559085590450E+00  0.1031758600798493E+02
 0.1004655904921747E+01  0.4106182733138519E+01 -0.4708291441291205E-02  0.7580549748328922E+00  0.1031673415169010E+02
 0.9999520237811420E+00  0.4107345566127219E+01  0.4613065960264728E-04  0.7530598956864225E+00  0.1031788386682200E+02
 0.1000113350772329E+01  0.4107327365545997E+01 -0.9125338883243495E-04  0.7532223195920295E+00  0.1031791142538753E+02
 0.1000593351301419E+01  0.4107208076804437E+01 -0.5938788747716009E-03  0.7537276800822247E+00  0.1031778106939658E+02
 0.1000466109927878E+01  0.4107294325214265E+01 -0.4423264709647955E-03  0.7535712771159468E+00  0.1031798391905946E+02
 0.1009244162542869E+01  0.4104963278562773E+01 -0.8807021852776225E-02  0.7630027780415291E+00  0.1031543569392969E+02
 0.1003378397210148E+01  0.4106620711306778E+01 -0.3254349501724188E-02  0.7566227104588994E+00  0.1031735999139343E+02
 0.9999999999999988E+00  0.4107292551885525E+01 -0.7137929043677481E-15  0.7531183976238555E+00  0.1031772204744679E+02
 0.9999999999999989E+00  0.4107292551885526E+01 -0.9445244114125136E-15  0.7531183976238549E+00  0.1031772204744680E+02
 0.9999999999999992E+00  0.4107292551885525E+01 -0.8378416396590057E-15  0.7531183976238558E+00  0.1031772204744679E+02
 0.9999999999999986E+00  0.4107292551885526E+01 -0.8266927201160344E-15  0.7531183976238554E+00  0.1031772204744680E+02
 0.9999999999999987E+00  0.4107292551885526E+01 -0.1087018591868718E-14  0.7531183976238561E+00  0.1031772204744680E+02
 0.9999999999999989E+00  0.4107292551885527E+01 -0.6418191425802049E-15  0.7531183976238520E+00  0.1031772204744679E+02
 0.9999999999999987E+00  0.4107292551885526E+01 -0.6797541670231624E-15  0.7531183976238554E+00  0.1031772204744680E+02
 0.9999999999999990E+00  0.4107292551885527E+01 -0.9866284428995520E-15  0.7531183976238529E+00  0.1031772204744680E+02
 0.9999999999999989E+00  0.4107292551885525E+01 -0.5495376905333139E-15  0.7531183976238570E+00  0.1031772204744680E+02
 0.9999999999999987E+00  0.4107292551885527E+01 -0.8381949211186723E-15  0.7531183976238547E+00  0.1031772204744680E+02
 0.9999999999999989E+00  0.4107292551885526E+01 -0.9045742086108868E-15  0.7531183976238556E+00  0.1031772204744680E+02
 0.9999999999999991E+00  0.4107292551885526E+01 -0.7940385379736788E-15  0.7531183976238558E+00  0.1031772204744680E+02
 0.9999999999999991E+00  0.4107292551885526E+01 -0.9080484696536233E-15  0.7531183976238544E+00  0.1031772204744679E+02
 0.9999999999999989E+00  0.4107292551885525E+01 -0.6749027082959267E-15  0.7531183976238570E+00  0.1031772204744680E+02
 0.9999999999999991E+00  0.4107292551885525E+01 -0.9786352265853729E-15  0.7531183976238565E+00  0.1031772204744680E+02
 0.9999999999999988E+00  0.4107292551885527E+01 -0.1333977041441217E-14  0.7531183976238534E+00  0.1031772204744680E+02
 0.9999999999999986E+00  0.4107292551885528E+01 -0.9165915917325907E-15  0.7531183976238518E+00  0.1031772204744680E+02
 0.9999999999999990E+00  0.4107292551885526E+01 -0.1148607865584073E-14  0.7531183976238557E+00  0.1031772204744680E+02
 0.9999999999999988E+00  0.4107292551885528E+01 -0.9888764969943288E-15  0.7531183976238512E+00  0.1031772204744680E+02
 0.9999999999999989E+00  0.4107292551885526E+01 -0.1117395695323634E-14  0.7531183976238535E+00  0.1031772204744679E+02
 0.9999999999999990E+00  0.4107292551885527E+01 -0.1101884866685237E-14  0.7531183976238536E+00  0.1031772204744680E+02
 0.9999999999999990E+00  0.4107292551885525E+01 -0.1053986791086045E-14  0.7531183976238565E+00  0.1031772204744680E+02
 0.9999999999999988E+00  0.4107292551885527E+01 -0.9602022613569353E-15  0.7531183976238527E+00  0.1031772204744680E+02
 0.9999999999999988E+00  0.4107292551885526E+01 -0.8180047895630109E-15  0.7531183976238562E+00  0.1031772204744680E+02
 0.9999999999999987E+00  0.4107292551885527E+01 -0.1119595098626383E-14  0.7531183976238526E+00  0.1031772204744680E+02
 0.9999999999999988E+00  0.4107292551885527E+01 -0.1095846090014523E-14  0.7531183976238534E+00  0.1031772204744680E+02
 0.9999999999999990E+00  0.4107292551885526E+01 -0.1207412150092594E-14  0.7531183976238550E+00  0.1031772204744680E+02
 0.9999999999999990E+00  0.4107292551885527E+01 -0.1058847907781443E-14  0.7531183976238536E+00  0.1031772204744680E+02
 0.9999999999999993E+00  0.4107292551885525E+01 -0.9213832656746609E-15  0.7531183976238545E+00  0.1031772204744679E+02
 0.1000000000016920E+01  0.4107292551875042E+01 -0.1421598678724020E-10  0.7531183976418292E+00  0.1031772204741681E+02
 0.1000000000000669E+01  0.4107292551885046E+01 -0.4667097845404360E-12  0.7531183976245757E+00  0.1031772204744537E+02
 0.9999999999995097E+00  0.4107292551885874E+01  0.3728093876258412E-12  0.7531183976233323E+00  0.1031772204744784E+02
 0.1000000000009653E+01  0.4107292551879242E+01 -0.8281318188983826E-11  0.7531183976342466E+00  0.1031772204742879E+02
 0.1000000000002893E+01  0.4107292551883348E+01 -0.1909389315837184E-11  0.7531183976269122E+00  0.1031772204744005E+02
 0.9999999998525244E+00  0.4107292551965712E+01  0.1238488477770634E-09  0.7531183974681087E+00  0.1031772204766445E+02
 0.9999999999928540E+00  0.4107292551890011E+01  0.4088700061323189E-11  0.7531183976164567E+00  0.1031772204746018E+02
 0.1000000000005469E+01  0.4107292551881424E+01 -0.3690949856222929E-11  0.7531183976295929E+00  0.1031772204743400E+02
 0.9999999990096820E+00  0.4107292552775496E+01  0.6133676274891062E-09  0.7531183965786965E+00  0.1031772205035383E+02
 0.9999999994699350E+00  0.4107292552234143E+01  0.3969051155550162E-09  0.7531183970680163E+00  0.1031772204848708E+02
 0.1000000055390675E+01  0.4107292523388528E+01 -0.4809544168890614E-07  0.7531184555248012E+00  0.1031772197086431E+02
 0.1000000001812193E+01  0.4107292551263687E+01 -0.1433451232278029E-08  0.7531183995269146E+00  0.1031772204623838E+02
 0.9999999994039036E+00  0.4107292552265219E+01  0.4584376125035860E-09  0.7531183970007969E+00  0.1031772204857099E+02
 0.9999999999507295E+00  0.4107292551918106E+01  0.3436724625040930E-10  0.7531183975720140E+00  0.1031772204754377E+02
 0.1000000000007068E+01  0.4107292551880393E+01 -0.4911913708460324E-11  0.7531183976312297E+00  0.1031772204743084E+02
 0.9999999999508348E+00  0.4107292551917489E+01  0.3682979065668112E-10  0.7531183975719596E+00  0.1031772204754091E+02
 0.9999998360162333E+00  0.4107292524872022E+01  0.1801844508672626E-06  0.7531182357425537E+00  0.1031772184053916E+02
 0.1000000055484513E+01  0.4107292524515235E+01 -0.4707679856661207E-07  0.7531184556126043E+00  0.1031772197553486E+02
 0.1000000005214786E+01  0.4107292542924260E+01  0.3250048348651369E-07  0.7531183885169050E+00  0.1031772197805450E+02
 0.1000000033902555E+01  0.4107292536645396E+01 -0.2928977309535309E-07  0.7531184330145819E+00  0.1031772200949635E+02
 0.9999986406642525E+00  0.4107292859351041E+01  0.1366470170016169E-05  0.7531169719083861E+00  0.1031772230536046E+02
 0.1000000107487538E+01  0.4107292481032896E+01 -0.7997954174745061E-07  0.7531185071506098E+00  0.1031772182787410E+02
 0.1000000026437703E+01  0.4107292539610732E+01 -0.2298620472887384E-07  0.7531184251825754E+00  0.1031772201615063E+02
 0.9999999999383984E+00  0.4107292551922575E+01  0.5210335540380794E-10  0.7531183975600584E+00  0.1031772204755546E+02
 0.1000000000007692E+01  0.4107292551877804E+01 -0.3793218629776100E-11  0.7531183976304071E+00  0.1031772204741698E+02
 0.9999999993774044E+00  0.4107292552272999E+01  0.4756190972327418E-09  0.7531183969763143E+00  0.1031772204859163E+02
 0.9999999999794643E+00  0.4107292551893434E+01  0.2165914440564326E-10  0.7531183976012860E+00  0.1031772204746152E+02
 0.9999999990898827E+00  0.4107292552819196E+01  0.4316801900276398E-09  0.7531183966943532E+00  0.1031772205067146E+02
 0.9999999995407930E+00  0.4107292552161406E+01  0.3672387022698357E-09  0.7531183971452472E+00  0.1031772204824799E+02
 0.1000000000008269E+01  0.4107292551869255E+01  0.4921304280171643E-11  0.7531183976323184E+00  0.1031772204738556E+02
 0.1000000000651703E+01  0.4107292551878390E+01 -0.9132857998146132E-09  0.7531183983755528E+00  0.1031772204806971E+02
 0.9999999994100629E+00  0.4107292552249238E+01  0.4509878798101523E-09  0.7531183970102665E+00  0.1031772204851743E+02
 0.1000000002302455E+01  0.4107292550922726E+01 -0.2167159857865329E-08  0.7531184000933320E+00  0.1031772204533094E+02
 0.1000000000001292E+01  0.4107292551884547E+01 -0.8499577347258356E-12  0.7531183976252143E+00  0.1031772204744374E+02
 0.1000000000000757E+01  0.4107292551884922E+01 -0.4467529257824133E-12  0.7531183976246499E+00  0.1031772204744488E+02
 0.9999999999999551E+00  0.4107292551885568E+01  0.1381389595294494E-13  0.7531183976238085E+00  0.1031772204744694E+02
 0.9999999999999135E+00  0.4107292551885598E+01  0.4429005812022848E-13  0.7531183976237636E+00  0.1031772204744703E+02
 0.9999999999999883E+00  0.4107292551885538E+01  0.2070207979600750E-14  0.7531183976238413E+00  0.1031772204744683E+02
 0.9999999999999528E+00  0.4107292551885565E+01  0.2593474300750051E-13  0.7531183976238053E+00  0.1031772204744692E+02
 0.1000000000000331E+01  0.4107292551885253E+01 -0.1721338704222109E-12  0.7531183976242011E+00  0.1031772204744592E+02
 0.9999999999999419E+00  0.4107292551885563E+01  0.5991153271395299E-13  0.7531183976237914E+00  0.1031772204744690E+02
 0.9999999999998728E+00  0.4107292551885624E+01  0.8126372949157807E-13  0.7531183976237208E+00  0.1031772204744710E+02
 0.9999999999999967E+00  0.4107292551885530E+01  0.2723104305808828E-15  0.7531183976238482E+00  0.1031772204744680E+02
 0.9999999999999966E+00  0.4107292551885530E+01 -0.2393046765470954E-14  0.7531183976238517E+00  0.1031772204744681E+02
 0.9999999999999997E+00  0.4107292551885527E+01 -0.1138769313322226E-14  0.7531183976238548E+00  0.1031772204744680E+02
 0.9999999999999999E+00  0.4107292551885528E+01 -0.1228587090524342E-14  0.7531183976238520E+00  0.1031772204744680E+02
 0.9999999999999990E+00  0.4107292551885528E+01 -0.1340874833786706E-14  0.7531183976238521E+00  0.1031772204744680E+02
 0.9999999999999986E+00  0.4107292551885528E+01 -0.1160367686945014E-14  0.7531183976238526E+00  0.1031772204744680E+02
 0.9999999999999983E+00  0.4107292551885528E+01 -0.1262787059901664E-14  0.7531183976238524E+00  0.1031772204744680E+02
 0.9999999999999989E+00  0.4107292551885529E+01 -0.1408293121518994E-14  0.7531183976238492E+00  0.1031772204744679E+02
 0.9999999999999989E+00  0.4107292551885527E+01 -0.1334876064932902E-14  0.7531183976238528E+00  0.1031772204744680E+02
 0.9999999999999991E+00  0.4107292551885527E+01 -0.1288438387772698E-14  0.7531183976238544E+00  0.1031772204744680E+02
 0.9999999999999989E+00  0.4107292551885527E+01 -0.1491966133803776E-14  0.7531183976238535E+00  0.1031772204744680E+02
 0.9999999999999987E+00  0.4107292551885527E+01 -0.1566424907242415E-14  0.7531183976238526E+00  0.1031772204744680E+02
 0.9999999999999986E+00  0.4107292551885528E+01 -0.1366614062037584E-14  0.7531183976238526E+00  0.1031772204744680E+02
 0.9999999999999988E+00  0.4107292551885527E+01 -0.1494592265686425E-14  0.7531183976238540E+00  0.1031772204744680E+02
 0.9999999999999987E+00  0.4107292551885526E+01 -0.1603057063856733E-14  0.7531183976238554E+00  0.1031772204744680E+02
 0.9999999999999988E+00  0.4107292551885527E+01 -0.1503938871517311E-14  0.7531183976238540E+00  0.1031772204744680E+02
 0.9999999999999991E+00  0.4107292551885525E+01 -0.1085078322521027E-14  0.7531183976238565E+00  0.1031772204744680E+02
 0.9999999999999988E+00  0.4107292551885528E+01 -0.1581354977512315E-14  0.7531183976238527E+00  0.1031772204744680E+02
 0.9999999999999987E+00  0.4107292551885527E+01 -0.1394367866950868E-14  0.7531183976238539E+00  0.1031772204744680E+02
 0.9999999999999993E+00  0.4107292551885526E+01 -0.1113443477205362E-14  0.7531183976238559E+00  0.1031772204744680E+02
 0.9999999999999984E+00  0.4107292551885527E+01 -0.9983152309325179E-15  0.7531183976238539E+00  0.1031772204744680E+02
 0.9999999999999988E+00  0.4107292551885529E+01 -0.8628288039822649E-15  0.7531183976238519E+00  0.1031772204744680E+02
 0.9999999999999989E+00  0.4107292551885526E+01 -0.1078986874952385E-14  0.7531183976238549E+00  0.1031772204744680E+02
 0.9999999999999990E+00  0.4107292551885529E+01 -0.4925388949987479E-15  0.7531183976238507E+00  0.1031772204744680E+02
 0.9999999999999990E+00  0.4107292551885527E+01 -0.8305894786332076E-15  0.7531183976238542E+00  0.1031772204744680E+02
 0.9999999999999991E+00  0.4107292551885527E+01 -0.8554525616454516E-15  0.7531183976238537E+00  0.1031772204744680E+02
 0.9999999999999993E+00  0.4107292551885528E+01 -0.8517372545133512E-15  0.7531183976238530E+00  0.1031772204744680E+02
 0.9999999999999993E+00  0.4107292551885528E+01 -0.1011420770908641E-14  0.7531183976238538E+00  0.1031772204744680E+02
 0.9999999999999999E+00  0.4107292551885528E+01 -0.1343848088337417E-14  0.7531183976238520E+00  0.1031772204744680E+02
 0.9999999999999998E+00  0.4107292551885527E+01 -0.6692998992308915E-15  0.7531183976238534E+00  0.1031772204744680E+02
 0.9999999999999757E+00  0.4107292551885547E+01  0.1206440170039467E-13  0.7531183976238282E+00  0.1031772204744686E+02
 0.9999999999999973E+00  0.4107292551885529E+01  0.9363651078131071E-16  0.7531183976238501E+00  0.1031772204744680E+02
 0.1000000000000000E+01  0.4107292551885526E+01 -0.1034234782703338E-14  0.7531183976238554E+00  0.1031772204744679E+02
 0.1000000000000000E+01  0.4107292551885527E+01 -0.8051043653556512E-15  0.7531183976238552E+00  0.1031772204744680E+02
 0.1000000000000000E+01  0.4107292551885525E+01 -0.6107935433944389E-15  0.7531183976238567E+00  0.1031772204744679E+02
 0.9999999999999996E+00  0.4107292551885528E+01 -0.7360124990500946E-15  0.7531183976238540E+00  0.1031772204744680E+02
 0.9999999999999994E+00  0.4107292551885527E+01 -0.7356586293872826E-15  0.7531183976238546E+00  0.1031772204744680E+02
 0.9999999999999991E+00  0.4107292551885528E+01 -0.6517101147454952E-15  0.7531183976238529E+00  0.1031772204744680E+02
 0.1000007695050138E+01  0.4107309772525334E+01  0.1019640285212312E-04  0.7531239715310716E+00  0.1031779222441540E+02
 0.9999870066464599E+00  0.4107301720539652E+01 -0.1213954032936552E-04  0.7531043477446510E+00  0.1031774904490478E+02
 0.1000660106192263E+01  0.4107238858345911E+01  0.6655466188478056E-03  0.7537837292772946E+00  0.1031792194174736E+02
 0.1000129770663944E+01  0.4107305978895551E+01  0.1332838950794647E-03  0.7532459047836182E+00  0.1031785163163231E+02
 0.1000001123135071E+01  0.4107310093221195E+01  0.2698221539892040E-05  0.7531170216745948E+00  0.1031778854050051E+02
 0.9999906142690657E+00  0.4107296442791935E+01 -0.9086359956549015E-05  0.7531085259594309E+00  0.1031773102077633E+02
 0.9999954384545277E+00  0.4107293914350872E+01 -0.4457333870217760E-05  0.7531136408687457E+00  0.1031772434005812E+02
 0.9999850220839205E+00  0.4107301649195604E+01 -0.1439012477661767E-04  0.7531021794114895E+00  0.1031774706755021E+02
 0.9999891722835820E+00  0.4107296481085410E+01 -0.1051660290235893E-04  0.7531071091729976E+00  0.1031773035105235E+02
 0.9999938456951407E+00  0.4107294638884335E+01 -0.6045449284354439E-05  0.7531119735620639E+00  0.1031772614650044E+02
 0.9999985973954056E+00  0.4107292898592987E+01 -0.1307808380614019E-05  0.7531169092030433E+00  0.1031772239124145E+02
 0.9999996128231140E+00  0.4107292630283322E+01 -0.2835956343913283E-06  0.7531179145432683E+00  0.1031772189072296E+02
 0.9999957852579140E+00  0.4107293783503302E+01 -0.4126380337147739E-05  0.7531141308005482E+00  0.1031772437450032E+02
 0.9999993594532652E+00  0.4107292661924749E+01 -0.6573807258677264E-06  0.7531177121929422E+00  0.1031772199185152E+02
 0.1006121279449583E+01  0.4105956661085363E+01  0.6204586065080613E-02  0.7595607633291076E+00  0.1031680821797550E+02
 0.1001942435280416E+01  0.4106985477468939E+01  0.1962064387482432E-02  0.7551152057829955E+00  0.1031779499825402E+02
 0.1033874775839760E+01  0.4097177897877504E+01  0.3469095788285848E-01  0.7908650247670227E+00  0.1030641617617018E+02
 0.1014568729473628E+01  0.4103441996017199E+01  0.1480828374577940E-01  0.7688798212376450E+00  0.1031382542211979E+02
 0.1005140810584660E+01  0.4106192361801443E+01  0.5202061492482431E-02  0.7585212840882267E+00  0.1031702592044498E+02
 0.1131295072022825E+01  0.4060422305008477E+01  0.1297965090708521E+00  0.9105591618469207E+00  0.1026414348329960E+02
 0.1069486843919758E+01  0.4084241375125145E+01  0.7008897743352660E-01  0.8333322248688911E+00  0.1029094216454273E+02
 0.1339320979867770E+01  0.3979267429570934E+01  0.3146733918144214E+00  0.1187451103171597E+01  0.1018331133785054E+02
 0.1228962540972410E+01  0.4022891771114417E+01  0.2171097288318316E+00  0.1037324709130260E+01  0.1022556081732736E+02
 0.1134366029768393E+01  0.4060195399820408E+01  0.1299137720984510E+00  0.9135830822557413E+00  0.1026445429975980E+02
 0.1032356554830176E+01  0.4097653153582736E+01  0.3253120152565737E-01  0.7891075392819695E+00  0.1030684731746026E+02
 0.1012734900473604E+01  0.4103943558390333E+01  0.1279440857082508E-01  0.7668810241376258E+00  0.1031435240786594E+02
 0.1068239061433785E+01  0.4085150359073506E+01  0.6675358171798998E-01  0.8314312797199502E+00  0.1029225346930530E+02
 0.1029402385549307E+01  0.4098564953757353E+01  0.2929115137820512E-01  0.7857987567992533E+00  0.1030793212287594E+02
 0.1570496550884420E+01  0.3895718221923008E+01  0.5050543696751536E+00  0.1504763463146965E+01  0.1011121276274530E+02
 0.1462012662593199E+01  0.3934673490796078E+01  0.4238921797299753E+00  0.1352424585090823E+01  0.1014327753926209E+02
 0.1118800132986096E+01  0.4066260829135465E+01  0.1218015976211636E+00  0.8932490145554968E+00  0.1027065411936885E+02
 0.1057498731743898E+01  0.4088666914910261E+01  0.6028711212882652E-01  0.8188074760489238E+00  0.1029613323338622E+02
 0.1214206713917804E+01  0.4029266573174329E+01  0.2138925991504564E+00  0.1015619190241149E+01  0.1023148631285430E+02
 0.1336061726856510E+01  0.3982014776868691E+01  0.3219929576401033E+00  0.1178694481604690E+01  0.1018559954331474E+02
 0.9999999998887569E+00  0.4107292551946104E+01 -0.9149531276744939E-10  0.7531183975070803E+00  0.1031772204761312E+02
 0.1000000000051827E+01  0.4107292551853227E+01  0.4353054533105617E-10  0.7531183976789604E+00  0.1031772204735432E+02
 0.9999999973361645E+00  0.4107292553335021E+01 -0.2393466458556834E-08  0.7531183947877156E+00  0.1031772205132540E+02
 0.9999999998073641E+00  0.4107292551984605E+01 -0.1704548254827265E-09  0.7531183974202649E+00  0.1031772204770746E+02
 0.1000000000071079E+01  0.4107292551841260E+01  0.5991034000540341E-10  0.7531183976994953E+00  0.1031772204732026E+02
 0.1000000000006961E+01  0.4107292551880793E+01  0.5331904515496680E-11  0.7531183976312069E+00  0.1031772204743263E+02
 0.9999999999989053E+00  0.4107292551886265E+01 -0.8675111497914355E-12  0.7531183976226895E+00  0.1031772204744898E+02
 0.1000000000009938E+01  0.4107292551878756E+01  0.7586609882135664E-11  0.7531183976343200E+00  0.1031772204742644E+02
 0.9999999999985750E+00  0.4107292551886492E+01 -0.1152122354664790E-11  0.7531183976223328E+00  0.1031772204744964E+02
 0.1000000000006347E+01  0.4107292551881326E+01  0.4952857202464086E-11  0.7531183976305597E+00  0.1031772204743436E+02
 0.9999999997626456E+00  0.4107292553132809E+01 -0.2535717371031644E-09  0.7531183972703049E+00  0.1031772205213277E+02
 0.9999999961920720E+00  0.4107292553947047E+01 -0.3498709838684196E-08  0.7531183935528951E+00  0.1031772205290622E+02
 0.1000000127124187E+01  0.4107292497309307E+01  0.1244035562723873E-06  0.7531185337041202E+00  0.1031772192413805E+02
 0.9999999990803372E+00  0.4107292554616190E+01  0.7693915744724134E-09  0.7531183967551391E+00  0.1031772205822218E+02
 0.9999999939876876E+00  0.4107292555180071E+01 -0.5437337359906385E-08  0.7531183912043183E+00  0.1031772205624957E+02
 0.1000000325368779E+01  0.4107292314442862E+01  0.2967284159948083E-06  0.7531187521060108E+00  0.1031772134580265E+02
 0.1000000131230640E+01  0.4107292498384663E+01  0.1622150024388281E-06  0.7531185464742066E+00  0.1031772195274845E+02
 0.1000000010288112E+01  0.4107292552319570E+01  0.1186572214269146E-07  0.7531184079601054E+00  0.1031772205569975E+02
 0.9999999914465156E+00  0.4107292556450349E+01 -0.7674054084075857E-08  0.7531183885528637E+00  0.1031772205962285E+02
 0.1000000592978277E+01  0.4107292304983900E+01  0.5651310786262163E-06  0.7531190253867091E+00  0.1031772148629952E+02
 0.1000000016077321E+01  0.4107292552972696E+01  0.1657258349684995E-07  0.7531184131071800E+00  0.1031772206035012E+02
 0.9999999909146285E+00  0.4107292556172270E+01 -0.8327654376054234E-08  0.7531183880519248E+00  0.1031772205822978E+02
 0.1000000000011920E+01  0.4107292551876951E+01  0.8159959965228549E-11  0.7531183976363330E+00  0.1031772204742033E+02
 0.9999999999982531E+00  0.4107292551886743E+01 -0.1393985461742364E-11  0.7531183976219852E+00  0.1031772204745041E+02
 0.1000000000129124E+01  0.4107292551802380E+01  0.1064303667528402E-09  0.7531183977613528E+00  0.1031772204720592E+02
 0.1000000000003884E+01  0.4107292551882515E+01  0.1859306484604608E-11  0.7531183976277883E+00  0.1031772204743695E+02
 0.9999999999981506E+00  0.4107292551886852E+01 -0.1430460003867855E-11  0.7531183976218710E+00  0.1031772204745076E+02
 0.9999999998218002E+00  0.4107292551945652E+01 -0.9057952224498043E-10  0.7531183974534402E+00  0.1031772204760323E+02
 0.1000000000104031E+01  0.4107292551821003E+01  0.8725112809547635E-10  0.7531183977348075E+00  0.1031772204726329E+02
 0.1000000000585607E+01  0.4107292551518705E+01  0.5086609394821735E-09  0.7531183982602299E+00  0.1031772204642851E+02
 0.1000000000035016E+01  0.4107292551869565E+01  0.4361820112723417E-10  0.7531183976647465E+00  0.1031772204741754E+02
 0.9999999999937554E+00  0.4107292551889945E+01 -0.4834463466338738E-11  0.7531183976170887E+00  0.1031772204745979E+02
 0.9999999999983605E+00  0.4107292551886743E+01 -0.1202180433272353E-11  0.7531183976220965E+00  0.1031772204745048E+02
 0.9999999999883559E+00  0.4107292551894151E+01 -0.8395784410691126E-11  0.7531183976112976E+00  0.1031772204747275E+02
 0.9999999999992558E+00  0.4107292551886083E+01 -0.5044382034064670E-12  0.7531183976230715E+00  0.1031772204744852E+02
 0.9999999995614647E+00  0.4107292552119332E+01 -0.3636093175242534E-09  0.7531183971683606E+00  0.1031772204809404E+02
 0.1000000000105440E+01  0.4107292551818333E+01  0.8725716773422830E-10  0.7531183977361254E+00  0.1031772204725297E+02
 0.9999999996917690E+00  0.4107292552043960E+01 -0.2755900949191517E-09  0.7531183972991753E+00  0.1031772204786617E+02
 0.9999999999899525E+00  0.4107292551893035E+01 -0.7339759868242899E-11  0.7531183976130863E+00  0.1031772204746963E+02
 0.1000000000000314E+01  0.4107292551885267E+01  0.2121807431540347E-12  0.7531183976241949E+00  0.1031772204744599E+02
 0.1000000000108380E+01  0.4107292551821977E+01  0.9047343190617422E-10  0.7531183977365958E+00  0.1031772204726358E+02
 0.1000000265317331E+01  0.4107292378751412E+01  0.2764187767494051E-06  0.7531186862192982E+00  0.1031772155828453E+02
 0.9999938671941874E+00  0.4107294114675087E+01 -0.6035584425360276E-05  0.7531120296618631E+00  0.1031772409319057E+02
 0.9999972865701898E+00  0.4107293187975621E+01 -0.2690815983278892E-05  0.7531155800971234E+00  0.1031772272507143E+02
 0.1000000090332178E+01  0.4107292512106452E+01  0.8478541923000303E-07  0.7531184931188026E+00  0.1031772195272280E+02
 0.9999999990906501E+00  0.4107292552915699E+01 -0.9102686531914198E-09  0.7531183965688297E+00  0.1031772205075258E+02
 0.1000000048655285E+01  0.4107292531233413E+01  0.4589451938004405E-07  0.7531184490358114E+00  0.1031772199954444E+02
 0.1000000224006979E+01  0.4107292426202549E+01  0.2156061173493470E-06  0.7531186395334247E+00  0.1031772171424451E+02
 0.9999993970225651E+00  0.4107292591829294E+01 -0.6813644407116832E-06  0.7531177565188227E+00  0.1031772174402841E+02
 0.1000000154112468E+01  0.4107292472891029E+01  0.1459162422610653E-06  0.7531185627525706E+00  0.1031772184565273E+02
 0.9999999008929100E+00  0.4107292490448635E+01 -0.1247198732738256E-06  0.7531182943109628E+00  0.1031772172342371E+02
 0.9999999983137388E+00  0.4107292552793092E+01 -0.1500269446506397E-08  0.7531183958353564E+00  0.1031772204987808E+02
 0.9999999999162340E+00  0.4107292551926921E+01 -0.7535305042436902E-10  0.7531183975383914E+00  0.1031772204756087E+02
 0.9999999989860470E+00  0.4107292552418168E+01 -0.9055293855214399E-09  0.7531183965509489E+00  0.1031772204886131E+02
 0.9999999999893756E+00  0.4107292551886074E+01 -0.1161604855942177E-10  0.7531183976113359E+00  0.1031772204743775E+02
 0.9999999995207060E+00  0.4107292552121304E+01 -0.4368990603149767E-09  0.7531183971165095E+00  0.1031772204804926E+02
 0.1000000000008803E+01  0.4107292551874370E+01  0.3978086705819247E-11  0.7531183976328714E+00  0.1031772204740694E+02
 0.1000000000028375E+01  0.4107292551866128E+01  0.2282856712146565E-10  0.7531183976508680E+00  0.1031772204738123E+02
 0.1000000101518588E+01  0.4107292502920448E+01  0.9440107583425238E-07  0.7531185055361000E+00  0.1031772192497471E+02
 0.1000000105591472E+01  0.4107292451422427E+01  0.8068861113654597E-07  0.7531185100645739E+00  0.1031772171711005E+02
 0.1000000009436788E+01  0.4107292548742362E+01  0.9271362714419961E-08  0.7531184075751028E+00  0.1031772204164747E+02
 0.1000000060949418E+01  0.4107292523721487E+01  0.5599322236984399E-07  0.7531184620021893E+00  0.1031772197795936E+02
 0.1000000145076995E+01  0.4107292460062030E+01  0.1216594043565736E-06  0.7531185506076974E+00  0.1031772177961005E+02
 0.9999999988604906E+00  0.4107292552561129E+01 -0.9714526502767579E-09  0.7531183964138941E+00  0.1031772204934226E+02
 0.1000000002304727E+01  0.4107292551611136E+01  0.2532297131178265E-08  0.7531184000469868E+00  0.1031772204803830E+02
 0.9999999988855043E+00  0.4107292552538381E+01 -0.9342964858553214E-09  0.7531183964457970E+00  0.1031772204928149E+02
 0.1000000026538127E+01  0.4107292540309853E+01  0.2449079452405864E-07  0.7531184255330459E+00  0.1031772201970922E+02
 0.1000000103208105E+01  0.4107292496635904E+01  0.8984356362369627E-07  0.7531185058228042E+00  0.1031772189669800E+02
 0.1000000015638331E+01  0.4107292546045482E+01  0.1509871505412765E-07  0.7531184140222199E+00  0.1031772203501215E+02
 0.9999999983943493E+00  0.4107292552899549E+01 -0.1389216078792097E-08  0.7531183959054272E+00  0.1031772205033873E+02
 0.1000000023514149E+01  0.4107292542653046E+01  0.2255629281089253E-07  0.7531184224760465E+00  0.1031772202738443E+02
 0.9999999981893183E+00  0.4107292553216755E+01 -0.1560948796277837E-08  0.7531183956536502E+00  0.1031772205139818E+02
 0.1022986227900901E+01  0.4100697876059857E+01  0.2370159346422538E-01  0.7783792927163412E+00  0.1031036571177201E+02
 0.1002803605447342E+01  0.4106708273877989E+01  0.2648890163348654E-02  0.7560424252211847E+00  0.1031735169815970E+02
 0.1009721995430308E+01  0.4104880729332774E+01  0.9965799360574784E-02  0.7635180181420893E+00  0.1031548898510732E+02
 0.1000079903292127E+01  0.4107315741326047E+01  0.7308627013687897E-04  0.7531932866012118E+00  0.1031785407410919E+02
 0.1000943391299951E+01  0.4107162975103081E+01  0.8963875558446312E-03  0.7540752747366011E+00  0.1031780564670331E+02
 0.1003307450649757E+01  0.4106631293229250E+01  0.3438219652185232E-02  0.7565874148159036E+00  0.1031744942113943E+02
 0.1017955512427830E+01  0.4101088865827898E+01  0.2282990334665429E-01  0.7738529710099854E+00  0.1031023338041825E+02
 0.1009229164141467E+01  0.4104715596243436E+01  0.9857397192663209E-02  0.7632331790745234E+00  0.1031502762354856E+02
 0.1064902990360618E+01  0.4085654387669554E+01  0.6666151788023328E-01  0.8277631469284119E+00  0.1029179075686856E+02
 0.9999732698275656E+00  0.4107305596648831E+01 -0.2416427969944957E-04  0.7530901609758314E+00  0.1031775536178284E+02
 0.9999776500408777E+00  0.4107322350840918E+01 -0.2113614604966339E-04  0.7530909902081091E+00  0.1031781800242492E+02
 0.9999960381679273E+00  0.4107293801685026E+01 -0.3735300733874690E-05  0.7531143013554077E+00  0.1031772439938615E+02
 0.9999837772802080E+00  0.4107299206574072E+01 -0.1501295197148933E-04  0.7531014558903235E+00  0.1031773756988074E+02
 0.9999692345566574E+00  0.4107311094211688E+01 -0.2941799569103155E-04  0.7530848938305101E+00  0.1031777237158484E+02
 0.1000000041150179E+01  0.4107292468430369E+01  0.8737772120459080E-08  0.7531184435177420E+00  0.1031772174192938E+02
 0.9999987088628436E+00  0.4107292827026645E+01 -0.1270069185988701E-05  0.7531170759884941E+00  0.1031772230439104E+02
 0.1000000137221843E+01  0.4107292448006426E+01  0.1041438937739960E-06  0.7531185421230100E+00  0.1031772172367209E+02
 0.9999930172984307E+00  0.4107295009093324E+01 -0.6593288151941829E-05  0.7531111678262253E+00  0.1031772721241690E+02
 0.9999799513208270E+00  0.4107301502226755E+01 -0.1929900564087935E-04  0.7530972029362538E+00  0.1031774356989124E+02
 0.1003843638964595E+01  0.4106456391729334E+01  0.3940409217245571E-02  0.7571863427052353E+00  0.1031721765020369E+02
 0.1000339204637264E+01  0.4107296397097614E+01  0.3429913857071190E-03  0.7534538296486616E+00  0.1031793775882337E+02
 0.1001441204630215E+01  0.4107076505418902E+01  0.1468376587007697E-02  0.7546031565233466E+00  0.1031783274891867E+02
 0.9999887815188316E+00  0.4107309728073392E+01 -0.1050955457870602E-04  0.7531043877051991E+00  0.1031777869243682E+02
 0.1000067497432089E+01  0.4107319819982008E+01  0.7120336966046529E-04  0.7531807894766083E+00  0.1031786294219000E+02
 0.1000462680880988E+01  0.4107271934443796E+01  0.4734063970845502E-03  0.7535833125938127E+00  0.1031792849691797E+02
 0.1000041114335892E+01  0.4107315973619484E+01  0.3880990692109292E-04  0.7531538861993455E+00  0.1031782955945439E+02
 0.1001141034169420E+01  0.4107161664112794E+01  0.1147257880813899E-02  0.7542795770696918E+00  0.1031793887373111E+02
 0.1000241882648208E+01  0.4107304434904505E+01  0.2261897903378429E-03  0.7533518135407991E+00  0.1031789897326143E+02
 0.9999996592055949E+00  0.4107292560549451E+01 -0.3593432123657552E-06  0.7531180479193166E+00  0.1031772185041705E+02
 0.9999912400732454E+00  0.4107295808883280E+01 -0.8061028438762338E-05  0.7531092750882911E+00  0.1031772911168800E+02
 0.9999736485284525E+00  0.4107311132972423E+01 -0.2433885593653019E-04  0.7530896880625290E+00  0.1031777620583323E+02
 0.9999857502561968E+00  0.4107298394596854E+01 -0.1344099268268626E-04  0.7531034276208919E+00  0.1031773544948107E+02
 0.9999987575280087E+00  0.4107292850995677E+01 -0.1205228485048417E-05  0.7531171046664251E+00  0.1031772238290706E+02
 0.9999970996231530E+00  0.4107293484008790E+01 -0.2822316295579053E-05  0.7531153384006420E+00  0.1031772368870768E+02
 0.1000458208075742E+01  0.4107240966732464E+01  0.4192856128222225E-03  0.7535848310905421E+00  0.1031781349375630E+02
 0.1006655125884255E+01  0.4105616394470506E+01  0.6731462751092487E-02  0.7602161554707747E+00  0.1031604131847521E+02
 0.1001355843134176E+01  0.4107017715954298E+01  0.1356532399071170E-02  0.7545334485992148E+00  0.1031757769165172E+02
 0.9999946226765852E+00  0.4107294365882558E+01 -0.5490215883290328E-05  0.7531126350387958E+00  0.1031772521599732E+02
 0.9999825996073112E+00  0.4107302530317148E+01 -0.1687344166272335E-04  0.7530996618094364E+00  0.1031774895358545E+02
 0.9999925589075471E+00  0.4107295242199441E+01 -0.9069059124008311E-05  0.7531100364698479E+00  0.1031772620452060E+02
 0.9999683131896127E+00  0.4107305089690986E+01 -0.3061502475319218E-04  0.7530847701571028E+00  0.1031774913478834E+02
 0.9999804409075211E+00  0.4107301366955393E+01 -0.1933121825627150E-04  0.7530976984673973E+00  0.1031774333134126E+02
 0.1000015971843003E+01  0.4107306700159375E+01  0.1180792485009454E-04  0.7531330039589771E+00  0.1031778660272926E+02
 0.1000151709610668E+01  0.4107276762255000E+01  0.1518409827588404E-03  0.7532742214558853E+00  0.1031776111203681E+02
 0.9999999999999980E+00  0.4107292551885527E+01 -0.3073970431768536E-15  0.7531183976238515E+00  0.1031772204744679E+02
 0.9999999999999984E+00  0.4107292551885527E+01 -0.3401890812103330E-15  0.7531183976238531E+00  0.1031772204744680E+02
 0.9999999999999980E+00  0.4107292551885528E+01 -0.1498184170820354E-15  0.7531183976238515E+00  0.1031772204744680E+02
 0.9999999999999983E+00  0.4107292551885527E+01 -0.8830696106889562E-16  0.7531183976238530E+00  0.1031772204744680E+02
 0.9999999999999980E+00  0.4107292551885526E+01 -0.3620611746149178E-15  0.7531183976238550E+00  0.1031772204744680E+02
 0.9999999999999982E+00  0.4107292551885526E+01 -0.3558187405698357E-15  0.7531183976238544E+00  0.1031772204744680E+02
 0.9999999999999973E+00  0.4107292551885527E+01 -0.2933944001189857E-15  0.7531183976238530E+00  0.1031772204744680E+02
 0.9999999999999983E+00  0.4107292551885527E+01 -0.5093826184217656E-15  0.7531183976238538E+00  0.1031772204744680E+02
 0.9999999999999989E+00  0.4107292551885527E+01 -0.3870309107952593E-15  0.7531183976238520E+00  0.1031772204744679E+02
 0.9999999999999968E+00  0.4107292551885529E+01  0.2579178938120844E-16  0.7531183976238498E+00  0.1031772204744680E+02
 0.9999999999999983E+00  0.4107292551885528E+01 -0.8739407663118801E-16  0.7531183976238524E+00  0.1031772204744680E+02
 0.9999999999999971E+00  0.4107292551885527E+01 -0.8708189967532455E-16  0.7531183976238528E+00  0.1031772204744680E+02
 0.9999999999999979E+00  0.4107292551885527E+01  0.3805041809948877E-16  0.7531183976238527E+00  0.1031772204744680E+02
 0.9999999999999986E+00  0.4107292551885528E+01  0.1648002589011603E-15  0.7531183976238526E+00  0.1031772204744680E+02
 0.9999999999999981E+00  0.4107292551885528E+01 -0.1935154553976294E-15  0.7531183976238528E+00  0.1031772204744680E+02
 0.9999999999999986E+00  0.4107292551885527E+01 -0.2591531333167468E-29  0.7531183976238532E+00  0.1031772204744680E+02
 0.9999999999999983E+00  0.4107292551885526E+01  0.6448359924432874E-16  0.7531183976238551E+00  0.1031772204744680E+02
 0.9999999999999988E+00  0.4107292551885528E+01  0.1272778126851324E-15  0.7531183976238527E+00  0.1031772204744680E+02
 0.9999999999999983E+00  0.4107292551885528E+01 -0.4854750983647777E-15  0.7531183976238524E+00  0.1031772204744680E+02
 0.9999999999999984E+00  0.4107292551885525E+01 -0.5344868312680079E-15  0.7531183976238560E+00  0.1031772204744680E+02
 0.9999999999999984E+00  0.4107292551885528E+01 -0.6501962295067712E-15  0.7531183976238531E+00  0.1031772204744680E+02
 0.1000000000000020E+01  0.4107292551885502E+01  0.2438775881417151E-14  0.7531183976238786E+00  0.1031772204744672E+02
 0.1000000000000004E+01  0.4107292551885521E+01  0.1074140179938758E-14  0.7531183976238586E+00  0.1031772204744678E+02
 0.1000000000000111E+01  0.4107292551885409E+01  0.2590297587350372E-13  0.7531183976239798E+00  0.1031772204744642E+02
 0.9999999999999969E+00  0.4107292551885528E+01 -0.4494552521536371E-15  0.7531183976238520E+00  0.1031772204744680E+02
 0.9999999999999970E+00  0.4107292551885529E+01 -0.4681825539065508E-15  0.7531183976238512E+00  0.1031772204744680E+02
 0.9999999999999984E+00  0.4107292551885527E+01 -0.2184851918230554E-15  0.7531183976238531E+00  0.1031772204744680E+02
 0.1000000000000040E+01  0.4107292551885486E+01  0.1011929516809630E-13  0.7531183976238970E+00  0.1031772204744666E+02
 0.1000000000000210E+01  0.4107292551885307E+01  0.8123805926446261E-13  0.7531183976240993E+00  0.1031772204744611E+02
 0.1000000000000093E+01  0.4107292551885434E+01  0.3361660933511761E-13  0.7531183976239569E+00  0.1031772204744650E+02
 0.1000000000000234E+01  0.4107292551885279E+01  0.1178900047716119E-12  0.7531183976241318E+00  0.1031772204744603E+02
 0.9999999999999980E+00  0.4107292551885527E+01 -0.1872730217306807E-15  0.7531183976238521E+00  0.1031772204744680E+02
 0.9999999999999980E+00  0.4107292551885526E+01 -0.5850681781528598E-15  0.7531183976238550E+00  0.1031772204744680E+02
 0.9999999999999979E+00  0.4107292551885528E+01 -0.1123638130384081E-15  0.7531183976238514E+00  0.1031772204744680E+02
 0.9999999999999976E+00  0.4107292551885527E+01 -0.1556100901160021E-15  0.7531183976238538E+00  0.1031772204744680E+02
 0.9999999999999974E+00  0.4107292551885529E+01 -0.5992736695381723E-16  0.7531183976238496E+00  0.1031772204744680E+02
 0.9999999999999978E+00  0.4107292551885528E+01 -0.2925340890764275E-15  0.7531183976238512E+00  0.1031772204744680E+02
 0.9999999999999976E+00  0.4107292551885528E+01 -0.2309700599272302E-15  0.7531183976238510E+00  0.1031772204744680E+02
 0.9999999999999981E+00  0.4107292551885527E+01 -0.1927738126858555E-15  0.7531183976238528E+00  0.1031772204744680E+02
 0.1000000000000110E+01  0.4107292551885422E+01  0.5385946512636883E-13  0.7531183976239749E+00  0.1031772204744646E+02
 0.1000000000000252E+01  0.4107292551885268E+01  0.1374745594126709E-12  0.7531183976241409E+00  0.1031772204744598E+02
 0.9999999999999990E+00  0.4107292551885527E+01  0.6442191947535443E-15  0.7531183976238536E+00  0.1031772204744680E+02
 0.1000000000000095E+01  0.4107292551885443E+01  0.5765215348497936E-13  0.7531183976239573E+00  0.1031772204744653E+02
 0.1000000000000245E+01  0.4107292551885300E+01  0.1588993762289742E-12  0.7531183976241244E+00  0.1031772204744608E+02
 0.9999999999999961E+00  0.4107292551885529E+01 -0.1018765238214912E-14  0.7531183976238478E+00  0.1031772204744680E+02
 0.9999999999999981E+00  0.4107292551885528E+01  0.1498184173845639E-16  0.7531183976238528E+00  0.1031772204744680E+02
 0.9999999999999962E+00  0.4107292551885528E+01 -0.1161092733688245E-14  0.7531183976238515E+00  0.1031772204744680E+02
 0.1000000000000003E+01  0.4107292551885524E+01  0.2153639747970136E-14  0.7531183976238570E+00  0.1031772204744679E+02
 0.1000000000000071E+01  0.4107292551885471E+01  0.4823160459701963E-13  0.7531183976239267E+00  0.1031772204744662E+02
 0.1000000000000107E+01  0.4107292551885440E+01  0.7011517399364829E-13  0.7531183976239687E+00  0.1031772204744652E+02
 0.9999999999999960E+00  0.4107292551885529E+01 -0.8989105030972300E-15  0.7531183976238506E+00  0.1031772204744680E+02
 0.1000000000000000E+01  0.4107292551885526E+01  0.3370914384345800E-15  0.7531183976238542E+00  0.1031772204744679E+02
 0.9999999999999958E+00  0.4107292551885529E+01 -0.7990315577708576E-15  0.7531183976238505E+00  0.1031772204744681E+02
 0.1000000000000097E+01  0.4107292551885448E+01  0.6677406862828457E-13  0.7531183976239604E+00  0.1031772204744655E+02
 0.1000000000000026E+01  0.4107292551885503E+01  0.1642009854534577E-13  0.7531183976238834E+00  0.1031772204744672E+02
 0.9999999999999968E+00  0.4107292551885534E+01  0.9469772457016842E-14  0.7531183976238519E+00  0.1031772204744683E+02
 0.9999999999999993E+00  0.4107292551885524E+01 -0.1978057909231102E-15  0.7531183976238552E+00  0.1031772204744679E+02
 0.1000000000000028E+01  0.4107292551885503E+01  0.1990337674953625E-13  0.7531183976238849E+00  0.1031772204744672E+02
 0.1000000000000002E+01  0.4107292551885523E+01  0.1573479378578634E-14  0.7531183976238550E+00  0.1031772204744678E+02
 0.1000000000000020E+01  0.4107292551885512E+01  0.1690451141305216E-13  0.7531183976238761E+00  0.1031772204744675E+02
 0.9999999999998638E+00  0.4107292551885639E+01 -0.7355335201494959E-13  0.7531183976237126E+00  0.1031772204744716E+02
 0.9999999999997559E+00  0.4107292551885720E+01 -0.1529833313145383E-12  0.7531183976235959E+00  0.1031772204744741E+02
 0.9999999999997959E+00  0.4107292551885684E+01 -0.1326399880836324E-12  0.7531183976236395E+00  0.1031772204744729E+02
 0.9999999999997331E+00  0.4107292551885730E+01 -0.1792559527796299E-12  0.7531183976235737E+00  0.1031772204744743E+02
 0.1000000000000015E+01  0.4107292551885516E+01  0.1302675022006641E-13  0.7531183976238710E+00  0.1031772204744677E+02
 0.1000000000000003E+01  0.4107292551885522E+01  0.1785794237312657E-14  0.7531183976238585E+00  0.1031772204744678E+02
 0.9999999999999978E+00  0.4107292551885527E+01 -0.8720990215502707E-15  0.7531183976238512E+00  0.1031772204744679E+02
 0.1000000000000005E+01  0.4107292551885521E+01  0.3583294405081403E-14  0.7531183976238601E+00  0.1031772204744678E+02
 0.9999999999999980E+00  0.4107292551885527E+01 -0.1181303317724751E-14  0.7531183976238528E+00  0.1031772204744680E+02
 0.9999999999999981E+00  0.4107292551885528E+01 -0.1228511020899554E-14  0.7531183976238515E+00  0.1031772204744680E+02
 0.9999999999999978E+00  0.4107292551885527E+01 -0.9550924088979783E-15  0.7531183976238512E+00  0.1031772204744679E+02
 0.1000000000000015E+01  0.4107292551885513E+01  0.8845529041885024E-14  0.7531183976238707E+00  0.1031772204744675E+02
 0.9999999999999969E+00  0.4107292551885528E+01 -0.1529396341045779E-14  0.7531183976238499E+00  0.1031772204744680E+02
 0.9999999999999977E+00  0.4107292551885529E+01 -0.3870309107952576E-15  0.7531183976238511E+00  0.1031772204744680E+02
 0.9999999999999977E+00  0.4107292551885528E+01 -0.2955740799777418E-15  0.7531183976238518E+00  0.1031772204744680E+02
 0.9999999999999979E+00  0.4107292551885528E+01 -0.5896610740979109E-15  0.7531183976238514E+00  0.1031772204744680E+02
 0.9999999999999978E+00  0.4107292551885529E+01 -0.6741002922196085E-15  0.7531183976238512E+00  0.1031772204744680E+02
 0.9999999999999978E+00  0.4107292551885528E+01 -0.8996444002502708E-15  0.7531183976238519E+00  0.1031772204744680E+02
 0.9999999999999980E+00  0.4107292551885526E+01 -0.1012376264669277E-14  0.7531183976238536E+00  0.1031772204744679E+02
 0.9999999999999976E+00  0.4107292551885528E+01 -0.7755847654266701E-15  0.7531183976238517E+00  0.1031772204744680E+02
 0.1502444949820238E+01  0.3925901417089266E+01  0.4470578266090449E+00  0.1401303609244232E+01  0.1013798673210381E+02
 0.1416397981787226E+01  0.3956402749022892E+01  0.3841002963587336E+00  0.1282399371980320E+01  0.1016381488308209E+02
 0.1567928886333523E+01  0.3902066941909366E+01  0.4992592481714601E+00  0.1493875696012569E+01  0.1011961825307822E+02
 0.1479243667337574E+01  0.3933398030705467E+01  0.4287722055860708E+00  0.1370737337493848E+01  0.1014435140235191E+02
 0.1592184155332721E+01  0.3890689267776246E+01  0.5210133155590679E+00  0.1531850905857219E+01  0.1010972546059924E+02
 0.1559049653303765E+01  0.3905283456382387E+01  0.4916639444244998E+00  0.1481530485328599E+01  0.1012218099233072E+02
 0.1590317361599828E+01  0.3886709632770121E+01  0.5248644070218216E+00  0.1536008782825819E+01  0.1010562340096720E+02
 0.1598210562425031E+01  0.3889474730411528E+01  0.5232914203958542E+00  0.1539257143518315E+01  0.1010870594123571E+02
 0.1541279185422274E+01  0.3911225319660495E+01  0.4776646858125791E+00  0.1457431853265021E+01  0.1012692069703098E+02
 0.1568331162239975E+01  0.3888064558596541E+01  0.5153545039690792E+00  0.1514540031970417E+01  0.1010557232840303E+02
 0.1608985831136467E+01  0.3882021783730639E+01  0.5353981725503242E+00  0.1559838638862012E+01  0.1010200854745066E+02
 0.1529868198114643E+01  0.3893542331271897E+01  0.4938925508497163E+00  0.1472612718569443E+01  0.1010823810348974E+02
 0.1597265227464973E+01  0.3880643825729434E+01  0.5329286261218725E+00  0.1551469554776822E+01  0.1010002645795661E+02
 0.1621380561370458E+01  0.3879085545438534E+01  0.5415713096771012E+00  0.1575612203376479E+01  0.1009973203373389E+02
 0.1595966482130887E+01  0.3890662560872279E+01  0.5199566920743407E+00  0.1535738029473925E+01  0.1010946026643958E+02
 0.1512589713225287E+01  0.3920805590126349E+01  0.4559296412334272E+00  0.1418366573830613E+01  0.1013456266752839E+02
 0.1583785001565243E+01  0.3894854999793618E+01  0.5096717928912607E+00  0.1518947155937274E+01  0.1011248405295897E+02
 0.1473196004894779E+01  0.3934177001928336E+01  0.4254570818782857E+00  0.1364871191150987E+01  0.1014555499809561E+02
 0.1486139388870345E+01  0.3899140822251038E+01  0.4660762379214098E+00  0.1427105081409343E+01  0.1011095494535349E+02
 0.1566488206780615E+01  0.3883988725448522E+01  0.5173475443522563E+00  0.1519209665116307E+01  0.1010105537424746E+02
 0.1527078612053470E+01  0.3888321107088625E+01  0.4937887171286683E+00  0.1479015193197811E+01  0.1010274892446394E+02
 0.1601388228582733E+01  0.3874984967894758E+01  0.5390522032443754E+00  0.1563857674917794E+01  0.1009445223527815E+02
 0.1568003830501737E+01  0.3877650920074410E+01  0.5207111578434651E+00  0.1531119638497743E+01  0.1009485082350259E+02
 0.1633267718618828E+01  0.3866854959312398E+01  0.5582681865257793E+00  0.1604839753032887E+01  0.1008860138194551E+02
 0.1608006412028305E+01  0.3867386326713489E+01  0.5462440095400268E+00  0.1582209119503449E+01  0.1008742218802104E+02
 0.1660260973126055E+01  0.3860095799982823E+01  0.5739260229055886E+00  0.1639650401794801E+01  0.1008383019446014E+02
 0.1559740911861451E+01  0.3902833385974283E+01  0.4910306212871506E+00  0.1486053787201211E+01  0.1011850179843473E+02
 0.1422504880578114E+01  0.3951916835168091E+01  0.3856793948516912E+00  0.1295819441011531E+01  0.1016055263400363E+02
 0.1619496261180978E+01  0.3880791406897011E+01  0.5359946136023896E+00  0.1572042284305077E+01  0.1010066186063926E+02
 0.1522564622035901E+01  0.3915269732345108E+01  0.4626165042715906E+00  0.1435203135194173E+01  0.1012823092467357E+02
 0.1362613764008485E+01  0.3973488949993934E+01  0.3369006403210635E+00  0.1214628981932770E+01  0.1017954919841565E+02
 0.1653281408415735E+01  0.3866809193820525E+01  0.5636050239378966E+00  0.1623353503185016E+01  0.1008967667195641E+02
 0.1600473003281029E+01  0.3887101672997231E+01  0.5209859489942068E+00  0.1545918952681236E+01  0.1010527737558195E+02
 0.1654253295046299E+01  0.3867127314469785E+01  0.5620441422220697E+00  0.1624135174947207E+01  0.1008976745631654E+02
 0.1566553126367872E+01  0.3898230429100014E+01  0.4955004538609383E+00  0.1499419904238663E+01  0.1011372534258527E+02
 0.1471615940338783E+01  0.3932775178388819E+01  0.4233620495787343E+00  0.1365396858887592E+01  0.1014253167893461E+02
 0.1296022628801667E+01  0.3998271659843223E+01  0.2807162267509680E+00  0.1124896661763248E+01  0.1020239059353046E+02
 0.1407907032209763E+01  0.3955424572200459E+01  0.3729840675469702E+00  0.1278197886320702E+01  0.1016192769037091E+02
 0.1227620553658339E+01  0.4024235786477401E+01  0.2205478522979647E+00  0.1034138258473005E+01  0.1022753857937335E+02
 0.1641716529930715E+01  0.3869480066380709E+01  0.5582012369019947E+00  0.1608557936717024E+01  0.1009173851655966E+02
 0.1625677813950021E+01  0.3878414171440118E+01  0.5422799684444293E+00  0.1580790732233365E+01  0.1009905376871610E+02
 0.1622309885830803E+01  0.3874295885311970E+01  0.5475433392789036E+00  0.1583591074624143E+01  0.1009531998114789E+02
 0.1334487842458247E+01  0.3982484211134921E+01  0.3128111567996074E+00  0.1178271804275767E+01  0.1018636398605390E+02
 0.1162222407586445E+01  0.4049271062499060E+01  0.1611223417604269E+00  0.9492093842995740E+00  0.1025307633644420E+02
 0.1450063931658464E+01  0.3938354793351902E+01  0.4065877702360984E+00  0.1339001581049626E+01  0.1014649767765145E+02
 0.1256874662658744E+01  0.4012053722808265E+01  0.2461168275031180E+00  0.1073900107638390E+01  0.1021462678671326E+02
 0.1106070297181907E+01  0.4070631904662320E+01  0.1079421272144717E+00  0.8782808139383871E+00  0.1027598567397061E+02
 0.1563552648191854E+01  0.3897182683367181E+01  0.4934352702801272E+00  0.1498832688861337E+01  0.1011227339725548E+02
 0.1370518332247058E+01  0.3967483730815138E+01  0.3427359295675848E+00  0.1229641492296654E+01  0.1017222023639352E+02
 0.1660508762259966E+01  0.3863777516906710E+01  0.5652374223283175E+00  0.1635732445563967E+01  0.1008683272444403E+02
 0.1495066375242462E+01  0.3920804826723799E+01  0.4416096688743655E+00  0.1403818682891901E+01  0.1013128345448344E+02
 0.1284248333728155E+01  0.4000355460312084E+01  0.2698227913798717E+00  0.1112171158009697E+01  0.1020284763038162E+02
 0.1181725603677999E+01  0.4041155305908461E+01  0.1787784036223755E+00  0.9749857619528999E+00  0.1024408042004707E+02
 0.1063339089494783E+01  0.4086579358235357E+01  0.6538284093501866E-01  0.8259005909063000E+00  0.1029396492129942E+02
 0.1116479194575566E+01  0.4066440305615334E+01  0.1176780999594098E+00  0.8915344812807675E+00  0.1027120031751136E+02
 0.1034293220120241E+01  0.4096926918289029E+01  0.3542035167577423E-01  0.7914508999258484E+00  0.1030605590093228E+02
 0.1721002075777339E+01  0.3842695600563650E+01  0.6107277016700968E+00  0.1721799481652330E+01  0.1007080724740185E+02
 0.1613986492436070E+01  0.3879288126182630E+01  0.5313478048172430E+00  0.1570780722229238E+01  0.1009867943184179E+02
 0.1699327703910456E+01  0.3851019840406016E+01  0.5951670150804729E+00  0.1688953172163300E+01  0.1007702609327230E+02
 0.1542868901339314E+01  0.3903694471225843E+01  0.4784935702007314E+00  0.1471289472971518E+01  0.1011790900979012E+02
 0.1650355035674891E+01  0.3868035254916891E+01  0.5614618995531956E+00  0.1618209573411036E+01  0.1008977333091657E+02
 0.1448695935485882E+01  0.3937665209486103E+01  0.4051455365668528E+00  0.1339470903555122E+01  0.1014618656524935E+02
 0.1067120948866777E+01  0.4085143403019724E+01  0.6912337877670148E-01  0.8305188231287547E+00  0.1029228717081940E+02
 0.1016555496691685E+01  0.4102792088217901E+01  0.1696649404982167E-01  0.7711283913648773E+00  0.1031302011568083E+02
 0.1124876119601292E+01  0.4062894577177845E+01  0.1251420499179368E+00  0.9024656294993867E+00  0.1026708647510930E+02
 0.1034615514417820E+01  0.4096892532539354E+01  0.3570381605802562E-01  0.7917819820749618E+00  0.1030612919052374E+02
 0.1006982660944427E+01  0.4105653900858055E+01  0.7072840874288143E-02  0.7605224602773020E+00  0.1031634402405772E+02
 0.1215508431906809E+01  0.4027045827074489E+01  0.2077449894498239E+00  0.1020504495802036E+01  0.1022905320488434E+02
 0.1069192082950129E+01  0.4084251346425926E+01  0.7087659157975140E-01  0.8331212017130333E+00  0.1029108201377484E+02
 0.1015697622973147E+01  0.4103165439513178E+01  0.1605449810062611E-01  0.7701006512716023E+00  0.1031360901900163E+02
 0.1002477477765232E+01  0.4106835841455636E+01  0.2488629964041929E-02  0.7556857000389473E+00  0.1031759874191425E+02
 0.1312283178845908E+01  0.3988794296185404E+01  0.2931959779042456E+00  0.1151253510393053E+01  0.1019144805322266E+02
 0.1199067450878394E+01  0.4033717449871566E+01  0.1941927992398841E+00  0.9985221024758455E+00  0.1023616590794667E+02
 0.1409034995876076E+01  0.3951969247813337E+01  0.3737955597030653E+00  0.1284476611006806E+01  0.1015789257589071E+02
 0.1721192278280402E+01  0.3840862592206940E+01  0.6126308529013784E+00  0.1724937446519718E+01  0.1006921079477853E+02
 0.1684211235690245E+01  0.3855796323042612E+01  0.5830551334800024E+00  0.1668959797737392E+01  0.1008092044305717E+02
 0.1612080982473607E+01  0.3881099483322490E+01  0.5293561398315048E+00  0.1565900323383317E+01  0.1009995903006835E+02
 0.1689331868494354E+01  0.3853468179457912E+01  0.5885357166332890E+00  0.1676746795560347E+01  0.1007917131510737E+02
 0.1516160916060394E+01  0.3915242872388250E+01  0.4575945777335744E+00  0.1430076883912384E+01  0.1012731568444004E+02
 0.1641496806645701E+01  0.3871513024068669E+01  0.5513936755220620E+00  0.1606415550036690E+01  0.1009289527888592E+02
 0.1680096541567736E+01  0.3855287716858158E+01  0.5846955722924329E+00  0.1665207330497780E+01  0.1008040085507433E+02
 0.1645691741003540E+01  0.3857927011717478E+01  0.5695692545366640E+00  0.1630382215166873E+01  0.1008074800495605E+02
 0.1679220735686751E+01  0.3849747555451944E+01  0.5895623445189015E+00  0.1673158595912723E+01  0.1007504477172898E+02
 0.1705638399853261E+01  0.3843709627729015E+01  0.6046394286910397E+00  0.1706414994966052E+01  0.1007098454682110E+02
 0.1000157391719348E+01  0.4107300681154965E+01  0.1597744412101415E-03  0.7532741351732646E+00  0.1031784844227014E+02
 0.9999870925979392E+00  0.4107306556520573E+01 -0.1094606269246381E-04  0.7531040466125547E+00  0.1031776799306522E+02
 0.1000744541910138E+01  0.4107199904278374E+01  0.7454472052580302E-03  0.7538771199683151E+00  0.1031783641582974E+02
 0.1002424410104484E+01  0.4106819251583666E+01  0.2435397513724655E-02  0.7556423776192058E+00  0.1031752220154318E+02
 0.1006317112949894E+01  0.4105783215704648E+01  0.6409728344601059E-02  0.7598312185936794E+00  0.1031640197544023E+02
 0.1000303755883956E+01  0.4107285037545792E+01  0.3090020105372583E-03  0.7534238924487116E+00  0.1031788300007439E+02
 0.1014157715213787E+01  0.4103476637506402E+01  0.1451937225596661E-01  0.7684886859530879E+00  0.1031376698385243E+02
 0.1028225501796824E+01  0.4098830966091693E+01  0.2922028010652324E-01  0.7845471228484598E+00  0.1030816145977131E+02
 0.1050370914780588E+01  0.4091167741116418E+01  0.5220736867895149E-01  0.8104719274721078E+00  0.1029920318480066E+02
 0.1083215926008730E+01  0.4078808461940795E+01  0.8579139664361279E-01  0.8504251111702220E+00  0.1028475151683398E+02
 0.1016457735913081E+01  0.4102853996497047E+01  0.1697243974456138E-01  0.7710660697271177E+00  0.1031330332802391E+02
 0.1003282398012561E+01  0.4106634121115841E+01  0.3325149407742796E-02  0.7565577888930332E+00  0.1031743390491398E+02
 0.1125545556946840E+01  0.4063035031398176E+01  0.1270373008217760E+00  0.9027918879770378E+00  0.1026742785047583E+02
 0.1178610402393479E+01  0.4042311410025095E+01  0.1768500433628182E+00  0.9709000939801915E+00  0.1024519568232903E+02
 0.1233485089009737E+01  0.4021715353456141E+01  0.2267624869401709E+00  0.1041835442054835E+01  0.1022437658533126E+02
 0.1294491003088298E+01  0.3998480715667439E+01  0.2792929065706709E+00  0.1123016083986632E+01  0.1020176345543150E+02
 0.1124108455928600E+01  0.4063961905114240E+01  0.1265359324907680E+00  0.9006603682938040E+00  0.1026895372748795E+02
 0.1347547507941351E+01  0.3979382257575588E+01  0.3241527888593733E+00  0.1193213232340267E+01  0.1018395472288877E+02
 0.1401675122765551E+01  0.3959924331937237E+01  0.3673537044779275E+00  0.1266435222482231E+01  0.1016676352063031E+02
 0.1441603868779114E+01  0.3946333616733659E+01  0.3994472240691018E+00  0.1319518081161312E+01  0.1015483486909022E+02
 0.1327106717693203E+01  0.3987772351305891E+01  0.3112760705840661E+00  0.1163777977843693E+01  0.1019193232618884E+02
 0.1222419273944997E+01  0.4026508948743253E+01  0.2195532267514707E+00  0.1026362642145504E+01  0.1022952868263818E+02
 0.1053196856055781E+01  0.4090370718881556E+01  0.5525511946512333E-01  0.8137626610817663E+00  0.1029874187201199E+02
 0.6793387239843588E+00  0.3957279087100783E+01 -0.1397679322288812E-03  0.6297024995243923E+00  0.1014736514297461E+02
 0.6632467779425593E+00  0.3977821622540566E+01 -0.1130372162819576E+00  0.5976655731603554E+00  0.1017072353614559E+02
 0.6634810309848613E+00  0.3957671143954775E+01 -0.2178892335535055E-03  0.6147834467930456E+00  0.1014808771327604E+02
 0.6426223442264911E+00  0.3982640246211522E+01 -0.1426273553009688E+00  0.5748435630675192E+00  0.1017720249040033E+02
 0.5937395899890052E+00  0.4033043739953380E+01 -0.2913253688991384E+00  0.4908262571178509E+00  0.1024182924580228E+02
 0.6540159113098025E+00  0.3951572256723630E+01 -0.1969715959610713E-03  0.6106561194218894E+00  0.1014171726194648E+02
 0.6242544309371129E+00  0.3986493572879152E+01 -0.1683080478891497E+00  0.5549719921804659E+00  0.1018276856193766E+02
 0.6541120952639445E+00  0.3936804655791337E+01 -0.1662837598803148E-03  0.6214340661174248E+00  0.1012432085606970E+02
 0.6028260197323233E+00  0.3992953383412532E+01 -0.2037518021355313E+00  0.5302153416024354E+00  0.1019146958148327E+02
 0.5372422988628484E+00  0.4059493104712104E+01 -0.3975154877328367E+00  0.4218537185606144E+00  0.1028180290719553E+02
 0.5675110113317509E+00  0.4044579722381838E+01 -0.3384158583412939E+00  0.4591353800424785E+00  0.1025915878686024E+02
 0.5256664779958404E+00  0.4092722681657523E+01 -0.4714697939330411E+00  0.3877110843359628E+00  0.1033023381572538E+02
 0.5004913992251498E+00  0.4104727090919304E+01 -0.5270960680563505E+00  0.3580921808531463E+00  0.1035201034770266E+02
 0.4975696967626276E+00  0.4123674601099499E+01 -0.5649379282768571E+00  0.3422946775990864E+00  0.1038175635780808E+02
 0.5118426149735746E+00  0.4118999878915403E+01 -0.5279244155779210E+00  0.3579304094146728E+00  0.1037067657022078E+02
 0.5160331781483054E+00  0.4129649477064064E+01 -0.5247698583453410E+00  0.3548511293646591E+00  0.1038382353382254E+02
 0.5201884798998766E+00  0.4128839578389979E+01 -0.5316706461172289E+00  0.3576400759378575E+00  0.1038379541329802E+02
 0.5468818968667984E+00  0.4085767814029214E+01 -0.4291584708224305E+00  0.4106318633353791E+00  0.1031598837048612E+02
 0.6206242998025404E+00  0.4020888375167382E+01 -0.2559390916574915E+00  0.5236492919535701E+00  0.1022588915867296E+02
 0.6754316273133227E+00  0.3975710305286579E+01 -0.1125656954809011E+00  0.6103186469098569E+00  0.1016846665718421E+02
 0.5803993960747965E+00  0.4060586411131441E+01 -0.3632259859382587E+00  0.4573575798934256E+00  0.1028015986051697E+02
 0.6573172398513921E+00  0.4106689498779708E+01 -0.3255125541380396E+00  0.4855636674979585E+00  0.1033219154776543E+02
 0.7024385458152917E+00  0.4098805247225667E+01 -0.2681395163573870E+00  0.5287966247220136E+00  0.1031805478585674E+02
 0.6441023184319584E+00  0.4108662459194121E+01 -0.3537362957010916E+00  0.4725136781151099E+00  0.1033711912871771E+02
 0.7132344836195532E+00  0.4096146577814294E+01 -0.2551989653443055E+00  0.5398061469135939E+00  0.1031387781966556E+02
 0.7608217625582887E+00  0.4087831670025248E+01 -0.1915711267968568E+00  0.5862909159060636E+00  0.1030003910282980E+02
 0.7266867063237591E+00  0.4093056023160476E+01 -0.2416427145823549E+00  0.5533072935154710E+00  0.1030927704880962E+02
 0.7726761100728778E+00  0.4084793532727977E+01 -0.1777361944939691E+00  0.5987140992224596E+00  0.1029570864258321E+02
 0.8232656235939337E+00  0.4075444305240880E+01 -0.1152945802114314E+00  0.6490698152426186E+00  0.1028229141953496E+02
 0.7413195000479680E+00  0.4089827380236478E+01 -0.2144778637214147E+00  0.5685645671187041E+00  0.1030375167272543E+02
 0.7889402159029035E+00  0.4080781855047628E+01 -0.1578259294776398E+00  0.6158164983566053E+00  0.1029024897995073E+02
 0.7527826374612256E+00  0.4086700474385530E+01 -0.1995409085889445E+00  0.5807641696917852E+00  0.1029919331448302E+02
 0.8037120546534634E+00  0.4076915340145532E+01 -0.1405164837011233E+00  0.6315521156827247E+00  0.1028497680327591E+02
 0.8533889487334730E+00  0.4067476980376590E+01 -0.8201163187147001E-01  0.6815250984816057E+00  0.1027207288664361E+02
 0.8384473829185304E+00  0.4071495812564123E+01 -0.9831105536300067E-01  0.6653478293513015E+00  0.1027724037184416E+02
 0.8891643144419051E+00  0.4061792633457157E+01 -0.4141091927314444E-01  0.7165241579856481E+00  0.1026453709370804E+02
 0.9047804370816084E+00  0.4057612367148972E+01 -0.2509099883628968E-01  0.7336557233865570E+00  0.1025958892162067E+02
 0.9611674470205879E+00  0.4046246041019604E+01  0.3325742230570300E-01  0.7917592826296416E+00  0.1024597529307282E+02
 0.7656060518826511E+00  0.4083204671369681E+01 -0.1824417470886626E+00  0.5945402877494304E+00  0.1029432677827712E+02
 0.8172325743960666E+00  0.4073259569320481E+01 -0.1251746259665643E+00  0.6461203206769938E+00  0.1028010580539688E+02
 0.7785056657030310E+00  0.4079841274693698E+01 -0.1627774227557562E+00  0.6085539958386929E+00  0.1029003818849195E+02
 0.8308743190434335E+00  0.4069537903468224E+01 -0.1106086423159455E+00  0.6608852837527743E+00  0.1027521013061748E+02
 0.8838461572983841E+00  0.4059263818236395E+01 -0.4932720397975069E-01  0.7147957018502430E+00  0.1026186087681455E+02
 0.8716900112648832E+00  0.4059285385611883E+01 -0.6101044587036750E-01  0.7048379825218745E+00  0.1026222977049473E+02
 0.9233820570615641E+00  0.4048960032132703E+01 -0.6935871521953708E-02  0.7581485016222038E+00  0.1024970305810321E+02
 0.8488890694639862E+00  0.4065037450785800E+01 -0.9433594070625816E-01  0.6800609906401952E+00  0.1026951136704545E+02
 0.9004693409866619E+00  0.4054844328877739E+01 -0.3177337736229801E-01  0.7330124459458529E+00  0.1025647044651614E+02
 0.9580442739475920E+00  0.4043242546720973E+01  0.2869297897706160E-01  0.7928560727591305E+00  0.1024326102896224E+02
 0.9794274947891441E+00  0.4037534758740269E+01  0.5012025885770747E-01  0.8167763507161733E+00  0.1023693055913536E+02
 0.1036062411421424E+01  0.4026039321478596E+01  0.1035916434637230E+00  0.8764653483705961E+00  0.1022475707519107E+02
 0.9780945281698291E+00  0.4041795868780109E+01  0.5008736335358413E-01  0.8105889869314482E+00  0.1024116877748775E+02
 0.1048589955390389E+01  0.4026872556830430E+01  0.1166428007107705E+00  0.8855569045137954E+00  0.1022595815570393E+02
 0.9955576509644312E+00  0.4037005969336186E+01  0.6627452861972721E-01  0.8303213548515945E+00  0.1023597073276518E+02
 0.1069648120281727E+01  0.4021747452157745E+01  0.1371608373715177E+00  0.9089307779630363E+00  0.1022100149301400E+02
 0.1015216672265063E+01  0.4031784860572276E+01  0.8445809038619102E-01  0.8525688787886769E+00  0.1023068633684621E+02
 0.1080104381175216E+01  0.4018214903794562E+01  0.1454870908508013E+00  0.9214703695322349E+00  0.1021643588003361E+02
 0.1100111314654725E+01  0.4013184134375776E+01  0.1624689984982781E+00  0.9441959782915926E+00  0.1021170435392738E+02
 0.1137508747742423E+01  0.4006495637120194E+01  0.1970469299205939E+00  0.9833882195186842E+00  0.1020669356066624E+02
 0.9388376576279480E+00  0.4048417534845817E+01  0.9374772526620940E-02  0.7714156603128295E+00  0.1024906366701888E+02
 0.9211816784284289E+00  0.4053167225762124E+01 -0.8456977960986340E-02  0.7518009190174351E+00  0.1025443467001142E+02
 0.8682974681154552E+00  0.4063449137809012E+01 -0.6591622797828200E-01  0.6977791137223264E+00  0.1026702588291763E+02
 0.6654859150451168E+00  0.4104653451327729E+01 -0.3108735509132290E+00  0.4942115566853051E+00  0.1032899274021384E+02
 0.1331046695491000E+01  0.3941205726511739E+01  0.3537871359945148E+00  0.1232941938281804E+01  0.1014487153229793E+02
 0.1382828448471513E+01  0.3932556405009470E+01  0.3930727657269305E+00  0.1288305057876971E+01  0.1013886526407084E+02
 0.1295465598811683E+01  0.3951056075459604E+01  0.3263142803300085E+00  0.1189063159167984E+01  0.1015332627108375E+02
 0.1445685663596868E+01  0.3909985328899096E+01  0.4379701109623165E+00  0.1376026583870920E+01  0.1011944126550680E+02
 0.1418723820044668E+01  0.3922937990037719E+01  0.4187300389841397E+00  0.1332868643867177E+01  0.1013109921383845E+02
 0.1470650737906189E+01  0.3913503170160128E+01  0.4521525270160774E+00  0.1391283284551089E+01  0.1012505554886097E+02
 0.1455447987213053E+01  0.3913155029306621E+01  0.4442570638933132E+00  0.1378757418474037E+01  0.1012334313350038E+02
 0.1504099191372811E+01  0.3904738124073341E+01  0.4744193608537373E+00  0.1433247924321772E+01  0.1011826315243434E+02
 0.1540907194415971E+01  0.3899380812702010E+01  0.4947666735467277E+00  0.1473287692502462E+01  0.1011527510034008E+02
 0.1492652901699266E+01  0.3903315294811990E+01  0.4694173311232572E+00  0.1425532707940659E+01  0.1011569384227600E+02
 0.1536915200258210E+01  0.3896194071843013E+01  0.4956418391184373E+00  0.1474659633345705E+01  0.1011172745728960E+02
 0.1567225143522196E+01  0.3892592705740500E+01  0.5110903965425642E+00  0.1506624943881294E+01  0.1011007769655635E+02
 0.1579721506747141E+01  0.3893708800607754E+01  0.5142636848373963E+00  0.1516116491914467E+01  0.1011205909224310E+02
 0.1406286562229489E+01  0.3920610441539977E+01  0.4097425438216681E+00  0.1326593082655236E+01  0.1012786397973068E+02
 0.1368041410608704E+01  0.3931026815101572E+01  0.3816262573186704E+00  0.1278863234706147E+01  0.1013633833113011E+02
 0.1518183122615226E+01  0.3913505025715971E+01  0.4716069875429900E+00  0.1432440104560643E+01  0.1012777389721143E+02
 0.1530776246674017E+01  0.3914099758886378E+01  0.4728906938339191E+00  0.1442734745858346E+01  0.1012811555374220E+02
 0.1535234959742150E+01  0.3909430157803317E+01  0.4828640616592330E+00  0.1453392518573133E+01  0.1012512745220283E+02
 0.1532631627058486E+01  0.3914942859725283E+01  0.4753625556051981E+00  0.1442661912772905E+01  0.1012961666450988E+02
 0.1550803378812977E+01  0.3905540963031401E+01  0.4920555308496828E+00  0.1472930540819056E+01  0.1012214814465016E+02
 0.1534871236443130E+01  0.3914633876821391E+01  0.4755760775661148E+00  0.1445511949620815E+01  0.1012971699045493E+02
 0.1562330196680790E+01  0.3902699385334892E+01  0.4984585678726021E+00  0.1487511056073000E+01  0.1012003808225573E+02
 0.1530000187677070E+01  0.3916707537480189E+01  0.4700195949682796E+00  0.1438297342036451E+01  0.1013091694423761E+02
 0.1568320524623409E+01  0.3901483833190242E+01  0.5010387222494744E+00  0.1494789812470049E+01  0.1011909544397475E+02
 0.1522306782449138E+01  0.3919158831946923E+01  0.4632169799850410E+00  0.1428461514904658E+01  0.1013307108216095E+02
 0.1477963415872233E+01  0.3935708189024579E+01  0.4320838285710006E+00  0.1364569379665136E+01  0.1014643977075967E+02
 0.1512752415425926E+01  0.3924029843615464E+01  0.4591909616536286E+00  0.1411429458907985E+01  0.1013698526000643E+02
 0.1562206052825992E+01  0.3898135438942163E+01  0.5039618357548862E+00  0.1493923372249218E+01  0.1011544587010995E+02
 0.1541009245039433E+01  0.3903567116124618E+01  0.4909358525608915E+00  0.1467147917807581E+01  0.1011960089729526E+02
 0.1517040630527028E+01  0.3909777669518595E+01  0.4757726571651710E+00  0.1436961109684178E+01  0.1012439385197207E+02
 0.1482842643798912E+01  0.3914487022166537E+01  0.4571075475183464E+00  0.1400314740049071E+01  0.1012693997862284E+02
 0.1512593907819903E+01  0.3906711325330982E+01  0.4766498427454838E+00  0.1437615899725536E+01  0.1012087132823974E+02
 0.1437009824568986E+01  0.3922375481725045E+01  0.4291910920907706E+00  0.1349320689382312E+01  0.1013206234285330E+02
 0.1490955262327023E+01  0.3916560279633146E+01  0.4588557019536919E+00  0.1404285541319369E+01  0.1012967066528960E+02
 0.1467362524657330E+01  0.3923348425845773E+01  0.4427799714947128E+00  0.1373829332898935E+01  0.1013500251623273E+02
 0.1419561415870652E+01  0.3931043093137996E+01  0.4138709795467845E+00  0.1321849431089578E+01  0.1014011320230657E+02
 0.1478538616126126E+01  0.3923889716028625E+01  0.4446177599882125E+00  0.1382972400768098E+01  0.1013570875375833E+02
 0.1441884553885079E+01  0.3929821886365915E+01  0.4253323989184064E+00  0.1342537620920187E+01  0.1013995196902827E+02
 0.1420047906210856E+01  0.3936312171333525E+01  0.4094675282796302E+00  0.1314535092799936E+01  0.1014535285480814E+02
 0.1358886897051819E+01  0.3947096685168177E+01  0.3697579798969690E+00  0.1247350664498325E+01  0.1015294881784978E+02
 0.1388661816771233E+01  0.3939232876683636E+01  0.3917171783666377E+00  0.1283754859822273E+01  0.1014663560213745E+02
 0.1333569862238665E+01  0.3949481871666383E+01  0.3541144138590689E+00  0.1222720343960042E+01  0.1015409605368086E+02
 0.1302627417104968E+01  0.3957733038523502E+01  0.3304366374333350E+00  0.1185216677136381E+01  0.1016108512448302E+02
 0.1243789802031286E+01  0.3969307293192722E+01  0.2857824727842023E+00  0.1120204812355345E+01  0.1017013191455874E+02
 0.1345154389680794E+01  0.3942539994568376E+01  0.3654856024540357E+00  0.1242181567402062E+01  0.1014722333706581E+02
 0.1304610707300162E+01  0.3952947595302939E+01  0.3332058424223292E+00  0.1193521673942709E+01  0.1015553266891163E+02
 0.1248680787336820E+01  0.3963665317388516E+01  0.2824983665003442E+00  0.1132940213355696E+01  0.1016349833332289E+02
 0.1274126408157898E+01  0.3961056477981630E+01  0.3095635400475291E+00  0.1156815935635851E+01  0.1016272075794138E+02
 0.1214874375625781E+01  0.3972627185701864E+01  0.2605174329668598E+00  0.1091979811245262E+01  0.1017192242266639E+02
 0.1183113724144472E+01  0.3981683022533021E+01  0.2367689177132400E+00  0.1053187563842233E+01  0.1018038676710298E+02
 0.1125516817293169E+01  0.3993029004270713E+01  0.1894049851833387E+00  0.9907403599977206E+00  0.1019071172680263E+02
 0.1153487740618117E+01  0.3985392950873738E+01  0.2199054706665660E+00  0.1023520189650230E+01  0.1018417383602964E+02
 0.1366256180407369E+01  0.3940896255590782E+01  0.3785901098355860E+00  0.1262429843497626E+01  0.1014701359566043E+02
 0.1402239102495659E+01  0.3931558093333349E+01  0.4048976137046624E+00  0.1306336008997860E+01  0.1013956349700375E+02
 0.1451765056439755E+01  0.3922628575456621E+01  0.4362140605789698E+00  0.1361621487473924E+01  0.1013341783694778E+02
 0.1427343764669099E+01  0.3937022761223404E+01  0.4115064552038196E+00  0.1319797991316424E+01  0.1014637591322698E+02
 0.1392885649829108E+01  0.3943017467202222E+01  0.3912978032903510E+00  0.1281760952553357E+01  0.1015079985596941E+02
 0.1368223542632800E+01  0.3949956308042462E+01  0.3734898452865349E+00  0.1251018483785411E+01  0.1015666921327341E+02
 0.1302735829974522E+01  0.3962165792222351E+01  0.3271145932424034E+00  0.1179036538332896E+01  0.1016549717823144E+02
 0.1378160562434144E+01  0.3949790695039508E+01  0.3767891425659330E+00  0.1259877454145283E+01  0.1015684130113347E+02
 0.1340967689694243E+01  0.3956682214478298E+01  0.3541064237629361E+00  0.1218575352397483E+01  0.1016218362103297E+02
 0.1317513391311626E+01  0.3963283652268753E+01  0.3360920644427898E+00  0.1189773186081083E+01  0.1016789877447310E+02
 0.1249369651834433E+01  0.3976510115626330E+01  0.2854430962700262E+00  0.1114901689970907E+01  0.1017798361967932E+02
 0.1275912687056461E+01  0.3969422513741075E+01  0.3063142627312240E+00  0.1146618810687819E+01  0.1017173570173611E+02
 0.1217289012339651E+01  0.3980843570117376E+01  0.2619716864461087E+00  0.1082655452514143E+01  0.1018136948202451E+02
 0.1190655077908046E+01  0.3988117682500048E+01  0.2397654232731158E+00  0.1051003724960891E+01  0.1018806127404552E+02
 0.1132250379813535E+01  0.3999945800782899E+01  0.1921319221829645E+00  0.9875427356167111E+00  0.1019872719359854E+02
 0.1326491255954289E+01  0.3963323347586320E+01  0.3382273470450653E+00  0.1197666592862115E+01  0.1016837270262438E+02
 0.1290680361784132E+01  0.3969938845447432E+01  0.3160623395257072E+00  0.1158195294390328E+01  0.1017353625677500E+02
 0.1264437883789759E+01  0.3977381100649371E+01  0.2945624721538000E+00  0.1126511129434399E+01  0.1018046003762364E+02
 0.1198322543881316E+01  0.3990248833441588E+01  0.2438579871771042E+00  0.1054403183213512E+01  0.1019052451805449E+02
 0.1172310650166356E+01  0.3997272035712287E+01  0.2244563567709943E+00  0.1023221697148925E+01  0.1019634395375616E+02
 0.1115341567149048E+01  0.4008544767185571E+01  0.1744413695987610E+00  0.9627703707191620E+00  0.1020744734911839E+02
 0.1233256414984354E+01  0.3984799961339550E+01  0.2752605440780510E+00  0.1089808438539355E+01  0.1018640848874070E+02
 0.1105108059111900E+01  0.4007244240417556E+01  0.1676739557883089E+00  0.9559979651018116E+00  0.1020574031192953E+02
 0.1042411040758224E+01  0.4020333787811076E+01  0.1113298785378165E+00  0.8883220882898826E+00  0.1021818964739469E+02
 0.1080751837785564E+01  0.4013844305936349E+01  0.1452902627405163E+00  0.9278148295149365E+00  0.1021225311268308E+02
 0.1021199732544515E+01  0.4026094982665742E+01  0.9072915553321430E-01  0.8641454564373542E+00  0.1022435157745705E+02
 0.9651933689904545E+00  0.4037390119912489E+01  0.3314531516236370E-01  0.8052439753146098E+00  0.1023651514573310E+02
 0.1057947170490915E+01  0.4020068107933275E+01  0.1240789291213940E+00  0.9015489624029661E+00  0.1021859214899442E+02
 0.1000408002018575E+01  0.4031796948173421E+01  0.7069249485074071E-01  0.8404741223066688E+00  0.1023052039761741E+02
 0.9446421991041544E+00  0.4043192410065676E+01  0.1465814620010445E-01  0.7818754905277931E+00  0.1024304700718308E+02
 0.8900488073112647E+00  0.4054138909736998E+01 -0.3983466797315795E-01  0.7252948228071648E+00  0.1025604783678079E+02
 0.1139196866500654E+01  0.4002051448117181E+01  0.1954904571601901E+00  0.9905650359718129E+00  0.1020113936678568E+02
 0.1164263963201876E+01  0.3995258882032779E+01  0.2173183192402529E+00  0.1019917340652053E+01  0.1019470786712721E+02
 0.1223811599069961E+01  0.3983415150756408E+01  0.2647423575513367E+00  0.1084442782820727E+01  0.1018414003760901E+02
 0.9088784935873588E+00  0.4049052438283534E+01 -0.1580544800323381E-01  0.7464021875623479E+00  0.1025062346383863E+02
 0.9887682611109094E+00  0.4031219913430489E+01  0.5214992118521263E-01  0.8317031772838867E+00  0.1022960370991030E+02
 0.1020477277596395E+01  0.4022786286833127E+01  0.9028315856730390E-01  0.8675452543264458E+00  0.1022082219847318E+02
 0.1071647414466185E+01  0.4012674572655171E+01  0.1401226071972695E+00  0.9216056444473792E+00  0.1021056981619330E+02
 0.1096807171057229E+01  0.4001070840079800E+01  0.1619026432837533E+00  0.9569033544713120E+00  0.1019850134942880E+02
 0.1153238605135564E+01  0.3990032843491965E+01  0.2123597102854242E+00  0.1017390509862675E+01  0.1018823676680312E+02
 0.1070145482932645E+01  0.4008631659547191E+01  0.1370820122887273E+00  0.9255104959897139E+00  0.1020607335835287E+02
 0.1158979395987442E+01  0.3992597665204944E+01  0.2155013823257868E+00  0.1018962704791244E+01  0.1019161263894319E+02
 0.1186004250137434E+01  0.3985139604215735E+01  0.2385405856290644E+00  0.1051027066127388E+01  0.1018459876892388E+02
 0.1244599945340265E+01  0.3973408505156919E+01  0.2843362929413579E+00  0.1115310609701311E+01  0.1017471054898919E+02
 0.1214293034225262E+01  0.3977370935847048E+01  0.2620122983765789E+00  0.1084790107438800E+01  0.1017744293736231E+02
 0.1272973616262216E+01  0.3965706007332793E+01  0.3071737646558347E+00  0.1149427994307286E+01  0.1016795799165414E+02
 0.1330677590579969E+01  0.3954719256371236E+01  0.3483373068974216E+00  0.1212847546357034E+01  0.1015919937428805E+02
 0.1125223105049706E+01  0.3997862799664207E+01  0.1884592260685146E+00  0.9841564648382469E+00  0.1019579265565237E+02
 0.1098790191140451E+01  0.4005254369736295E+01  0.1651598425816322E+00  0.9530504506984737E+00  0.1020307879422933E+02
 0.1044694305804017E+01  0.4015888215231998E+01  0.1132600893861758E+00  0.8957066328206940E+00  0.1021355886582142E+02
 0.1094951426558153E+01  0.4017488480754364E+01  0.1538308358141149E+00  0.9351155579040479E+00  0.1021700054655922E+02
 0.1035343323307561E+01  0.4030850183863908E+01  0.1022342940171882E+00  0.8702530791328925E+00  0.1023046605511459E+02
 0.9457912349851352E+00  0.4050388035900071E+01  0.1704511744743210E-01  0.7746756771396751E+00  0.1025065893870666E+02
 0.9300441087565475E+00  0.4054552142482939E+01  0.3054159979178251E-03  0.7573806026401018E+00  0.1025556938768782E+02
 0.8741450541272935E+00  0.4065758417587413E+01 -0.5773432660845410E-01  0.7001785502023523E+00  0.1026932909693692E+02
 0.9122715019167865E+00  0.4059729220628131E+01 -0.1446248177126243E-01  0.7370550529581439E+00  0.1026063995081492E+02
 0.8598249365667490E+00  0.4069556196498821E+01 -0.7359789994872369E-01  0.6846565791115218E+00  0.1027403812518249E+02
 0.8533037469444131E+00  0.4071864749548835E+01 -0.7902966867003418E-01  0.6769144885644666E+00  0.1027638079048567E+02
 0.7969974458663072E+00  0.4082261711446562E+01 -0.1456780401817619E+00  0.6210825004830347E+00  0.1029123615037992E+02
 0.8096057915242018E+00  0.4078999190078716E+01 -0.1309672520553472E+00  0.6344888884155663E+00  0.1028694596862142E+02
 0.7492382247067325E+00  0.4090798064691070E+01 -0.2053557491106938E+00  0.5742129090683149E+00  0.1030438899599342E+02
 0.9720976660944266E+00  0.4046921578611095E+01  0.4443991535640777E-01  0.8000714641014569E+00  0.1024736481464135E+02
 0.9984662984713176E+00  0.4040755004567391E+01  0.6401082077617901E-01  0.8289559930428841E+00  0.1024147248859530E+02
 0.1014940511504106E+01  0.4035817035611129E+01  0.8205877266097600E-01  0.8477645054516620E+00  0.1023548869723278E+02
 0.1055286734646399E+01  0.4027966180753725E+01  0.1145002290080352E+00  0.8902072491486134E+00  0.1022773360244198E+02
 0.6889604059825266E+00  0.4101800653311501E+01 -0.2858346968829920E+00  0.5152407762720376E+00  0.1032286633845813E+02
 0.6783329615834697E+00  0.4104256712853449E+01 -0.2993492477444698E+00  0.5045905779200639E+00  0.1032693802232227E+02
 0.6296915472237433E+00  0.4111637831835083E+01 -0.3713037444949478E+00  0.4585889124588929E+00  0.1034240476007721E+02
 0.5859299523896740E+00  0.4118215888678190E+01 -0.4364412123611789E+00  0.4179746649479942E+00  0.1035847306144150E+02
 0.6686477072721606E+00  0.4106505239754076E+01 -0.3117897652327916E+00  0.4948974206103159E+00  0.1033066592040863E+02
 0.6215436295026854E+00  0.4113439310617011E+01 -0.3815456596398563E+00  0.4506840944657008E+00  0.1034574132358931E+02
 0.6594609607773649E+00  0.4108767228893620E+01 -0.3232130217228878E+00  0.4856734275136791E+00  0.1033439320956568E+02
 0.6136763363884150E+00  0.4115127818526386E+01 -0.3920219770836389E+00  0.4430610700689888E+00  0.1034892513986760E+02
 0.5668439327864168E+00  0.4121311072058952E+01 -0.4647944555581576E+00  0.4000982371930953E+00  0.1036520669831341E+02
 0.5736338243942172E+00  0.4120128447565096E+01 -0.4543810140222106E+00  0.4064653517074657E+00  0.1036240981374134E+02
 0.5258266656516604E+00  0.4126432802098894E+01 -0.5300795897429142E+00  0.3630429804009212E+00  0.1038027426454411E+02
 0.5179285526994927E+00  0.4127341285133357E+01 -0.5433454710257569E+00  0.3559743026579313E+00  0.1038334488675257E+02
 0.4746458537630248E+00  0.4131280080743921E+01 -0.6206264250769544E+00  0.3180152581453712E+00  0.1040133949050879E+02
 0.6478930738116389E+00  0.4113177753343169E+01 -0.3306554459395021E+00  0.4731473816248083E+00  0.1033949766872303E+02
 0.6061956403280515E+00  0.4116903438214170E+01 -0.4017273841748719E+00  0.4357439033480275E+00  0.1035218261371665E+02
 0.6027405706303433E+00  0.4119337383705217E+01 -0.4010050157947863E+00  0.4316273949315169E+00  0.1035514296069821E+02
 0.5558852315068380E+00  0.4123745363267941E+01 -0.4806014172027480E+00  0.3896400869412150E+00  0.1037046729472898E+02
 0.5496681746621536E+00  0.4127465724943878E+01 -0.4806721568201385E+00  0.3827408869976409E+00  0.1037429106722849E+02
 0.5142899966418996E+00  0.4128287992049863E+01 -0.5487187644194822E+00  0.3525942341195564E+00  0.1038591249103625E+02
 0.5844343447467584E+00  0.4122764669485549E+01 -0.4183511884765804E+00  0.4148360204231586E+00  0.1036062246415174E+02
 0.4709121273355710E+00  0.4131912541025090E+01 -0.6255149607759758E+00  0.3147116697825321E+00  0.1040274092005080E+02
 0.4363587042513746E+00  0.4133359271758829E+01 -0.6868877125605286E+00  0.2859887935750855E+00  0.1041673278226363E+02
 0.4756207573104808E+00  0.4131006102970844E+01 -0.6152692421510698E+00  0.3192077301081709E+00  0.1039973180813469E+02
 0.4507670047006817E+00  0.4128556481760478E+01 -0.6465074182604983E+00  0.3011238537911348E+00  0.1040153898298895E+02
 0.4529161394913674E+00  0.4116801982428380E+01 -0.5893909048757677E+00  0.3131331166873012E+00  0.1037614777954011E+02
 0.4848986254910089E+00  0.4128146391432132E+01 -0.5942859314234930E+00  0.3287496071601247E+00  0.1039232407827529E+02
 0.4746604181080010E+00  0.4117582442406679E+01 -0.5873622292526329E+00  0.3279990839547343E+00  0.1037728578598069E+02
 0.5005699351450589E+00  0.4081066339418943E+01 -0.4754413915651385E+00  0.3756311865301419E+00  0.1031659100779632E+02
 0.5727980558626037E+00  0.4012357780340063E+01 -0.2739144311340431E+00  0.4878610187611562E+00  0.1021631094457303E+02
 0.5134655888839966E+00  0.4128167796675360E+01 -0.5518146960161776E+00  0.3518465628165661E+00  0.1038623149989399E+02
 0.5148756217089063E+00  0.4127799407775677E+01 -0.5493506578965021E+00  0.3532009654105328E+00  0.1038523902877033E+02
 0.5609584342671811E+00  0.4122436779919073E+01 -0.4737190665517800E+00  0.3945459022380766E+00  0.1036780360553280E+02
 0.6869502850117160E+00  0.4106655672856790E+01 -0.2689736909248409E+00  0.5104412906580217E+00  0.1032611931703855E+02
 0.7090912886065374E+00  0.4101819521583587E+01 -0.2504395033414781E+00  0.5321549743063423E+00  0.1032000807149057E+02
 0.7152794121744491E+00  0.4099205151355553E+01 -0.2465919471479194E+00  0.5391992331582608E+00  0.1031672076847663E+02
 0.7258304837024468E+00  0.4096565307959600E+01 -0.2339328619120324E+00  0.5500558591247394E+00  0.1031286007021236E+02
 0.7744214320615848E+00  0.4088107589500293E+01 -0.1710280398433829E+00  0.5971952786134269E+00  0.1029881274436173E+02
 0.7371193644233155E+00  0.4093778978969118E+01 -0.2201756093472421E+00  0.5616928412183075E+00  0.1030877855820616E+02
 0.7855710978763442E+00  0.4085318130044484E+01 -0.1584371282774173E+00  0.6088788144465447E+00  0.1029515807966595E+02
 0.8415860184130690E+00  0.4074462754816595E+01 -0.9169164819324382E-01  0.6647155731109847E+00  0.1027941894659440E+02
 0.8906852094583612E+00  0.4064955954707209E+01 -0.3782045350877748E-01  0.7147780092149492E+00  0.1026890743171712E+02
 0.8357841573322808E+00  0.4076743027861081E+01 -0.9789442969887931E-01  0.6582418411194195E+00  0.1028364342513884E+02
 0.7610711530379295E+00  0.4092443129229455E+01 -0.1813560237300557E+00  0.5824329925104756E+00  0.1030369189937563E+02
 0.8104802000422694E+00  0.4082757136233466E+01 -0.1210554960219185E+00  0.6317937711800256E+00  0.1029060556772833E+02
 0.1502189794735872E+01  0.3926039509986712E+01 -0.4468307671218554E+00  0.1400944995996407E+01  0.1013822663313447E+02
 0.1522080712656445E+01  0.3919278166421739E+01 -0.4629769437320126E+00  0.1428151407725295E+01  0.1013326669905697E+02
 0.1568008111895129E+01  0.3902051960275747E+01 -0.4992978569555236E+00  0.1493890535022242E+01  0.1011948237967109E+02
 0.1568349953425445E+01  0.3901488749636107E+01 -0.5010604984227318E+00  0.1494752123688921E+01  0.1011902074818592E+02
 0.1562326724832838E+01  0.3902723147899221E+01 -0.4984535605592932E+00  0.1487436468698121E+01  0.1012001426124145E+02
 0.1529754828565179E+01  0.3916820468581106E+01 -0.4697404437121293E+00  0.1437987063260520E+01  0.1013109797302226E+02
 0.1534676752010408E+01  0.3914720973079048E+01 -0.4753348639009051E+00  0.1445268572483407E+01  0.1012984516639358E+02
 0.1550774873935423E+01  0.3905576573445424E+01 -0.4920168552381467E+00  0.1472836072631143E+01  0.1012215954664985E+02
 0.1535173159072819E+01  0.3909475861976913E+01 -0.4827886086929369E+00  0.1453269873424336E+01  0.1012516525065537E+02
 0.1477767931763167E+01  0.3935779358068697E+01 -0.4318208264591257E+00  0.1364345791612073E+01  0.1014653335192810E+02
 0.1532343278458666E+01  0.3915072928079001E+01 -0.4750639398707299E+00  0.1442288555536132E+01  0.1012981767042630E+02
 0.1530591956265315E+01  0.3914199253132141E+01 -0.4727129396845857E+00  0.1442471317319182E+01  0.1012827437348040E+02
 0.1518209460449443E+01  0.3913536407924295E+01 -0.4715736869509384E+00  0.1432404091995507E+01  0.1012778078637091E+02
 0.1512474749034718E+01  0.3924133322489300E+01 -0.4589326165398558E+00  0.1411076761037250E+01  0.1013711796133265E+02
 0.1592294964308667E+01  0.3890656239735122E+01 -0.5210054264067072E+00  0.1531885784429148E+01  0.1010948022619332E+02
 0.1579802772475838E+01  0.3893683433957291E+01 -0.5142568289262276E+00  0.1516128134849985E+01  0.1011185179801230E+02
 0.1590317366201869E+01  0.3886745331356182E+01 -0.5247673534018992E+00  0.1535915823002236E+01  0.1010556507529826E+02
 0.1567161575732475E+01  0.3892651618090964E+01 -0.5109599910801959E+00  0.1506453364907973E+01  0.1011006415467691E+02
 0.1540938079452993E+01  0.3899385591608275E+01 -0.4947045997999612E+00  0.1473255055496665E+01  0.1011516216647386E+02
 0.1568304680637267E+01  0.3888107618128633E+01 -0.5152690758715688E+00  0.1514440209846461E+01  0.1010557736709238E+02
 0.1536935748975356E+01  0.3896210946542764E+01 -0.4955677845957553E+00  0.1474631732121059E+01  0.1011167904737713E+02
 0.1529751175074733E+01  0.3893632295073746E+01 -0.4937867530993290E+00  0.1472396122894795E+01  0.1010836625406247E+02
 0.1492569670726230E+01  0.3903386360363489E+01 -0.4692675140085817E+00  0.1425382673189004E+01  0.1011578275781961E+02
 0.1455374468325227E+01  0.3913228773555902E+01 -0.4440799104124207E+00  0.1378620296210936E+01  0.1012343711246629E+02
 0.1504126635483223E+01  0.3904749079888580E+01 -0.4743363769587951E+00  0.1433234707837598E+01  0.1011820113332700E+02
 0.1470673079898806E+01  0.3913513920826346E+01 -0.4520582371221498E+00  0.1391267868685296E+01  0.1012499285770546E+02
 0.1418654911232226E+01  0.3923016977124895E+01 -0.4185405344965173E+00  0.1332734525468329E+01  0.1013120748204110E+02
 0.1382685430759454E+01  0.3932678592108939E+01 -0.3929073858533002E+00  0.1288056020041453E+01  0.1013907141839974E+02
 0.1486016881672029E+01  0.3899234607536236E+01 -0.4660068718507770E+00  0.1426884974787760E+01  0.1011111592099462E+02
 0.1445640151148455E+01  0.3910037619687837E+01 -0.4378877416124149E+00  0.1375935042625298E+01  0.1011952625943834E+02
 0.1331012755111069E+01  0.3941283343157855E+01 -0.3536738524215073E+00  0.1232855741963474E+01  0.1014503451728647E+02
 0.1295498597160324E+01  0.3951103903929392E+01 -0.3262307995721578E+00  0.1189066437690556E+01  0.1015343588584690E+02
 0.1367864184509392E+01  0.3931180616438045E+01 -0.3815486305008999E+00  0.1278553954860712E+01  0.1013665085380673E+02
 0.1406143268222688E+01  0.3920736546350465E+01 -0.4096726079296826E+00  0.1326332786468641E+01  0.1012810728524232E+02
 0.1099863155396626E+01  0.4013341772452956E+01 -0.1621417412207619E+00  0.9438817985428460E+00  0.1021205387246809E+02
 0.1079911947486524E+01  0.4018339038314294E+01 -0.1451824516667650E+00  0.9212212561882691E+00  0.1021669377069076E+02
 0.1036108364171007E+01  0.4026072062434080E+01 -0.1035681319151257E+00  0.8764953888111215E+00  0.1022486514226393E+02
 0.1015240867225183E+01  0.4031831974999899E+01 -0.8441374369324155E-01  0.8525794365394592E+00  0.1023084851272698E+02
 0.9955467945864178E+00  0.4037065372292811E+01 -0.6618048017131262E-01  0.8302959744328322E+00  0.1023616331867390E+02
 0.1069747435644333E+01  0.4021731059372612E+01 -0.1371774378057185E+00  0.9090181265623523E+00  0.1022094474986251E+02
 0.1048721235312595E+01  0.4026840444190590E+01 -0.1166916595900366E+00  0.8856832458375752E+00  0.1022587142735992E+02
 0.9780452993609742E+00  0.4041857731819144E+01 -0.4994770578150240E-01  0.8105237457093998E+00  0.1024134935214716E+02
 0.9611180614054704E+00  0.4046309784833278E+01 -0.3312138893538333E-01  0.7916844799060986E+00  0.1024613994882564E+02
 0.1137625932091795E+01  0.4006459357008947E+01 -0.1970471197201759E+00  0.9834959675971023E+00  0.1020656239705317E+02
 0.9795329394031559E+00  0.4037541072333159E+01 -0.5018398266632398E-01  0.8168736811593634E+00  0.1023698322914672E+02
 0.9581234408507324E+00  0.4043259455311577E+01 -0.2871855253908974E-01  0.7929251316435920E+00  0.1024333937108715E+02
 0.9233999011259620E+00  0.4049003687168174E+01  0.6907207813222199E-02  0.7581543031372661E+00  0.1024985565923910E+02
 0.9004736250736997E+00  0.4054885329466648E+01  0.3183758864358384E-01  0.7330114243488730E+00  0.1025662622225272E+02
 0.8838078992103300E+00  0.4059326676549897E+01  0.4940168421680821E-01  0.7147460186557166E+00  0.1026206669730408E+02
 0.8716794838377703E+00  0.4059341055521796E+01  0.6110369700921758E-01  0.7048183138793618E+00  0.1026242944919317E+02
 0.8488731737477430E+00  0.4065093196967220E+01  0.9443963394394220E-01  0.6800444485813925E+00  0.1026973655230091E+02
 0.8308064511713665E+00  0.4069611539478888E+01  0.1107680137456996E+00  0.6608194581025812E+00  0.1027549180165172E+02
 0.8171947048119729E+00  0.4073318400694050E+01  0.1253039199066258E+00  0.6460859027113336E+00  0.1028034793742594E+02
 0.7786043292412800E+00  0.4079810545849456E+01  0.1626473888196751E+00  0.6086807062037947E+00  0.1029005087501261E+02
 0.7656119826814308E+00  0.4083244020247847E+01  0.1824184463994826E+00  0.5945588621242592E+00  0.1029452881082837E+02
 0.7527863593019375E+00  0.4086751418031224E+01  0.1995317611644186E+00  0.5807750769929821E+00  0.1029942636927363E+02
 0.9047323058587744E+00  0.4057690694672064E+01  0.2522061017351905E-01  0.7335871628243403E+00  0.1025982840201731E+02
 0.8891293706841069E+00  0.4061863293134964E+01  0.4152605891601572E-01  0.7164715669182616E+00  0.1026476017944331E+02
 0.8533675493579768E+00  0.4067535453305738E+01  0.8209176059410356E-01  0.6814956835332089E+00  0.1027228119283862E+02
 0.8384466106675742E+00  0.4071545594050756E+01  0.9836778211396791E-01  0.6653430439424026E+00  0.1027743619523991E+02
 0.8232878427944027E+00  0.4075489103452942E+01  0.1153235648512260E+00  0.6490860796511985E+00  0.1028247352925772E+02
 0.8037032691686065E+00  0.4076960758029977E+01  0.1406137359520413E+00  0.6315484672661830E+00  0.1028518576496856E+02
 0.7889685463919665E+00  0.4080817234967468E+01  0.1578251909907225E+00  0.6158479852740006E+00  0.1029042294263712E+02
 0.7413412994495460E+00  0.4089870648692703E+01  0.2144702334902294E+00  0.5685919598431007E+00  0.1030396299120715E+02
 0.7267365324257096E+00  0.4093074798983541E+01  0.2417164365171327E+00  0.5533677158046451E+00  0.1030944906283808E+02
 0.7726843706565656E+00  0.4084840784047551E+01  0.1777237742815356E+00  0.5987233301064657E+00  0.1029590860487506E+02
 0.7608445978672593E+00  0.4087874072320750E+01  0.1915533764640592E+00  0.5863136593834291E+00  0.1030022594749075E+02
 0.7133214170514319E+00  0.4096147965804168E+01  0.2551590368226149E+00  0.5399023323311508E+00  0.1031397982671264E+02
 0.7024815911628505E+00  0.4098832291917735E+01  0.2681172266454281E+00  0.5288432914474145E+00  0.1031821041689714E+02
 0.8682744552765185E+00  0.4063502427466281E+01  0.6599902853369138E-01  0.6977499654177319E+00  0.1026721720744004E+02
 0.9211316074558392E+00  0.4053250106708246E+01  0.8582424608107342E-02  0.7517254912732395E+00  0.1025467786540762E+02
 0.9388289098557485E+00  0.4048477497250914E+01 -0.9304455196740037E-02  0.7713874458631305E+00  0.1024924977320963E+02
 0.6572876358302847E+00  0.4106752856939999E+01  0.3256137202299186E+00  0.4855371291987169E+00  0.1033246691693662E+02
 0.6441139113597024E+00  0.4108699944745822E+01  0.3538135556474096E+00  0.4725339401207768E+00  0.1033734611165635E+02
 0.6654733885487425E+00  0.4104692343451118E+01  0.3109241304292664E+00  0.4942159769419475E+00  0.1032921965770307E+02
 0.9447119585303876E+00  0.4043209833199797E+01 -0.1466826032862487E-01  0.7819457367484762E+00  0.1024315069732612E+02
 0.8900215137931715E+00  0.4054191619548585E+01  0.3992071166454978E-01  0.7252660102021091E+00  0.1025624650403104E+02
 0.9652798245106152E+00  0.4037408467999038E+01 -0.3317011884257610E-01  0.8053337977526103E+00  0.1023663587308534E+02
 0.1000494735543903E+01  0.4031813666361681E+01 -0.7073647514750314E-01  0.8405529150888548E+00  0.1023060571788847E+02
 0.1058031974739043E+01  0.4020084310529236E+01 -0.1241064319725818E+00  0.9016168480172265E+00  0.1021865034374208E+02
 0.1080800950454606E+01  0.4013879128581034E+01 -0.1452885578910827E+00  0.9278401482925772E+00  0.1021235367649977E+02
 0.1021328809643761E+01  0.4026094667052058E+01 -0.9080243446416188E-01  0.8642734135054163E+00  0.1022440280815144E+02
 0.1042548462776768E+01  0.4020332017336798E+01 -0.1114455022444387E+00  0.8884551896476469E+00  0.1021823375936192E+02
 0.1105115844082559E+01  0.4007300980842759E+01 -0.1676474716993003E+00  0.9559712066670095E+00  0.1020588747787786E+02
 0.1132224689040012E+01  0.4000015949150301E+01 -0.1920740284513481E+00  0.9874755617029698E+00  0.1019889781771447E+02
 0.1115346729545420E+01  0.4008586222058637E+01 -0.1743723094959624E+00  0.9627440854884404E+00  0.1020753257355608E+02
 0.1172070119470887E+01  0.3997394575370913E+01 -0.2241340048863120E+00  0.1022934375589574E+01  0.1019659643287953E+02
 0.1198544736079538E+01  0.3990178984461684E+01 -0.2439435528244740E+00  0.1054640953048184E+01  0.1019035483018477E+02
 0.1264446202658286E+01  0.3977391924047859E+01 -0.2944816179313299E+00  0.1126515402313335E+01  0.1018047306771714E+02
 0.1290768639380815E+01  0.3969915789601619E+01 -0.3159975290539480E+00  0.1158294812270784E+01  0.1017346356575152E+02
 0.1326441613938547E+01  0.3963384955160132E+01 -0.3381663308322592E+00  0.1197556716906255E+01  0.1016847362785600E+02
 0.1233116051124531E+01  0.3984854754949805E+01 -0.2750077257481477E+00  0.1089664100705920E+01  0.1018651611575804E+02
 0.1190631399583335E+01  0.3988167278587403E+01 -0.2396666031472657E+00  0.1050936002809765E+01  0.1018813707016350E+02
 0.1217282547248436E+01  0.3980883135948591E+01 -0.2618905214784485E+00  0.1082604528289458E+01  0.1018141295186884E+02
 0.1249532680973291E+01  0.3976461283037637E+01 -0.2854855342697835E+00  0.1115063271935223E+01  0.1017783376302679E+02
 0.1275929601312155E+01  0.3969432444208056E+01 -0.3062310654732185E+00  0.1146609929005708E+01  0.1017170245386832E+02
 0.1302907998612899E+01  0.3962109160520866E+01 -0.3271657232068900E+00  0.1179204466001560E+01  0.1016531275311394E+02
 0.1317559443676859E+01  0.3963277296279128E+01 -0.3360309224672017E+00  0.1189820490752709E+01  0.1016786388478864E+02
 0.1341068969601338E+01  0.3956651800537107E+01 -0.3540643875553014E+00  0.1218686113771500E+01  0.1016208330648416E+02
 0.1377972427888156E+01  0.3949905344569185E+01 -0.3766068385930165E+00  0.1259600653036395E+01  0.1015703531680185E+02
 0.1368291552232255E+01  0.3949939860922663E+01 -0.3734562950657333E+00  0.1251086813983473E+01  0.1015660294805698E+02
 0.1393009402259614E+01  0.3942976736994809E+01 -0.3912824667585181E+00  0.1281891443083879E+01  0.1015066306737094E+02
 0.1427136558162261E+01  0.3937144569057342E+01 -0.4113213516991229E+00  0.1319489750438563E+01  0.1014657498971294E+02
 0.1223861491813066E+01  0.3983413578948202E+01 -0.2646805990164307E+00  0.1084480639589181E+01  0.1018410444855230E+02
 0.1164287071933076E+01  0.3995287878963363E+01 -0.2172592244071299E+00  0.1019907731120712E+01  0.1019474677521979E+02
 0.1139234332522886E+01  0.4002075038409501E+01 -0.1954377544132304E+00  0.9905767987949812E+00  0.1020117779756668E+02
 0.1125383171293046E+01  0.3993157914243051E+01 -0.1893492229934633E+00  0.9905526165785735E+00  0.1019106018925917E+02
 0.1183067976895472E+01  0.3981775458250504E+01 -0.2367221397022792E+00  0.1053090964669812E+01  0.1018062567276946E+02
 0.1214786411333828E+01  0.3972743403550839E+01 -0.2605002563957198E+00  0.1091817012813416E+01  0.1017220732566550E+02
 0.1243770695581016E+01  0.3969371974097860E+01 -0.2856718518984404E+00  0.1120140454299396E+01  0.1017026227524668E+02
 0.1274069180400148E+01  0.3961141885456126E+01 -0.3093896507029622E+00  0.1156703597195385E+01  0.1016288677263960E+02
 0.1304518455430574E+01  0.3953050725537276E+01 -0.3329940756572113E+00  0.1193366019300636E+01  0.1015573324294070E+02
 0.1248678062465950E+01  0.3963747725115007E+01 -0.2827137391275341E+00  0.1132847109932516E+01  0.1016370438483429E+02
 0.1345090073432525E+01  0.3942623685907984E+01 -0.3652994362027860E+00  0.1242056892978999E+01  0.1014736394004667E+02
 0.1153540220544202E+01  0.3985424859809256E+01 -0.2200108128027694E+00  0.1023549711809164E+01  0.1018428723713778E+02
 0.1302622472322270E+01  0.3957760555803896E+01 -0.3303439424419553E+00  0.1185171938508717E+01  0.1016108617745225E+02
 0.1333588418630282E+01  0.3949497449626809E+01 -0.3540336017559485E+00  0.1222701937731364E+01  0.1015406256509638E+02
 0.1359012838695387E+01  0.3947057063181422E+01 -0.3697598527443042E+00  0.1247455799067044E+01  0.1015277385921116E+02
 0.1388674517889956E+01  0.3939237570739737E+01 -0.3916437271542500E+00  0.1283723622874719E+01  0.1014654795038187E+02
 0.1419625222197757E+01  0.3931023663358926E+01 -0.4138560515218971E+00  0.1321877057643800E+01  0.1013997466578038E+02
 0.1420165976064211E+01  0.3936275101585313E+01 -0.4094749982612719E+00  0.1314655142701836E+01  0.1014522892510264E+02
 0.1442096450155088E+01  0.3929748361963842E+01 -0.4253759668917299E+00  0.1342757384196805E+01  0.1013972051393777E+02
 0.1478333428681152E+01  0.3924012008783145E+01 -0.4444463517347410E+00  0.1382659920890650E+01  0.1013590855854578E+02
 0.1467528786154716E+01  0.3923282447152816E+01 -0.4428291232736278E+00  0.1374000989044211E+01  0.1013479266965832E+02
 0.1491030759030459E+01  0.3916527551115877E+01 -0.4588712143538431E+00  0.1404335662804093E+01  0.1012951441266403E+02
 0.1436991366072490E+01  0.3922408113002778E+01 -0.4290827960118110E+00  0.1349246369613826E+01  0.1013204471763224E+02
 0.1482865403946956E+01  0.3914484940091820E+01 -0.4570528977181570E+00  0.1400285163668183E+01  0.1012682074915613E+02
 0.1512546432586519E+01  0.3906750289278734E+01 -0.4765405678642288E+00  0.1437481878009542E+01  0.1012082453271953E+02
 0.1517133758580063E+01  0.3909742278650040E+01 -0.4758056133757491E+00  0.1437018923385721E+01  0.1012422107049940E+02
 0.1541124524762387E+01  0.3903524112693283E+01 -0.4909755481468267E+00  0.1467222104287026E+01  0.1011939482236154E+02
 0.1562331144014243E+01  0.3898090378237702E+01 -0.5039994660744366E+00  0.1494001014153208E+01  0.1011522200543946E+02
 0.1451747904001595E+01  0.3922649094213039E+01 -0.4361367341841552E+00  0.1361537946647910E+01  0.1013334843776495E+02
 0.1402300783406632E+01  0.3931556490144253E+01 -0.4048271127994204E+00  0.1306365199289922E+01  0.1013947824777412E+02
 0.1366291379103637E+01  0.3940908267613898E+01 -0.3785117772696899E+00  0.1262425550788299E+01  0.1014696391517486E+02
 0.1330698246044961E+01  0.3954721613738764E+01 -0.3482647824320697E+00  0.1212837006007019E+01  0.1015912826489084E+02
 0.1272963553202957E+01  0.3965740165406572E+01 -0.3070835355414948E+00  0.1149373137024110E+01  0.1016797585078839E+02
 0.1214232968043411E+01  0.3977457081704458E+01 -0.2618980887522564E+00  0.1084673093212519E+01  0.1017762521685983E+02
 0.1185958404169754E+01  0.3985221428438776E+01 -0.2384509107956782E+00  0.1050926247106911E+01  0.1018477658416329E+02
 0.1244584070785843E+01  0.3973448287821089E+01 -0.2842463213591936E+00  0.1115250492430498E+01  0.1017475086147527E+02
 0.1158963450832165E+01  0.3992668474134718E+01 -0.2154516294229677E+00  0.1018898470009348E+01  0.1019177631157809E+02
 0.1153172107926666E+01  0.3990139100366871E+01 -0.2123107356716006E+00  0.1017269442696845E+01  0.1018851505601857E+02
 0.1096861178217361E+01  0.4001113036003709E+01 -0.1619283502967036E+00  0.9569521685428457E+00  0.1019867820673628E+02
 0.1070176160122007E+01  0.4008690261719944E+01 -0.1370812258454051E+00  0.9255270921918337E+00  0.1020628495839688E+02
 0.1071680284146548E+01  0.4012730625695333E+01 -0.1401902898584819E+00  0.9216079784795963E+00  0.1021074372912738E+02
 0.1020576665903493E+01  0.4022803968945607E+01 -0.9027600606546657E-01  0.8676472802770456E+00  0.1022093563129859E+02
 0.9888835871933584E+00  0.4031211174370680E+01 -0.5211000995729269E-01  0.8318412752122055E+00  0.1022967028337792E+02
 0.9092479290386591E+00  0.4048919848261441E+01  0.1543305645106370E-01  0.7468096991468234E+00  0.1025036706868987E+02
 0.1098887288257036E+01  0.4005275770136151E+01 -0.1651744211674807E+00  0.9531410738828984E+00  0.1020318148726951E+02
 0.1125252844841921E+01  0.3997917586270755E+01 -0.1884378339805905E+00  0.9841627059467114E+00  0.1019596373111117E+02
 0.1044835067358172E+01  0.4015885851682603E+01 -0.1133161851881430E+00  0.8958627126015364E+00  0.1021364041407085E+02
 0.5201408538051933E+00  0.4128912584982812E+01  0.5316859858190560E+00  0.3576063814416442E+00  0.1038410043532841E+02
 0.5159997651043117E+00  0.4129606862264699E+01  0.5248661755647056E+00  0.3548704986981330E+00  0.1038390326376249E+02
 0.4974035305386700E+00  0.4123847387717882E+01  0.5652646145523169E+00  0.3421348362260115E+00  0.1038242466039340E+02
 0.5115822287519474E+00  0.4119429347703601E+01  0.5284325046930608E+00  0.3575617882178624E+00  0.1037180245324432E+02
 0.5002750722341962E+00  0.4105038797222310E+01  0.5274518544737565E+00  0.3578394806654930E+00  0.1035298812023609E+02
 0.5254179576938708E+00  0.4093062857709524E+01  0.4718594081211611E+00  0.3874234452607164E+00  0.1033131342420773E+02
 0.5369385256438307E+00  0.4060053599226360E+01  0.3979494588623810E+00  0.4213840171803500E+00  0.1028317464751810E+02
 0.5675398548371786E+00  0.4044724492996551E+01  0.3383688961820943E+00  0.4591223938877300E+00  0.1025956844655830E+02
 0.5934179365295937E+00  0.4033683633855313E+01  0.2917406026728924E+00  0.4902772447064206E+00  0.1024333850997119E+02
 0.6027238556527171E+00  0.3993327397270191E+01  0.2037894754347170E+00  0.5299754898107801E+00  0.1019234859984197E+02
 0.6240902842609357E+00  0.3986977353856688E+01  0.1682568784200927E+00  0.5546080200202084E+00  0.1018381521370595E+02
 0.6424584484991221E+00  0.3983078952369497E+01  0.1424965895467732E+00  0.5744991055001859E+00  0.1017816126575371E+02
 0.6630416399475629E+00  0.3978205780891207E+01  0.1127520630290887E+00  0.5973207532927656E+00  0.1017161637994362E+02
 0.6750961191387951E+00  0.3976162469951461E+01  0.1126799272089573E+00  0.6098340653674369E+00  0.1016960548094048E+02
 0.6207235315078543E+00  0.4020960268597817E+01  0.2555268520366483E+00  0.5237510702996935E+00  0.1022614551888161E+02
 0.5466749300938342E+00  0.4086073223613815E+01  0.4293603754537779E+00  0.4103834167459827E+00  0.1031689742198905E+02
 0.5801165174001820E+00  0.4061101565439991E+01  0.3633153532006466E+00  0.4569659902641462E+00  0.1028155736404837E+02
 0.5725721058628078E+00  0.4012852991464669E+01  0.2741335039592956E+00  0.4875028505594333E+00  0.1021763447220903E+02
 0.5005241770135459E+00  0.4081248675419643E+01  0.4755297565978973E+00  0.3755390456896131E+00  0.1031708845061854E+02
 0.4526815815072968E+00  0.4117049997433403E+01  0.5897488654796208E+00  0.3129035681004828E+00  0.1037700775493744E+02
 0.4746589708497780E+00  0.4117580548329019E+01  0.5872245780998508E+00  0.3280544633545606E+00  0.1037749409265788E+02
 0.4847006125077192E+00  0.4128452417454564E+01  0.5947176627162080E+00  0.3285029223858765E+00  0.1039326418157351E+02
 0.4754356361110918E+00  0.4131267021725957E+01  0.6156695311137270E+00  0.3189958619354455E+00  0.1040059529743003E+02
 0.4507230647866259E+00  0.4128637307007662E+01  0.6463926449180200E+00  0.3011080744473226E+00  0.1040187377075578E+02
 0.4363909426401852E+00  0.4133329485978127E+01  0.6867236826324924E+00  0.2860644376761582E+00  0.1041680931730944E+02
 0.4708280421449534E+00  0.4132041106702697E+01  0.6256515527759383E+00  0.3146380063697481E+00  0.1040326484287666E+02
 0.4746738583531224E+00  0.4131330464620389E+01  0.6205417095168043E+00  0.3180521791402072E+00  0.1040159070142895E+02
 0.5143050476552768E+00  0.4128332839204765E+01  0.5487201295379097E+00  0.3526082991597395E+00  0.1038611659286064E+02
 0.5496011519143369E+00  0.4127571536679681E+01  0.4807851595008588E+00  0.3826745091102001E+00  0.1037469247892429E+02
 0.5559594652196895E+00  0.4123758463915686E+01  0.4805269550934833E+00  0.3897166230585185E+00  0.1037059571820983E+02
 0.6026768947432405E+00  0.4119425195661713E+01  0.4010905964276660E+00  0.4315704866255008E+00  0.1035549209998944E+02
 0.6061880311425308E+00  0.4116960343162267E+01  0.4017675364159258E+00  0.4357409043370886E+00  0.1035244320766870E+02
 0.6478374159785798E+00  0.4113267280609835E+01  0.3307294549805143E+00  0.4730915237574252E+00  0.1033983168660719E+02
 0.6594964220634216E+00  0.4108787731885056E+01  0.3232469201997916E+00  0.4857190292200976E+00  0.1033456227395163E+02
 0.5843776661817934E+00  0.4122825233908081E+01  0.4183501339193310E+00  0.4148004049878556E+00  0.1036089146281749E+02
 0.5179878258339550E+00  0.4127362237892982E+01  0.5432760165407317E+00  0.3560385580937008E+00  0.1038350713143743E+02
 0.5258086518157464E+00  0.4126499459868577E+01  0.5300970497415972E+00  0.3630353667461707E+00  0.1038058151471947E+02
 0.5668718596359491E+00  0.4121336257469848E+01  0.4647888026704407E+00  0.4001360727486819E+00  0.1036538779717197E+02
 0.5736435124696432E+00  0.4120156716120237E+01  0.4544002672979744E+00  0.4064899277343152E+00  0.1036261222026518E+02
 0.5859817459690390E+00  0.4118211788990394E+01  0.4364363222923685E+00  0.4180437613171418E+00  0.1035859120375489E+02
 0.6137136083600859E+00  0.4115149723506811E+01  0.3920314436435727E+00  0.4431063893679132E+00  0.1034909398624967E+02
 0.6215910663102169E+00  0.4113458539712857E+01  0.3815382060016415E+00  0.4507386855072710E+00  0.1034589879821067E+02
 0.6686862343014571E+00  0.4106537477071233E+01  0.3117811328558083E+00  0.4949371718322826E+00  0.1033083761831487E+02
 0.6783574586283329E+00  0.4104292202361862E+01  0.2993803876248552E+00  0.5046183656958747E+00  0.1032712825449304E+02
 0.6297850609685844E+00  0.4111634445844164E+01  0.3712476340820579E+00  0.4586890111905215E+00  0.1034249701315840E+02
 0.6889533260297911E+00  0.4101847292774822E+01  0.2859087943011882E+00  0.5152392455968628E+00  0.1032309248639462E+02
 0.5609802596434836E+00  0.4122464434331810E+01  0.4737275440502026E+00  0.3945791976748824E+00  0.1036800159585403E+02
 0.5149657495675590E+00  0.4127789457087706E+01  0.5492247123887875E+00  0.3532984677362274E+00  0.1038530196647236E+02
 0.5135295543364184E+00  0.4128159156482610E+01  0.5517434738940588E+00  0.3519228077452681E+00  0.1038631432963173E+02
 0.7492621222185325E+00  0.4090841641705943E+01  0.2053602733633071E+00  0.5742351599412500E+00  0.1030458132346984E+02
 0.7970046058308803E+00  0.4082330172787219E+01  0.1457224528212675E+00  0.6210728051510626E+00  0.1029147418719629E+02
 0.8096447978104697E+00  0.4079038531603394E+01  0.1309758489191402E+00  0.6345224932340200E+00  0.1028711694248493E+02
 0.8531986751999918E+00  0.4071980845081340E+01  0.7916009468877104E-01  0.6767780435553482E+00  0.1027670826812907E+02
 0.8597201774187545E+00  0.4069675171395822E+01  0.7377594389571293E-01  0.6845198653402506E+00  0.1027438044397588E+02
 0.9118636133937307E+00  0.4059953968040020E+01  0.1489960805388981E-01  0.7365867323368355E+00  0.1026117834001354E+02
 0.9299129104157846E+00  0.4054644805287114E+01 -0.7177165393665842E-04  0.7572255023790715E+00  0.1025581531342394E+02
 0.8740889927818772E+00  0.4065843721442895E+01  0.5788372605945153E-01  0.7001008283820721E+00  0.1026959070027342E+02
 0.9456696033278484E+00  0.4050483886215223E+01 -0.1683282911550795E-01  0.7745238552745752E+00  0.1025090559092865E+02
 0.1035394991935768E+01  0.4030849534067198E+01 -0.1021842676751304E+00  0.8702949503988592E+00  0.1023045455951796E+02
 0.1095051553359250E+01  0.4017482448858703E+01 -0.1538235336135397E+00  0.9351970971834564E+00  0.1021696612334700E+02
 0.1015043450716554E+01  0.4035791855676528E+01 -0.8209751875798127E-01  0.8478612848155674E+00  0.1023541684563080E+02
 0.9986565977216976E+00  0.4040690376314548E+01 -0.6423470468165503E-01  0.8291487578822436E+00  0.1024131274880068E+02
 0.9720669725059314E+00  0.4046931329543669E+01 -0.4440758465527080E-01  0.8000362349135046E+00  0.1024737720551495E+02
 0.1055419332222887E+01  0.4027947245120788E+01 -0.1146645023030276E+00  0.8903190727584422E+00  0.1022767607849267E+02
 0.8414584720784239E+00  0.4074583198507955E+01  0.9186414312712386E-01  0.6645546070210093E+00  0.1027974659709511E+02
 0.7855892089747832E+00  0.4085373608048585E+01  0.1584527073347972E+00  0.6088878783056993E+00  0.1029537136714288E+02
 0.7744795421783912E+00  0.4088144778585405E+01  0.1710118748242741E+00  0.5972456867959117E+00  0.1029898007901764E+02
 0.7371359776989815E+00  0.4093829379325978E+01  0.2201956004670586E+00  0.5617045352525285E+00  0.1030898601479405E+02
 0.7258491286485337E+00  0.4096614574233007E+01  0.2339458965280744E+00  0.5500704669815896E+00  0.1031306659015471E+02
 0.7152658959722039E+00  0.4099273048500237E+01  0.2466303356362447E+00  0.5391813394814456E+00  0.1031698163244710E+02
 0.7089829362377011E+00  0.4101954581204551E+01  0.2505013027850030E+00  0.5320310498317864E+00  0.1032042730359884E+02
 0.6868192145787835E+00  0.4106782022967645E+01  0.2689988912952391E+00  0.5103139257801985E+00  0.1032653588123987E+02
 0.7609194700918299E+00  0.4092586763867180E+01  0.1815337760331243E+00  0.5822607077545099E+00  0.1030412731792346E+02
 0.8356642160205082E+00  0.4076842225607948E+01  0.9804797170891864E-01  0.6581014968694320E+00  0.1028392561561649E+02
 0.8906094270647179E+00  0.4065024732725961E+01  0.3788838697660625E-01  0.7146745976467698E+00  0.1026907001566467E+02
 0.8103548164579039E+00  0.4082860285038453E+01  0.1212028909966432E+00  0.6316519746343958E+00  0.1029090864183388E+02
 0.9999998187791379E+00  0.4107312942464429E+01 -0.2230127548379954E-05  0.7531153685892515E+00  0.1031779856634412E+02
 0.9999798937665348E+00  0.4107309437694434E+01  0.1796008058699119E-04  0.7530963320391629E+00  0.1031777409433389E+02
 0.1000694301137979E+01  0.4107219958190691E+01 -0.6999082262040218E-03  0.7538240525489741E+00  0.1031788072437394E+02
 0.1000168203245077E+01  0.4107295178624512E+01 -0.1706413203992916E-03  0.7532865466335413E+00  0.1031783651348675E+02
 0.1006160184464335E+01  0.4105919586989535E+01 -0.6241410753004342E-02  0.7596140475334570E+00  0.1031671564034475E+02
 0.1002446438141627E+01  0.4106852692626214E+01 -0.2461327034343960E-02  0.7556507769118278E+00  0.1031763913754865E+02
 0.1033823776237185E+01  0.4097141612897511E+01 -0.3467506338684887E-01  0.7908502515643292E+00  0.1030632557462634E+02
 0.1015737294609646E+01  0.4103111973641856E+01 -0.1610357844161974E-01  0.7701709517443940E+00  0.1031348942607484E+02
 0.1006872683098460E+01  0.4105720196969764E+01 -0.6970136860485740E-02  0.7603902289138120E+00  0.1031649340626582E+02
 0.1130798894512282E+01  0.4060635334879266E+01 -0.1295015057197868E+00  0.9099420039152319E+00  0.1026448874665856E+02
 0.1068831357655783E+01  0.4084474334170604E+01 -0.7050923864953891E-01  0.8326133107753352E+00  0.1029143629451096E+02
 0.1338476974874041E+01  0.3979747713600566E+01 -0.3139862917096259E+00  0.1186176843429753E+01  0.1018402427205215E+02
 0.1214810893106707E+01  0.4027385703410566E+01 -0.2072332485114132E+00  0.1019569985683678E+01  0.1022959781302396E+02
 0.1124453064830220E+01  0.4063092101267278E+01 -0.1247581299166048E+00  0.9019107406679100E+00  0.1026736196498911E+02
 0.1034589123267361E+01  0.4096893570784996E+01 -0.3564879599571226E-01  0.7917381092713455E+00  0.1030607427033430E+02
 0.1016331158564119E+01  0.4102942994328054E+01 -0.1673889659435807E-01  0.7708327863518005E+00  0.1031332689437934E+02
 0.1066965876718693E+01  0.4085211433839339E+01 -0.6894751651466599E-01  0.8303109261949283E+00  0.1029234861304934E+02
 0.1033957381667348E+01  0.4097162372199481E+01 -0.3506349410877247E-01  0.7909819280322551E+00  0.1030649543201094E+02
 0.1570130810990385E+01  0.3895950973614496E+01 -0.5047459284006394E+00  0.1504085249340636E+01  0.1011144189050438E+02
 0.1448446811838450E+01  0.3937829208266184E+01 -0.4050103205034749E+00  0.1338957014085062E+01  0.1014628817681339E+02
 0.1650224455859597E+01  0.3868090002910157E+01 -0.5611937439479060E+00  0.1617961448039263E+01  0.1008965264813294E+02
 0.1542963594388614E+01  0.3903667643112242E+01 -0.4786592346620511E+00  0.1471262124039560E+01  0.1011769294298589E+02
 0.1699326613076422E+01  0.3850968950240923E+01 -0.5949912832764304E+00  0.1688948608815609E+01  0.1007672042274054E+02
 0.1614160125146382E+01  0.3879199084039267E+01 -0.5315968671333132E+00  0.1570901581734988E+01  0.1009839184954533E+02
 0.1721066889192685E+01  0.3842612238558446E+01 -0.6106336085679542E+00  0.1721884629312803E+01  0.1007045894887393E+02
 0.1660252379571652E+01  0.3863908599470743E+01 -0.5651425673855173E+00  0.1635253691143375E+01  0.1008694498918880E+02
 0.1116298570159040E+01  0.4066499145042253E+01 -0.1174828230356795E+00  0.8912964254239157E+00  0.1027120650457508E+02
 0.1062973344865930E+01  0.4086852437199513E+01 -0.6497052755292938E-01  0.8253478178786005E+00  0.1029442209654987E+02
 0.1283613276211147E+01  0.4000649665231719E+01 -0.2693259852609655E+00  0.1111307019408114E+01  0.1020327878023680E+02
 0.1181348625677431E+01  0.4041326873053113E+01 -0.1784339268872883E+00  0.9744783963613253E+00  0.1024429674116151E+02
 0.1105724034222467E+01  0.4070895546786205E+01 -0.1075197717237570E+00  0.8777115538898114E+00  0.1027634797844072E+02
 0.1494473157472073E+01  0.3921143349914675E+01 -0.4412797214800677E+00  0.1402894921651648E+01  0.1013185163268010E+02
 0.1370288910549889E+01  0.3967568083782790E+01 -0.3425451051407008E+00  0.1229294381937460E+01  0.1017223178511920E+02
 0.1563010340810334E+01  0.3897479520963262E+01 -0.4931137627766413E+00  0.1497975321258155E+01  0.1011273184388855E+02
 0.1449531374392052E+01  0.3938611186798895E+01 -0.4062199515798313E+00  0.1338219762176410E+01  0.1014685774654991E+02
 0.1256515302401914E+01  0.4012193600362730E+01 -0.2458571643798707E+00  0.1073434424426232E+01  0.1021480848763125E+02
 0.1162049391450512E+01  0.4049431509601408E+01 -0.1608336563352261E+00  0.9488402062436639E+00  0.1025318933281342E+02
 0.1334070158010195E+01  0.3982681169003997E+01 -0.3124731843139132E+00  0.1177673130682348E+01  0.1018661192898101E+02
 0.1227656297151871E+01  0.4024264354004564E+01 -0.2204093620827940E+00  0.1034037501695535E+01  0.1022735651083644E+02
 0.1408330150605059E+01  0.3952403933468245E+01 -0.3732716410599090E+00  0.1283363907543427E+01  0.1015858021676393E+02
 0.1198642324523935E+01  0.4033960589976139E+01 -0.1937227862226104E+00  0.9978621507888963E+00  0.1023641746100805E+02
 0.1311300688612482E+01  0.3989378299374883E+01 -0.2924431281388987E+00  0.1149796728950738E+01  0.1019242315523903E+02
 0.1407503247865127E+01  0.3955629145378698E+01 -0.3726547485709942E+00  0.1277585347961664E+01  0.1016217724583565E+02
 0.1296254114318700E+01  0.3998182127206290E+01 -0.2807374211209366E+00  0.1125064208986073E+01  0.1020197420705963E+02
 0.1566065608921440E+01  0.3898491781053957E+01 -0.4951657869758436E+00  0.1498655166198028E+01  0.1011410252092692E+02
 0.1471224655991495E+01  0.3932999219501872E+01 -0.4229881972155025E+00  0.1364746263254881E+01  0.1014276597265529E+02
 0.1362978033543371E+01  0.3973312693256076E+01 -0.3370433992223151E+00  0.1214994226865071E+01  0.1017897131810743E+02
 0.1653942527457227E+01  0.3867306349911991E+01 -0.5618385904732214E+00  0.1623617423084409E+01  0.1009002289992321E+02
 0.1600169990089731E+01  0.3887261820793353E+01 -0.5207865104320054E+00  0.1545433652091317E+01  0.1010549508389261E+02
 0.1660260658321930E+01  0.3860104286215521E+01 -0.5739205864519954E+00  0.1639601379513413E+01  0.1008378648305745E+02
 0.1653118349295744E+01  0.3866916216978051E+01 -0.5634839600118398E+00  0.1623051066825534E+01  0.1008980704776084E+02
 0.1619245389666906E+01  0.3880957196213374E+01 -0.5357765361427447E+00  0.1571591790052667E+01  0.1010086885086699E+02
 0.1522233944390521E+01  0.3915477424112713E+01 -0.4622632116682371E+00  0.1434607302513059E+01  0.1012841410796880E+02
 0.1422944177835398E+01  0.3951695072149079E+01 -0.3859016749977899E+00  0.1296301558927048E+01  0.1015990599155198E+02
 0.1559551666605206E+01  0.3902973389443728E+01 -0.4907610090417753E+00  0.1485642517922899E+01  0.1011854562499267E+02
 0.1473677774724341E+01  0.3933933031784151E+01 -0.4257401554658380E+00  0.1365425965108771E+01  0.1014489962453499E+02
 0.1607893292161698E+01  0.3867441925592948E+01 -0.5462172152983660E+00  0.1581994793077996E+01  0.1008746239544802E+02
 0.1633123230926360E+01  0.3866935987973322E+01 -0.5581589890266079E+00  0.1604592441346964E+01  0.1008869250204994E+02
 0.1567849646792104E+01  0.3877738943382804E+01 -0.5206653905164427E+00  0.1530844856115653E+01  0.1009497023785585E+02
 0.1601180010483300E+01  0.3875102248220180E+01 -0.5388754946046657E+00  0.1563527560725618E+01  0.1009461352065145E+02
 0.1526902064890757E+01  0.3888438381648052E+01 -0.4937450168778070E+00  0.1478700114303926E+01  0.1010294743851607E+02
 0.1566276600802526E+01  0.3884117598095082E+01 -0.5171448422345646E+00  0.1518875456082571E+01  0.1010124518985473E+02
 0.1583690994893729E+01  0.3894948413014598E+01 -0.5094660919218267E+00  0.1518665107485868E+01  0.1011244015322756E+02
 0.1513055268138083E+01  0.3920573303291803E+01 -0.4562229784846940E+00  0.1418907855722826E+01  0.1013395876710897E+02
 0.1621317998592110E+01  0.3879164459807350E+01 -0.5414391532976125E+00  0.1575420428800841E+01  0.1009976462711011E+02
 0.1595998489737598E+01  0.3890687772861848E+01 -0.5198493920086930E+00  0.1535636634506745E+01  0.1010929550041792E+02
 0.1541709424317010E+01  0.3911018237781688E+01 -0.4779564541356847E+00  0.1457928520769256E+01  0.1012639585743985E+02
 0.1597203817907325E+01  0.3880698047040154E+01 -0.5328235284662386E+00  0.1551324975529919E+01  0.1010004793295331E+02
 0.1608861914221315E+01  0.3882121317479819E+01 -0.5352300282316910E+00  0.1559572139180416E+01  0.1010207749449587E+02
 0.1598287721031465E+01  0.3889468584399608E+01 -0.5232302605045648E+00  0.1539229134220132E+01  0.1010848998491477E+02
 0.1559382929001095E+01  0.3905130390385583E+01 -0.4919051285477700E+00  0.1481896787915088E+01  0.1012178136406202E+02
 0.1622262064492962E+01  0.3874341124370669E+01 -0.5474656162174988E+00  0.1583465952916434E+01  0.1009533181473893E+02
 0.1625496105817161E+01  0.3878544922125955E+01 -0.5421058149538940E+00  0.1580444736900804E+01  0.1009920606898338E+02
 0.1641669597472740E+01  0.3869528329359258E+01 -0.5581396341354153E+00  0.1608426863992405E+01  0.1009176130982882E+02
 0.1645705298334817E+01  0.3857908974295909E+01 -0.5695705830258242E+00  0.1630368791249667E+01  0.1008063837895798E+02
 0.1679901554496359E+01  0.3855383671204063E+01 -0.5846150529951509E+00  0.1664879710565508E+01  0.1008052376178271E+02
 0.1641203094512683E+01  0.3871670597847860E+01 -0.5512127931678257E+00  0.1605930537517293E+01  0.1009310465485061E+02
 0.1689133461080136E+01  0.3853566159234424E+01 -0.5884847781493289E+00  0.1676394324311791E+01  0.1007928869440692E+02
 0.1515899718743522E+01  0.3915344308652483E+01 -0.4574449757487647E+00  0.1429689746569039E+01  0.1012741223515286E+02
 0.1611707028339137E+01  0.3881308502989318E+01 -0.5291212485335809E+00  0.1565282430966440E+01  0.1010025096277767E+02
 0.1684017544831680E+01  0.3855897128331667E+01 -0.5830256052064939E+00  0.1668588408291547E+01  0.1008102551120306E+02
 0.1721205019352827E+01  0.3840843449663795E+01 -0.6126101508993212E+00  0.1724887029348024E+01  0.1006903281284120E+02
 0.1705610095455985E+01  0.3843701430770350E+01 -0.6046163981375079E+00  0.1706328575316563E+01  0.1007085395160063E+02
 0.1679162794101699E+01  0.3849762165375913E+01 -0.5895642172543079E+00  0.1673024518453367E+01  0.1007498845510376E+02
 0.1478886800142802E+01  0.3933608586034362E+01 -0.4285444161821963E+00  0.1370204150359700E+01  0.1014473966528292E+02
 0.1416271662000427E+01  0.3956439833442424E+01 -0.3838641560722364E+00  0.1282279803973270E+01  0.1016386175421062E+02
 0.1441332766403496E+01  0.3946490916303711E+01 -0.3991655688816706E+00  0.1319132235423180E+01  0.1015510432582622E+02
 0.1401336977425480E+01  0.3960132398345015E+01 -0.3670118672539628E+00  0.1265935835017807E+01  0.1016711609037209E+02
 0.1347187077445126E+01  0.3979582884163790E+01 -0.3237937108579626E+00  0.1192707509764128E+01  0.1018429055594465E+02
 0.1326819136216937E+01  0.3987940223448277E+01 -0.3109824269865771E+00  0.1163367738140630E+01  0.1019221261400885E+02
 0.1294012876342983E+01  0.3998742145316114E+01 -0.2788823616708705E+00  0.1122353846946194E+01  0.1020221617475011E+02
 0.1233068004961696E+01  0.4021921203508835E+01 -0.2263985145810912E+00  0.1041286166198835E+01  0.1022472260729026E+02
 0.1178138976664336E+01  0.4042527505548492E+01 -0.1764709578284556E+00  0.9703124640174252E+00  0.1024557938048183E+02
 0.1125187189619121E+01  0.4063186117530631E+01 -0.1267177316907507E+00  0.9023569024376364E+00  0.1026767336806240E+02
 0.1123774825965860E+01  0.4064120094670695E+01 -0.1262156467461765E+00  0.9002432178812614E+00  0.1026922280191771E+02
 0.1222067024626075E+01  0.4026704705893668E+01 -0.2191743121518942E+00  0.1025882447345851E+01  0.1022985648665238E+02
 0.1082920611368698E+01  0.4078902301405617E+01 -0.8552978863134386E-01  0.8501029092147090E+00  0.1028490327962890E+02
 0.1050179995608957E+01  0.4091227772844539E+01 -0.5200690349729884E-01  0.8102573765196744E+00  0.1029927828091479E+02
 0.1028155937721503E+01  0.4098820168841954E+01 -0.2913391225974651E-01  0.7844911357640492E+00  0.1030810761055213E+02
 0.1014107350610691E+01  0.4103481170114501E+01 -0.1445756271592122E-01  0.7684380794947152E+00  0.1031375401512335E+02
 0.1016392538625279E+01  0.4102867619733073E+01 -0.1690053564248648E-01  0.7709969744419102E+00  0.1031330970170068E+02
 0.1006338464342023E+01  0.4105755040981955E+01 -0.6427258365915662E-02  0.7598645239816149E+00  0.1031632909790732E+02
 0.1002439834625249E+01  0.4106805269535862E+01 -0.2450283205698283E-02  0.7556631716630497E+00  0.1031748767751222E+02
 0.1000777292643816E+01  0.4107180984767158E+01 -0.7770979640601673E-03  0.7539150394567501E+00  0.1031779182773715E+02
 0.1000315470086563E+01  0.4107278270201264E+01 -0.3204710725403291E-03  0.7534375728233337E+00  0.1031786734770088E+02
 0.1003281851776783E+01  0.4106627587581000E+01 -0.3323619456348429E-02  0.7565603559643461E+00  0.1031741449209611E+02
 0.1052960595234897E+01  0.4090467588205795E+01 -0.5501777378527230E-01  0.8134875060101254E+00  0.1029890515151178E+02
 0.9999999999999989E+00  0.4107292551885526E+01 -0.5809763882866729E-15  0.7531183976238549E+00  0.1031772204744680E+02
 0.9999999999999982E+00  0.4107292551885526E+01 -0.2266974303236600E-15  0.7531183976238550E+00  0.1031772204744680E+02
 0.9999999999999984E+00  0.4107292551885525E+01 -0.4988829739059861E-15  0.7531183976238560E+00  0.1031772204744680E+02
 0.9999999999999980E+00  0.4107292551885527E+01 -0.1068474773578941E-15  0.7531183976238557E+00  0.1031772204744681E+02
 0.9999999999999970E+00  0.4107292551885528E+01 -0.1910087540012888E-15  0.7531183976238512E+00  0.1031772204744680E+02
 0.9999999999999974E+00  0.4107292551885528E+01 -0.2275108451250428E-15  0.7531183976238517E+00  0.1031772204744680E+02
 0.9999999999999983E+00  0.4107292551885527E+01 -0.4806674220107254E-15  0.7531183976238516E+00  0.1031772204744679E+02
 0.9999999999999983E+00  0.4107292551885527E+01 -0.5973811740177216E-15  0.7531183976238530E+00  0.1031772204744680E+02
 0.9999999999999980E+00  0.4107292551885526E+01 -0.4106734644783281E-15  0.7531183976238557E+00  0.1031772204744680E+02
 0.9999999999999983E+00  0.4107292551885526E+01 -0.7912122467509756E-15  0.7531183976238538E+00  0.1031772204744679E+02
 0.9999999999999988E+00  0.4107292551885526E+01 -0.1208130150739215E-14  0.7531183976238540E+00  0.1031772204744679E+02
 0.9999999999999991E+00  0.4107292551885526E+01 -0.8950609167590074E-15  0.7531183976238529E+00  0.1031772204744679E+02
 0.9999999999999989E+00  0.4107292551885526E+01 -0.8932326759833617E-15  0.7531183976238528E+00  0.1031772204744679E+02
 0.9999999999999988E+00  0.4107292551885528E+01 -0.8006861055231392E-15  0.7531183976238512E+00  0.1031772204744680E+02
 0.9999999999999986E+00  0.4107292551885527E+01 -0.8097477708459536E-15  0.7531183976238532E+00  0.1031772204744680E+02
 0.9999999999999990E+00  0.4107292551885527E+01 -0.8591177380547036E-15  0.7531183976238536E+00  0.1031772204744680E+02
 0.9999999999999990E+00  0.4107292551885526E+01 -0.8871838932829888E-15  0.7531183976238542E+00  0.1031772204744679E+02
 0.9999999999928547E+00  0.4107292551890701E+01  0.5398877739145877E-11  0.7531183976161879E+00  0.1031772204746234E+02
 0.9999999999992747E+00  0.4107292551886078E+01  0.4869780606613434E-12  0.7531183976230835E+00  0.1031772204744850E+02
 0.1000000000000225E+01  0.4107292551885344E+01 -0.1602926355704704E-12  0.7531183976241005E+00  0.1031772204744624E+02
 0.9999999999874212E+00  0.4107292551894838E+01  0.8969450975856602E-11  0.7531183976102982E+00  0.1031772204747483E+02
 0.9999999999986536E+00  0.4107292551886530E+01  0.9853521286984066E-12  0.7531183976224068E+00  0.1031772204744984E+02
 0.1000000000028427E+01  0.4107292551872453E+01 -0.3569081942143865E-10  0.7531183976572556E+00  0.1031772204742308E+02
 0.9999999999943979E+00  0.4107292551889348E+01  0.4514580280781122E-11  0.7531183976178121E+00  0.1031772204745793E+02
 0.9999999999985765E+00  0.4107292551886546E+01  0.1107045574011068E-11  0.7531183976223281E+00  0.1031772204744985E+02
 0.1000000000514096E+01  0.4107292551561645E+01 -0.4414559069665459E-09  0.7531183981813552E+00  0.1031772204654233E+02
 0.1000000000089353E+01  0.4107292551828926E+01 -0.7387186703582792E-10  0.7531183977191520E+00  0.1031772204728433E+02
 0.9999999915652127E+00  0.4107292555919951E+01  0.7683217551774955E-08  0.7531183887505675E+00  0.1031772205771512E+02
 0.9999999999139009E+00  0.4107292551905152E+01  0.1632944026994712E-10  0.7531183975455943E+00  0.1031772204749386E+02
 0.1000000000093951E+01  0.4107292551824687E+01 -0.7729360160462360E-10  0.7531183977238975E+00  0.1031772204727013E+02
 0.1000000000003075E+01  0.4107292551883073E+01 -0.1250515601481947E-11  0.7531183976269503E+00  0.1031772204743867E+02
 0.9999999999986739E+00  0.4107292551886459E+01  0.1043355883776762E-11  0.7531183976224364E+00  0.1031772204744958E+02
 0.1000000000007085E+01  0.4107292551880366E+01 -0.4786739647621930E-11  0.7531183976312674E+00  0.1031772204743080E+02
 0.9999999999989451E+00  0.4107292551886251E+01  0.8396098877795187E-12  0.7531183976227273E+00  0.1031772204744894E+02
 0.1000000010760995E+01  0.4107292555711648E+01 -0.1198292487815176E-07  0.7531184074434547E+00  0.1031772206745004E+02
 0.9999999922456505E+00  0.4107292556122781E+01  0.6913720683327929E-08  0.7531183893872134E+00  0.1031772205885870E+02
 0.1000000670764255E+01  0.4107292259083856E+01 -0.6316162114903093E-06  0.7531191076481534E+00  0.1031772135697307E+02
 0.1000000008445955E+01  0.4107292552009251E+01 -0.9487944721064388E-08  0.7531184060969108E+00  0.1031772205323560E+02
 0.9999999946989265E+00  0.4107292554824299E+01  0.4826745209972343E-08  0.7531183919477296E+00  0.1031772205530772E+02
 0.1000000265786162E+01  0.4107292348727190E+01 -0.2506510878409688E-06  0.7531186901378706E+00  0.1031772144387998E+02
 0.1000000103274492E+01  0.4107292508888932E+01 -0.1047165876863549E-06  0.7531185095001039E+00  0.1031772195609303E+02
 0.1000000133474090E+01  0.4107292496380935E+01 -0.1706817999407979E-06  0.7531185511768570E+00  0.1031772195205122E+02
 0.9999999966071708E+00  0.4107292555927999E+01  0.9075312582989880E-09  0.7531183942853144E+00  0.1031772206209207E+02
 0.9999999967247930E+00  0.4107292553665980E+01  0.3022117667798233E-08  0.7531183941132131E+00  0.1031772205214958E+02
 0.9999999983611079E+00  0.4107292553703250E+01  0.1346033739758105E-08  0.7531183958758976E+00  0.1031772205362853E+02
 0.9999999980121732E+00  0.4107292552940819E+01  0.1819995973045079E-08  0.7531183955010757E+00  0.1031772205021692E+02
 0.1000000000009668E+01  0.4107292551878743E+01 -0.7213475880993893E-11  0.7531183976340730E+00  0.1031772204742628E+02
 0.9999999999991336E+00  0.4107292551886121E+01  0.6777130346214408E-12  0.7531183976229318E+00  0.1031772204744856E+02
 0.1000000000070256E+01  0.4107292551840112E+01 -0.5792422599038300E-10  0.7531183976987554E+00  0.1031772204731524E+02
 0.1000000000005674E+01  0.4107292551881668E+01 -0.4428988215947067E-11  0.7531183976298679E+00  0.1031772204743530E+02
 0.9999999998488921E+00  0.4107292551955745E+01  0.1433402064841019E-09  0.7531183974626029E+00  0.1031772204761658E+02
 0.1000000000044266E+01  0.4107292551857943E+01 -0.3742456486697652E-10  0.7531183976709633E+00  0.1031772204736793E+02
 0.9999999999369312E+00  0.4107292551914805E+01  0.5570795156306376E-10  0.7531183975571437E+00  0.1031772204751902E+02
 0.1000000000004647E+01  0.4107292551882550E+01 -0.3792915727507840E-11  0.7531183976287791E+00  0.1031772204743813E+02
 0.9999999997270473E+00  0.4107292552026886E+01  0.2492766747723436E-09  0.7531183973345504E+00  0.1031772204781806E+02
 0.1000000000083004E+01  0.4107292551831605E+01 -0.6806797835765286E-10  0.7531183977123918E+00  0.1031772204729039E+02
 0.9999999996657559E+00  0.4107292552063350E+01  0.2757636142436396E-09  0.7531183972770804E+00  0.1031772204793955E+02
 0.1000000000078296E+01  0.4107292551840146E+01 -0.6568622644147712E-10  0.7531183977053635E+00  0.1031772204731677E+02
 0.1118182383539614E+01  0.4066612861544683E+01 -0.1212360021127245E+00  0.8924434375266325E+00  0.1027131852656591E+02
 0.1029388698944239E+01  0.4098527139353508E+01 -0.2926898788146542E-01  0.7858262612139345E+00  0.1030786866140911E+02
 0.1057360059401330E+01  0.4088723477382710E+01 -0.6012808129649369E-01  0.8186462891183461E+00  0.1029622768677600E+02
 0.1461279876617526E+01  0.3935156152444562E+01 -0.4233816953901580E+00  0.1351160777215025E+01  0.1014395805259415E+02
 0.1067741352850297E+01  0.4085504698547011E+01 -0.6623371374870952E-01  0.8307041084528980E+00  0.1029287090129038E+02
 0.1012775399077154E+01  0.4103883720281886E+01 -0.1288111559943607E-01  0.7669638465620534E+00  0.1031423669419920E+02
 0.1133800478084869E+01  0.4060620214831543E+01 -0.1293609113481063E+00  0.9126670494761236E+00  0.1026509203884615E+02
 0.1032254865153916E+01  0.4097632406657279E+01 -0.3252232482724395E-01  0.7890472150416731E+00  0.1030680416763530E+02
 0.1005222925853964E+01  0.4106124412140351E+01 -0.5296649360481191E-02  0.7586399021325752E+00  0.1031688829511191E+02
 0.1228458291137045E+01  0.4023262893770466E+01 -0.2167045135608536E+00  0.1036437592520078E+01  0.1022602679959852E+02
 0.1069088263817620E+01  0.4084424476941932E+01 -0.6984205176088193E-01  0.8328473889115774E+00  0.1029126522441585E+02
 0.1014381318223942E+01  0.4103551538226447E+01 -0.1464641421172958E-01  0.7686485546155578E+00  0.1031405260962508E+02
 0.1002009188504837E+01  0.4106942914273953E+01 -0.2031275748097646E-02  0.7551994646507825E+00  0.1031770503627513E+02
 0.1335648399963447E+01  0.3982218295533153E+01 -0.3213985693835639E+00  0.1178105383716464E+01  0.1018579864351573E+02
 0.1213694851128977E+01  0.4029547298846162E+01 -0.2133243391460602E+00  0.1014915139869086E+01  0.1023192777059262E+02
 0.9999950521144607E+00  0.4107293944081602E+01  0.4863518756978127E-05  0.7531134025246018E+00  0.1031772459371141E+02
 0.9999995554235369E+00  0.4107292649235490E+01  0.3233133245107375E-06  0.7531178381619414E+00  0.1031772188568339E+02
 0.9999878871750902E+00  0.4107296871702608E+01  0.1173166836337543E-04  0.7531058283961022E+00  0.1031773117308192E+02
 0.9999983836346462E+00  0.4107292959178793E+01  0.1504057589771292E-05  0.7531166789900712E+00  0.1031772246702034E+02
 0.9999798185173555E+00  0.4107303773867550E+01  0.1926834343088921E-04  0.7530967618209498E+00  0.1031775204744123E+02
 0.9999950097224598E+00  0.4107294033212970E+01  0.4870476647052004E-05  0.7531132003090096E+00  0.1031772453407443E+02
 0.9999866824161714E+00  0.4107317200045385E+01  0.1054628207250097E-04  0.7531014684041475E+00  0.1031780603602408E+02
 0.9999891950582145E+00  0.4107297037903326E+01  0.1041982769506623E-04  0.7531070260446185E+00  0.1031773238736430E+02
 0.1000101360914361E+01  0.4107319136727810E+01 -0.1063009517758876E-03  0.7532149919689876E+00  0.1031788188398135E+02
 0.9999818415445003E+00  0.4107304142150885E+01  0.1704605715491574E-04  0.7530987516388327E+00  0.1031775472570350E+02
 0.9999930656111505E+00  0.4107294889852635E+01  0.6815020974907210E-05  0.7531111579774296E+00  0.1031772660707616E+02
 0.9999992774275749E+00  0.4107292671654530E+01  0.7435336068528074E-06  0.7531176225526655E+00  0.1031772196215150E+02
 0.1000451330781420E+01  0.4107277410599328E+01 -0.4615223773873779E-03  0.7535696519840928E+00  0.1031793821090296E+02
 0.1000064597665856E+01  0.4107322148703603E+01 -0.6880617270311241E-04  0.7531772384961953E+00  0.1031786908935102E+02
 0.9999838378890769E+00  0.4107312292686645E+01  0.1502623965794145E-04  0.7530990417520423E+00  0.1031778516898784E+02
 0.1000329133522983E+01  0.4107302479031985E+01 -0.3364662413045239E-03  0.7534420918215233E+00  0.1031795235964631E+02
 0.1001391818124899E+01  0.4107102574865420E+01 -0.1424557965359000E-02  0.7545463191705877E+00  0.1031789076384363E+02
 0.1003851146209689E+01  0.4106451407047724E+01 -0.3944797814962759E-02  0.7571916992669405E+00  0.1031719643593460E+02
 0.9999797898721643E+00  0.4107301610428634E+01  0.1942399098716337E-04  0.7530970756735836E+00  0.1031774400012688E+02
 0.9999917285974321E+00  0.4107295474609186E+01  0.7819129322539820E-05  0.7531098387242308E+00  0.1031772822802914E+02
 0.9999709639499480E+00  0.4107310270335526E+01  0.2776512458506486E-04  0.7530868246117607E+00  0.1031777055857088E+02
 0.1000000194197705E+01  0.4107292414333388E+01 -0.1513019779364946E-06  0.7531186020690078E+00  0.1031772162795814E+02
 0.9999984746922405E+00  0.4107292936684547E+01  0.1486101208499907E-05  0.7531168310476457E+00  0.1031772258333135E+02
 0.1000000091531650E+01  0.4107292436766987E+01 -0.5026715537383490E-07  0.7531184973954945E+00  0.1031772165171495E+02
 0.9999954004269102E+00  0.4107294126585351E+01  0.4287028055630539E-05  0.7531136387203535E+00  0.1031772527799423E+02
 0.9999808151987316E+00  0.4107300345325658E+01  0.1777958708819453E-04  0.7530983886329060E+00  0.1031774015589673E+02
 0.9999807397296684E+00  0.4107321957855897E+01  0.1807407482200049E-04  0.7530941056583422E+00  0.1031781835974037E+02
 0.9999679188712910E+00  0.4107308113396531E+01  0.2902784090244561E-04  0.7530845076971190E+00  0.1031776164029089E+02
 0.1000084075731408E+01  0.4107317163159085E+01 -0.7695166819359521E-04  0.7531968398762035E+00  0.1031786094141311E+02
 0.1009078009289283E+01  0.4104809674129309E+01 -0.9740530943568538E-02  0.7630505760421912E+00  0.1031524345262646E+02
 0.1003188227841186E+01  0.4106700746327100E+01 -0.3348319922731071E-02  0.7564499012805401E+00  0.1031761569398354E+02
 0.1018289914274804E+01  0.4100926947729755E+01 -0.2299052090780252E-01  0.7742217329477563E+00  0.1030985426068015E+02
 0.1000884752273526E+01  0.4107198931210046E+01 -0.8408189883021338E-03  0.7540060630161457E+00  0.1031789074410908E+02
 0.1009837297672861E+01  0.4104792287487003E+01 -0.1011665462065797E-01  0.7636775284937348E+00  0.1031530650586577E+02
 0.1002803788747631E+01  0.4106712324903587E+01 -0.2648782727667850E-02  0.7560370758806335E+00  0.1031735465378110E+02
 0.1023020952772864E+01  0.4100667726438532E+01 -0.2373336649217460E-01  0.7784231015984409E+00  0.1031028532090853E+02
 0.1064361102690618E+01  0.4086007118924167E+01 -0.6617483276229649E-01  0.8270340559476327E+00  0.1029247648832470E+02
 0.1000251996502159E+01  0.4107297769062772E+01 -0.2393892243996696E-03  0.7533636304326742E+00  0.1031788209368055E+02
 0.1001145864372060E+01  0.4107155220854670E+01 -0.1163373983701769E-02  0.7542878187522709E+00  0.1031792392197824E+02
 0.1000033878891748E+01  0.4107319499171187E+01 -0.3264668848459678E-04  0.7531462135352027E+00  0.1031783848127028E+02
 0.1000000016979008E+01  0.4107292545281415E+01 -0.1625595556936433E-07  0.7531184154020206E+00  0.1031772203279919E+02
 0.1000000117732894E+01  0.4107292486625790E+01 -0.1006437624632615E-06  0.7531185210936410E+00  0.1031772186641341E+02
 0.1000000028906790E+01  0.4107292538578470E+01 -0.2616196481555002E-07  0.7531184280008666E+00  0.1031772201430776E+02
 0.1000000153467578E+01  0.4107292453444494E+01 -0.1261479675810775E-06  0.7531185594805661E+00  0.1031772175881431E+02
 0.9999999988258543E+00  0.4107292552596900E+01  0.9655680544018164E-09  0.7531183963824044E+00  0.1031772204947567E+02
 0.1000000002116268E+01  0.4107292551653106E+01 -0.2357449650778998E-08  0.7531183998467189E+00  0.1031772204806484E+02
 0.9999999988445410E+00  0.4107292552595609E+01  0.9629667496264087E-09  0.7531183963962056E+00  0.1031772204946968E+02
 0.1000000009200491E+01  0.4107292548598309E+01 -0.8888890366486820E-08  0.7531184073286007E+00  0.1031772204088445E+02
 0.1000000062449109E+01  0.4107292522033400E+01 -0.5654500022556200E-07  0.7531184635763145E+00  0.1031772197213760E+02
 0.1000000101156121E+01  0.4107292454109770E+01 -0.7584435734088513E-07  0.7531185058627703E+00  0.1031772172599411E+02
 0.1000000098008043E+01  0.4107292503445293E+01 -0.9030881822389957E-07  0.7531185018843923E+00  0.1031772192461078E+02
 0.9999998999735927E+00  0.4107292497330849E+01  0.1206739167890770E-06  0.7531182944947378E+00  0.1031772175388130E+02
 0.1000000000010648E+01  0.4107292551873877E+01 -0.5622215476997377E-11  0.7531183976350204E+00  0.1031772204740681E+02
 0.9999999995900339E+00  0.4107292552093855E+01  0.3674205913655238E-09  0.7531183971896528E+00  0.1031772204798884E+02
 0.9999999999924937E+00  0.4107292551885670E+01  0.7934170503007196E-11  0.7531183976151629E+00  0.1031772204743979E+02
 0.9999999992049694E+00  0.4107292552303361E+01  0.7076909783352542E-09  0.7531183967811110E+00  0.1031772204855299E+02
 0.9999999999521914E+00  0.4107292551905747E+01  0.4404671086319721E-10  0.7531183975750774E+00  0.1031772204749792E+02
 0.9999999987155330E+00  0.4107292552568926E+01  0.1151432890896596E-08  0.7531183962579224E+00  0.1031772204925728E+02
 0.1000000000020557E+01  0.4107292551871844E+01 -0.1661458717121149E-10  0.7531183976437310E+00  0.1031772204740159E+02
 0.1000000143847998E+01  0.4107292477560706E+01 -0.1367191805327709E-06  0.7531185521029108E+00  0.1031772185753422E+02
 0.9999994097646284E+00  0.4107292605182565E+01  0.6442260123855126E-06  0.7531177730948913E+00  0.1031772181632365E+02
 0.1000000043922333E+01  0.4107292533075626E+01 -0.4124106225541802E-07  0.7531184441502811E+00  0.1031772200380830E+02
 0.1000000201918962E+01  0.4107292436752710E+01 -0.1950140319401377E-06  0.7531186162121752E+00  0.1031772174086122E+02
 0.9999975212195104E+00  0.4107293133529191E+01  0.2470465326537642E-05  0.7531158110331998E+00  0.1031772263698759E+02
 0.9999999985216590E+00  0.4107292553160995E+01  0.1432628161581693E-08  0.7531183959914164E+00  0.1031772205138784E+02
 0.1000000075228658E+01  0.4107292518903109E+01 -0.7128004343865220E-07  0.7531184776360603E+00  0.1031772197036866E+02
 0.1000000253472491E+01  0.4107292387195948E+01 -0.2652172236374040E-06  0.7531186732489261E+00  0.1031772158284420E+02
 0.9999940029548481E+00  0.4107294092873174E+01  0.5912733954218297E-05  0.7531121540903390E+00  0.1031772405910546E+02
 0.9999999985270660E+00  0.4107292552910134E+01  0.1320921079801580E-08  0.7531183960246421E+00  0.1031772205043036E+02
 0.1000000020653475E+01  0.4107292543648597E+01 -0.1968793842383760E-07  0.7531184194724939E+00  0.1031772202935064E+02
 0.9999999983520668E+00  0.4107292552941939E+01  0.1396443755182150E-08  0.7531183958600839E+00  0.1031772205047909E+02
 0.9999739414646762E+00  0.4107302787592403E+01  0.2538335282033293E-04  0.7530907020067984E+00  0.1031774391220146E+02
 0.9999935664354619E+00  0.4107294836200983E+01  0.7730417684926021E-05  0.7531112087416304E+00  0.1031772557067743E+02
 0.9999887056341316E+00  0.4107300117312945E+01  0.1097635633596162E-04  0.7531061482526229E+00  0.1031774376241238E+02
 0.9999957058465697E+00  0.4107293975563709E+01  0.4386113099260181E-05  0.7531137948721164E+00  0.1031772447304106E+02
 0.1006575860020179E+01  0.4105657019663009E+01 -0.6660238029708626E-02  0.7601277725012631E+00  0.1031613679427709E+02
 0.1000502808007060E+01  0.4107219575325277E+01 -0.4641343451679762E-03  0.7536353271786325E+00  0.1031776788702032E+02
 0.1001395850671024E+01  0.4106994555478595E+01 -0.1396992449452036E-02  0.7545805737675033E+00  0.1031752501551442E+02
 0.9999971169495386E+00  0.4107293510242536E+01  0.2745434994495118E-05  0.7531153696257930E+00  0.1031772384189816E+02
 0.9999837805873353E+00  0.4107299563715964E+01  0.1498574212334599E-04  0.7531013600994066E+00  0.1031773879106112E+02
 0.9999987726225027E+00  0.4107292889188569E+01  0.1175131494241683E-05  0.7531171196271703E+00  0.1031772254875846E+02
 0.9999657832902402E+00  0.4107315010056443E+01  0.3130135350867466E-04  0.7530814078873916E+00  0.1031778623825006E+02
 0.9999905982411560E+00  0.4107296249290061E+01  0.8620400370798142E-05  0.7531085888662873E+00  0.1031773041344874E+02
 0.9999997513777477E+00  0.4107292506799330E+01  0.2866930136211381E-06  0.7531181463397338E+00  0.1031772170215928E+02
 0.1000021913790965E+01  0.4107304398895445E+01 -0.1738701176210831E-04  0.7531392900233063E+00  0.1031778167836408E+02
 0.9999841608164766E+00  0.4107300151808844E+01  0.1562719776066366E-04  0.7531016072670178E+00  0.1031774110857290E+02
 0.1000154208537387E+01  0.4107276314507147E+01 -0.1551597054113027E-03  0.7532770722308556E+00  0.1031776169485716E+02
 0.9999999999997888E+00  0.4107292551885689E+01  0.1406390204534704E-12  0.7531183976236320E+00  0.1031772204744731E+02
 0.9999999999998320E+00  0.4107292551885661E+01  0.1042532066733534E-12  0.7531183976236774E+00  0.1031772204744722E+02
 0.9999999999998439E+00  0.4107292551885653E+01  0.9190610802084495E-13  0.7531183976236905E+00  0.1031772204744720E+02
 0.1000000000000018E+01  0.4107292551885513E+01 -0.1593318866739811E-13  0.7531183976238721E+00  0.1031772204744675E+02
 0.9999999999999223E+00  0.4107292551885595E+01  0.3451968856981797E-13  0.7531183976237716E+00  0.1031772204744702E+02
 0.1000000000000001E+01  0.4107292551885525E+01 -0.2074435172087333E-14  0.7531183976238566E+00  0.1031772204744679E+02
 0.1000000000000023E+01  0.4107292551885507E+01 -0.1896583857947087E-13  0.7531183976238803E+00  0.1031772204744674E+02
 0.9999999999999991E+00  0.4107292551885527E+01 -0.1431147346524127E-14  0.7531183976238529E+00  0.1031772204744680E+02
 0.1000000000000024E+01  0.4107292551885505E+01 -0.1719697232322104E-13  0.7531183976238802E+00  0.1031772204744673E+02
 0.1000000000000036E+01  0.4107292551885502E+01 -0.3415110819683407E-13  0.7531183976238941E+00  0.1031772204744673E+02
 0.1000000000000095E+01  0.4107292551885450E+01 -0.6612763385309884E-13  0.7531183976239587E+00  0.1031772204744656E+02
 0.9999999999999983E+00  0.4107292551885529E+01 -0.1029944933813725E-14  0.7531183976238516E+00  0.1031772204744680E+02
 0.1000000000000002E+01  0.4107292551885525E+01 -0.2269619764558406E-14  0.7531183976238555E+00  0.1031772204744679E+02
 0.1000000000000012E+01  0.4107292551885517E+01 -0.1149000400057599E-13  0.7531183976238682E+00  0.1031772204744677E+02
 0.1000000000000004E+01  0.4107292551885522E+01 -0.3918184186119614E-14  0.7531183976238595E+00  0.1031772204744678E+02
 0.1000000000000077E+01  0.4107292551885464E+01 -0.5324728237464866E-13  0.7531183976239390E+00  0.1031772204744661E+02
 0.1000000000000001E+01  0.4107292551885524E+01 -0.2464512962658235E-14  0.7531183976238557E+00  0.1031772204744679E+02
 0.1000000000000064E+01  0.4107292551885473E+01 -0.4426102557683553E-13  0.7531183976239243E+00  0.1031772204744663E+02
 0.1000000000000229E+01  0.4107292551885315E+01 -0.1497002938507724E-12  0.7531183976241071E+00  0.1031772204744613E+02
 0.9999999999999967E+00  0.4107292551885527E+01  0.4494552515486220E-16  0.7531183976238525E+00  0.1031772204744680E+02
 0.9999999999999978E+00  0.4107292551885526E+01 -0.6467766944920266E-15  0.7531183976238540E+00  0.1031772204744680E+02
 0.9999999999999983E+00  0.4107292551885528E+01 -0.9138923448155216E-15  0.7531183976238502E+00  0.1031772204744679E+02
 0.9999999999999964E+00  0.4107292551885527E+01  0.2503633547989959E-15  0.7531183976238530E+00  0.1031772204744680E+02
 0.9999999999999992E+00  0.4107292551885526E+01 -0.7117775245301430E-15  0.7531183976238537E+00  0.1031772204744679E+02
 0.1000000000000084E+01  0.4107292551885450E+01 -0.4977468588190212E-13  0.7531183976239461E+00  0.1031772204744655E+02
 0.1000000000000265E+01  0.4107292551885262E+01 -0.1507358005813035E-12  0.7531183976241577E+00  0.1031772204744597E+02
 0.1000000000000091E+01  0.4107292551885439E+01 -0.4255671495217001E-13  0.7531183976239537E+00  0.1031772204744651E+02
 0.1000000000000240E+01  0.4107292551885282E+01 -0.1181446729203981E-12  0.7531183976241320E+00  0.1031772204744603E+02
 0.9999999999999988E+00  0.4107292551885527E+01 -0.9377298617172784E-15  0.7531183976238534E+00  0.1031772204744680E+02
 0.9999999999999984E+00  0.4107292551885526E+01 -0.5951696399964729E-15  0.7531183976238546E+00  0.1031772204744680E+02
 0.9999999999999987E+00  0.4107292551885525E+01 -0.7767453249593244E-15  0.7531183976238554E+00  0.1031772204744679E+02
 0.9999999999999986E+00  0.4107292551885526E+01 -0.5307262254050618E-15  0.7531183976238547E+00  0.1031772204744680E+02
 0.9999999999999984E+00  0.4107292551885526E+01 -0.5306533325996994E-15  0.7531183976238552E+00  0.1031772204744680E+02
 0.9999999999999984E+00  0.4107292551885527E+01 -0.8064061790467133E-15  0.7531183976238525E+00  0.1031772204744680E+02
 0.9999999999999988E+00  0.4107292551885526E+01 -0.9904110487848770E-15  0.7531183976238540E+00  0.1031772204744679E+02
 0.1000000000000058E+01  0.4107292551885468E+01 -0.2134236693123382E-13  0.7531183976239170E+00  0.1031772204744660E+02
 0.1000000000000167E+01  0.4107292551885353E+01 -0.6708742294245877E-13  0.7531183976240495E+00  0.1031772204744626E+02
 0.9999999999999971E+00  0.4107292551885528E+01 -0.7490920859143551E-16  0.7531183976238521E+00  0.1031772204744680E+02
 0.1000000000000021E+01  0.4107292551885503E+01 -0.6233240540439023E-14  0.7531183976238789E+00  0.1031772204744672E+02
 0.1000000000000085E+01  0.4107292551885435E+01 -0.2212004634583030E-13  0.7531183976239517E+00  0.1031772204744651E+02
 0.9999999999999980E+00  0.4107292551885526E+01 -0.4944007767034776E-15  0.7531183976238557E+00  0.1031772204744680E+02
 0.9999999999999971E+00  0.4107292551885528E+01  0.9253052457086541E-16  0.7531183976238521E+00  0.1031772204744680E+02
 0.1000000000000001E+01  0.4107292551885522E+01 -0.6848249109682765E-15  0.7531183976238578E+00  0.1031772204744679E+02
 0.1000000000000014E+01  0.4107292551885510E+01 -0.1941781922963743E-14  0.7531183976238696E+00  0.1031772204744674E+02
 0.9999999999999976E+00  0.4107292551885528E+01 -0.3134846216901638E-15  0.7531183976238517E+00  0.1031772204744680E+02
 0.9999999999999984E+00  0.4107292551885525E+01 -0.7242542954591704E-16  0.7531183976238552E+00  0.1031772204744679E+02
 0.9999999999999971E+00  0.4107292551885527E+01  0.3058792685522806E-15  0.7531183976238521E+00  0.1031772204744680E+02
 0.9999999999999990E+00  0.4107292551885527E+01 -0.1353356712625302E-14  0.7531183976238521E+00  0.1031772204744679E+02
 0.9999999999999988E+00  0.4107292551885526E+01 -0.1444100901030136E-14  0.7531183976238555E+00  0.1031772204744680E+02
 0.9999999999999983E+00  0.4107292551885527E+01 -0.1247811384849595E-14  0.7531183976238524E+00  0.1031772204744680E+02
 0.9999999999999970E+00  0.4107292551885528E+01 -0.6623998483386082E-15  0.7531183976238520E+00  0.1031772204744680E+02
 0.9999999999999977E+00  0.4107292551885527E+01 -0.1350486428403091E-14  0.7531183976238539E+00  0.1031772204744680E+02
 0.1000000000000013E+01  0.4107292551885513E+01 -0.9983561502449028E-14  0.7531183976238686E+00  0.1031772204744675E+02
 0.9999999999999982E+00  0.4107292551885528E+01 -0.1079941091011116E-14  0.7531183976238501E+00  0.1031772204744679E+02
 0.9999999999999981E+00  0.4107292551885529E+01 -0.1171138597665684E-14  0.7531183976238507E+00  0.1031772204744680E+02
 0.9999999999999986E+00  0.4107292551885528E+01 -0.1398153951618186E-14  0.7531183976238532E+00  0.1031772204744680E+02
 0.9999999999999990E+00  0.4107292551885528E+01 -0.1649502806907504E-14  0.7531183976238515E+00  0.1031772204744680E+02
 0.9999999999999990E+00  0.4107292551885527E+01 -0.1810036709826385E-14  0.7531183976238521E+00  0.1031772204744679E+02
 0.9999999999999987E+00  0.4107292551885527E+01 -0.1525824245388050E-14  0.7531183976238532E+00  0.1031772204744680E+02
 0.1709347329310369E+01  0.3843262042018418E+01  0.5965141401333589E+00  0.1713448851203818E+01  0.1006924478810018E+02
 0.1680978747070923E+01  0.3853332360420040E+01  0.5756890510354925E+00  0.1671988451461458E+01  0.1007642345514614E+02
 0.1768924716972802E+01  0.3819562035441307E+01  0.6407751119147485E+00  0.1805392135158286E+01  0.1005136240627504E+02
 0.1764427865142450E+01  0.3821895681987876E+01  0.6363256300640648E+00  0.1797768400454815E+01  0.1005313832307733E+02
 0.1752596245905318E+01  0.3826417009780736E+01  0.6275085309905778E+00  0.1779939205794089E+01  0.1005662055147518E+02
 0.1645045354375512E+01  0.3865396971516702E+01  0.5507419171492777E+00  0.1621110544219042E+01  0.1008593111480645E+02
 0.1598279726268995E+01  0.3882242489663315E+01  0.5168664660191230E+00  0.1553144084560352E+01  0.1009887849849927E+02
 0.1732491459507701E+01  0.3833676101390942E+01  0.6133211776580721E+00  0.1750140342141354E+01  0.1006208514732164E+02
 0.1703169086362945E+01  0.3843918387010488E+01  0.5930233924852797E+00  0.1707387498221759E+01  0.1006988465892890E+02
 0.1574670574637031E+01  0.3892227165725144E+01  0.5056854439138754E+00  0.1514648897777978E+01  0.1010728260468021E+02
 0.1769550865406778E+01  0.3812688555938056E+01  0.6478074679941382E+00  0.1816665183873072E+01  0.1004468680777089E+02
 0.1779888572976188E+01  0.3810652119979792E+01  0.6524854827393484E+00  0.1829708442220849E+01  0.1004337954927918E+02
 0.1737319842480489E+01  0.3815045392661514E+01  0.6346690166503065E+00  0.1783148539936111E+01  0.1004463546420104E+02
 0.1757103819077861E+01  0.3810255338092585E+01  0.6452392978952933E+00  0.1809230608779390E+01  0.1004135552592006E+02
 0.1774030135034916E+01  0.3806330116316285E+01  0.6539100826599183E+00  0.1831404099935128E+01  0.1003872625463374E+02
 0.1685675519732995E+01  0.3822961377331639E+01  0.6089795052503399E+00  0.1723224069002216E+01  0.1004863255364359E+02
 0.1711047343601193E+01  0.3816458377543140E+01  0.6234544680339881E+00  0.1756950639989701E+01  0.1004409401452134E+02
 0.1622051222703362E+01  0.3834587881949245E+01  0.5744199735490508E+00  0.1647012381836701E+01  0.1005548286027865E+02
 0.1650537544960181E+01  0.3826986081647894E+01  0.5916267308826572E+00  0.1684937669338874E+01  0.1005002675465339E+02
 0.1678490126599182E+01  0.3819614655197709E+01  0.6081196430960940E+00  0.1722248091570764E+01  0.1004480740119757E+02
 0.1735019855941098E+01  0.3810417550410766E+01  0.6367807204618805E+00  0.1788833490296196E+01  0.1003992616969394E+02
 0.1757103097801127E+01  0.3804973122841592E+01  0.6486956635861912E+00  0.1818175390448933E+01  0.1003620670419172E+02
 0.1705625577673272E+01  0.3812552184870458E+01  0.6237507275949888E+00  0.1758539836870657E+01  0.1003986799979814E+02
 0.1731583418571890E+01  0.3805899017500150E+01  0.6383336896981366E+00  0.1793298602062826E+01  0.1003527085389637E+02
 0.1777768988279995E+01  0.3814421237669819E+01  0.6461751910625526E+00  0.1822346527817302E+01  0.1004636335287265E+02
 0.1762073967818118E+01  0.3820329013836028E+01  0.6347190194963277E+00  0.1798581385093802E+01  0.1005068709460878E+02
 0.1796280300202574E+01  0.3801920139290406E+01  0.6638624695368787E+00  0.1859637911196439E+01  0.1003583396563115E+02
 0.1799553095643980E+01  0.3802053718778242E+01  0.6639863725307223E+00  0.1862715386007332E+01  0.1003599238086290E+02
 0.1795861425211306E+01  0.3804311353050803E+01  0.6598461200372547E+00  0.1855909447333368E+01  0.1003768311319913E+02
 0.1776666670095697E+01  0.3800301520464766E+01  0.6588696720803008E+00  0.1844074805141968E+01  0.1003305241782550E+02
 0.1792933654359449E+01  0.3796619005357345E+01  0.6668918567404408E+00  0.1865415395130911E+01  0.1003059615360840E+02
 0.1755903585148772E+01  0.3799780794860832E+01  0.6516304748460167E+00  0.1825868192804368E+01  0.1003109157835568E+02
 0.1777980964880182E+01  0.3794362982111001E+01  0.6633263290464531E+00  0.1855383898145221E+01  0.1002743156521350E+02
 0.1804942726822149E+01  0.3794205592267543E+01  0.6722479794949768E+00  0.1880801498322505E+01  0.1002902759564909E+02
 0.1811562302699235E+01  0.3793397884331211E+01  0.6743192918423329E+00  0.1888577587117834E+01  0.1002856997212444E+02
 0.1797038203419830E+01  0.3789861290191190E+01  0.6730157301432186E+00  0.1880727147141449E+01  0.1002442560266300E+02
 0.1812103231251524E+01  0.3786554163879437E+01  0.6801848509530769E+00  0.1900485914938243E+01  0.1002225577580095E+02
 0.1787451080949519E+01  0.3803439775940971E+01  0.6603188715561175E+00  0.1848724466165429E+01  0.1003678695829247E+02
 0.1785100907764132E+01  0.3811154840154164E+01  0.6523782583285037E+00  0.1834164161865619E+01  0.1004396146157980E+02
 0.1785411907069029E+01  0.3810025648883521E+01  0.6542316100884731E+00  0.1836050758094446E+01  0.1004306362055535E+02
 0.1278053438284947E+01  0.4003190560407384E+01  0.2646138597797976E+00  0.1103203124949321E+01  0.1020575292617869E+02
 0.1212395000081117E+01  0.4029718006272653E+01  0.2071769381832082E+00  0.1014392254191152E+01  0.1023248630567744E+02
 0.1486590583031586E+01  0.3922598427972329E+01  0.4355146182812343E+00  0.1394377890954102E+01  0.1013315158242486E+02
 0.1412074188095454E+01  0.3951360054877447E+01  0.3766755629244973E+00  0.1288270887846345E+01  0.1015837842004835E+02
 0.1335697307434475E+01  0.3981365127112421E+01  0.3132858867591024E+00  0.1181324713315911E+01  0.1018577182565280E+02
 0.1159124753214257E+01  0.4050508011559514E+01  0.1576161347478973E+00  0.9450655006433187E+00  0.1025404605231835E+02
 0.1114008943238090E+01  0.4068218254966968E+01  0.1147063114781714E+00  0.8874940189667488E+00  0.1027344583122564E+02
 0.1261499526423437E+01  0.4010953928827580E+01  0.2490362567894554E+00  0.1079454055612278E+01  0.1021411326206206E+02
 0.1194994630425410E+01  0.4037532014557812E+01  0.1890705768127313E+00  0.9904770352932181E+00  0.1024084322556952E+02
 0.1111723247880235E+01  0.4069163177336040E+01  0.1143181068681299E+00  0.8846765177711094E+00  0.1027500494085464E+02
 0.1654044156705994E+01  0.3858794448988268E+01  0.5590236628575092E+00  0.1639619382278638E+01  0.1007959874623952E+02
 0.1595563518576183E+01  0.3880032198064350E+01  0.5169698196294016E+00  0.1554338822879249E+01  0.1009636113651794E+02
 0.1762441407416845E+01  0.3817039284515062E+01  0.6353357954820525E+00  0.1804910390737507E+01  0.1004696193160551E+02
 0.1730007859433599E+01  0.3828631535913623E+01  0.6128889952882551E+00  0.1756664190060168E+01  0.1005554671316705E+02
 0.1685635509331451E+01  0.3844446492298930E+01  0.5822154595018019E+00  0.1691146523818909E+01  0.1006754533338402E+02
 0.1811479610226327E+01  0.3794613696357116E+01  0.6723538141122518E+00  0.1886803828340063E+01  0.1002953037458929E+02
 0.1803286368147830E+01  0.3798325684300671E+01  0.6654942496354498E+00  0.1873377793269247E+01  0.1003225208934173E+02
 0.1822029337517248E+01  0.3784782320446542E+01  0.6842151884156012E+00  0.1912973452709047E+01  0.1002114791692332E+02
 0.1825501437694177E+01  0.3784958294745620E+01  0.6843625921883232E+00  0.1916234389711366E+01  0.1002138829930893E+02
 0.1785477719481771E+01  0.3805100149336520E+01  0.6527157200100034E+00  0.1846032740258680E+01  0.1003720074040434E+02
 0.1756659117780356E+01  0.3815535741938142E+01  0.6329007326407499E+00  0.1802647246682370E+01  0.1004488645022554E+02
 0.1821074059731684E+01  0.3787564845818167E+01  0.6797521415588704E+00  0.1908096977101509E+01  0.1002332168975724E+02
 0.1807179966096015E+01  0.3793171611064768E+01  0.6693406714659154E+00  0.1886189342124767E+01  0.1002738316665672E+02
 0.1365416181065818E+01  0.3967698475613573E+01  0.3388382371591002E+00  0.1225129510192716E+01  0.1017186429182869E+02
 0.1279658781136724E+01  0.4001366377508869E+01  0.2670245174995824E+00  0.1106957940718137E+01  0.1020372121889391E+02
 0.1560409898254403E+01  0.3890328992863125E+01  0.4927880466899701E+00  0.1507633648014975E+01  0.1010419475903604E+02
 0.1481960683958492E+01  0.3920306786951269E+01  0.4336702317427531E+00  0.1393814844793671E+01  0.1012973958137284E+02
 0.1397903898850855E+01  0.3953391076670194E+01  0.3670368616064472E+00  0.1273331045587926E+01  0.1015922345056432E+02
 0.1715631019536244E+01  0.3830270936055484E+01  0.6048222907170676E+00  0.1741400231994285E+01  0.1005594335668376E+02
 0.1661825344853205E+01  0.3849845836868557E+01  0.5673665838884593E+00  0.1661426127662192E+01  0.1007100833376468E+02
 0.1782235453577135E+01  0.3802423849806097E+01  0.6519342491239897E+00  0.1848090778369322E+01  0.1003410011878642E+02
 0.1744766110897828E+01  0.3816023133942940E+01  0.6262166920940853E+00  0.1791544863931738E+01  0.1004411720686701E+02
 0.1595535681070089E+01  0.3874557242726881E+01  0.5197469831932043E+00  0.1563305102852167E+01  0.1009066419000963E+02
 0.1518373787382368E+01  0.3904203412617939E+01  0.4620313917153799E+00  0.1449784422361001E+01  0.1011520636777002E+02
 0.1693718017446266E+01  0.3834637591562227E+01  0.5909081102142565E+00  0.1714958213499013E+01  0.1005816036155124E+02
 0.1628868713399538E+01  0.3858738388264223E+01  0.5449927105923226E+00  0.1618121196212556E+01  0.1007694413130431E+02
 0.1628853355701269E+01  0.3865007124876817E+01  0.5423016139461679E+00  0.1607663283428801E+01  0.1008366256835925E+02
 0.1448758215177382E+01  0.3935318941956347E+01  0.4057574062052445E+00  0.1342762480103260E+01  0.1014277921349351E+02
 0.1526503315249440E+01  0.3905705197597958E+01  0.4656610876866908E+00  0.1454279251496710E+01  0.1011740316662162E+02
 0.1783989197672294E+01  0.3809116974675952E+01  0.6506471298294957E+00  0.1837369209851945E+01  0.1004116118883564E+02
 0.1701070076276289E+01  0.3842016498108375E+01  0.5921554922091484E+00  0.1708490554204115E+01  0.1006677505228201E+02
 0.1554404002398486E+01  0.3897267438799783E+01  0.4870705500327750E+00  0.1491649706571822E+01  0.1011203577006686E+02
 0.1614158415008420E+01  0.3875485876888146E+01  0.5303987745682039E+00  0.1578073891715173E+01  0.1009446930254096E+02
 0.1736889408994824E+01  0.3829339456600803E+01  0.6170365521558628E+00  0.1761220106490989E+01  0.1005730789500495E+02
 0.1663658523150702E+01  0.3857869228016336E+01  0.5656140736199141E+00  0.1649749385871305E+01  0.1008063569975524E+02
 0.1344441177759736E+01  0.3977398304709968E+01  0.3214636476845453E+00  0.1193711181853558E+01  0.1018123434428369E+02
 0.1206884451188258E+01  0.4032055754803814E+01  0.2053478870744251E+00  0.1006802430406351E+01  0.1023536091237017E+02
 0.1545458293257205E+01  0.3900808732431055E+01  0.4782649598331908E+00  0.1478396116426210E+01  0.1011404039937412E+02
 0.1460798478169893E+01  0.3933592355791443E+01  0.4207576117432158E+00  0.1353846347339755E+01  0.1014205578788127E+02
 0.1481778522605747E+01  0.3924765090105956E+01  0.4305483745661817E+00  0.1386643775654949E+01  0.1013406875443585E+02
 0.1417022117616677E+01  0.3948892229787414E+01  0.3793606819920619E+00  0.1295900079839101E+01  0.1015514102872114E+02
 0.1330626325037263E+01  0.3983239203597189E+01  0.3152751781640821E+00  0.1173254142117598E+01  0.1018712336032318E+02
 0.1551034420619934E+01  0.3848899476057597E+01  0.5330035320660180E+00  0.1560699138185595E+01  0.1006463782896768E+02
 0.1581004301721241E+01  0.3840615430252006E+01  0.5521913577892983E+00  0.1600541980542279E+01  0.1005851550058275E+02
 0.1475577763960077E+01  0.3865292256882674E+01  0.4858832423996348E+00  0.1468235978743859E+01  0.1007584454676941E+02
 0.1505945371583348E+01  0.3856609768224347E+01  0.5065719525535688E+00  0.1508459964010448E+01  0.1006920146537939E+02
 0.1536797840114816E+01  0.3847855650223729E+01  0.5270831324598491E+00  0.1549519908860885E+01  0.1006260060891036E+02
 0.1397953171408734E+01  0.3883320555754505E+01  0.4340638651834048E+00  0.1372617515234587E+01  0.1008898650380308E+02
 0.1427578968401705E+01  0.3874562724770242E+01  0.4555967817913629E+00  0.1411660224032676E+01  0.1008202519834674E+02
 0.1320133963599844E+01  0.3902598596681698E+01  0.3793611616365312E+00  0.1276313857932619E+01  0.1010411114638587E+02
 0.1347924460790068E+01  0.3894083727112442E+01  0.4007721779840254E+00  0.1312749709876576E+01  0.1009701447818789E+02
 0.1377193031147345E+01  0.3885185025738524E+01  0.4228454511487759E+00  0.1351293942093583E+01  0.1008971621161388E+02
 0.1458311755559066E+01  0.3865543352515219E+01  0.4773984172381567E+00  0.1452358474154845E+01  0.1007496155320709E+02
 0.1489794758254642E+01  0.3856364940955949E+01  0.4991760934640205E+00  0.1494272452265668E+01  0.1006787760949139E+02
 0.1408097979590807E+01  0.3875865459709614E+01  0.4456453205515616E+00  0.1392177230858403E+01  0.1008219999886628E+02
 0.1439986352025423E+01  0.3866304964606154E+01  0.4685917307364777E+00  0.1434608946325865E+01  0.1007461028245938E+02
 0.1241435672457889E+01  0.3923384222957766E+01  0.3252410266220412E+00  0.1178261457657258E+01  0.1012214267007399E+02
 0.1267850748578263E+01  0.3915048968285382E+01  0.3458639394944436E+00  0.1212650186776103E+01  0.1011476841720123E+02
 0.1152445534041136E+01  0.3948123679822116E+01  0.2785782982790769E+00  0.1066570899594356E+01  0.1014635539244433E+02
 0.1180295164774655E+01  0.3939170798383484E+01  0.2991039031520332E+00  0.1102180882029863E+01  0.1013780988695932E+02
 0.1207562296579159E+01  0.3930487714059414E+01  0.3186572225060661E+00  0.1137425923277402E+01  0.1012993565649159E+02
 0.1037870805161768E+01  0.3980240361951613E+01  0.2539707854602323E+00  0.9231653431662477E+00  0.1017710729609650E+02
 0.1067136964009102E+01  0.3970532393792060E+01  0.2754943901454538E+00  0.9592997649417744E+00  0.1016788027568270E+02
 0.1097788583604230E+01  0.3960511230399542E+01  0.2953669177974683E+00  0.9976676850000096E+00  0.1015843953617891E+02
 0.1129810854375356E+01  0.3950223016074257E+01  0.3127540969216450E+00  0.1038332582886526E+01  0.1014861906246017E+02
 0.1354562822792337E+01  0.3887945651561181E+01  0.4119234416911197E+00  0.1326731321567566E+01  0.1009153494960503E+02
 0.1386615722212587E+01  0.3878031967535384E+01  0.4358268438143427E+00  0.1369310885297461E+01  0.1008333871901996E+02
 0.1262230843640714E+01  0.3912963753828544E+01  0.3560138331133102E+00  0.1209060843044068E+01  0.1011370601289570E+02
 0.1295078944679073E+01  0.3902604625424174E+01  0.3789648453533870E+00  0.1252273076727141E+01  0.1010433683480720E+02
 0.1327321308230268E+01  0.3892290922879194E+01  0.4027590806237867E+00  0.1294989021978078E+01  0.1009517412741464E+02
 0.1160640301834261E+01  0.3940492470553410E+01  0.3265911391944911E+00  0.1078109794934187E+01  0.1013930199547187E+02
 0.1184942140736926E+01  0.3932899463954844E+01  0.3353286171238621E+00  0.1110057985897223E+01  0.1013208057435340E+02
 0.1224658498379043E+01  0.3920991344025120E+01  0.3531865306021943E+00  0.1162048067788082E+01  0.1012164490266801E+02
 0.1257776347103763E+01  0.3910233246414625E+01  0.3737354206616454E+00  0.1205746801632866E+01  0.1011138536938246E+02
 0.1235039149645786E+01  0.3921651493277344E+01  0.3372308215563574E+00  0.1173288613823574E+01  0.1012154040862918E+02
 0.1323440468174319E+01  0.3897587586403707E+01  0.3884343605977779E+00  0.1285645401490756E+01  0.1009963964367081E+02
 0.1294962016428520E+01  0.3906500053925216E+01  0.3667032368951790E+00  0.1248165908371742E+01  0.1010726434085552E+02
 0.1772431832175691E+01  0.3801614772031040E+01  0.6468743312460885E+00  0.1841076516222846E+01  0.1003218337974173E+02
 0.1724110299653556E+01  0.3819229432138220E+01  0.6138449561204933E+00  0.1767966865335096E+01  0.1004525258212576E+02
 0.1846796972322211E+01  0.3769109937540279E+01  0.7003928743664876E+00  0.1964332253340757E+01  0.1000747688308422E+02
 0.1829546800590411E+01  0.3775874874339883E+01  0.6878573758237634E+00  0.1937153337742473E+01  0.1001222929854705E+02
 0.1799033059590644E+01  0.3787105139753964E+01  0.6669920139335810E+00  0.1890231396211313E+01  0.1002025427880377E+02
 0.1860308740220678E+01  0.3755894022017902E+01  0.7168116994719215E+00  0.1998944944803112E+01  0.9996587518061959E+01
 0.1867243176613770E+01  0.3755012242151411E+01  0.7187329307469666E+00  0.2007440495016882E+01  0.9996053275864098E+01
 0.1829642042616328E+01  0.3756118506103033E+01  0.7073040297306931E+00  0.1969047570405371E+01  0.9994834580525735E+01
 0.1852449497350962E+01  0.3750342405962065E+01  0.7186922646520587E+00  0.2000782145717813E+01  0.9990977836661608E+01
 0.1870110119626806E+01  0.3746142953787723E+01  0.7268960345370857E+00  0.2025125963484590E+01  0.9988210667431943E+01
 0.1865103148645681E+01  0.3756932739962121E+01  0.7152860402408162E+00  0.2002618035370192E+01  0.9997414980631307E+01
 0.1851722242996300E+01  0.3762429429049903E+01  0.7051171815105660E+00  0.1981117040015482E+01  0.1000122792680144E+02
 0.1880924479819974E+01  0.3744011412037830E+01  0.7310036385483690E+00  0.2039541167869960E+01  0.9986816662436739E+01
 0.1882709478112771E+01  0.3744649415559291E+01  0.7298035348510576E+00  0.2040683404801598E+01  0.9987275611376566E+01
 0.1770176065011325E+01  0.3765495897079281E+01  0.6802243723298051E+00  0.1896688118833717E+01  0.9999503842598221E+01
 0.1802289246779009E+01  0.3756667819664368E+01  0.6976133195129800E+00  0.1942042090825074E+01  0.9993463352673075E+01
 0.1691393355662099E+01  0.3781726974316894E+01  0.6409960637764375E+00  0.1795209584735739E+01  0.1000961522116661E+02
 0.1729659773170219E+01  0.3770646029440597E+01  0.6628141832639282E+00  0.1849479694724351E+01  0.1000173129500733E+02
 0.1766058715964124E+01  0.3760242345914464E+01  0.6828941182091438E+00  0.1901344326961683E+01  0.9994391242949261E+01
 0.1596058701307355E+01  0.3804135561130534E+01  0.5937373206978027E+00  0.1668598819230029E+01  0.1002560951187379E+02
 0.1638628691902979E+01  0.3791359301888677E+01  0.6190667184585671E+00  0.1728643168902867E+01  0.1001615650153009E+02
 0.1482183072400372E+01  0.3832611641979954E+01  0.5493796430062081E+00  0.1513957407209192E+01  0.1004895880455712E+02
 0.1526745050570350E+01  0.3819136289806051E+01  0.5715271660761301E+00  0.1576501300830415E+01  0.1003769704343820E+02
 0.1572325537909464E+01  0.3805016811666594E+01  0.5994675647057773E+00  0.1640621480010408E+01  0.1002734780105820E+02
 0.1680985076469832E+01  0.3778728917849239E+01  0.6431538652267533E+00  0.1789009272668769E+01  0.1000687565492721E+02
 0.1721288358718876E+01  0.3766829944009632E+01  0.6650969403535356E+00  0.1846907688645620E+01  0.9998130455856494E+01
 0.1619468670691516E+01  0.3790570979899798E+01  0.6261679786551041E+00  0.1707800805673552E+01  0.1001661709210967E+02
 0.1664697950702181E+01  0.3776970285099979E+01  0.6489257653975694E+00  0.1773142158034431E+01  0.1000616327625617E+02
 0.1879375914936899E+01  0.3736389390148155E+01  0.7367484509929465E+00  0.2050930226853041E+01  0.9979908466815298E+01
 0.1894085013234262E+01  0.3732940644993541E+01  0.7430063547581385E+00  0.2071461459016863E+01  0.9977571058863344E+01
 0.1833190647096434E+01  0.3741551393994799E+01  0.7188227448037939E+00  0.1997212648878193E+01  0.9981640261294309E+01
 0.1863251209971677E+01  0.3733339763467508E+01  0.7342589749549620E+00  0.2040360056195038E+01  0.9976115164843012E+01
 0.1888553046773175E+01  0.3726536905316403E+01  0.7465855581427797E+00  0.2076863837367302E+01  0.9971512842593166E+01
 0.1759522654552775E+01  0.3755735411741146E+01  0.6855225239261011E+00  0.1901970802949708E+01  0.9990140820435453E+01
 0.1797222113206242E+01  0.3745008845723794E+01  0.7055869051386613E+00  0.1956242877019054E+01  0.9982675616486944E+01
 0.1706529492955799E+01  0.3764615340539089E+01  0.6687988131964114E+00  0.1834024854810729E+01  0.9996586053490695E+01
 0.1748752589701202E+01  0.3752452276413679E+01  0.6893345386717105E+00  0.1895258479494065E+01  0.9987483517262403E+01
 0.1834290089092986E+01  0.3734531980961336E+01  0.7250385391929520E+00  0.2009873892279407E+01  0.9975512572287936E+01
 0.1868510169840588E+01  0.3724852061131767E+01  0.7423906201132131E+00  0.2059882240303336E+01  0.9968882363466196E+01
 0.1792374580426922E+01  0.3739922178449465E+01  0.7115143335460566E+00  0.1958635760549774E+01  0.9978535990835086E+01
 0.1834810433512131E+01  0.3727611474444254E+01  0.7329076311824740E+00  0.2021107049239337E+01  0.9969956776109997E+01
 0.1800505992724424E+01  0.3750565353707340E+01  0.7015474189251576E+00  0.1950501617277056E+01  0.9987723337231504E+01
 0.1857899263746746E+01  0.3741859787818931E+01  0.7264158459288139E+00  0.2020621099139110E+01  0.9983556769747494E+01
 0.1831733365226360E+01  0.3748741948903083E+01  0.7131205894886434E+00  0.1983646943474984E+01  0.9988139410759983E+01
 0.1733634451833161E+01  0.3750112989483528E+01  0.6972837519384957E+00  0.1880187095486247E+01  0.9986113323592528E+01
 0.1784499154683595E+01  0.3735066003216982E+01  0.7228015657430228E+00  0.1955263335898166E+01  0.9975812721060297E+01
 0.1616722407892816E+01  0.3778706161542028E+01  0.6508957523887907E+00  0.1716204405660805E+01  0.1000497560473592E+02
 0.1652541343490064E+01  0.3764810699220035E+01  0.6903058988706386E+00  0.1766017500952429E+01  0.9996830083148815E+01
 0.1710605510287986E+01  0.3747064438976714E+01  0.7219384575427937E+00  0.1850642753349340E+01  0.9985503864513126E+01
 0.1682519726087315E+01  0.3764624534566700E+01  0.6747723560045233E+00  0.1805766411984936E+01  0.9996985953381744E+01
 0.1634598483678155E+01  0.3777839218194683E+01  0.6596906468450824E+00  0.1735375075763148E+01  0.1000776095319051E+02
 0.1588118913156350E+01  0.3791213228301472E+01  0.6453811346798802E+00  0.1666914733914843E+01  0.1001894682355945E+02
 0.1534714847909421E+01  0.3807301269942446E+01  0.6226339495646175E+00  0.1590085116039957E+01  0.1003180434290657E+02
 0.1483260444687432E+01  0.3823923255970335E+01  0.5910348983438007E+00  0.1517766560021869E+01  0.1004401489131704E+02
 0.1442700776518707E+01  0.3838581164488248E+01  0.5527939620715696E+00  0.1462021508796356E+01  0.1005362340509003E+02
 0.1414926671505867E+01  0.3849796778928126E+01  0.5184459181610335E+00  0.1424102086678767E+01  0.1006107252555561E+02
 0.1440784738878149E+01  0.3844568685217046E+01  0.5340149035427746E+00  0.1455657182743568E+01  0.1005874629806543E+02
 0.1375438462941614E+01  0.3862476204386418E+01  0.4981845587636913E+00  0.1369360320908107E+01  0.1007240749758378E+02
 0.1554867604917360E+01  0.3816563337073755E+01  0.5693588987257492E+00  0.1610929666233464E+01  0.1003530223672742E+02
 0.1652193499254490E+01  0.3793156448407338E+01  0.6179114236714819E+00  0.1740022348095339E+01  0.1001782252533515E+02
 0.1613450079901118E+01  0.3804546239390656E+01  0.5943963924238288E+00  0.1685879599587702E+01  0.1002616728425670E+02
 0.1735812752690076E+01  0.3775094353482730E+01  0.6610693537929764E+00  0.1848283531109146E+01  0.1000616079300777E+02
 0.1802983424053275E+01  0.3763092664158553E+01  0.6934258208514563E+00  0.1931830285704153E+01  0.9999510740689463E+01
 0.1773222990577584E+01  0.3771064383548089E+01  0.6774001599118300E+00  0.1890276794967944E+01  0.1000492851053743E+02
 0.1699941585205147E+01  0.3785222113693873E+01  0.6404568762672569E+00  0.1797999448787675E+01  0.1001325342595361E+02
 0.1663592107324017E+01  0.3795573456958923E+01  0.6189122181660468E+00  0.1747350574750741E+01  0.1002058499830543E+02
 0.1741182235605771E+01  0.3779785656737426E+01  0.6596019216567688E+00  0.1845648327809837E+01  0.1001092020088995E+02
 0.1707747033021200E+01  0.3788998666974859E+01  0.6404548742666225E+00  0.1799267717471064E+01  0.1001732536261663E+02
 0.1846256896533590E+01  0.3758937338341975E+01  0.7106496877598646E+00  0.1980116177699062E+01  0.9998574105112333E+01
 0.1852936062187376E+01  0.3765911800572853E+01  0.7061709394786271E+00  0.1975076499526907E+01  0.1000517765112604E+02
 0.1849779945889298E+01  0.3765604290733443E+01  0.7064295406617418E+00  0.1972229970855744E+01  0.1000490187691875E+02
 0.1806480404858391E+01  0.3789186255601064E+01  0.6701478384353179E+00  0.1892943211987677E+01  0.1002317174451722E+02
 0.1827619176890186E+01  0.3781162156173987E+01  0.6851302524002965E+00  0.1925682348088041E+01  0.1001743595430160E+02
 0.1837578965776047E+01  0.3776768804092214E+01  0.6932161629615415E+00  0.1941980630451921E+01  0.1001430260129099E+02
 0.1775509167186951E+01  0.3776821463908390E+01  0.6743226051375197E+00  0.1882765655959708E+01  0.1001056782874080E+02
 0.1745927653563172E+01  0.3784666743188820E+01  0.6580284250808420E+00  0.1842004368493299E+01  0.1001592447150264E+02
 0.1822781783816360E+01  0.3771290126067152E+01  0.6945698259187585E+00  0.1936585926983668E+01  0.1000861403174854E+02
 0.1801740938024011E+01  0.3776416610688671E+01  0.6839731792276001E+00  0.1908007749614036E+01  0.1001202104555335E+02
 0.1777140591673400E+01  0.3782641804950909E+01  0.6710156070851583E+00  0.1874462838706231E+01  0.1001622896499890E+02
 0.1838201173675880E+01  0.3775301591720935E+01  0.6956674636061418E+00  0.1944650496919857E+01  0.1001320143101844E+02
 0.1831142082221088E+01  0.3776189382445946E+01  0.6935065657455858E+00  0.1936205958265867E+01  0.1001371917021835E+02
 0.1817917491201457E+01  0.3778941135442282E+01  0.6876116378279026E+00  0.1918922696069685E+01  0.1001550528510225E+02
 0.1799817761538236E+01  0.3783160359790429E+01  0.6786869840937749E+00  0.1894733513643253E+01  0.1001829994664718E+02
 0.1839270626146474E+01  0.3767537502667777E+01  0.7023039817614359E+00  0.1958701493899624E+01  0.1000611940838086E+02
 0.1802750148546566E+01  0.3769724589195269E+01  0.6888440870814820E+00  0.1920359430582182E+01  0.1000576186290847E+02
 0.1826668858804525E+01  0.3763666077893130E+01  0.7011192203113547E+00  0.1953316396671825E+01  0.1000170652978355E+02
 0.1184545043505836E+01  0.3930703167341266E+01  0.3437860222133488E+00  0.1110923247852663E+01  0.1012892821048222E+02
 0.1290465804443557E+01  0.3899456256713120E+01  0.3982790653812626E+00  0.1249065902268709E+01  0.1010198924795974E+02
 0.1396138095250501E+01  0.3870693592869677E+01  0.4540350746470411E+00  0.1386932437223342E+01  0.1007772422282318E+02
 0.1360694368188252E+01  0.3881740466852067E+01  0.4278644438130385E+00  0.1339451128020118E+01  0.1008645837072032E+02
 0.1489009014873816E+01  0.3846941015772398E+01  0.5082108780637927E+00  0.1507076422737241E+01  0.1005895135570301E+02
 0.1454201319587207E+01  0.3857451265076593E+01  0.4844264974776621E+00  0.1459919700128827E+01  0.1006713043940020E+02
 0.1573058120038380E+01  0.3827140206035188E+01  0.5582164260516060E+00  0.1614238361682951E+01  0.1004475002156919E+02
 0.1539566544412149E+01  0.3836892329479110E+01  0.5365612254357309E+00  0.1568657384716025E+01  0.1005205903445314E+02
 0.1506028732177799E+01  0.3846736119099659E+01  0.5143152246030479E+00  0.1523248032871455E+01  0.1005953341128752E+02
 0.1419811643698475E+01  0.3867880176450316E+01  0.4600883815120374E+00  0.1413671898773833E+01  0.1007527834500378E+02
 0.1472689235762840E+01  0.3856581025870814E+01  0.4915694658234385E+00  0.1478372131118099E+01  0.1006707601384407E+02
 0.1651108148260854E+01  0.3810476933332592E+01  0.6027928951511616E+00  0.1712128790338763E+01  0.1003394033333750E+02
 0.1618887146161090E+01  0.3819463462528160E+01  0.5830773549237152E+00  0.1668264686281901E+01  0.1004039246056697E+02
 0.1721357535357593E+01  0.3797185588714842E+01  0.6401444199305711E+00  0.1798444965343871E+01  0.1002615895591085E+02
 0.1691602763413992E+01  0.3805112322250969E+01  0.6230005145377429E+00  0.1758012097735105E+01  0.1003165029389208E+02
 0.1661155857495072E+01  0.3813336394019989E+01  0.6050181045450587E+00  0.1716737842724240E+01  0.1003744024430650E+02
 0.1778005960890024E+01  0.3788502440594686E+01  0.6673561463797909E+00  0.1865355168567061E+01  0.1002187654335245E+02
 0.1753450779084111E+01  0.3794690623528404E+01  0.6541283477231450E+00  0.1832203108961828E+01  0.1002606233441424E+02
 0.1726951221913522E+01  0.3801502364221816E+01  0.6394303048212211E+00  0.1796423932485226E+01  0.1003071699717230E+02
 0.1699088412488300E+01  0.3808779918880178E+01  0.6235689729996158E+00  0.1758846991326770E+01  0.1003574877940988E+02
 0.1521811172926916E+01  0.3847102596156260E+01  0.5207781921608695E+00  0.1537116839378776E+01  0.1006084798848332E+02
 0.1599174615526741E+01  0.3830373378538974E+01  0.5670942237621551E+00  0.1633082829198861E+01  0.1004968696815193E+02
 0.1567946694176301E+01  0.3839086575410880E+01  0.5473048540706931E+00  0.1591161363941785E+01  0.1005607861195280E+02
 0.1670286762892670E+01  0.3816408688753231E+01  0.6067719174011444E+00  0.1720074100514334E+01  0.1004109286621270E+02
 0.1640845595534945E+01  0.3824305047108719E+01  0.5891933150560362E+00  0.1680535229650098E+01  0.1004670023951959E+02
 0.1611010601039589E+01  0.3832396501900479E+01  0.5709610200672561E+00  0.1640584723091020E+01  0.1005252345925984E+02
 0.1630308369696841E+01  0.3821766453031385E+01  0.5863662647715805E+00  0.1675036759126057E+01  0.1004345095736377E+02
 0.1554153586155106E+01  0.3837814000507238E+01  0.5420440416308342E+00  0.1580615866339673E+01  0.1005388105157838E+02
 0.1586559086632468E+01  0.3828582893801644E+01  0.5628287931224674E+00  0.1624404014973416E+01  0.1004704526983530E+02
 0.1750101268364912E+01  0.3789627576539799E+01  0.6562776349970729E+00  0.1837588678020236E+01  0.1002096353333213E+02
 0.1683181271383167E+01  0.3801638275017908E+01  0.6219499361321565E+00  0.1755927223020363E+01  0.1002768595102058E+02
 0.1606518210266865E+01  0.3817492981558777E+01  0.5793781236008682E+00  0.1659965633499380E+01  0.1003763860000683E+02
 0.1640088862355085E+01  0.3807928304425396E+01  0.6001201392387980E+00  0.1706002996789650E+01  0.1003070449596114E+02
 0.1714919199754237E+01  0.3793001752264584E+01  0.6404410536869004E+00  0.1799398610743989E+01  0.1002166714963725E+02
 0.1673873441177677E+01  0.3798420873498195E+01  0.6205152423877304E+00  0.1752486661865667E+01  0.1002393228250110E+02
 0.1523702392211512E+01  0.3836525515075620E+01  0.5311913482733006E+00  0.1554402412176513E+01  0.1005091689973040E+02
 0.1432557055915963E+01  0.3859395192090559E+01  0.4796446818476448E+00  0.1436155543749181E+01  0.1006877496813348E+02
 0.1468962873852838E+01  0.3848171965448713E+01  0.5039778680029283E+00  0.1485817368067115E+01  0.1005989492696488E+02
 0.1325967294655454E+01  0.3887911824460904E+01  0.4272822716234090E+00  0.1296190182656937E+01  0.1009307200275798E+02
 0.1206145795056058E+01  0.3921418578046304E+01  0.3769126095569061E+00  0.1138833949088995E+01  0.1012027492057849E+02
 0.1238143682537855E+01  0.3909752041220805E+01  0.4121141209195656E+00  0.1180417582018553E+01  0.1011144177858517E+02
 0.1363915788193314E+01  0.3875693614981034E+01  0.4556361699663640E+00  0.1347040317690100E+01  0.1008337063402656E+02
 0.1402636496324524E+01  0.3863413702458887E+01  0.4818383788975185E+00  0.1399555175250991E+01  0.1007357481343234E+02
 0.1275161449622764E+01  0.3896720059314430E+01  0.4460274780272898E+00  0.1229036025929694E+01  0.1010125330963218E+02
 0.1315407464132632E+01  0.3883177759704645E+01  0.4760162061985496E+00  0.1282668634800346E+01  0.1009060863058649E+02
 0.1627737157311915E+01  0.3805882070029623E+01  0.5970896452471209E+00  0.1697645085473308E+01  0.1002799699224511E+02
 0.1540479466147257E+01  0.3826342705355875E+01  0.5494018597428548E+00  0.1584464503220071E+01  0.1004275250791425E+02
 0.1576188419432975E+01  0.3815598850891464E+01  0.5715467590047834E+00  0.1634041505153077E+01  0.1003449120062990E+02
 0.1441298593282775E+01  0.3851324029788081E+01  0.5056558065480670E+00  0.1452617869712408E+01  0.1006382610434610E+02
 0.1479130917167575E+01  0.3839623637508352E+01  0.5272099707773059E+00  0.1505106146151488E+01  0.1005423287203960E+02
 0.1358133540572772E+01  0.3869454452973809E+01  0.5011532694799929E+00  0.1340555628887469E+01  0.1007955943763126E+02
 0.1401436641197899E+01  0.3856153638434093E+01  0.5207081624815237E+00  0.1400289504585781E+01  0.1006848257852196E+02
 0.1516046410602154E+01  0.3828314308061567E+01  0.5474410417282695E+00  0.1556691394194619E+01  0.1004486570383862E+02
 0.1504891724543954E+01  0.3837159525864728E+01  0.5271563565033194E+00  0.1535224867897373E+01  0.1005123443220066E+02
 0.1592726029751759E+01  0.3816074786759502E+01  0.5753448862174887E+00  0.1649272735289814E+01  0.1003548199875021E+02
 0.1558183593294765E+01  0.3826256109155946E+01  0.5534935785892762E+00  0.1601697764468519E+01  0.1004311101652211E+02
 0.9999934737781040E+00  0.4107294003500385E+01 -0.6463419729373307E-05  0.7531116494125741E+00  0.1031772342666197E+02
 0.9999992343699871E+00  0.4107292415063241E+01 -0.8162453778828673E-06  0.7531176385300125E+00  0.1031772102926815E+02
 0.9999469653203052E+00  0.4107310529192644E+01 -0.5214720872953528E-04  0.7530623955519627E+00  0.1031775573320088E+02
 0.9999799769552936E+00  0.4107297987703747E+01 -0.1973930534933742E-04  0.7530975419984784E+00  0.1031772993410787E+02
 0.9999954811948730E+00  0.4107293174916817E+01 -0.4528720428546950E-05  0.7531138028164371E+00  0.1031772162738521E+02
 0.1000000636123748E+01  0.4107292198072496E+01  0.5639436020593316E-06  0.7531190670856536E+00  0.1031772107019635E+02
 0.1000000633343508E+01  0.4107292305807264E+01  0.5669118148469485E-06  0.7531190410227322E+00  0.1031772145277188E+02
 0.1000000178164268E+01  0.4107292076587260E+01  0.1029723592954170E-06  0.7531186591363140E+00  0.1031772041359201E+02
 0.1000000505061236E+01  0.4107292304630413E+01  0.4898322033689481E-06  0.7531189346542223E+00  0.1031772142354631E+02
 0.9998946688345981E+00  0.4107360915529165E+01 -0.1060319643988067E-03  0.7529970111808736E+00  0.1031789768480150E+02
 0.9999008463203883E+00  0.4107331385268246E+01 -0.9829810318810071E-04  0.7530118496083829E+00  0.1031780186130604E+02
 0.1000766125114385E+01  0.4107293410743337E+01  0.7510143268249390E-03  0.7538529363873685E+00  0.1031811944511348E+02
 0.9999777350726791E+00  0.4107390065215112E+01 -0.3147807611280346E-04  0.7530635887082195E+00  0.1031802746437837E+02
 0.9998369195116107E+00  0.4107371989416884E+01 -0.1640718143102257E-03  0.7529368245270888E+00  0.1031790142783290E+02
 0.1008543695106035E+01  0.4105373261209325E+01  0.8765200363564351E-02  0.7621798037372851E+00  0.1031639106049857E+02
 0.1002587134459950E+01  0.4106945261151100E+01  0.2590042306727334E-02  0.7557317622951198E+00  0.1031795711288126E+02
 0.1046006217583281E+01  0.4092173723313905E+01  0.4836051154916735E-01  0.8061628891290094E+00  0.1030087635508134E+02
 0.1020155430748099E+01  0.4101583773946503E+01  0.2104417658244910E-01  0.7754209017795520E+00  0.1031196801572165E+02
 0.1007181925099202E+01  0.4105758915892554E+01  0.7346417786800554E-02  0.7606849229009531E+00  0.1031680686550199E+02
 0.1000350680472472E+01  0.4107405832020255E+01  0.3279760595724630E-03  0.7534064133584478E+00  0.1031824714089233E+02
 0.9997986776675235E+00  0.4107437151111623E+01 -0.2106296304283008E-03  0.7528736616346926E+00  0.1031808315344075E+02
 0.1001708505587383E+01  0.4107206234157749E+01  0.1685453473373506E-02  0.7547682006565142E+00  0.1031827513126050E+02
 0.9999347104023576E+00  0.4107522463398492E+01 -0.9214216558509782E-04  0.7529581291281484E+00  0.1031838862958497E+02
 0.1167366188238147E+01  0.4039371634980364E+01  0.1688511719058510E+00  0.9660270319319773E+00  0.1024133444533137E+02
 0.1091559382738551E+01  0.4072874487732755E+01  0.9541885013525214E-01  0.8643735317355351E+00  0.1027838159863167E+02
 0.1399985349001182E+01  0.3929482999026110E+01  0.3781901065890734E+00  0.1310447980474412E+01  0.1013204236684808E+02
 0.1276508517876106E+01  0.3986787771848843E+01  0.2704946942360360E+00  0.1124925795562400E+01  0.1018695227640366E+02
 0.1169389740842722E+01  0.4036733627259045E+01  0.1714338694046450E+00  0.9710585960881678E+00  0.1023829832047775E+02
 0.1669210050500878E+01  0.3807331316510411E+01  0.5901505476915965E+00  0.1739705543099342E+01  0.1002760682869817E+02
 0.1548168751829006E+01  0.3858323103325251E+01  0.4998878841795181E+00  0.1548467295570240E+01  0.1006875462493220E+02
 0.1875194867273868E+01  0.3721722248684834E+01  0.7319352112066743E+00  0.2077532072718229E+01  0.9963227730057485E+01
 0.1799538481117465E+01  0.3749336405125961E+01  0.6827438139039569E+00  0.1958355994689259E+01  0.9982467748123382E+01
 0.1696302301104233E+01  0.3789583008910649E+01  0.6121129031407122E+00  0.1794335336692431E+01  0.1001229128458529E+02
 0.1414582235349018E+01  0.3918326048545118E+01  0.3923150193477725E+00  0.1339582937637322E+01  0.1012104832232609E+02
 0.1282719994458277E+01  0.3980652455358258E+01  0.2772567223942460E+00  0.1138542306858744E+01  0.1018023270775710E+02
 0.1568667089630764E+01  0.3843303299413231E+01  0.5181768183252068E+00  0.1590823953162975E+01  0.1005505534210796E+02
 0.1425983395086723E+01  0.3908038368668180E+01  0.4039393840652321E+00  0.1364969451172779E+01  0.1011099727056492E+02
 0.1005234492858270E+01  0.4106486257287754E+01  0.5342706361329774E-02  0.7584504890273397E+00  0.1031788160946326E+02
 0.1000709234715863E+01  0.4107528126148178E+01  0.6651605068515090E-03  0.7536647534824382E+00  0.1031872039254417E+02
 0.1039697993932317E+01  0.4094191365711071E+01  0.4206088876653512E-01  0.7990223840547310E+00  0.1030337083621965E+02
 0.1014309407648268E+01  0.4103630879758051E+01  0.1497128907942838E-01  0.7686944510256358E+00  0.1031463043215552E+02
 0.1003261124097857E+01  0.4107115362819169E+01  0.3283673806161684E-02  0.7562428497884256E+00  0.1031866535414589E+02
 0.1168130196920944E+01  0.4035434640513954E+01  0.1708538472454698E+00  0.9717364598140483E+00  0.1023664543298668E+02
 0.1083776564491392E+01  0.4074600465808365E+01  0.8822117292351073E-01  0.8562381921278553E+00  0.1028020215905853E+02
 0.1284625765535889E+01  0.3976066830034590E+01  0.2803934955203138E+00  0.1146587734491442E+01  0.1017522925867790E+02
 0.1162466580326791E+01  0.4035877035424334E+01  0.1662171946299618E+00  0.9666585108460621E+00  0.1023686107192551E+02
 0.1034083371239968E+01  0.4096192751519928E+01  0.3627083564732707E-01  0.7924279747262520E+00  0.1030582921920730E+02
 0.1010205735175741E+01  0.4105170760997928E+01  0.1064399083407654E-01  0.7638881466536616E+00  0.1031669730333927E+02
 0.1075202906065167E+01  0.4077448532716005E+01  0.7982784719645532E-01  0.8461154641095616E+00  0.1028331855781129E+02
 0.1026845760306438E+01  0.4098911568977394E+01  0.2859565901279298E-01  0.7837691782642258E+00  0.1030914285493237E+02
 0.1089151567559692E+01  0.4073046225933481E+01  0.9334841266563572E-01  0.8622813783495032E+00  0.1027845993130628E+02
 0.1017427290283985E+01  0.4102650126222886E+01  0.1821697226700031E-01  0.7722066799069769E+00  0.1031348425815452E+02
 0.1043543900197725E+01  0.4092864688973386E+01  0.4600776136036655E-01  0.8035099442208894E+00  0.1030178385816094E+02
 0.1979178247257760E+01  0.3679436366238345E+01  0.7990385478916806E+00  0.2252435970340159E+01  0.9933522917667363E+01
 0.1956403498731013E+01  0.3686653305502162E+01  0.7840699579553434E+00  0.2218163970292920E+01  0.9937581075310643E+01
 0.1989670225338958E+01  0.3669341652352763E+01  0.8137417643206596E+00  0.2278928664072160E+01  0.9926572138239127E+01
 0.2009203311114282E+01  0.3663817605820603E+01  0.8190653083198216E+00  0.2310394167331193E+01  0.9921977749272672E+01
 0.2012221391300363E+01  0.3662580786029813E+01  0.8172725521512376E+00  0.2317259120034335E+01  0.9920197540752532E+01
 0.1923944349146136E+01  0.3680316883835545E+01  0.8079413534517137E+00  0.2182660698633335E+01  0.9934930414663572E+01
 0.1971027946364198E+01  0.3667862472323376E+01  0.8164569297977774E+00  0.2258446457683717E+01  0.9924462596365473E+01
 0.2014387991741704E+01  0.3656997179591604E+01  0.8262898697604765E+00  0.2327191215662511E+01  0.9916402900049416E+01
 0.2043853589266848E+01  0.3648330663909744E+01  0.8342723727338527E+00  0.2376217481186006E+01  0.9909704242371905E+01
 0.1994359755080600E+01  0.3656774050101478E+01  0.8278671912457068E+00  0.2301584617577375E+01  0.9913797425579576E+01
 0.2049211632846608E+01  0.3642551640942615E+01  0.8406408149599041E+00  0.2390743877155928E+01  0.9904092691123418E+01
 0.1151490985227640E+01  0.4039190995892020E+01  0.1558529750797302E+00  0.9535780174321958E+00  0.1023998853834933E+02
 0.1062709756526956E+01  0.4082534578717532E+01  0.6705591700629696E-01  0.8304227965759867E+00  0.1028934286734043E+02
 0.1436590013315227E+01  0.3890993723178575E+01  0.4165178849863770E+00  0.1399701928525455E+01  0.1009246582333613E+02
 0.1270135637447030E+01  0.3975158391054572E+01  0.2693695990214866E+00  0.1135772812379729E+01  0.1017275660250906E+02
 0.1133547268508121E+01  0.4045981493831166E+01  0.1387129765109986E+00  0.9307164555781330E+00  0.1024726730032724E+02
 0.1782746167630092E+01  0.3733856817948189E+01  0.6711995671945584E+00  0.1972862348087097E+01  0.9962703588391999E+01
 0.1618431780915127E+01  0.3800529621097897E+01  0.5584485799490111E+00  0.1706108969949043E+01  0.1001338051912645E+02
 0.2051131238841836E+01  0.3641289370753315E+01  0.8061259174278617E+00  0.2412682966222292E+01  0.9895087204689679E+01
 0.1965757434001294E+01  0.3666400772965237E+01  0.7628686705379105E+00  0.2279369967613386E+01  0.9911076013014874E+01
 0.1819700440562381E+01  0.3714872253133251E+01  0.6809322730200190E+00  0.2046583007131872E+01  0.9943675490117807E+01
 0.1430837692185239E+01  0.3887895231352375E+01  0.4119112061918974E+00  0.1399536828359403E+01  0.1008801033316193E+02
 0.1249700453931251E+01  0.3981433000725284E+01  0.2511089883038358E+00  0.1110031436418885E+01  0.1017802724087767E+02
 0.1630221346562109E+01  0.3790596012656505E+01  0.5579702143410550E+00  0.1735767330584846E+01  0.1000183280959551E+02
 0.1418069965986377E+01  0.3888651314032198E+01  0.3972504269559790E+00  0.1387659549144234E+01  0.1008609613689552E+02
 0.2197698154542927E+01  0.3606019919270299E+01  0.8401608825801065E+00  0.2649864766818534E+01  0.9868988854682081E+01
 0.2189549751097243E+01  0.3608271138013763E+01  0.8244982619913774E+00  0.2643183805327191E+01  0.9867662576280518E+01
 0.1876169569716778E+01  0.3696619544870926E+01  0.6750338493565849E+00  0.2147788401979793E+01  0.9922266058732331E+01
 0.1653561783503442E+01  0.3778700555773163E+01  0.5466476921781156E+00  0.1783740086309444E+01  0.9985515791513199E+01
 0.2317265641117530E+01  0.3587655898670284E+01  0.7761856014733088E+00  0.2876207495367510E+01  0.9839888219886396E+01
 0.2193954369070855E+01  0.3618801193706718E+01  0.7267997396242106E+00  0.2673800550935293E+01  0.9858762288160030E+01
 0.2003953006807567E+01  0.3664836477773902E+01  0.6544287941766820E+00  0.2371725591920899E+01  0.9888460621785768E+01
 0.2543343585304021E+01  0.3550541916962812E+01  0.8514181122422418E+00  0.3210335361870364E+01  0.9821255275643271E+01
 0.2047493193734668E+01  0.3641622428442151E+01  0.7618832356686772E+00  0.2427547475109170E+01  0.9884988272249515E+01
 0.2167631086076323E+01  0.3612259672240051E+01  0.8126506284845619E+00  0.2613614982688797E+01  0.9868778341923086E+01
 0.2362350202091138E+01  0.3571025010307905E+01  0.8407551861940331E+00  0.2935341093342727E+01  0.9835922469461531E+01
 0.2100161687180817E+01  0.3628089820238249E+01  0.8327111751988916E+00  0.2486773471945782E+01  0.9888438513353101E+01
 0.2166824610179147E+01  0.3612213286748405E+01  0.8518481679455570E+00  0.2591015639546877E+01  0.9876280575903644E+01
 0.2109861929105516E+01  0.3626403023749291E+01  0.8443904993068814E+00  0.2496054711873350E+01  0.9889501434154223E+01
 0.2105726382979312E+01  0.3626868443593891E+01  0.8435957177531872E+00  0.2489578753779633E+01  0.9888638637483593E+01
 0.2088194792516231E+01  0.3632340952888883E+01  0.8447071367419312E+00  0.2456858177202129E+01  0.9895081606018643E+01
 0.1905788348577066E+01  0.3689723487403191E+01  0.7464278297855792E+00  0.2169716799099310E+01  0.9931826478782686E+01
 0.1604425839253241E+01  0.3813790421070250E+01  0.5492142796699444E+00  0.1671011169042386E+01  0.1002706943305779E+02
 0.1751098563128238E+01  0.3752890271195010E+01  0.6531878161212861E+00  0.1908253508374362E+01  0.9979786074042735E+01
 0.1281594147040566E+01  0.3973527457517274E+01  0.2787238089875400E+00  0.1147451609105373E+01  0.1017163245680587E+02
 0.1434332497265933E+01  0.3898395952865571E+01  0.4128239290100366E+00  0.1386564173749695E+01  0.1010069849647153E+02
 0.1587933491624504E+01  0.3828035746680223E+01  0.5351664139521530E+00  0.1632571713848719E+01  0.1004040760690224E+02
 0.2052672148341221E+01  0.3645111712827119E+01  0.8332287190406379E+00  0.2393712188448387E+01  0.9905915818793838E+01
 0.1945366972606321E+01  0.3682929391661193E+01  0.7757246969371565E+00  0.2216725105101637E+01  0.9931582432714450E+01
 0.1992563811750006E+01  0.3668124044017466E+01  0.8040232977286922E+00  0.2288972019305073E+01  0.9922686725389513E+01
 0.1723727068739902E+01  0.3771103573781848E+01  0.6336013783205788E+00  0.1850911798265291E+01  0.9995798250486468E+01
 0.1831545867789994E+01  0.3729781623592914E+01  0.7056945613722018E+00  0.2022966859537482E+01  0.9965921258307558E+01
 0.1908528852835733E+01  0.3702501632533224E+01  0.7543820164470073E+00  0.2144189771617719E+01  0.9947499749811675E+01
 0.1865523596607782E+01  0.3710161538301833E+01  0.7271328769402087E+00  0.2091253191233259E+01  0.9949512091486740E+01
 0.2037329706955755E+01  0.3648926184399681E+01  0.8217373155794833E+00  0.2373162618526597E+01  0.9907056622700578E+01
 0.1990218643991827E+01  0.3662514339525276E+01  0.7945877684912140E+00  0.2302158847949834E+01  0.9914532130701760E+01
 0.9999999999800716E+00  0.4107292551905255E+01 -0.1340286782022772E-10  0.7531183975998482E+00  0.1031772204750533E+02
 0.9999999999821300E+00  0.4107292551898791E+01 -0.1372630487870092E-10  0.7531183976045561E+00  0.1031772204748668E+02
 0.1000000000732626E+01  0.4107292551385854E+01  0.5983259790194840E-09  0.7531183984068217E+00  0.1031772204597253E+02
 0.9999999999902655E+00  0.4107292551900833E+01 -0.5027613934732143E-11  0.7531183976088165E+00  0.1031772204749040E+02
 0.9999999999745485E+00  0.4107292551905680E+01 -0.1890581079240051E-10  0.7531183975960454E+00  0.1031772204750797E+02
 0.9999999999986613E+00  0.4107292551886363E+01 -0.1027801455511986E-11  0.7531183976224504E+00  0.1031772204744924E+02
 0.1000000000000315E+01  0.4107292551885120E+01  0.2098732375243850E-12  0.7531183976241491E+00  0.1031772204744527E+02
 0.9999999999969408E+00  0.4107292551887811E+01 -0.2387062259225879E-11  0.7531183976206828E+00  0.1031772204745401E+02
 0.9999999999991961E+00  0.4107292551885934E+01 -0.7055785499024084E-12  0.7531183976230449E+00  0.1031772204744796E+02
 0.1000000003613675E+01  0.4107292548914196E+01  0.2826362100601956E-08  0.7531184017875675E+00  0.1031772203884814E+02
 0.1000000001100580E+01  0.4107292551077957E+01  0.8698730143338357E-09  0.7531183988159447E+00  0.1031772204503793E+02
 0.9999999718287577E+00  0.4107292568869792E+01 -0.2447092948347656E-07  0.7531183681821143E+00  0.1031772209664250E+02
 0.1000000003874894E+01  0.4107292548425191E+01  0.2905846252632189E-08  0.7531184022513948E+00  0.1031772203750740E+02
 0.1000000001606038E+01  0.4107292550610975E+01  0.1197804066890406E-08  0.7531183993930838E+00  0.1031772204361107E+02
 0.9999997070255164E+00  0.4107292776876680E+01 -0.2449630890821394E-06  0.7531180579799799E+00  0.1031772267405275E+02
 0.9999999523919992E+00  0.4107292584376125E+01 -0.4007185151698193E-07  0.7531183464538306E+00  0.1031772214260628E+02
 0.1000000601314386E+01  0.4107292398040991E+01  0.6122732233360531E-06  0.7531189111173371E+00  0.1031772156714378E+02
 0.9999996353759785E+00  0.4107292854259663E+01 -0.2931316525099991E-06  0.7531179609338752E+00  0.1031772288417348E+02
 0.9999999254024733E+00  0.4107292608930812E+01 -0.5912785140408850E-07  0.7531183149132766E+00  0.1031772221542395E+02
 0.1000000004637677E+01  0.4107292547298274E+01  0.3020566210491315E-08  0.7531184034265526E+00  0.1031772203438056E+02
 0.1000000002127568E+01  0.4107292550080803E+01  0.1474965190864161E-08  0.7531184000052831E+00  0.1031772204198207E+02
 0.1000000003025211E+01  0.4107292548546343E+01  0.1830251074396634E-08  0.7531184018190352E+00  0.1031772203852389E+02
 0.1000000002477846E+01  0.4107292549668349E+01  0.1592972917280379E-08  0.7531184004420979E+00  0.1031772204072053E+02
 0.9999999999961985E+00  0.4107292551888601E+01 -0.2353668221834065E-11  0.7531183976197897E+00  0.1031772204745642E+02
 0.1000000000000297E+01  0.4107292551884999E+01  0.1586188289322865E-12  0.7531183976241055E+00  0.1031772204744470E+02
 0.9999999999542428E+00  0.4107292551926565E+01 -0.2877996810437182E-10  0.7531183975725333E+00  0.1031772204757320E+02
 0.9999999999944307E+00  0.4107292551890382E+01 -0.3616538001458172E-11  0.7531183976179703E+00  0.1031772204746252E+02
 0.1000000000093508E+01  0.4107292551818017E+01  0.6734458326335237E-10  0.7531183977136002E+00  0.1031772204721782E+02
 0.9999999999529824E+00  0.4107292551929490E+01 -0.2696828265333778E-10  0.7531183975704634E+00  0.1031772204758241E+02
 0.1000000000137847E+01  0.4107292551769230E+01  0.8188289634193948E-10  0.7531183977642437E+00  0.1031772204706057E+02
 0.9999999999542922E+00  0.4107292551929682E+01 -0.2435341818763803E-10  0.7531183975713917E+00  0.1031772204758306E+02
 0.9999999999944561E+00  0.4107292551890552E+01 -0.2743778715557828E-11  0.7531183976178573E+00  0.1031772204746288E+02
 0.1000000000000247E+01  0.4107292551884996E+01  0.8895944473647949E-13  0.7531183976240756E+00  0.1031772204744470E+02
 0.9999999999933434E+00  0.4107292551891975E+01 -0.3371456748840388E-11  0.7531183976167158E+00  0.1031772204746797E+02
 0.1000000000046645E+01  0.4107292551860458E+01  0.3860160162968782E-10  0.7531183976646711E+00  0.1031772204735805E+02
 0.9999999999634753E+00  0.4107292551916538E+01 -0.2498786925410676E-10  0.7531183975833994E+00  0.1031772204754180E+02
 0.1000000000004692E+01  0.4107292551894028E+01  0.9078816311803542E-11  0.7531183976215967E+00  0.1031772204746723E+02
 0.1000018566804424E+01  0.4107279259565593E+01  0.1674396622953162E-04  0.7531403673610341E+00  0.1031768741869590E+02
 0.1000001611086009E+01  0.4107291668454436E+01  0.1515632937501202E-05  0.7531200237825403E+00  0.1031771945098716E+02
 0.1000032193095931E+01  0.4107251646278870E+01  0.2445886610112399E-04  0.7531708914163714E+00  0.1031762465646479E+02
 0.1000027302036069E+01  0.4107270927775339E+01  0.2321443485789833E-04  0.7531520702256513E+00  0.1031766600784883E+02
 0.1000003507963055E+01  0.4107289989937452E+01  0.2833581028298767E-05  0.7531222634612662E+00  0.1031771458458786E+02
 0.9991056203174198E+00  0.4107856619501216E+01 -0.8851979930547898E-03  0.7520290268058579E+00  0.1031899896594262E+02
 0.1000003991307783E+01  0.4107263528406537E+01 -0.9381083066484786E-05  0.7531453600958838E+00  0.1031766273111562E+02
 0.9951680907033420E+00  0.4111530840719665E+01 -0.4601931791715870E-02  0.7459445781463392E+00  0.1032626955367210E+02
 0.9983895538069227E+00  0.4108469799960345E+01 -0.1453948496508241E-02  0.7510274500091613E+00  0.1032036033124190E+02
 0.9999213594714645E+00  0.4107329537505787E+01 -0.7056713436229313E-04  0.7530473658700856E+00  0.1031784444374964E+02
 0.1000043135813854E+01  0.4107254889222101E+01  0.3153046190871177E-04  0.7531739227856199E+00  0.1031762495155865E+02
 0.1000005962687484E+01  0.4107287564451218E+01  0.3921078164032737E-05  0.7531252899867580E+00  0.1031770756696248E+02
 0.1000048886088181E+01  0.4107247501155093E+01  0.2979393987728532E-04  0.7531838740593095E+00  0.1031760865743105E+02
 0.1000008673103071E+01  0.4107284696731766E+01  0.3913351792815285E-05  0.7531287626301163E+00  0.1031769936681959E+02
 0.1028174372812656E+01  0.4096040189696549E+01  0.3106868645282684E-01  0.7875184253135330E+00  0.1030410171454081E+02
 0.9941049731155754E+00  0.4113317666124402E+01 -0.4616154661910002E-02  0.7434280887962663E+00  0.1032929327989742E+02
 0.1354894570332486E+01  0.3920378083150633E+01  0.2880065130316690E+00  0.1288455898997883E+01  0.1010356592030426E+02
 0.1085311553553606E+01  0.4060688145299129E+01  0.7347169853655201E-01  0.8712037053037350E+00  0.1025409871492917E+02
 0.9956713424870660E+00  0.4113226698851781E+01 -0.2429031423444970E-02  0.7440519566481438E+00  0.1032753665031399E+02
 0.2155732299725797E+01  0.3674149453459448E+01  0.4953339978499627E+00  0.2594907670643156E+01  0.9881676105710902E+01
 0.1760306593199287E+01  0.3781266022857853E+01  0.3897196159599026E+00  0.1936465257413760E+01  0.9975108850807340E+01
 0.1226583430902162E+01  0.3984657562507167E+01  0.1183070685110147E+00  0.1084872802779270E+01  0.1015691420623964E+02
 0.1008766193440714E+01  0.4104813833050675E+01 -0.7222750267524187E-03  0.7602662925023722E+00  0.1030889748021780E+02
 0.2450758639773136E+01  0.3602102192176984E+01  0.5862742551935044E+00  0.3120068590217763E+01  0.9842186774552241E+01
 0.1625133526340182E+01  0.3890923765041824E+01 -0.1266292931916918E-02  0.1632917460862664E+01  0.1008161897438437E+02
 0.1005628947162771E+01  0.4105743697697634E+01  0.8835067806055786E-04  0.7578131963696129E+00  0.1031249411667497E+02
 0.1000062853385676E+01  0.4107232525062155E+01  0.2564241557044039E-04  0.7532053657700308E+00  0.1031757457588817E+02
 0.1000008907527247E+01  0.4107284234931709E+01  0.2542348677069501E-05  0.7531291628984448E+00  0.1031769802936166E+02
 0.9995961462667236E+00  0.4107615280209796E+01 -0.8537749178529935E-04  0.7526369845728208E+00  0.1031860430533091E+02
 0.1000046896480090E+01  0.4107247663970722E+01  0.1247407020955292E-04  0.7531832679413775E+00  0.1031761155655836E+02
 0.1000005766221699E+01  0.4107287143663530E+01  0.8596999198660661E-06  0.7531253329300835E+00  0.1031770631592095E+02
 0.9948509174366355E+00  0.4111485118622252E+01 -0.7094331418002887E-03  0.7458635502887397E+00  0.1032646504387241E+02
 0.9997578322371652E+00  0.4107484176590600E+01 -0.1251506394650378E-04  0.7528317262658748E+00  0.1031824833555313E+02
 0.9979938481449794E+00  0.4108895533797710E+01  0.8773487310702103E-05  0.7503748145005020E+00  0.1032121926984427E+02
 0.9999861163064019E+00  0.4107295655144889E+01 -0.3171483446169735E-06  0.7531112152068032E+00  0.1031774297767942E+02
 0.1000035634879609E+01  0.4107258753280150E+01  0.3421336681505163E-05  0.7531664717054880E+00  0.1031763631736734E+02
 0.1000002026652439E+01  0.4107290680040686E+01  0.9379648431799157E-07  0.7531207724573233E+00  0.1031771648054046E+02
 0.1000010834626390E+01  0.4107282317590259E+01 -0.5218519240113816E-07  0.7531322250207294E+00  0.1031769418120195E+02
 0.9999999435977522E+00  0.4107292647427871E+01  0.4009603829091200E-08  0.7531182710555653E+00  0.1031772222964035E+02
 0.9954353914556868E+00  0.4111111902152556E+01 -0.1974178660402049E-02  0.7466665939975782E+00  0.1032584864303971E+02
 0.9997568017258620E+00  0.4107470979537285E+01 -0.1208178267568365E-03  0.7528452475575823E+00  0.1031822988807058E+02
 0.9970492659965842E+00  0.4109684987416205E+01 -0.2111771098740516E-02  0.7490826626921990E+00  0.1032300644722237E+02
 0.9999999999938575E+00  0.4107292551891600E+01 -0.1886483831023853E-11  0.7531183976171435E+00  0.1031772204746653E+02
 0.1000000000000375E+01  0.4107292551884947E+01  0.9986817460727027E-13  0.7531183976242531E+00  0.1031772204744471E+02
 0.9999999999517235E+00  0.4107292551935382E+01 -0.1730590614647022E-10  0.7531183975673752E+00  0.1031772204760126E+02
 0.9999999999951900E+00  0.4107292551890483E+01 -0.1484866832552101E-11  0.7531183976186757E+00  0.1031772204746326E+02
 0.1000000000163159E+01  0.4107292551726188E+01  0.3945097836955767E-10  0.7531183977929973E+00  0.1031772204690801E+02
 0.9999999999660703E+00  0.4107292551921034E+01 -0.9411761507143277E-11  0.7531183975843432E+00  0.1031772204755774E+02
 0.1000000002400146E+01  0.4107292549406000E+01  0.6097532341811899E-09  0.7531184004485106E+00  0.1031772203980531E+02
 0.1000000000062077E+01  0.4107292551825405E+01  0.7792115804913818E-11  0.7531183976852975E+00  0.1031772204723659E+02
 0.9999999999804745E+00  0.4107292551906013E+01 -0.4164996943290496E-11  0.7531183976013702E+00  0.1031772204751149E+02
 0.9999999999974821E+00  0.4107292551888080E+01 -0.3404304023559371E-12  0.7531183976211416E+00  0.1031772204745524E+02
 0.1000000000000338E+01  0.4107292551885126E+01  0.6603070066290093E-13  0.7531183976242317E+00  0.1031772204744546E+02
 0.9999999999991832E+00  0.4107292551886360E+01 -0.1313418867631974E-12  0.7531183976230175E+00  0.1031772204744967E+02
 0.1000000001821297E+01  0.4107292549680746E+01  0.7110739936631939E-09  0.7531184005963635E+00  0.1031772204239326E+02
 0.1000000001249822E+01  0.4107292550587408E+01  0.2104273388503452E-09  0.7531183990810988E+00  0.1031772204340499E+02
 0.9999999347735878E+00  0.4107292617547679E+01 -0.7574494871089336E-08  0.7531183205947669E+00  0.1031772224737577E+02
 0.1000000002220862E+01  0.4107292549453381E+01  0.4106738839982243E-09  0.7531184005316653E+00  0.1031772204054536E+02
 0.1000000000495225E+01  0.4107292551373190E+01  0.4583506571217391E-10  0.7531183981908292E+00  0.1031772204582751E+02
 0.9999997521553220E+00  0.4107292806767108E+01 -0.1689464384781409E-07  0.7531180806821806E+00  0.1031772276860675E+02
 0.9999999853717059E+00  0.4107292566334849E+01 -0.4579386753355580E-09  0.7531183810389305E+00  0.1031772209287418E+02
 0.9999999256399293E+00  0.4107292627283607E+01  0.5678098939280430E-09  0.7531183078802310E+00  0.1031772227277455E+02
 0.1000000001038961E+01  0.4107292550597036E+01 -0.4569852745791921E-10  0.7531183991879983E+00  0.1031772204410879E+02
 0.1000000001903553E+01  0.4107292549864078E+01  0.9996668193667752E-10  0.7531183999395679E+00  0.1031772204134940E+02
 0.1000000000107384E+01  0.4107292551776550E+01  0.2759093423322411E-11  0.7531183977423439E+00  0.1031772204709324E+02
 0.1000000000549277E+01  0.4107292551313112E+01 -0.5925303414759670E-11  0.7531183982605166E+00  0.1031772204565320E+02
 0.9999999999888679E+00  0.4107292551898557E+01  0.4682200083080086E-12  0.7531183976091055E+00  0.1031772204748441E+02
 0.9999999999998855E+00  0.4107292551885624E+01  0.1859752111220028E-13  0.7531183976237610E+00  0.1031772204744718E+02
 0.1000000000000125E+01  0.4107292551885391E+01  0.1026237061651040E-13  0.7531183976239940E+00  0.1031772204744635E+02
 0.9999999999953835E+00  0.4107292551890358E+01 -0.3545764961964297E-12  0.7531183976186728E+00  0.1031772204746238E+02
 0.1000000000000133E+01  0.4107292551885373E+01  0.8381802388121341E-14  0.7531183976240186E+00  0.1031772204744633E+02
 0.9999999999849457E+00  0.4107292551901666E+01 -0.5239899137524791E-12  0.7531183976062354E+00  0.1031772204749738E+02
 0.9999999999991888E+00  0.4107292551886356E+01 -0.1771602781996292E-13  0.7531183976229762E+00  0.1031772204744954E+02
 0.9999999999958319E+00  0.4107292551889905E+01  0.6033936752062512E-13  0.7531183976191620E+00  0.1031772204746090E+02
 0.1000000000000106E+01  0.4107292551885405E+01 -0.4771716587273737E-14  0.7531183976239858E+00  0.1031772204744643E+02
 0.1000000000000110E+01  0.4107292551885408E+01 -0.3168554137361055E-14  0.7531183976239803E+00  0.1031772204744642E+02
 0.1000000000000009E+01  0.4107292551885516E+01 -0.1782434491234064E-14  0.7531183976238646E+00  0.1031772204744676E+02
 0.1000000000000035E+01  0.4107292551885489E+01 -0.1454546921704725E-14  0.7531183976238947E+00  0.1031772204744668E+02
 0.9999999999810674E+00  0.4107292551906612E+01 -0.2941528561919629E-11  0.7531183976000582E+00  0.1031772204750956E+02
 0.9999999999895980E+00  0.4107292551896473E+01 -0.1546156031107368E-11  0.7531183976119981E+00  0.1031772204748170E+02
 0.1000000000003602E+01  0.4107292551884482E+01 -0.3054280656959654E-11  0.7531183976223677E+00  0.1031772204743201E+02
 0.9999996196601794E+00  0.4107292948548559E+01 -0.7976244702164945E-07  0.7531178843702243E+00  0.1031772310962600E+02
 0.9999998835645041E+00  0.4107292668740872E+01 -0.2578692030915915E-07  0.7531182589572857E+00  0.1031772239996374E+02
 0.9999999999312841E+00  0.4107292551471449E+01  0.6429805257119061E-09  0.7531183988086635E+00  0.1031772204883746E+02
 0.9999998279870990E+00  0.4107292722233305E+01 -0.5742870817364736E-07  0.7531181922490747E+00  0.1031772255754320E+02
 0.9999995516395647E+00  0.4107293023797252E+01 -0.1606727783439633E-06  0.7531177650942683E+00  0.1031772324857337E+02
 0.9999995145039311E+00  0.4107293059663673E+01 -0.2383377083620855E-06  0.7531177021078556E+00  0.1031772330834001E+02
 0.1000000003000045E+01  0.4107292548837557E+01  0.1073646140948585E-08  0.7531184011577697E+00  0.1031772203811421E+02
 0.1000000000204007E+01  0.4107292551690728E+01  0.7312276756389135E-10  0.7531183978369330E+00  0.1031772204679530E+02
 0.1000000003341624E+01  0.4107292548581178E+01  0.1498833212326682E-08  0.7531184015360030E+00  0.1031772203736365E+02
 0.9999999999493340E+00  0.4107292551936482E+01 -0.2251683169631361E-10  0.7531183975649476E+00  0.1031772204760421E+02
 0.1000000000190876E+01  0.4107292551711493E+01  0.8994234075435819E-10  0.7531183978217043E+00  0.1031772204686723E+02
 0.1000000003217107E+01  0.4107292548829859E+01  0.1743405890290673E-08  0.7531184013410562E+00  0.1031772203813212E+02
 0.9999994395373565E+00  0.4107293117942767E+01 -0.3130084419002534E-06  0.7531176350719609E+00  0.1031772352126630E+02
 0.9999998413496510E+00  0.4107292696515198E+01 -0.9398089635928638E-07  0.7531182131652141E+00  0.1031772247904280E+02
 0.9999994469799834E+00  0.4107293084400568E+01 -0.3593229196621535E-06  0.7531176782214113E+00  0.1031772347735941E+02
 0.1000000002023067E+01  0.4107292549228233E+01  0.1001279163487263E-08  0.7531184010742891E+00  0.1031772204134958E+02
 0.9999998771155669E+00  0.4107292656453912E+01 -0.8513803461499364E-07  0.7531182576908519E+00  0.1031772235847355E+02
 0.9999995020347984E+00  0.4107293000575226E+01 -0.3627432914624387E-06  0.7531177795310717E+00  0.1031772328268145E+02
 0.9999999996082357E+00  0.4107292551608582E+01  0.1094940497306700E-09  0.7531183985129992E+00  0.1031772204926978E+02
 0.9999998084270051E+00  0.4107292736465887E+01 -0.8552957105504259E-07  0.7531181706537808E+00  0.1031772259884000E+02
 0.9999999983697052E+00  0.4107292552848310E+01  0.1493551850798012E-09  0.7531183973962441E+00  0.1031772205390171E+02
 0.1662344239757264E+01  0.3786482324914622E+01  0.4768755605320354E+00  0.1793878693896361E+01  0.9980244053532745E+01
 0.2523953608839137E+01  0.3563265439051658E+01  0.6820857700250338E+00  0.3255571823357117E+01  0.9805725577398759E+01
 0.1165049860422539E+01  0.4020728562558304E+01  0.1648331266560336E+00  0.9875993311089935E+00  0.1021593523624375E+02
 0.1007632581895240E+01  0.4106865029408199E+01  0.8816618082552475E-02  0.7603083319833925E+00  0.1031958198531956E+02
 0.1072116312820085E+01  0.4074290953753170E+01  0.7718438738548808E-01  0.8473730969968548E+00  0.1027883765858069E+02
 0.1385156202275510E+01  0.3902989716201992E+01  0.3525172446613324E+00  0.1338366577353253E+01  0.1009435028375994E+02
 0.1213779416333330E+01  0.3996663042718320E+01  0.2154139606748031E+00  0.1059384895240957E+01  0.1019185566087766E+02
 0.9968815334349078E+00  0.4109607815193457E+01 -0.3222968727152126E-02  0.7488783183921772E+00  0.1032249583083448E+02
 0.9995912092217587E+00  0.4107499667742979E+01 -0.4183789574193537E-03  0.7526538897805986E+00  0.1031818108171807E+02
 0.9981895294408688E+00  0.4108429673395520E+01 -0.1899250899917637E-02  0.7508341831337920E+00  0.1032008902386534E+02
 0.1000033753274790E+01  0.4107261114066636E+01  0.3089652291869449E-04  0.7531644531870577E+00  0.1031764451073512E+02
 0.1000010140548320E+01  0.4107286241398606E+01  0.9559650909112052E-05  0.7531299184175992E+00  0.1031770583779862E+02
 0.1000024696771534E+01  0.4107273915699982E+01  0.2385990201547092E-04  0.7531491468790085E+00  0.1031767587704426E+02
 0.9998412898069178E+00  0.4107348516163080E+01 -0.1631813487871248E-03  0.7529523294751458E+00  0.1031783555406213E+02
 0.9990613784315169E+00  0.4107784304800434E+01 -0.9797996853134336E-03  0.7520094285483817E+00  0.1031873628730694E+02
 0.9999476761105138E+00  0.4107300933860289E+01 -0.5276334065595135E-04  0.7530689762512736E+00  0.1031773143656432E+02
 0.9995583980019451E+00  0.4107485280632790E+01 -0.4538449796429342E-03  0.7526235392096516E+00  0.1031810788355529E+02
 0.1106286592652630E+01  0.4058314415265603E+01  0.1114483934594738E+00  0.8938051263800544E+00  0.1026100009726226E+02
 0.1008586466654551E+01  0.4106228334164278E+01  0.9075552129827150E-02  0.7617313509039095E+00  0.1031871288003051E+02
 0.1046425583563708E+01  0.4089407363381380E+01  0.5004977172367109E-01  0.8097881879039872E+00  0.1029753185356725E+02
 0.9984214775941892E+00  0.4108460554165742E+01 -0.1714840166529098E-02  0.7510063234228608E+00  0.1032020972789906E+02
 0.1001577222455012E+01  0.4108196953432381E+01  0.1505683447876816E-02  0.7539853819703588E+00  0.1032063736758360E+02
 0.9989640542610705E+00  0.4107890882401854E+01 -0.1096610841669535E-02  0.7518552091978794E+00  0.1031897159742168E+02
 0.9996071939138678E+00  0.4108162233677406E+01 -0.5148014701085936E-03  0.7522531082363407E+00  0.1031987038649518E+02
 0.1017936279099009E+01  0.4102409839578115E+01  0.1912650452689452E-01  0.7730618439747576E+00  0.1031366693403316E+02
 0.1006004207263995E+01  0.4106544112317092E+01  0.6192583977823145E-02  0.7591203236419221E+00  0.1031834547529354E+02
 0.9983353521603057E+00  0.4109209026231542E+01 -0.1873844481828680E-02  0.7503860135907529E+00  0.1032189422846139E+02
 0.1027298762146826E+01  0.4098257229315945E+01  0.2981840668274712E-01  0.7850550235275557E+00  0.1030878444571884E+02
 0.9998723132519519E+00  0.4109819940119952E+01 -0.1149436371906367E-03  0.7512457555944055E+00  0.1032366420663912E+02
 0.1000000063774939E+01  0.4107292681082702E+01  0.9599075821960375E-07  0.7531183747365751E+00  0.1031772240080402E+02
 0.9999998173753156E+00  0.4107292677491690E+01 -0.1607324866188189E-06  0.7531181922087760E+00  0.1031772239365537E+02
 0.9999998738717114E+00  0.4107292720321525E+01 -0.1020930963160652E-06  0.7531182129439468E+00  0.1031772251503678E+02
 0.9999999872358843E+00  0.4107292558081092E+01 -0.1171030811941364E-07  0.7531183847226455E+00  0.1031772206467300E+02
 0.1000000002537946E+01  0.4107292550003441E+01  0.2107738743973921E-08  0.7531184004654897E+00  0.1031772204204218E+02
 0.9999999951942242E+00  0.4107292553501263E+01 -0.4583098164743071E-08  0.7531183929654583E+00  0.1031772205148540E+02
 0.9999998928251030E+00  0.4107292617995714E+01 -0.9665168009752514E-07  0.7531182801289265E+00  0.1031772222703182E+02
 0.9999998343987809E+00  0.4107292692034150E+01 -0.1463253288483196E-06  0.7531181974611904E+00  0.1031772243446484E+02
 0.9999999404218507E+00  0.4107292585372942E+01 -0.5426548751346355E-07  0.7531183334464858E+00  0.1031772213671949E+02
 0.9999998640847169E+00  0.4107292645829321E+01 -0.1230047367953995E-06  0.7531182430472463E+00  0.1031772230276067E+02
 0.1000000000364212E+01  0.4107292551662564E+01  0.3129470864163984E-09  0.7531183980080483E+00  0.1031772204680577E+02
 0.9999999999687904E+00  0.4107292551912353E+01 -0.2199184725423650E-10  0.7531183975886933E+00  0.1031772204752784E+02
 0.9999999695999972E+00  0.4107292567294986E+01 -0.2805039633358933E-07  0.7531183653577086E+00  0.1031772208730959E+02
 0.9999999079949982E+00  0.4107292607156110E+01 -0.8432633201174710E-07  0.7531182963840543E+00  0.1031772219458640E+02
 0.1000000000567135E+01  0.4107292551112455E+01  0.3832482983706825E-09  0.7531183983465600E+00  0.1031772204501053E+02
 0.9999999854305281E+00  0.4107292558604243E+01 -0.1356612096139567E-07  0.7531183823101667E+00  0.1031772206418965E+02
 0.9999999447332152E+00  0.4107292581718632E+01 -0.5110170021895601E-07  0.7531183379503406E+00  0.1031772212485238E+02
 0.1000000000599834E+01  0.4107292551529684E+01  0.5002296954055981E-09  0.7531183982741696E+00  0.1031772204648167E+02
 0.1000000000809784E+01  0.4107292551255642E+01  0.6684473910019683E-09  0.7531183985341794E+00  0.1031772204561083E+02
 0.1000000000437318E+01  0.4107292551641632E+01  0.3913752938707198E-09  0.7531183980944777E+00  0.1031772204679823E+02
 0.9999999950982883E+00  0.4107292553876086E+01 -0.4625730004445453E-08  0.7531183925335483E+00  0.1031772205212576E+02
 0.9999999736723760E+00  0.4107292564643149E+01 -0.2462715603817476E-07  0.7531183695857288E+00  0.1031772207932032E+02
 0.9999999975575092E+00  0.4107292552660585E+01 -0.2395443337941765E-08  0.7531183951172851E+00  0.1031772204896248E+02
 0.1000000000208598E+01  0.4107292551776614E+01  0.1527435371222021E-09  0.7531183978618661E+00  0.1031772204720174E+02
 0.1000000001212054E+01  0.4107292551110244E+01  0.1068432608943475E-08  0.7531183989155863E+00  0.1031772204520976E+02
 0.9999999990325261E+00  0.4107292551597551E+01 -0.1091904171988329E-08  0.7531183968637961E+00  0.1031772204618541E+02
 0.1000000001622867E+01  0.4107292550756353E+01  0.1354238085297265E-08  0.7531183994022512E+00  0.1031772204419941E+02
 0.1001321040469285E+01  0.4107668610808849E+01  0.1274816897026322E-02  0.7541320502758772E+00  0.1031931433482613E+02
 0.9994247537426573E+00  0.4107608921057303E+01 -0.6010359621107139E-03  0.7524387396028123E+00  0.1031840527055477E+02
 0.9999261762182997E+00  0.4107709443906242E+01 -0.1303239487207177E-03  0.7528405382761217E+00  0.1031887874605773E+02
 0.9998632195290968E+00  0.4107338169983969E+01 -0.1369692612783111E-03  0.7529731001160589E+00  0.1031780369623515E+02
 0.9996565979838865E+00  0.4107444019263602E+01 -0.3501099637561309E-03  0.7527352826212839E+00  0.1031803290255990E+02
 0.9999957614376429E+00  0.4107290947466837E+01 -0.4232072352539083E-05  0.7531149498547188E+00  0.1031771481856279E+02
 0.9999436218689978E+00  0.4107308090673024E+01 -0.5590128238111097E-04  0.7530598805748180E+00  0.1031774572510939E+02
 0.9998242270492392E+00  0.4107357741004421E+01 -0.1764404809473854E-03  0.7529288367026902E+00  0.1031784683309186E+02
 0.9996413067440131E+00  0.4107573178882499E+01 -0.3846546117056445E-03  0.7526592054976651E+00  0.1031840197429516E+02
 0.9997106515733891E+00  0.4107444325606181E+01 -0.2973010057027883E-03  0.7527863732088182E+00  0.1031806012268337E+02
 0.1000003207431201E+01  0.4107291025898993E+01  0.3100232165564404E-05  0.7531218766191096E+00  0.1031771843832064E+02
 0.1000001298306114E+01  0.4107290605512565E+01  0.1194930482662567E-05  0.7531201916208384E+00  0.1031771609367050E+02
 0.1000000514433578E+01  0.4107292381577079E+01  0.5006786638573732E-06  0.7531189327898347E+00  0.1031772171728160E+02
 0.1000001722974439E+01  0.4107291823710247E+01  0.1662953660717370E-05  0.7531202351389610E+00  0.1031772040639561E+02
 0.1000002053112371E+01  0.4107291200571940E+01  0.1949047396706570E-05  0.7531207111591005E+00  0.1031771841545181E+02
 0.9999999764807643E+00  0.4107292569881020E+01 -0.2074434318981800E-07  0.7531183711426164E+00  0.1031772209943838E+02
 0.1000000162007643E+01  0.4107292509588734E+01  0.1597010054662641E-06  0.7531185643438643E+00  0.1031772198549418E+02
 0.9999999741066088E+00  0.4107292568015488E+01 -0.2300433659874622E-07  0.7531183695404188E+00  0.1031772209224065E+02
 0.1000000707474801E+01  0.4107292280464092E+01  0.6813534833755921E-06  0.7531191433520220E+00  0.1031772146492915E+02
 0.1000001376248480E+01  0.4107291863823077E+01  0.1312332705689399E-05  0.7531198833998051E+00  0.1031772034461733E+02
 0.1000000402899945E+01  0.4107292410798730E+01  0.3906570401552739E-06  0.7531188195694227E+00  0.1031772176424754E+02
 0.9998206708470196E+00  0.4107366874651141E+01 -0.1800562333478487E-03  0.7529226177938318E+00  0.1031787549516756E+02
 0.9999650742016801E+00  0.4107301783381192E+01 -0.3453380144229807E-04  0.7530821898356471E+00  0.1031773520235690E+02
 0.9999046682438295E+00  0.4107326245137095E+01 -0.9452168352603091E-04  0.7530168616573666E+00  0.1031778608376665E+02
 0.9999993958710045E+00  0.4107292074469391E+01 -0.6608461120486149E-06  0.7531179033430571E+00  0.1031771998830899E+02
 0.9999867880300485E+00  0.4107295330969976E+01 -0.1308946367192472E-04  0.7531048550111866E+00  0.1031772448084296E+02
 0.9999544015428534E+00  0.4107306546732016E+01 -0.4497336622143795E-04  0.7530705576188491E+00  0.1031774578052582E+02
 0.9999940330258791E+00  0.4107292972162473E+01 -0.5931980909354657E-05  0.7531125192188890E+00  0.1031772031222676E+02
 0.9999169223941313E+00  0.4107318609244601E+01 -0.8248043964399703E-04  0.7530310085894089E+00  0.1031776701682630E+02
 0.9999798269843878E+00  0.4107296353237214E+01 -0.1998343208480111E-04  0.7530980146653468E+00  0.1031772468493211E+02
 0.9999999995655939E+00  0.4107292572571692E+01  0.2459156899674788E-08  0.7531183919463644E+00  0.1031772211903510E+02
 0.1000001250648498E+01  0.4107292072478064E+01  0.1211039822910204E-05  0.7531197134945388E+00  0.1031772101334050E+02
 0.1000005215183396E+01  0.4107289631097397E+01  0.5071993109138186E-05  0.7531242407403074E+00  0.1031771483957235E+02
 0.1000002708716325E+01  0.4107291373295878E+01  0.2623541450998157E-05  0.7531212961363609E+00  0.1031771935295365E+02
 0.1000000091783570E+01  0.4107292555082308E+01  0.9418636937952765E-07  0.7531184822037397E+00  0.1031772209921689E+02
 0.1000000384522574E+01  0.4107292444734824E+01  0.3739121227805536E-06  0.7531187836043346E+00  0.1031772184832114E+02
 0.9999767842992241E+00  0.4107295097892123E+01 -0.2296859355396796E-04  0.7530960125088006E+00  0.1031772025226408E+02
 0.9996962067839914E+00  0.4107414596634065E+01 -0.3079113199106537E-03  0.7527847918156497E+00  0.1031796126228693E+02
 0.9999248425527009E+00  0.4107312227577232E+01 -0.7471928597942795E-04  0.7530416413922214E+00  0.1031775247602841E+02
 0.9992208757550558E+00  0.4107898329518065E+01 -0.8453303714988993E-03  0.7520865570804740E+00  0.1031909715724519E+02
 0.9993850467229397E+00  0.4107586156025299E+01 -0.6333961851758635E-03  0.7524144789915620E+00  0.1031832587381806E+02
 0.9998063843408137E+00  0.4107360583204624E+01 -0.1955568691933251E-03  0.7529117853599187E+00  0.1031784947210635E+02
 0.1000001095955998E+01  0.4107292131137671E+01  0.1050875367466622E-05  0.7531195284785666E+00  0.1031772108298728E+02
 0.1000010620302513E+01  0.4107286564666884E+01  0.1023294133400934E-04  0.7531303441317501E+00  0.1031770732656043E+02
 0.1000002497889079E+01  0.4107291394811227E+01  0.2395897072902570E-05  0.7531210557776917E+00  0.1031771923737187E+02
 0.9999930624436464E+00  0.4107285154356717E+01 -0.7142124485362384E-05  0.7531158838372224E+00  0.1031769844126843E+02
 0.1000017181407507E+01  0.4107281503276091E+01  0.1663627899040808E-04  0.7531385318864023E+00  0.1031769465403708E+02
 0.1000005465382627E+01  0.4107289602405496E+01  0.5209909199406268E-05  0.7531243771602210E+00  0.1031771459170229E+02
 0.1000005637301940E+01  0.4107285065705713E+01  0.5539633801379996E-05  0.7531267153930817E+00  0.1031770148003574E+02
 0.1000005700599128E+01  0.4107289731459127E+01  0.5500411234203676E-05  0.7531246216193433E+00  0.1031771529004556E+02
 0.1000007411483639E+01  0.4107287240742713E+01  0.7206906436294500E-05  0.7531272005327552E+00  0.1031770828597042E+02
 0.1960329886098484E+01  0.3677779114615975E+01  0.8045110540949718E+00  0.2232027421081118E+01  0.9933143286076620E+01
 0.1865444838623414E+01  0.3696504766762073E+01  0.7906061186799068E+00  0.2091384241239277E+01  0.9947398372101460E+01
 0.1919284128762281E+01  0.3689755248991155E+01  0.7891682432230529E+00  0.2167711438350671E+01  0.9942133867931378E+01
 0.1982283183874880E+01  0.3678283784627594E+01  0.8034303621979274E+00  0.2256410072152663E+01  0.9933357122942050E+01
 0.1924437919982510E+01  0.3704642913667635E+01  0.7632316717612344E+00  0.2154211431558043E+01  0.9951945166415429E+01
 0.1950966672097970E+01  0.3695574310717618E+01  0.7806865312445416E+00  0.2195139151585496E+01  0.9946257006403725E+01
 0.1970596814312056E+01  0.3681674874714794E+01  0.8003266855806048E+00  0.2237478526400749E+01  0.9936206145891916E+01
 0.1945911509752451E+01  0.3688963012781217E+01  0.7905841293924352E+00  0.2198839314933740E+01  0.9941683409989299E+01
 0.1958887340954541E+01  0.3692656535203906E+01  0.7875937415853849E+00  0.2207061253870819E+01  0.9944736253946731E+01
 0.1951356882547510E+01  0.3694590308782974E+01  0.7860275150283156E+00  0.2195287015005038E+01  0.9946431882608977E+01
 0.1817443420855645E+01  0.3717219632152747E+01  0.7541265123023485E+00  0.2012997187400124E+01  0.9962209968235396E+01
 0.1911556078416026E+01  0.3698796145080810E+01  0.7757390227331041E+00  0.2146494777376634E+01  0.9948693037388290E+01
 0.1872511396689859E+01  0.3709633650341682E+01  0.7594547672389147E+00  0.2087911487631100E+01  0.9956658497300795E+01
 0.1931973850090461E+01  0.3699969565813297E+01  0.7779331677783953E+00  0.2165976875061177E+01  0.9950280444577244E+01
 0.1904945771245907E+01  0.3707458287972636E+01  0.7657517159907811E+00  0.2125689627916154E+01  0.9955509671125922E+01
 0.1831783345845195E+01  0.3721248049307570E+01  0.7430611232573557E+00  0.2026295490250948E+01  0.9965381711512718E+01
 0.1872815309064565E+01  0.3716578509556643E+01  0.7509931806619400E+00  0.2077723531295774E+01  0.9962002958680769E+01
 0.1768725983717198E+01  0.3730425862798561E+01  0.7424897057138875E+00  0.1937889500831447E+01  0.9972787664585793E+01
 0.1869495921043233E+01  0.3703707983311486E+01  0.7695356913954056E+00  0.2091632336448553E+01  0.9951872894501173E+01
 0.1809231793559658E+01  0.3713298116523671E+01  0.7618169324943415E+00  0.2006828739715877E+01  0.9957513813697622E+01
 0.1765629385882999E+01  0.3727945052868294E+01  0.7279113082592077E+00  0.1944859269885061E+01  0.9967490791463778E+01
 0.1768982613959374E+01  0.3768058453832777E+01  0.6596635762680300E+00  0.1897257145907118E+01  0.9997993190519146E+01
 0.1525549840023676E+01  0.3873750406455899E+01  0.4799138509724662E+00  0.1504172145005103E+01  0.1008309698736113E+02
 0.1641448863981718E+01  0.3824996145352442E+01  0.5673125771999317E+00  0.1685302365663470E+01  0.1004301037961544E+02
 0.1267667302369392E+01  0.3993674284938380E+01  0.2613450915272220E+00  0.1108059222042555E+01  0.1019410048597242E+02
 0.1091891573779610E+01  0.4073374928411915E+01  0.9550017544613131E-01  0.8639941944026706E+00  0.1027895690105722E+02
 0.1162760918165004E+01  0.4042781316064852E+01  0.1640908783119635E+00  0.9579958714561313E+00  0.1024524716738422E+02
 0.1382870300690147E+01  0.3941298317635748E+01  0.3619985388141425E+00  0.1278507515608196E+01  0.1014376709015874E+02
 0.1501931728989596E+01  0.3888897444530975E+01  0.4591395537491376E+00  0.1459753944216059E+01  0.1009696033650134E+02
 0.1256066989323687E+01  0.4001304390658182E+01  0.2500638917404878E+00  0.1088168875712298E+01  0.1020231010654350E+02
 0.1364132585057207E+01  0.3953066887964479E+01  0.3447352617279061E+00  0.1245543365513617E+01  0.1015545562862201E+02
 0.1021731643528581E+01  0.4101191570533355E+01  0.2262810325319935E-01  0.7771014664296674E+00  0.1031157457928075E+02
 0.1003404386341312E+01  0.4106687028583410E+01  0.3425109637075149E-02  0.7566327375853209E+00  0.1031760905838720E+02
 0.1009671570206488E+01  0.4104998285298555E+01  0.9904982726623704E-02  0.7634393037649048E+00  0.1031587045161704E+02
 0.1000147938132168E+01  0.4107350096489452E+01  0.1403055055132612E-03  0.7532439147769699E+00  0.1031799366181371E+02
 0.9999198615416455E+00  0.4107328746673901E+01 -0.7940379289433721E-04  0.7530312467472491E+00  0.1031780371564673E+02
 0.9999822172963435E+00  0.4107337029171132E+01 -0.1968560408913025E-04  0.7530894635920464E+00  0.1031786587528632E+02
 0.1001204635374914E+01  0.4107151946099576E+01  0.1194679150802193E-02  0.7543337976117301E+00  0.1031791475221974E+02
 0.1004041154305915E+01  0.4106488668453018E+01  0.4070635903832639E-02  0.7573318917956421E+00  0.1031734216438795E+02
 0.1000374150953870E+01  0.4107279053871977E+01  0.3671248259231937E-03  0.7534881602700225E+00  0.1031788654906977E+02
 0.1001594140437049E+01  0.4107024074915825E+01  0.1586309834155106E-02  0.7547584298709671E+00  0.1031771751900915E+02
 0.1156151300840952E+01  0.4047053070091842E+01  0.1572788361674485E+00  0.9473319940888817E+00  0.1025014784435396E+02
 0.1243128172448320E+01  0.4009205238979274E+01  0.2374479238624167E+00  0.1066882548061821E+01  0.1021061431445951E+02
 0.1046997534189252E+01  0.4092198696723266E+01  0.4909970128189015E-01  0.8068795018439003E+00  0.1030090138954452E+02
 0.1087354934717122E+01  0.4076397028606229E+01  0.9050650656171445E-01  0.8568206177841782E+00  0.1028256743120279E+02
 0.1148403699233623E+01  0.4051342722775960E+01  0.1495323417555846E+00  0.9357176762847005E+00  0.1025486528027707E+02
 0.1010506826157342E+01  0.4104687233730039E+01  0.1075108301446743E-01  0.7643945614006331E+00  0.1031540320463922E+02
 0.1023263471030675E+01  0.4100693867568753E+01  0.2409511467170414E-01  0.7787821146690217E+00  0.1031082744997305E+02
 0.1004625613861613E+01  0.4106272369979944E+01  0.4665036759744689E-02  0.7579891106260646E+00  0.1031699499246578E+02
 0.1011061610960373E+01  0.4104471783993993E+01  0.1129928701142960E-01  0.7650194776651388E+00  0.1031503243201409E+02
 0.1046113857174382E+01  0.4092673438542732E+01  0.4804374872333023E-01  0.8056236782628375E+00  0.1030141927433967E+02
 0.1083477350546359E+01  0.4078421079061911E+01  0.8636794277417402E-01  0.8513675637907816E+00  0.1028492218809463E+02
 0.1023351734545011E+01  0.4100623974088403E+01  0.2412277013725724E-01  0.7788694843217867E+00  0.1031059084120682E+02
 0.1044774957840940E+01  0.4093229460810741E+01  0.4649897110596658E-01  0.8038795590851315E+00  0.1030191587012458E+02
 0.1022889495195819E+01  0.4100763313780936E+01  0.2376624027678601E-01  0.7784227765753510E+00  0.1031092175520138E+02
 0.1090266860727817E+01  0.4074764481134400E+01  0.9359501265744732E-01  0.8610694285145393E+00  0.1028067928693078E+02
 0.1047016161111430E+01  0.4092043076338822E+01  0.4925777402244655E-01  0.8070948612231514E+00  0.1030075229160543E+02
 0.1897373057099757E+01  0.3716765893372607E+01  0.7562998421334582E+00  0.2102356117681356E+01  0.9963257056121215E+01
 0.1916483787361869E+01  0.3719812688586794E+01  0.7579282126883751E+00  0.2116638501480759E+01  0.9966827085699206E+01
 0.1906984993619061E+01  0.3721791499239216E+01  0.7548187393238012E+00  0.2103390820190875E+01  0.9968223780923790E+01
 0.1874839903466526E+01  0.3742475971315116E+01  0.7247857156577431E+00  0.2038446336146383E+01  0.9983880902583858E+01
 0.1894198903659328E+01  0.3735112924713676E+01  0.7384835422021366E+00  0.2069004903657236E+01  0.9978925558768950E+01
 0.1753629343522249E+01  0.3793056155100921E+01  0.6409803936147710E+00  0.1839608175946633E+01  0.1002163812902012E+02
 0.1810792416048212E+01  0.3771951698392865E+01  0.6795188971248558E+00  0.1927856985838799E+01  0.1000630341067691E+02
 0.1850019328741321E+01  0.3757605991716652E+01  0.7058111051969217E+00  0.1988614942583299E+01  0.9996175465864971E+01
 0.1899787678691922E+01  0.3732246273163710E+01  0.7440222796911929E+00  0.2078697718184734E+01  0.9977049954132346E+01
 0.1873245402812102E+01  0.3748854593337107E+01  0.7219575024556411E+00  0.2025018804500203E+01  0.9990120781358565E+01
 0.1554341724447210E+01  0.3875956748321727E+01  0.4955923780019091E+00  0.1525591861965635E+01  0.1008808504091807E+02
 0.1646569790963483E+01  0.3839224552642658E+01  0.5636580260461418E+00  0.1666062616817936E+01  0.1005827388038743E+02
 0.1323435790898646E+01  0.3976354094917155E+01  0.3075532049212850E+00  0.1178182831692667E+01  0.1017860432137699E+02
 0.1424612152755197E+01  0.3933342819464175E+01  0.3921509506331783E+00  0.1325605167947250E+01  0.1013874029873485E+02
 0.1524387383275703E+01  0.3892113108368060E+01  0.4709219449994978E+00  0.1474046362524701E+01  0.1010259653434601E+02
 0.1139646775863129E+01  0.4055870701253918E+01  0.1408221135118262E+00  0.9230913177059225E+00  0.1025990949388679E+02
 0.1214120810542264E+01  0.4024861592770225E+01  0.2098646825860042E+00  0.1022442551169012E+01  0.1022709170302071E+02
 0.1079156434174278E+01  0.4080388156716868E+01  0.8179560370526645E-01  0.8456026644171527E+00  0.1028707268084687E+02
 0.1130571258835275E+01  0.4060188501352456E+01  0.1318597047617085E+00  0.9104884974840626E+00  0.1026459608696831E+02
 0.1302259476515097E+01  0.3987536227465071E+01  0.2883042279492103E+00  0.1144942768041022E+01  0.1018977502125209E+02
 0.1398230488377505E+01  0.3947180659518410E+01  0.3692950608800066E+00  0.1282696913233877E+01  0.1015173595205468E+02
 0.1198948230519746E+01  0.4032337427838519E+01  0.1955958814899642E+00  0.1000404544452959E+01  0.1023500590453781E+02
 0.1281005199960386E+01  0.3998224175355178E+01  0.2690634671316526E+00  0.1112680832438146E+01  0.1020059529813460E+02
 0.1824877362844635E+01  0.3772416269832031E+01  0.6866482507834633E+00  0.1939422374539408E+01  0.1000822668640459E+02
 0.1692260398595339E+01  0.3826484888939380E+01  0.5938386250866354E+00  0.1727614969602243E+01  0.1004954526212497E+02
 0.1753590054776017E+01  0.3803728543694404E+01  0.6361487673489218E+00  0.1820852699530576E+01  0.1003241081648961E+02
 0.1494192873591790E+01  0.3907812764657958E+01  0.4459625751232711E+00  0.1423561466015332E+01  0.1011676508771684E+02
 0.1583363655168176E+01  0.3872416096297645E+01  0.5135823919524912E+00  0.1556336586957260E+01  0.1008701314709114E+02
 0.1371466113183666E+01  0.3960690953794530E+01  0.3461609840285028E+00  0.1240539581365749E+01  0.1016478850537712E+02
 0.1463671868548657E+01  0.3923154750901577E+01  0.4207022327300304E+00  0.1374015251774245E+01  0.1013093031492808E+02
 0.1660881467590081E+01  0.3842719659375346E+01  0.5696871280848760E+00  0.1672662466852753E+01  0.1006325195466484E+02
 0.1551071301123667E+01  0.3888577566310349E+01  0.4878796751350827E+00  0.1502563115639598E+01  0.1010134606294742E+02
 0.1614975818962618E+01  0.3856128959004656E+01  0.5386608385469179E+00  0.1610454132511564E+01  0.1007294340429533E+02
 0.1782458482378683E+01  0.3787949462829186E+01  0.6580588360555021E+00  0.1874155037482339E+01  0.1001941094702862E+02
 0.1723127722608772E+01  0.3809945052054580E+01  0.6175943755959964E+00  0.1783195987973662E+01  0.1003570210403389E+02
 0.1228892208429163E+01  0.4017088388783166E+01  0.2239407690443140E+00  0.1044748147132491E+01  0.1021896035468638E+02
 0.1451054126614354E+01  0.3918834180668969E+01  0.4150096499315509E+00  0.1369926974352168E+01  0.1012497438466836E+02
 0.1677375045003324E+01  0.3822205834746566E+01  0.5879849798967151E+00  0.1721900351564141E+01  0.1004385347474398E+02
 0.1583671809379723E+01  0.3859518471562965E+01  0.5197795665146302E+00  0.1577709628679547E+01  0.1007361485755939E+02
 0.1344228317197462E+01  0.3964778396712035E+01  0.3264883124913529E+00  0.1211956525566185E+01  0.1016703168765243E+02
 0.1476710303017005E+01  0.3904145105478460E+01  0.4372465677208965E+00  0.1414434084154157E+01  0.1011133611923121E+02
 0.1838853371556418E+01  0.3755584249426233E+01  0.7007699170287814E+00  0.1982430631518701E+01  0.9992945206410647E+01
 0.1915088151163600E+01  0.3721230122755822E+01  0.7548163668002850E+00  0.2113494871514361E+01  0.9967655370761628E+01
 0.1899618569396020E+01  0.3727140683864183E+01  0.7435180935663713E+00  0.2089065105224353E+01  0.9971520226145602E+01
 0.1919399360688465E+01  0.3710812025396778E+01  0.7662692197248561E+00  0.2134728424523351E+01  0.9959111326091321E+01
 0.1933350723224427E+01  0.3707334283724471E+01  0.7717762949087911E+00  0.2155063460923502E+01  0.9956677997221059E+01
 0.1936459896886352E+01  0.3707094928533989E+01  0.7711874820572833E+00  0.2159283552683745E+01  0.9956310293909661E+01
 0.1613012107586512E+01  0.3842310009627908E+01  0.5439209857160177E+00  0.1631454093217554E+01  0.1005818127256855E+02
 0.1813737734124841E+01  0.3758220928670332E+01  0.6867767166280853E+00  0.1955174943257266E+01  0.9992896078497068E+01
 0.1738538468482263E+01  0.3786574592125605E+01  0.6360048447351868E+00  0.1837451532575439E+01  0.1001356059612204E+02
 0.1924881618251892E+01  0.3711462400208417E+01  0.7622113255146443E+00  0.2141229864217824E+01  0.9958948654445141E+01
 0.1895123799551145E+01  0.3721942388046278E+01  0.7425281754368128E+00  0.2094986256416016E+01  0.9965755178671124E+01
 0.1844004315371213E+01  0.3740192934282891E+01  0.7094164570966227E+00  0.2015138763022740E+01  0.9978172153648700E+01
 0.1866817258634967E+01  0.3738955623942894E+01  0.7216926055624928E+00  0.2037928535630757E+01  0.9979463089822735E+01
 0.1708293390617175E+01  0.3804432070133456E+01  0.6123305456918354E+00  0.1779518910459442E+01  0.1002856094191242E+02
 0.1783840212537257E+01  0.3775765346151847E+01  0.6640963275688294E+00  0.1896982830727726E+01  0.1000728001829477E+02
 0.9999784233452714E+00  0.4107298970595190E+01 -0.2121701035807092E-04  0.7530958116219658E+00  0.1031773257030344E+02
 0.9999971385967824E+00  0.4107292955978274E+01 -0.2900824621472066E-05  0.7531154537399682E+00  0.1031772173490137E+02
 0.1433295352021106E+01  0.3937847228399704E+01  0.3954420420453750E+00  0.1326010345045709E+01  0.1014437763056937E+02
 0.1236183009916475E+01  0.4019124248022299E+01  0.2284606160643152E+00  0.1047967185705649E+01  0.1022213790955752E+02
 0.1314319911849446E+01  0.3987288851521500E+01  0.2971993964229671E+00  0.1155425473713812E+01  0.1019116294237349E+02
 0.1086881721253407E+01  0.4077575054530252E+01  0.8944998291128457E-01  0.8548889870413838E+00  0.1028368980186436E+02
 0.1132725475407762E+01  0.4059868357346581E+01  0.1340445981842446E+00  0.9125908415073618E+00  0.1026439782821632E+02
 0.1055261645794677E+01  0.4089768563423831E+01  0.5743932557291636E-01  0.8161763534703220E+00  0.1029834073720726E+02
 0.1193115156052215E+01  0.4035362180371967E+01  0.1900666685695571E+00  0.9915091064410113E+00  0.1023770035608043E+02
 0.1140954879501830E+01  0.4058933779541808E+01  0.1407149930886802E+00  0.9202390543512382E+00  0.1026375122304101E+02
 0.1086691414479019E+01  0.4078544808450179E+01  0.8451250811682585E-01  0.8538252276374452E+00  0.1028511216744064E+02
 0.1053699779987709E+01  0.4089858230024155E+01  0.5747714613775404E-01  0.8147624028004269E+00  0.1029822099720309E+02
 0.1071054078772470E+01  0.4084049269397071E+01  0.6631125600988325E-01  0.8351412904769341E+00  0.1029127216735109E+02
 0.1053956897626840E+01  0.4090108226360031E+01  0.5581141394294319E-01  0.8145470666124899E+00  0.1029816675506850E+02
 0.1166403362578802E+01  0.4047178090370515E+01  0.1651300738895571E+00  0.9553334937645503E+00  0.1025106454160754E+02
 0.1109939278928092E+01  0.4069350130163953E+01  0.1116917451521116E+00  0.8830119782464354E+00  0.1027491727940346E+02
 0.1345061451343053E+01  0.3973531823398083E+01  0.3231667525843974E+00  0.1199997811886925E+01  0.1017707325190910E+02
 0.1260039522908224E+01  0.4008428109234697E+01  0.2498592599559019E+00  0.1081555075746964E+01  0.1021083807845132E+02
 0.1183710505719708E+01  0.4039627260472900E+01  0.1811593615022150E+00  0.9787032616806720E+00  0.1024272766858576E+02
 0.1009206802059360E+01  0.4104947987272428E+01  0.9364521603618441E-02  0.7629910492689401E+00  0.1031541890318525E+02
 0.1004368356065094E+01  0.4106283730052830E+01  0.4401590644497337E-02  0.7577357507909117E+00  0.1031689294249182E+02
 0.1039882560835472E+01  0.4095264571227576E+01  0.4119655374332046E-01  0.7977733770103623E+00  0.1030438557442636E+02
 0.1021881065741596E+01  0.4101171002796665E+01  0.2248601308434741E-01  0.7770964348115584E+00  0.1031119667984180E+02
 0.1011049399594919E+01  0.4104492473542717E+01  0.1125256670661314E-01  0.7649781386095612E+00  0.1031503745376422E+02
 0.1120947196987136E+01  0.4064715321127581E+01  0.1223245951003304E+00  0.8973017953321898E+00  0.1026965031800983E+02
 0.1074153474474583E+01  0.4082704248443097E+01  0.7649768893949968E-01  0.8389795655225640E+00  0.1028981585400099E+02
 0.1042628123377680E+01  0.4094220135396819E+01  0.4413989970516739E-01  0.8011025486334337E+00  0.1030316657770828E+02
 0.1022792685537626E+01  0.4100895353208712E+01  0.2348633422776908E-01  0.7781432060167557E+00  0.1031095333908248E+02
 0.1068276272416566E+01  0.4085066956814090E+01  0.7041067889231160E-01  0.8316299054985481E+00  0.1029256062378080E+02
 0.1017657277639330E+01  0.4102448390047108E+01  0.1810611362658104E-01  0.7723576529610073E+00  0.1031259667843342E+02
 0.1005173912709018E+01  0.4106105394170892E+01  0.5243617723759285E-02  0.7586022916479205E+00  0.1031680838275843E+02
 0.1032042253440862E+01  0.4097692359993521E+01  0.3313137073861732E-01  0.7888373598092556E+00  0.1030695516199505E+02
 0.1019467767624613E+01  0.4101959049320295E+01  0.2004003944900507E-01  0.7743954035444771E+00  0.1031225367389309E+02
 0.1000191258500896E+01  0.4107277615750893E+01  0.1916323888429517E-03  0.7533134124320773E+00  0.1031778813075792E+02
 0.1000016308112248E+01  0.4107304916438947E+01  0.1745401876221433E-04  0.7531334261326864E+00  0.1031777969882542E+02
 0.1002075221486708E+01  0.4106887992935472E+01  0.2077407104887093E-02  0.7552791673552818E+00  0.1031755425533361E+02
 0.1000717730936299E+01  0.4107182095879517E+01  0.7149852130167247E-03  0.7538571537876343E+00  0.1031776382807987E+02
 0.1000156477632220E+01  0.4107294856659061E+01  0.1573726964262957E-03  0.7532740899524626E+00  0.1031782612677125E+02
 0.1011172682268845E+01  0.4104468636026468E+01  0.1139936539730969E-01  0.7651174506954542E+00  0.1031505508967307E+02
 0.1004933254402691E+01  0.4106189358477203E+01  0.4978650291069115E-02  0.7583208631377966E+00  0.1031690351245916E+02
 0.1001864118229389E+01  0.4106950791727848E+01  0.1864090503845651E-02  0.7550503468409004E+00  0.1031763779674265E+02
 0.1000539828224166E+01  0.4107233872885153E+01  0.5361585022404183E-03  0.7536656873164512E+00  0.1031783282906424E+02
 0.1000051999373581E+01  0.4107315231758970E+01  0.5163406174545176E-04  0.7531647999071268E+00  0.1031783330246699E+02
 0.9999532274006535E+00  0.4107319507473060E+01 -0.4582389578446885E-04  0.7530666804483711E+00  0.1031779153173938E+02
 0.9999567670409096E+00  0.4107308602682247E+01 -0.4233278978216402E-04  0.7530725139205564E+00  0.1031775466193324E+02
 0.9999729495468758E+00  0.4107301619864811E+01 -0.2648336176760133E-04  0.7530899356592351E+00  0.1031773906770851E+02
 0.9999990892285026E+00  0.4107314800124936E+01  0.1174972917022142E-05  0.7531132061096570E+00  0.1031780216372417E+02
 0.9999720951812250E+00  0.4107307226826764E+01 -0.2564560471572901E-04  0.7530890962351124E+00  0.1031776160719127E+02
 0.9999782571110033E+00  0.4107302157440903E+01 -0.2184436805391839E-04  0.7530952983413880E+00  0.1031774468941019E+02
 0.9999678448955626E+00  0.4107304017365863E+01 -0.2947135171923816E-04  0.7530858246775273E+00  0.1031774824849303E+02
 0.1005133543071641E+01  0.4106109414063896E+01  0.5178246191911365E-02  0.7585470268309837E+00  0.1031676286997615E+02
 0.1000691097268622E+01  0.4107176963350292E+01  0.6895630707761630E-03  0.7538336503767622E+00  0.1031773413637109E+02
 0.1000065974740302E+01  0.4107297649947919E+01  0.6789719049706554E-04  0.7531849663988319E+00  0.1031778519117491E+02
 0.1001890459717521E+01  0.4106898398133668E+01  0.1892828538874945E-02  0.7550967874592089E+00  0.1031748901994959E+02
 0.1000954525175443E+01  0.4107123810313378E+01  0.9593447826682836E-03  0.7541118470631544E+00  0.1031771524366757E+02
 0.1432683594208132E+01  0.3910113474715771E+01  0.4361784463972864E+00  0.1363529276048756E+01  0.1011894681263561E+02
 0.1484318474917405E+01  0.3898288166831605E+01  0.4675938585651220E+00  0.1426338111317688E+01  0.1010999246671690E+02
 0.1380681332093673E+01  0.3919422278195972E+01  0.4021507893826119E+00  0.1305127274343359E+01  0.1012499237666933E+02
 0.1452754913232320E+01  0.3904301078923953E+01  0.4507975971344938E+00  0.1389329125923387E+01  0.1011424526211909E+02
 0.1338035173457456E+01  0.3926864477047364E+01  0.3734334748153731E+00  0.1258048033822775E+01  0.1013040971732123E+02
 0.1402312133712347E+01  0.3913489029046737E+01  0.4179281530992368E+00  0.1332292030347073E+01  0.1012020042126529E+02
 0.1297273643223651E+01  0.3934087720032418E+01  0.3447272446904412E+00  0.1213079997649524E+01  0.1013569040153101E+02
 0.1359638388570847E+01  0.3920768320868793E+01  0.3897129314423957E+00  0.1285246295310293E+01  0.1012536365571893E+02
 0.1424140719148139E+01  0.3907428260329943E+01  0.4336755167401001E+00  0.1359952828407155E+01  0.1011535675162351E+02
 0.1256378173029128E+01  0.3941713337477305E+01  0.3144456991936863E+00  0.1167657232356200E+01  0.1014144899256010E+02
 0.1318847688492335E+01  0.3927914972470024E+01  0.3614474424511599E+00  0.1240178599139551E+01  0.1013045547453714E+02
 0.1214823309370886E+01  0.3949886625676538E+01  0.2822239422178607E+00  0.1121182935278173E+01  0.1014792366395634E+02
 0.1277817559943263E+01  0.3935490511229089E+01  0.3316079707310597E+00  0.1194507592467420E+01  0.1013603201725348E+02
 0.1340962606432876E+01  0.3921611806224221E+01  0.3782677347667242E+00  0.1268070985433936E+01  0.1012516861009233E+02
 0.1381761701181411E+01  0.3914566263526751E+01  0.4060520558409260E+00  0.1313195330191007E+01  0.1012029758096427E+02
 0.1446517409877985E+01  0.3901346139149517E+01  0.4494017237693445E+00  0.1388288547350724E+01  0.1011059550594803E+02
 0.1404364621616471E+01  0.3908248270720367E+01  0.4224393963065698E+00  0.1341877964262783E+01  0.1011519326740372E+02
 0.1469152204956176E+01  0.3895120262375814E+01  0.4650941423654543E+00  0.1417207690053743E+01  0.1010574521964844E+02
 0.1518404001722516E+01  0.3887192754946728E+01  0.4951731285581225E+00  0.1471946037646463E+01  0.1010124052962668E+02
 0.1568548594584471E+01  0.3876129648930875E+01  0.5236390647876266E+00  0.1533415947726431E+01  0.1009329399187067E+02
 0.1539931031131474E+01  0.3881071075743993E+01  0.5096871601433914E+00  0.1500059129147338E+01  0.1009651683555294E+02
 0.1495900641964145E+01  0.3892750032478948E+01  0.4804768166744842E+00  0.1443938222258701E+01  0.1010533903129722E+02
 0.1475021944304231E+01  0.3898727763039013E+01  0.4658232867226365E+00  0.1416911885015760E+01  0.1011004459174629E+02
 0.1526324402346427E+01  0.3887176526510980E+01  0.4959997626988348E+00  0.1479593663828804E+01  0.1010153726146147E+02
 0.1172395808687751E+01  0.3958679116419008E+01  0.2478847643099175E+00  0.1073431680276629E+01  0.1015526391416479E+02
 0.1236063570357908E+01  0.3943636051031995E+01  0.2998571748891502E+00  0.1147685660675556E+01  0.1014234109969489E+02
 0.1128862862414487E+01  0.3968187064362524E+01  0.2112529755460655E+00  0.1024138432853990E+01  0.1016364359333881E+02
 0.1193408107030113E+01  0.3952415020344337E+01  0.2660318909361400E+00  0.1099528342203431E+01  0.1014951556786701E+02
 0.1257858371564334E+01  0.3937240531684159E+01  0.3176289929684998E+00  0.1175006453941405E+01  0.1013670697722957E+02
 0.1083785488025572E+01  0.3978585928634989E+01  0.1722646134453799E+00  0.9727780085961073E+00  0.1017334631235383E+02
 0.1149632747964643E+01  0.3961925052152258E+01  0.2299610009813765E+00  0.1049781822112878E+01  0.1015772951783276E+02
 0.1036133023222734E+01  0.3990246939743637E+01  0.1314056236943583E+00  0.9181168688548398E+00  0.1018491758405189E+02
 0.1104310090941485E+01  0.3972344817564211E+01  0.1915630566923290E+00  0.9979217200768304E+00  0.1016726183153934E+02
 0.1170997061173180E+01  0.3955485003691695E+01  0.2488564581820576E+00  0.1076305510728230E+01  0.1015173548147470E+02
 0.1214987240669424E+01  0.3945991956908116E+01  0.2843417011203233E+00  0.1126465203023205E+01  0.1014370534029893E+02
 0.1280206728974383E+01  0.3930703421867192E+01  0.3355281112419435E+00  0.1203150232867889E+01  0.1013102758613460E+02
 0.1237129109759377E+01  0.3939414057617824E+01  0.3027978989747614E+00  0.1154244434000410E+01  0.1013784085357446E+02
 0.1303109723520405E+01  0.3924028031339835E+01  0.3535434436897610E+00  0.1232123538792142E+01  0.1012530835509758E+02
 0.9833660359770796E+00  0.4004065390532032E+01  0.9095220525912538E-01  0.8571589316126498E+00  0.1019955112872430E+02
 0.1056377370654155E+01  0.3984057809392331E+01  0.1513232167892743E+00  0.9426588291640817E+00  0.1017868381404122E+02
 0.9195027846564874E+00  0.4022257162280614E+01  0.5834805643751201E-01  0.7830207140919430E+00  0.1021990284742671E+02
 0.1003302773460516E+01  0.3997934176776202E+01  0.1113833376113870E+00  0.8809726173704262E+00  0.1019312332156647E+02
 0.1077284095274567E+01  0.3977645149671096E+01  0.1715013413421599E+00  0.9681726525542131E+00  0.1017232728656014E+02
 0.8345774203761543E+00  0.4048299254748076E+01  0.5154361168349587E-01  0.6846159592818121E+00  0.1024647804987369E+02
 0.9387995890876457E+00  0.4016202712898187E+01  0.7916430803579262E-01  0.8055468743493474E+00  0.1021322693803509E+02
 0.8532428593791381E+00  0.4042146119592638E+01  0.7205458615507077E-01  0.7056355790424579E+00  0.1023957949935921E+02
 0.9586447946970571E+00  0.4009967649528412E+01  0.1003735766768487E+00  0.8289093110571947E+00  0.1020662726893646E+02
 0.1023885636468442E+01  0.3991576767924784E+01  0.1321650264191951E+00  0.9057405242750926E+00  0.1018660391140080E+02
 0.1098895962535636E+01  0.3971000898408124E+01  0.1919448692004255E+00  0.9947236667631558E+00  0.1016585240337526E+02
 0.1045238369399024E+01  0.3984958216722070E+01  0.1533278382844148E+00  0.9316211875031634E+00  0.1017995125488873E+02
 0.1121212825989481E+01  0.3964124417111514E+01  0.2125994302857258E+00  0.1022327250453603E+01  0.1015925248703045E+02
 0.1259830160278242E+01  0.3932685671089741E+01  0.3213810355033242E+00  0.1182867844973101E+01  0.1013192758609316E+02
 0.1326572002843703E+01  0.3917217132301654E+01  0.3716673056588078E+00  0.1261936838126242E+01  0.1011955469872319E+02
 0.1215469583121410E+01  0.3942092174374265E+01  0.2871354082664396E+00  0.1131982648246739E+01  0.1013955127711925E+02
 0.1283087793181365E+01  0.3925811402754323E+01  0.3400767657205351E+00  0.1212338183749467E+01  0.1012597339891739E+02
 0.1350604253193617E+01  0.3910272129111994E+01  0.3898959117153512E+00  0.1292607757360592E+01  0.1011377060523418E+02
 0.1169632573484693E+01  0.3952438037106226E+01  0.2507379345395462E+00  0.1078938666353797E+01  0.1014846669763048E+02
 0.1238552981275351E+01  0.3935152543740887E+01  0.3064605245796709E+00  0.1161121342179027E+01  0.1013337723418822E+02
 0.1192622887031826E+01  0.3945424227835468E+01  0.2707728073522830E+00  0.1107802082172487E+01  0.1014204205415377E+02
 0.1262193128880003E+01  0.3928058100835122E+01  0.3258715855640128E+00  0.1191125396654532E+01  0.1012715396969679E+02
 0.1306908563512772E+01  0.3918793882703600E+01  0.3588755057359720E+00  0.1242668418153160E+01  0.1011998286972003E+02
 0.1375223317462942E+01  0.3903193109928544E+01  0.4082293828217162E+00  0.1324161432058858E+01  0.1010795912546528E+02
 0.1331308733373870E+01  0.3911633681754587E+01  0.3777778100401843E+00  0.1273883469633668E+01  0.1011396095374208E+02
 0.1400451225283662E+01  0.3895978921488561E+01  0.4266691837431962E+00  0.1356629657381885E+01  0.1010212158774148E+02
 0.1147238222166891E+01  0.3959267696818433E+01  0.2308266443632861E+00  0.1050996529366373E+01  0.1015481608251752E+02
 0.1192943665854252E+01  0.3948872885388304E+01  0.2679267365547649E+00  0.1103704540654456E+01  0.1014567635881111E+02
 0.1125459782802961E+01  0.3965904795878075E+01  0.2110883834550509E+00  0.1023989512857866E+01  0.1016108220799628E+02
 0.1356320183812329E+01  0.3904327270060800E+01  0.3967906835379523E+00  0.1306027348947203E+01  0.1010790624987990E+02
 0.1426310177145310E+01  0.3888628611709778E+01  0.4452148797450474E+00  0.1390044904359550E+01  0.1009625954183833E+02
 0.1311149594313064E+01  0.3913424922474126E+01  0.3649402679743493E+00  0.1253758284965311E+01  0.1011460864205848E+02
 0.1381986100697440E+01  0.3896868817971003E+01  0.4159304939259640E+00  0.1339158844289591E+01  0.1010181827169218E+02
 0.1452814652567787E+01  0.3881143340329730E+01  0.4638573766547618E+00  0.1424430552904422E+01  0.1009037535581531E+02
 0.1264859766055904E+01  0.3923406169360734E+01  0.3312245310857427E+00  0.1199619679800769E+01  0.1012246555840534E+02
 0.1336532894447823E+01  0.3905879166179276E+01  0.3846217109595934E+00  0.1286478579162214E+01  0.1010828579388845E+02
 0.1216650151338671E+01  0.3934603402694933E+01  0.2961875700011261E+00  0.1142472777379850E+01  0.1013199417599758E+02
 0.1289990542203422E+01  0.3915769236676375E+01  0.3514367809976098E+00  0.1231940370408036E+01  0.1011587710521640E+02
 0.1362615477072251E+01  0.3898162989959154E+01  0.4044442733608317E+00  0.1320260728425497E+01  0.1010191638423512E+02
 0.1408360832954222E+01  0.3889249377045698E+01  0.4352147119253200E+00  0.1373351754773878E+01  0.1009569120200253E+02
 0.1479957445198898E+01  0.3873530217655083E+01  0.4825702638054460E+00  0.1459782819268798E+01  0.1008447546337801E+02
 0.1435489350044484E+01  0.3881463272491245E+01  0.4546520694439817E+00  0.1408669694035353E+01  0.1008952460857512E+02
 0.1507695456186777E+01  0.3865805853378331E+01  0.5013017934729179E+00  0.1496051826438995E+01  0.1007857219327262E+02
 0.1163787777970785E+01  0.3947859462917092E+01  0.2618486874194196E+00  0.1078744621765271E+01  0.1014439340254259E+02
 0.1241733509758581E+01  0.3926833145315494E+01  0.3170080090932352E+00  0.1174599157614203E+01  0.1012509375421163E+02
 0.1098644805721887E+01  0.3965336932040337E+01  0.2348338639059235E+00  0.9988444465197303E+00  0.1016242318141432E+02
 0.1189393957036619E+01  0.3939801339065550E+01  0.2833476005311297E+00  0.1111287053473040E+01  0.1013698648310614E+02
 0.1267263514776803E+01  0.3918924240605164E+01  0.3377141018816341E+00  0.1207518612658863E+01  0.1011814697524096E+02
 0.1008851454631343E+01  0.3989988008292844E+01  0.2310486342804887E+00  0.8877953627557216E+00  0.1018670896214168E+02
 0.1125547054362763E+01  0.3956707153389558E+01  0.2571483748607250E+00  0.1032526674815013E+01  0.1015421690671783E+02
 0.1215225906726293E+01  0.3931661372325885E+01  0.3044331901290366E+00  0.1144398569000092E+01  0.1012961218586796E+02
 0.1293345813054580E+01  0.3910855985081394E+01  0.3584485525747529E+00  0.1241359490836218E+01  0.1011115189517460E+02
 0.1463390136685863E+01  0.3873511020929449E+01  0.4742242708841296E+00  0.1445144720521471E+01  0.1008331836978469E+02
 0.1535938396980247E+01  0.3857999524836414E+01  0.5199709101720594E+00  0.1533125231219440E+01  0.1007268613657564E+02
 0.1417255556384817E+01  0.3882147017580327E+01  0.4447272796522744E+00  0.1391511309860223E+01  0.1008901176364107E+02
 0.1492029968295841E+01  0.3865407393224470E+01  0.4938792190231945E+00  0.1482742715479524E+01  0.1007708406115797E+02
 0.1564542437300711E+01  0.3850155096101776E+01  0.5384675556759196E+00  0.1570817640397138E+01  0.1006684800405461E+02
 0.1369524288852526E+01  0.3891788029538466E+01  0.4129339437436253E+00  0.1335320472028897E+01  0.1009582684983098E+02
 0.1445966639021462E+01  0.3873818116580315E+01  0.4652266228118716E+00  0.1429195685346138E+01  0.1008245521173439E+02
 0.1521302832606122E+01  0.3857185878692224E+01  0.5135162568679913E+00  0.1521335326469959E+01  0.1007084432251128E+02
 0.1593319135432333E+01  0.3842329424102887E+01  0.5566623058400191E+00  0.1608878787522450E+01  0.1006109806064046E+02
 0.1342180875701950E+01  0.3899989490498986E+01  0.3921884488252320E+00  0.1299608631227180E+01  0.1010256813047102E+02
 0.1389493489215355E+01  0.3890257593595395E+01  0.4244717885274866E+00  0.1355231025643012E+01  0.1009549462254460E+02
 0.1315724158029647E+01  0.3907971408824970E+01  0.3717237546192577E+00  0.1265219144084875E+01  0.1010924525081824E+02
 0.9826052459778274E+00  0.3998781199448132E+01  0.2075351663680227E+00  0.8562031848974822E+00  0.1019506166986808E+02
 0.1072870782065101E+01  0.3973563043672742E+01  0.2121966144105869E+00  0.9668859988338095E+00  0.1017014993611177E+02
 0.1138691601504096E+01  0.3955743166931705E+01  0.2400942906942561E+00  0.1047113607767839E+01  0.1015171494211828E+02
 0.1047693488526620E+01  0.3981678098183462E+01  0.1894885486049951E+00  0.9359660073830107E+00  0.1017822973972248E+02
 0.9583010241000645E+00  0.4006962600622940E+01  0.1839474404068119E+00  0.8272614970567284E+00  0.1020293920209869E+02
 0.9353753425623548E+00  0.4014694359209232E+01  0.1606736110736222E+00  0.8002417769273367E+00  0.1021061869786110E+02
 0.1191966155991329E+01  0.3942249890494407E+01  0.2753024974724406E+00  0.1111076851660332E+01  0.1013890762855209E+02
 0.1240261823017978E+01  0.3930896212699626E+01  0.3110400127733191E+00  0.1168167589934376E+01  0.1012902486999650E+02
 0.1167773754528850E+01  0.3949738784515089E+01  0.2543610956742517E+00  0.1080522873815578E+01  0.1014577909356150E+02
 0.1286383039843837E+01  0.3920816441093714E+01  0.3453667966167598E+00  0.1221991792012824E+01  0.1012089978100370E+02
 0.1216174053714389E+01  0.3938239660141243E+01  0.2908793940215346E+00  0.1137552861392455E+01  0.1013555538989883E+02
 0.1144181387900153E+01  0.3957033596737189E+01  0.2334553011743104E+00  0.1050933284866523E+01  0.1015256398756683E+02
 0.9128175033517310E+00  0.4022237903064535E+01  0.1375606552749199E+00  0.7739080552611649E+00  0.1021821888515728E+02
 0.1001055021713177E+01  0.3996580209180487E+01  0.1443699483343960E+00  0.8794464042443628E+00  0.1019304689281456E+02
 0.8917310297817854E+00  0.4029293429423259E+01  0.1150551439127261E+00  0.7495357664075766E+00  0.1022557208043375E+02
 0.1067380925956727E+01  0.3978076056494938E+01  0.1747754837654255E+00  0.9586598065655264E+00  0.1017317318155400E+02
 0.9795014836506950E+00  0.4003370553235897E+01  0.1221565323751450E+00  0.8536596873044715E+00  0.1019976062641602E+02
 0.8720889074378126E+00  0.4035830850991087E+01  0.9317096012616229E-01  0.7270344786553604E+00  0.1023248108449556E+02
 0.1090425765301937E+01  0.3970872302839513E+01  0.1964863823549630E+00  0.9870123621537894E+00  0.1016612277889735E+02
 0.1024218249992122E+01  0.3989154446901269E+01  0.1668742083597750E+00  0.9073850469775259E+00  0.1018542357030749E+02
 0.1114139003631808E+01  0.3963449641708557E+01  0.2182479882507787E+00  0.1016423463075864E+01  0.1015902016994524E+02
 0.1740113707399554E+01  0.3830644052716007E+01  0.6248570535410004E+00  0.1759462270605197E+01  0.1005993794119896E+02
 0.1730956020172898E+01  0.3837578541607099E+01  0.6165167311422224E+00  0.1739323851112513E+01  0.1006563653399621E+02
 0.1735726878500197E+01  0.3825651061957321E+01  0.6269913504570315E+00  0.1763974037297812E+01  0.1005504701367304E+02
 0.1745829159342716E+01  0.3829288041409934E+01  0.6270435150597179E+00  0.1767341428454735E+01  0.1005912046921482E+02
 0.1718250683222342E+01  0.3824802319826110E+01  0.6208789789491478E+00  0.1749592399206437E+01  0.1005290294432251E+02
 0.1750062130660989E+01  0.3822379180962701E+01  0.6340794725697936E+00  0.1782596550557074E+01  0.1005279578295280E+02
 0.1691859825639060E+01  0.3826439084212158E+01  0.6092788338012695E+00  0.1723064453286854E+01  0.1005253832956911E+02
 0.1737992235669053E+01  0.3819975990623853E+01  0.6315877117846138E+00  0.1775553437710848E+01  0.1004958939169211E+02
 0.1760869150012305E+01  0.3820078146103351E+01  0.6390956977690623E+00  0.1796527701351890E+01  0.1005134652688077E+02
 0.1659298174094820E+01  0.3829817469524857E+01  0.5935620403601012E+00  0.1688214055506886E+01  0.1005347530630011E+02
 0.1715432301194883E+01  0.3820473817262432E+01  0.6226057080990545E+00  0.1754226407236083E+01  0.1004836595175973E+02
 0.1755316682479088E+01  0.3815881500160379E+01  0.6406725265447402E+00  0.1798221261110609E+01  0.1004681306171190E+02
 0.1767509999152723E+01  0.3819077850694140E+01  0.6414291814520580E+00  0.1804544852454951E+01  0.1005077631816511E+02
 0.1728300809232302E+01  0.3836963042872303E+01  0.6097671920426332E+00  0.1740231027552868E+01  0.1006430786013543E+02
 0.1658316083351573E+01  0.3863106838325420E+01  0.5648466672857693E+00  0.1633858515462660E+01  0.1008445201203703E+02
 0.1740741247313297E+01  0.3832186542251962E+01  0.6201359040163426E+00  0.1758902752900059E+01  0.1006119412278589E+02
 0.1745615045638876E+01  0.3830354043810150E+01  0.6245188552542693E+00  0.1765738549079180E+01  0.1005963802693301E+02
 0.1709118464138032E+01  0.3845667598043615E+01  0.6002511389104421E+00  0.1706887598355527E+01  0.1007146717029172E+02
 0.1632258578143445E+01  0.3836927695443786E+01  0.5773948470789685E+00  0.1652404262583736E+01  0.1005855500938930E+02
 0.1667138044475608E+01  0.3832777112749727E+01  0.5949804497982879E+00  0.1690414282126469E+01  0.1005699555038677E+02
 0.1696639201345434E+01  0.3830189784380359E+01  0.6088735267176103E+00  0.1721146683295356E+01  0.1005665218347355E+02
 0.1641549262896641E+01  0.3839421238684830E+01  0.5798663085335594E+00  0.1656675955625864E+01  0.1006173741210884E+02
 0.1604832850559568E+01  0.3844212316730557E+01  0.5606318430350901E+00  0.1616182336281444E+01  0.1006381836769842E+02
 0.1577260187530720E+01  0.3851603235107712E+01  0.5434160248896921E+00  0.1579878918161841E+01  0.1006922498718340E+02
 0.1718789502792696E+01  0.3829764026059897E+01  0.6180741181681626E+00  0.1741665981032346E+01  0.1005782816811175E+02
 0.1731563703800856E+01  0.3832134165195693E+01  0.6217761858131514E+00  0.1749047181846422E+01  0.1006117126842861E+02
 0.1699681498927598E+01  0.3834450999128125E+01  0.6077715197553758E+00  0.1716604896346154E+01  0.1006109235522266E+02
 0.1718709679454627E+01  0.3835564685387045E+01  0.6150691769470199E+00  0.1731461612372246E+01  0.1006348197530943E+02
 0.1678944019085627E+01  0.3839717258579196E+01  0.5961878274499730E+00  0.1689244176818406E+01  0.1006477153177572E+02
 0.1704199993473116E+01  0.3838719702125356E+01  0.6079763810516378E+00  0.1713135106847987E+01  0.1006580960515221E+02
 0.1656950407678960E+01  0.3845296129882303E+01  0.5836584273454121E+00  0.1660442639857886E+01  0.1006874880878174E+02
 0.1730141828110865E+01  0.3836354484104886E+01  0.6184810722298408E+00  0.1740318056575870E+01  0.1006477160918923E+02
 0.1549755186548145E+01  0.3859037992513702E+01  0.5258791363467961E+00  0.1543785572029247E+01  0.1007473161534870E+02
 0.1589065282919012E+01  0.3853251557352773E+01  0.5479014059084688E+00  0.1587729379724550E+01  0.1007177004515959E+02
 0.1522493948029130E+01  0.3866465347883884E+01  0.5081390173675896E+00  0.1508136873660981E+01  0.1008030484520935E+02
 0.1624929133068341E+01  0.3848612809511577E+01  0.5671838347598508E+00  0.1626881785285523E+01  0.1006976324132379E+02
 0.1562646771186095E+01  0.3860303867626994E+01  0.5313260199247648E+00  0.1553175180410921E+01  0.1007697352307890E+02
 0.1599843060836999E+01  0.3855188061207800E+01  0.5519984654569572E+00  0.1594056921977741E+01  0.1007454691772956E+02
 0.1536344009219129E+01  0.3867384827693388E+01  0.5144954272755113E+00  0.1518881986508717E+01  0.1008227057808184E+02
 0.1495613015204053E+01  0.3873843924520847E+01  0.4902926615833616E+00  0.1473111238197669E+01  0.1008591385608883E+02
 0.1469204934995041E+01  0.3881144970769808E+01  0.4724137893716933E+00  0.1438826867886235E+01  0.1009153919901844E+02
 0.1649615382361251E+01  0.3842196172596606E+01  0.5818302814199410E+00  0.1659282548588828E+01  0.1006514958919038E+02
 0.1615453073386176E+01  0.3846263718348799E+01  0.5641328042194308E+00  0.1622348078544530E+01  0.1006666559506001E+02
 0.1673632340074309E+01  0.3836029556065289E+01  0.5957811111097209E+00  0.1690851426775539E+01  0.1006076007473349E+02
 0.1443325162772790E+01  0.3888349624752211E+01  0.4545527450436541E+00  0.1405351757154573E+01  0.1009716633156774E+02
 0.1484660420097498E+01  0.3881455695897185E+01  0.4804449682566277E+00  0.1451834993076304E+01  0.1009298854195722E+02
 0.1418001538187465E+01  0.3895446168388378E+01  0.4367416562722115E+00  0.1372718501730920E+01  0.1010278604822438E+02
 0.1524298048274556E+01  0.3875349242439675E+01  0.5043583997879562E+00  0.1495758597339307E+01  0.1008954704268843E+02
 0.1459443351929891E+01  0.3888395402785512E+01  0.4633427574680417E+00  0.1419293322916132E+01  0.1009837638792934E+02
 0.1563189512431149E+01  0.3869830228208632E+01  0.5269473995921785E+00  0.1538142957719716E+01  0.1008657296759705E+02
 0.1499500970601251E+01  0.3882061464064533E+01  0.4880798937560321E+00  0.1463721532817423E+01  0.1009465935494393E+02
 0.1434706402658558E+01  0.3895249396845994E+01  0.4462390694592570E+00  0.1387486825874750E+01  0.1010376767985505E+02
 0.1393242830081793E+01  0.3902427905887036E+01  0.4189991364979788E+00  0.1340934798287411E+01  0.1010839169784052E+02
 0.1369048921972733E+01  0.3909290270986387E+01  0.4013360441842281E+00  0.1309997516290379E+01  0.1011397762253908E+02
 0.1606080913255039E+01  0.3864169200159949E+01  0.5510601803645488E+00  0.1584471388976948E+01  0.1008409842319764E+02
 0.1539417167244701E+01  0.3876212607422438E+01  0.5117519000778705E+00  0.1507319052429497E+01  0.1009133003518796E+02
 0.1584162382109116E+01  0.3869449459160947E+01  0.5378613383563546E+00  0.1556871238281525E+01  0.1008789823962825E+02
 0.1515735886079288E+01  0.3882513906707649E+01  0.4963648739933251E+00  0.1476883050205607E+01  0.1009606369839771E+02
 0.1562397634820559E+01  0.3875571464437786E+01  0.5237766679917913E+00  0.1528211312154723E+01  0.1009249638697160E+02
 0.1492367842689203E+01  0.3888868938812755E+01  0.4807963841068630E+00  0.1446809975524865E+01  0.1010091530004790E+02
 0.1610040067752085E+01  0.3865413786146989E+01  0.5498838903479760E+00  0.1586569752627063E+01  0.1008545433376297E+02
 0.1345414076103370E+01  0.3916030737157215E+01  0.3837587688605761E+00  0.1279895573441499E+01  0.1011953964060226E+02
 0.1386778232961383E+01  0.3908653658103309E+01  0.4121356667171558E+00  0.1326202396027690E+01  0.1011451215496409E+02
 0.1322333260769241E+01  0.3922646152192002E+01  0.3662734546881229E+00  0.1250619367833899E+01  0.1012507243042587E+02
 0.1427477316689959E+01  0.3901834167203428E+01  0.4388640374832833E+00  0.1371299738260600E+01  0.1011006964183328E+02
 0.1363602223365256E+01  0.3915192755653447E+01  0.3951645630879444E+00  0.1296738283003934E+01  0.1011985771314694E+02
 0.1299801713497189E+01  0.3929134059074563E+01  0.3488868461218720E+00  0.1222158758793707E+01  0.1013057209040208E+02
 0.1451054663250813E+01  0.3895315145509460E+01  0.4553032694573908E+00  0.1401447080474203E+01  0.1010492242547244E+02
 0.1410480934493118E+01  0.3902004765208584E+01  0.4291649530720180E+00  0.1356452127204032E+01  0.1010914877839338E+02
 0.1475079424300655E+01  0.3888726466467502E+01  0.4717174772815129E+00  0.1432263575381432E+01  0.1009979012665654E+02
 0.1649477998623079E+01  0.3855382860111765E+01  0.5739037213531192E+00  0.1637302372141130E+01  0.1007821748268815E+02
 0.1627494225146733E+01  0.3858205503330653E+01  0.5643610203784329E+00  0.1612916873099067E+01  0.1007973420832319E+02
 0.1587072073175616E+01  0.3863551097250704E+01  0.5418357003545822E+00  0.1569059383390089E+01  0.1008193241449054E+02
 0.1549366301866812E+01  0.3868602534573172E+01  0.5204901226441009E+00  0.1528276591471901E+01  0.1008446819464441E+02
 0.1610768100694905E+01  0.3857278544067344E+01  0.5563468959880356E+00  0.1600004381824281E+01  0.1007735393848139E+02
 0.1510321121486193E+01  0.3874442815144192E+01  0.4975164588125794E+00  0.1485066077216773E+01  0.1008761078029945E+02
 0.1574598021808997E+01  0.3861874306134855E+01  0.5363980814722402E+00  0.1561097557720210E+01  0.1007946325034310E+02
 0.1634151765756085E+01  0.3851227683269711E+01  0.5703019134977614E+00  0.1630480262641536E+01  0.1007298263732557E+02
 0.1686662596929688E+01  0.3843520979636747E+01  0.5980767286190741E+00  0.1689373971539463E+01  0.1006919349269283E+02
 0.1713021719695399E+01  0.3839871382195124E+01  0.6101453432653507E+00  0.1719033398957325E+01  0.1006721828707893E+02
 0.1668319260856196E+01  0.3847742457698008E+01  0.5881769484555552E+00  0.1666110940349260E+01  0.1007222787223112E+02
 0.1648181084725176E+01  0.3853301336758316E+01  0.5762205128968805E+00  0.1639101029213553E+01  0.1007620779299875E+02
 0.1684757106580891E+01  0.3846611340404532E+01  0.5945297144762827E+00  0.1682764253278255E+01  0.1007198501084116E+02
 0.6514396783515159E+00  0.3936546552971277E+01 -0.3041564388704317E-03  0.6188502156407663E+00  0.1012313235055240E+02
 0.6471681213152780E+00  0.3940006055480615E+01 -0.1122870367460546E+00  0.6110438737724390E+00  0.1012858066312006E+02
 0.6274407974182398E+00  0.3947111011764404E+01 -0.2279258779915282E-03  0.5886038693803762E+00  0.1013509929907182E+02
 0.6180973228377170E+00  0.3961995066586103E+01 -0.1464889976544278E+00  0.5672298320034498E+00  0.1015368972809962E+02
 0.6113868566897630E+00  0.3950464349931996E+01 -0.1867132719074783E-03  0.5713189534843878E+00  0.1013924408598713E+02
 0.6014045633181556E+00  0.3965642506484968E+01 -0.1466601820927426E+00  0.5495524129507559E+00  0.1015836880271204E+02
 0.5939647573040534E+00  0.3954256001397402E+01 -0.2599490304307330E-03  0.5525355214625883E+00  0.1014369447945157E+02
 0.5830456892600399E+00  0.3970944841639840E+01 -0.1663323892022213E+00  0.5287572415545987E+00  0.1016525513907981E+02
 0.5426859235045177E+00  0.4014944610113329E+01 -0.3272013352217382E+00  0.4582877502126426E+00  0.1022462204136337E+02
 0.5669611427337635E+00  0.4001834334213152E+01 -0.2982833037785699E+00  0.4891967791303800E+00  0.1020892560178291E+02
 0.5226617277925661E+00  0.4050905638803646E+01 -0.4290375009871584E+00  0.4140683727066040E+00  0.1027753018072961E+02
 0.4921449843766097E+00  0.4069276486326738E+01 -0.4924962725565751E+00  0.3749296291781588E+00  0.1030535083447024E+02
 0.5743767629520546E+00  0.3959022203122234E+01 -0.3197847366380863E-03  0.5312655294486873E+00  0.1014928492282801E+02
 0.5629372383992073E+00  0.3977049423766717E+01 -0.1906973257709661E+00  0.5059024850615769E+00  0.1017335288819877E+02
 0.5522946461127094E+00  0.3964968863434358E+01 -0.3995411024177955E-03  0.5071710600643788E+00  0.1015623408366047E+02
 0.5405742569523416E+00  0.3984453608190934E+01 -0.2194552816047562E+00  0.4803271168507380E+00  0.1018338994463041E+02
 0.4977030796264837E+00  0.4034560545598572E+01 -0.4136115478537460E+00  0.4043466728518565E+00  0.1025544040197243E+02
 0.5272616971575185E+00  0.3972421784863922E+01 -0.4861955074884370E-03  0.4797733445789781E+00  0.1016490253395739E+02
 0.5157289475582431E+00  0.3993315279013372E+01 -0.2538346441877061E+00  0.4518043630030910E+00  0.1019562456174894E+02
 0.4986480843983745E+00  0.3981870056773724E+01 -0.6068143306780688E-03  0.4484233351593611E+00  0.1017584017534293E+02
 0.4879925203309926E+00  0.4004169902042414E+01 -0.2955974844893643E+00  0.4198134205428268E+00  0.1021109370994989E+02
 0.4472900562508532E+00  0.4059060110504899E+01 -0.5247815479736292E+00  0.3438943804161287E+00  0.1029778173202281E+02
 0.4729738828618153E+00  0.4046387966588352E+01 -0.4660346030112028E+00  0.3746476784479861E+00  0.1027549869017251E+02
 0.4353626851901391E+00  0.4093786722807256E+01 -0.6230133991208249E+00  0.3101721706543593E+00  0.1035473137593126E+02
 0.4157078240784421E+00  0.4103377734682792E+01 -0.6749923275874206E+00  0.2875156600403757E+00  0.1037573467919668E+02
 0.4048725096453313E+00  0.4124144857587839E+01 -0.7401728529065541E+00  0.2650984247433157E+00  0.1041513864791039E+02
 0.4458881240009188E+00  0.4107842945247311E+01 -0.6338428998182101E+00  0.3098699254373650E+00  0.1037544009456765E+02
 0.4302035742926197E+00  0.4128845329829192E+01 -0.6827761251792979E+00  0.2845727484653858E+00  0.1041048330752003E+02
 0.4304970606850147E+00  0.4114497077838153E+01 -0.6710888057230383E+00  0.2926403574264016E+00  0.1038915615308622E+02
 0.4242051645187900E+00  0.4129212446754802E+01 -0.7066973425941045E+00  0.2782374930373247E+00  0.1041466609466329E+02
 0.4169587485127565E+00  0.4119780109653137E+01 -0.7072280932053199E+00  0.2779355133829029E+00  0.1040282477222106E+02
 0.4165536256374687E+00  0.4129659295741070E+01 -0.7279139496968303E+00  0.2712529868052851E+00  0.1041993189230807E+02
 0.4106425788079265E+00  0.4130566751720253E+01 -0.7439526937863581E+00  0.2656013304270880E+00  0.1042450971170459E+02
 0.4259171249393868E+00  0.4131968732926713E+01 -0.7161136389295804E+00  0.2772592545086460E+00  0.1042041708111942E+02
 0.4271984767697620E+00  0.4133523740669112E+01 -0.7072083211475412E+00  0.2780472481876106E+00  0.1042023602229529E+02
 0.4422126911956277E+00  0.4132609147525788E+01 -0.6760810136212306E+00  0.2910457698985173E+00  0.1041316666602453E+02
 0.4477319707884985E+00  0.4132668740129101E+01 -0.6698131578437211E+00  0.2951705465062617E+00  0.1041194340881156E+02
 0.4555915162606159E+00  0.4083934000624564E+01 -0.5721056375097249E+00  0.3337985488751261E+00  0.1033458760662610E+02
 0.4758751757692705E+00  0.4074317538103208E+01 -0.5238519582324731E+00  0.3576577860731542E+00  0.1031618962376468E+02
 0.5207842820496177E+00  0.4024402265088679E+01 -0.3674907053164642E+00  0.4319881669027378E+00  0.1023917000751402E+02
 0.4655392182313416E+00  0.3994074625591192E+01 -0.7418402416227869E-03  0.4122036294093516E+00  0.1018989798833987E+02
 0.4570782847104612E+00  0.4017387508930951E+01 -0.3471592615606999E+00  0.3840522579950671E+00  0.1023054347270184E+02
 0.4264665422049640E+00  0.4010311188242174E+01 -0.9279638556015902E-03  0.3696931218057966E+00  0.1020848548056373E+02
 0.4224264384725935E+00  0.4034042543898590E+01 -0.4125611792223955E+00  0.3437694034744763E+00  0.1025634569416781E+02
 0.3933598100581833E+00  0.4088549351250053E+01 -0.6640684899786723E+00  0.2794887488060793E+00  0.1035490334871892E+02
 0.3787147419912940E+00  0.4033038535408558E+01 -0.1138569172758282E-02  0.3183625490445747E+00  0.1023429916496959E+02
 0.3838274702156743E+00  0.4055204807147499E+01 -0.4979493728143193E+00  0.2985925150553936E+00  0.1029115529687524E+02
 0.3163681288389132E+00  0.4068354843483444E+01 -0.1453931025913740E-02  0.2528667940329708E+00  0.1027395722388690E+02
 0.3413196128968549E+00  0.4083241664862128E+01 -0.6138521573787604E+00  0.2480343181353076E+00  0.1034156911230092E+02
 0.3419513003367907E+00  0.4119765629908255E+01 -0.8233172210705665E+00  0.2189398178779497E+00  0.1042582524053523E+02
 0.3665054490945331E+00  0.4104715774653616E+01 -0.7431090319926783E+00  0.2476947491504013E+00  0.1039002202487131E+02
 0.3657928454105464E+00  0.4126348712594806E+01 -0.8192871107992171E+00  0.2320710104215776E+00  0.1043507474776276E+02
 0.3544504802959796E+00  0.4130569792353143E+01 -0.8534808523723136E+00  0.2203180356419576E+00  0.1044895906133178E+02
 0.3757221561530710E+00  0.4131478308603476E+01 -0.8202323721509495E+00  0.2362533728515276E+00  0.1044294229568810E+02
 0.2248299275543286E+00  0.4141129353121181E+01 -0.1608755957166224E-02  0.1600417403453409E+00  0.1035406416269874E+02
 0.2978547134619667E+00  0.4119601821737366E+01 -0.7734148085542835E+00  0.1942925416961492E+00  0.1041541086684950E+02
 0.2140643457945045E+00  0.4185105362461505E+01 -0.9847969346071486E+00  0.1113435902199700E+00  0.1054281783358660E+02
 0.2670066427336788E+00  0.4154506787592646E+01 -0.9631666553247056E+00  0.1505983769057133E+00  0.1050387040793055E+02
 0.3093635270521575E+00  0.4140016723696772E+01 -0.9351928889953339E+00  0.1823860941739074E+00  0.1048104378752058E+02
 0.2604799522590385E+00  0.4166076439936125E+01 -0.9489109504656209E+00  0.1444484497785105E+00  0.1051468065493426E+02
 0.2537514030268617E+00  0.4171546092387444E+01 -0.9360841839140439E+00  0.1397504990913934E+00  0.1051586979513278E+02
 0.3010532969411180E+00  0.4147458312476278E+01 -0.9176638789312721E+00  0.1762774964989755E+00  0.1048559833575293E+02
 0.3053960753114462E+00  0.4143860198590223E+01 -0.9278147187023238E+00  0.1793747870523788E+00  0.1048458704144515E+02
 0.3415325295388629E+00  0.4135281229710061E+01 -0.8779402458611090E+00  0.2084229511827333E+00  0.1046130990913458E+02
 0.3398937146549815E+00  0.4136714431297831E+01 -0.8728071119013434E+00  0.2072184833538594E+00  0.1046124104187222E+02
 0.3725509930300818E+00  0.4132396322910904E+01 -0.8183269785153824E+00  0.2339135911826721E+00  0.1044285420124379E+02
 0.3736134845689811E+00  0.4131516351193841E+01 -0.8244759498701074E+00  0.2345155852228275E+00  0.1044383327621270E+02
 0.4001538673013430E+00  0.4130666396475851E+01 -0.7698965878212998E+00  0.2565077858378553E+00  0.1043013002606109E+02
 0.3728821446855454E+00  0.4131611918023412E+01 -0.8241760652427403E+00  0.2340159747599656E+00  0.1044370903487812E+02
 0.4006848776991241E+00  0.4130469472810045E+01 -0.7677825160206685E+00  0.2570984479470866E+00  0.1042925276565671E+02
 0.4272184011547835E+00  0.4129674898393906E+01 -0.7140339455203365E+00  0.2793642056851973E+00  0.1041681527695065E+02
 0.3727963729181910E+00  0.4131880451587646E+01 -0.8213475788754568E+00  0.2340572917508714E+00  0.1044312943448256E+02
 0.4013510109104669E+00  0.4130396598708023E+01 -0.7651149356643292E+00  0.2577749544036293E+00  0.1042845873358732E+02
 0.4019400829673538E+00  0.4130439826608812E+01 -0.7623851128596548E+00  0.2583628109050434E+00  0.1042785552455697E+02
 0.4296197130189138E+00  0.4129166521812405E+01 -0.7079939196056433E+00  0.2817081638940386E+00  0.1041492370681317E+02
 0.4284234475967981E+00  0.4129399305645983E+01 -0.7110519134251843E+00  0.2805435407197538E+00  0.1041583597396663E+02
 0.4546492517864255E+00  0.4128318195499533E+01 -0.6597030929947360E+00  0.3028683438420823E+00  0.1040450523860257E+02
 0.4563502266777952E+00  0.4127902673372462E+01 -0.6561270581898784E+00  0.3045311746461820E+00  0.1040333908622540E+02
 0.4824877178878582E+00  0.4126407405221600E+01 -0.6069512966207313E+00  0.3271082399125004E+00  0.1039271846592153E+02
 0.3429145543221285E+00  0.4134243971109168E+01 -0.8820310258118003E+00  0.2093637583834655E+00  0.1046133112145437E+02
 0.3467925017883783E+00  0.4133015114124200E+01 -0.8749434526720695E+00  0.2128171831699726E+00  0.1045785240455525E+02
 0.3217478552231609E+00  0.4132390490630860E+01 -0.8935248585997457E+00  0.1958627010278504E+00  0.1045938377354728E+02
 0.4676353069441500E+00  0.4132232489237316E+01 -0.6285777818585646E+00  0.3119881120685029E+00  0.1040313057701850E+02
 0.4876777307446133E+00  0.4130027525270752E+01 -0.5890082772216058E+00  0.3299821649519951E+00  0.1039362856919559E+02
 0.4705180157270980E+00  0.4129933764786703E+01 -0.6291215487043289E+00  0.3152115569900617E+00  0.1040088471840951E+02
 0.4961338611798608E+00  0.4129445873307655E+01 -0.5784273943595883E+00  0.3369945617085657E+00  0.1039155374805887E+02
 0.4723812841562832E+00  0.4129207236928294E+01 -0.6261611527032617E+00  0.3171098935153626E+00  0.1039946688328582E+02
 0.4961875546837810E+00  0.4128051399517150E+01 -0.5814393484422049E+00  0.3375832441526616E+00  0.1039032532152626E+02
 0.4742705330747097E+00  0.4128644475718694E+01 -0.6226000322146249E+00  0.3189891389559746E+00  0.1039814047917540E+02
 0.4984717221616232E+00  0.4127287794823326E+01 -0.5777860974027702E+00  0.3398906007641228E+00  0.1038883406024500E+02
 0.5227311392931736E+00  0.4125619223520919E+01 -0.5342139414337684E+00  0.3610622708051704E+00  0.1037986603934642E+02
 0.5189193442794185E+00  0.4127922623412199E+01 -0.5354530848463047E+00  0.3568338744918768E+00  0.1038234771705839E+02
 0.5402461821223788E+00  0.4125076636164152E+01 -0.4967431402264392E+00  0.3763468498385806E+00  0.1037305806651615E+02
 0.5504596941455351E+00  0.4123589686573417E+01 -0.4851695682711956E+00  0.3854542065563321E+00  0.1037029211599876E+02
 0.4762337575835894E+00  0.4128080340620165E+01 -0.6188972844625481E+00  0.3209363482987468E+00  0.1039680327259231E+02
 0.5007992104090658E+00  0.4126634246463883E+01 -0.5736462132736466E+00  0.3422048857604441E+00  0.1038738394738463E+02
 0.4782597540864183E+00  0.4127519153188016E+01 -0.6150478167830349E+00  0.3229403745698042E+00  0.1039545043822383E+02
 0.5032023988636353E+00  0.4125961536580059E+01 -0.5693863788003600E+00  0.3445973754054135E+00  0.1038590144902974E+02
 0.5279917313296064E+00  0.4124073385453619E+01 -0.5256585186718040E+00  0.3663525030707698E+00  0.1037679984277104E+02
 0.4803416623931845E+00  0.4126963818990109E+01 -0.6110631632647010E+00  0.3249947907395082E+00  0.1039409149032590E+02
 0.5056796341029618E+00  0.4125280563323861E+01 -0.5649546322147097E+00  0.3470617864354346E+00  0.1038437522105856E+02
 0.5082269844987735E+00  0.4124603492690537E+01 -0.5603471753890913E+00  0.3495912689889349E+00  0.1038283255904847E+02
 0.5337171040077354E+00  0.4122477978204438E+01 -0.5160589209700187E+00  0.3720982185687032E+00  0.1037352696585457E+02
 0.5307980743191396E+00  0.4123291342539155E+01 -0.5209776617672128E+00  0.3691679537429299E+00  0.1037521468627750E+02
 0.5561626845916462E+00  0.4120909332590446E+01 -0.4780794525505692E+00  0.3917414396123262E+00  0.1036613894189147E+02
 0.5592543895373492E+00  0.4120053115650775E+01 -0.4732348042102741E+00  0.3948730731439355E+00  0.1036457088659248E+02
 0.5862470528985759E+00  0.4116943043689975E+01 -0.4294754849922280E+00  0.4192990428299861E+00  0.1035489921701231E+02
 0.5768132652342857E+00  0.4120480692604386E+01 -0.4408201272627264E+00  0.4092882307905375E+00  0.1036026174317996E+02
 0.6031839788240657E+00  0.4116096772584594E+01 -0.4011753586290768E+00  0.4341569122746595E+00  0.1035103533420672E+02
 0.5812452378328939E+00  0.4118379320516830E+01 -0.4374514315083598E+00  0.4142006110250799E+00  0.1035772859167495E+02
 0.6143716046209995E+00  0.4113985684439193E+01 -0.3877810608599644E+00  0.4447910452823746E+00  0.1034756922707924E+02
 0.5841130340518672E+00  0.4117627673856532E+01 -0.4327345942595635E+00  0.4170909307206022E+00  0.1035620492503165E+02
 0.6163329617300968E+00  0.4113022523030437E+01 -0.3838758199869184E+00  0.4470385266316649E+00  0.1034545706591576E+02
 0.6214916937276525E+00  0.4112100275547178E+01 -0.3752693637221898E+00  0.4520831067475760E+00  0.1034363830757154E+02
 0.6371167896231831E+00  0.4110231324298209E+01 -0.3544482587092196E+00  0.4662435605181185E+00  0.1033932341551682E+02
 0.5533979421052349E+00  0.4121678393414989E+01 -0.4825058336985912E+00  0.3889486966333667E+00  0.1036761549412190E+02
 0.5506910687532187E+00  0.4122462692295331E+01 -0.4868160290027607E+00  0.3862042919914617E+00  0.1036911533702666E+02
 0.5253255278318049E+00  0.4124810477440422E+01 -0.5301524170822807E+00  0.3636849776511027E+00  0.1037832159398790E+02
 0.4529848612937964E+00  0.4128747005449468E+01 -0.6631683204617909E+00  0.3012364719131005E+00  0.1040568052264025E+02
 0.4513659763695861E+00  0.4129191255514471E+01 -0.6665132187027499E+00  0.2996417635535363E+00  0.1040686877374702E+02
 0.4498216527375077E+00  0.4129655767448594E+01 -0.6696732650001241E+00  0.2981070209703860E+00  0.1040806627390546E+02
 0.4250599705521214E+00  0.4130374258789572E+01 -0.7191982133347331E+00  0.2771827236410329E+00  0.1041887536261135E+02
 0.4260607391749121E+00  0.4129999945164020E+01 -0.7168239736388475E+00  0.2782133518704441E+00  0.1041784278354031E+02
 0.4001104827235971E+00  0.4130936134380316E+01 -0.7705890601467049E+00  0.2563166947585594E+00  0.1043075740979377E+02
 0.4484201611010478E+00  0.4130134219096210E+01 -0.6725098029901821E+00  0.2966909721524117E+00  0.1040922933265519E+02
 0.4472249666277072E+00  0.4130625828264836E+01 -0.6748907925413820E+00  0.2954489391282012E+00  0.1041034144314237E+02
 0.4242298027968484E+00  0.4131174211522529E+01 -0.7210618231106596E+00  0.2761108371520159E+00  0.1042039538629641E+02
 0.4462704445500566E+00  0.4131278261194939E+01 -0.6761829472139910E+00  0.2943731775224024E+00  0.1041141562780345E+02
 0.4247361699048791E+00  0.4131510674810909E+01 -0.7197442261303301E+00  0.2763954180066674E+00  0.1042057142367710E+02
 0.4060374154626463E+00  0.4131133940780968E+01 -0.7559384416790189E+00  0.2613277668421667E+00  0.1042786812732604E+02
 0.3798864268125358E+00  0.4130850556838281E+01 -0.8093901544491350E+00  0.2400716949113595E+00  0.1043941061084670E+02
 0.3861712991538733E+00  0.4129537527640820E+01 -0.7920641912289107E+00  0.2461192545484745E+00  0.1043355247224795E+02
 0.3802685512861766E+00  0.4120138048697219E+01 -0.7757171002318952E+00  0.2477089856446912E+00  0.1041715076606388E+02
 0.3945480720544685E+00  0.4127325229728580E+01 -0.7686954191261378E+00  0.2544851031967100E+00  0.1042536321707811E+02
 0.3970973335204414E+00  0.4112405903397360E+01 -0.7267493352591594E+00  0.2663851536875744E+00  0.1039710065527590E+02
 0.4204119021753975E+00  0.4073458748638591E+01 -0.5909803410037554E+00  0.3117228516583442E+00  0.1032483719941005E+02
 0.4028197952116214E+00  0.4131313436846748E+01 -0.7642145838121883E+00  0.2584575601790952E+00  0.1042993932749799E+02
 0.4008973828813013E+00  0.4131204267705070E+01 -0.7689620314322061E+00  0.2568570663765918E+00  0.1043083883135921E+02
 0.4244002329405909E+00  0.4130771184848789E+01 -0.7207261223055049E+00  0.2764355812985108E+00  0.1041974802771617E+02
 0.2880348380682951E+00  0.4160934117484994E+01 -0.8917327743698171E+00  0.1658508200512079E+00  0.1049378316261992E+02
 0.2824087908676559E+00  0.4169945544301146E+01 -0.8701550742585482E+00  0.1609568725134239E+00  0.1049766498507491E+02
 0.3318387828881181E+00  0.4145780091620595E+01 -0.8525748469302069E+00  0.2004019776908696E+00  0.1046697239737799E+02
 0.2773951526957898E+00  0.4175346395064067E+01 -0.8596268961959496E+00  0.1569205071947727E+00  0.1050047055958405E+02
 0.3279284078365096E+00  0.4150022398539199E+01 -0.8429591791788811E+00  0.1971500456831167E+00  0.1046962913133006E+02
 0.3692314768763610E+00  0.4137360732370452E+01 -0.8019061286020290E+00  0.2310773416390415E+00  0.1044498680318645E+02
 0.2235543787765380E+00  0.4193589577999322E+01 -0.9191135209137516E+00  0.1178854660464542E+00  0.1053379022891438E+02
 0.3112895906180450E+00  0.4168975766384678E+01 -0.7992386382009271E+00  0.1829825183624658E+00  0.1047912284882730E+02
 0.3075124779749861E+00  0.4173219415369746E+01 -0.7899865101678053E+00  0.1798664527483836E+00  0.1048218903455136E+02
 0.3598955612057297E+00  0.4148476193266392E+01 -0.7714678631007478E+00  0.2230032498134940E+00  0.1045159177523336E+02
 0.3675885315408127E+00  0.4139550209177712E+01 -0.7955346945823862E+00  0.2296369056483486E+00  0.1044615527696813E+02
 0.4037266041003865E+00  0.4132375869952409E+01 -0.7449027352167564E+00  0.2601179182510086E+00  0.1042643580866301E+02
 0.3655028911897927E+00  0.4142260401635432E+01 -0.7880305561799007E+00  0.2277950027713763E+00  0.1044774972545112E+02
 0.4037324711402087E+00  0.4133216606872623E+01 -0.7401723180644191E+00  0.2601317712190378E+00  0.1042646026427279E+02
 0.4369159798984019E+00  0.4128763729380474E+01 -0.6854970954357876E+00  0.2886603707608657E+00  0.1040999078303323E+02
 0.3628089255801615E+00  0.4145032610953487E+01 -0.7810526906715916E+00  0.2255156074414905E+00  0.1044962508275714E+02
 0.4035440993102581E+00  0.4134239274123519E+01 -0.7349217272977078E+00  0.2599750467802676E+00  0.1042659611772896E+02
 0.4032291898595499E+00  0.4135583247426626E+01 -0.7285246951457454E+00  0.2596715925251473E+00  0.1042684887871767E+02
 0.4393452075224593E+00  0.4129206085275507E+01 -0.6754506348786673E+00  0.2908952431142780E+00  0.1040856543389155E+02
 0.4381249934576434E+00  0.4128935342303725E+01 -0.6807040002305372E+00  0.2897820896775338E+00  0.1040926798490230E+02
 0.4696898968524462E+00  0.4125471983822344E+01 -0.6260320449311948E+00  0.3173670123473850E+00  0.1039495455968548E+02
 0.4718320783037243E+00  0.4125226676991252E+01 -0.6207784973036022E+00  0.3193924985051750E+00  0.1039373015846270E+02
 0.5024609327546400E+00  0.4121963878373171E+01 -0.5677606462287474E+00  0.3465817382422404E+00  0.1038089050439564E+02
 0.3168474488124369E+00  0.4164487890830741E+01 -0.8061751162575858E+00  0.1875688120591772E+00  0.1047640036977881E+02
 0.3229106058141616E+00  0.4155849808767366E+01 -0.8290790063154821E+00  0.1929126164335058E+00  0.1047277487880950E+02
 0.2686588978337754E+00  0.4184166581631975E+01 -0.8443728418420834E+00  0.1500250176780887E+00  0.1050616254060324E+02
 0.3444237233571553E+00  0.4168955140431843E+01 -0.7111394867800602E+00  0.2089661181602566E+00  0.1045973398008079E+02
 0.3418271946444443E+00  0.4172742421280954E+01 -0.6989944601529419E+00  0.2066466685810575E+00  0.1046152499500428E+02
 0.3962394183824402E+00  0.4148142149170870E+01 -0.6802221697826679E+00  0.2531125419935974E+00  0.1043185994620768E+02
 0.3916821459947256E+00  0.4153474505591983E+01 -0.6632634198901567E+00  0.2489010638194800E+00  0.1043430182415723E+02
 0.4443956092885217E+00  0.4134473531682465E+01 -0.6309016750894192E+00  0.2951945200521834E+00  0.1040660580010996E+02
 0.3897447048030933E+00  0.4159774955347676E+01 -0.6368963516454744E+00  0.2464850789837724E+00  0.1043574985018375E+02
 0.3867261605792665E+00  0.4162715607189872E+01 -0.6276384449472278E+00  0.2437057356494741E+00  0.1043650685461590E+02
 0.4446788340578902E+00  0.4138072559631827E+01 -0.6097242128757872E+00  0.2952027805135928E+00  0.1040734444710782E+02
 0.4449876648879462E+00  0.4136289261329712E+01 -0.6196303428882700E+00  0.2955438806216861E+00  0.1040682021285635E+02
 0.4879633028236312E+00  0.4125023875023779E+01 -0.5736483197638245E+00  0.3343705593684597E+00  0.1038553993642090E+02
 0.4901784934619797E+00  0.4125303848044008E+01 -0.5651653855095951E+00  0.3364085514737391E+00  0.1038451703785389E+02
 0.5285744032899916E+00  0.4117770342491650E+01 -0.5129681019862874E+00  0.3716777225653612E+00  0.1036750971454260E+02
 0.5053561004712962E+00  0.4121422095259140E+01 -0.5619079680590375E+00  0.3493791030300266E+00  0.1037931107914561E+02
 0.5354922980375830E+00  0.4118012873261019E+01 -0.5111288238555656E+00  0.3765327640052626E+00  0.1036752267373433E+02
 0.5083533994249831E+00  0.4120879866138417E+01 -0.5558167882742064E+00  0.3522706516619967E+00  0.1037770181572322E+02
 0.5390711393180105E+00  0.4117224237999854E+01 -0.5046346623331804E+00  0.3800571218852188E+00  0.1036565129016814E+02
 0.5689509720106839E+00  0.4113542817292664E+01 -0.4562434026321000E+00  0.4073685793563612E+00  0.1035469488490147E+02
 0.5114559315804790E+00  0.4120341130261767E+01 -0.5494601326983526E+00  0.3552588330555887E+00  0.1037606627567133E+02
 0.5427838040562198E+00  0.4116417883931506E+01 -0.4979092670905181E+00  0.3837118902804673E+00  0.1036373791104146E+02
 0.5146700178542850E+00  0.4119808346004453E+01 -0.5428114851384044E+00  0.3583486362019467E+00  0.1037440436610899E+02
 0.5466366780849812E+00  0.4115592994099314E+01 -0.4909414354701453E+00  0.3875035590718524E+00  0.1036178174665305E+02
 0.5775389974057563E+00  0.4111495250350758E+01 -0.4417739126938129E+00  0.4159781125908983E+00  0.1035042814776182E+02
 0.5731678250180465E+00  0.4112534405777336E+01 -0.4491211893549781E+00  0.4115947138482789E+00  0.1035258718405736E+02
 0.6029418172652504E+00  0.4108543245658490E+01 -0.4030881160913928E+00  0.4391849453724511E+00  0.1034231262916106E+02
 0.6077760064236503E+00  0.4107322744111529E+01 -0.3953907512669587E+00  0.4441102775922367E+00  0.1034000133053658E+02
 0.6375415782352599E+00  0.4103034948889857E+01 -0.3515686560190226E+00  0.4720514230037469E+00  0.1033030947921987E+02
 0.5179972608469354E+00  0.4119283465867928E+01 -0.5358499630130964E+00  0.3615415167818471E+00  0.1037271644470768E+02
 0.5506354782996645E+00  0.4114747358963222E+01 -0.4837240696949947E+00  0.3914386133102992E+00  0.1035978040726114E+02
 0.5214327579846033E+00  0.4118766969457429E+01 -0.5285628250503345E+00  0.3648344943658431E+00  0.1037100243990930E+02
 0.5547827504381772E+00  0.4113880150570049E+01 -0.4762478490801140E+00  0.3955207010899734E+00  0.1035773340665142E+02
 0.5867703762550009E+00  0.4109318520242800E+01 -0.4263774406714725E+00  0.4252464163961343E+00  0.1034595753918726E+02
 0.5249639543942152E+00  0.4118260566530469E+01 -0.5209410755649022E+00  0.3682180674104896E+00  0.1036926461270009E+02
 0.5590812111381063E+00  0.4112990799230170E+01 -0.4685011400568532E+00  0.3997535887247565E+00  0.1035564037020588E+02
 0.5635348514549179E+00  0.4112081330610231E+01 -0.4604614785931713E+00  0.4041412622499023E+00  0.1035350377433998E+02
 0.5967151036514240E+00  0.4106988211729513E+01 -0.4100098301716811E+00  0.4352519308310205E+00  0.1034126335733349E+02
 0.5916478258420012E+00  0.4108174991654777E+01 -0.4183176524832954E+00  0.4301507320025956E+00  0.1034364189334658E+02
 0.6233204135826824E+00  0.4103420955648179E+01 -0.3709005234639751E+00  0.4599912675368639E+00  0.1033273837111183E+02
 0.6288861452671384E+00  0.4102026959479813E+01 -0.3622647545900400E+00  0.4656948688161919E+00  0.1033019906170700E+02
 0.6604358619002415E+00  0.4097033980204749E+01 -0.3172670994110195E+00  0.4958102136388221E+00  0.1032000246246029E+02
 0.6429850871322854E+00  0.4101605326643616E+01 -0.3433580545909736E+00  0.4776842560733576E+00  0.1032782185409427E+02
 0.6728300863586371E+00  0.4097046288862903E+01 -0.3015263623989460E+00  0.5060406999587046E+00  0.1031862251183076E+02
 0.6486110963095096E+00  0.4100129064868075E+01 -0.3349085237414194E+00  0.4835169200763874E+00  0.1032527372343031E+02
 0.6788749963490213E+00  0.4095410889982865E+01 -0.2928840660590497E+00  0.5123878114446232E+00  0.1031598615593315E+02
 0.7089731509082180E+00  0.4090579432393103E+01 -0.2526589370413262E+00  0.5413161763775791E+00  0.1030714182840550E+02
 0.6544239121874933E+00  0.4098606836757549E+01 -0.3262103856151449E+00  0.4895542291974840E+00  0.1032266806174911E+02
 0.6851233781220530E+00  0.4093717220418794E+01 -0.2839924654151080E+00  0.5189650925603889E+00  0.1031327830456170E+02
 0.6915703493385170E+00  0.4091972439415533E+01 -0.2748280354791429E+00  0.5257664258527447E+00  0.1031050969199001E+02
 0.7224102548050818E+00  0.4086856920133639E+01 -0.2345225634599603E+00  0.5556437947068524E+00  0.1030158189784272E+02
 0.7155676796233200E+00  0.4088759922846464E+01 -0.2437195119525739E+00  0.5483353114460479E+00  0.1030441377486302E+02
 0.7465259729056931E+00  0.4083520490588248E+01 -0.2041838708163385E+00  0.5784606379734839E+00  0.1029559051712756E+02
 0.7535161825502276E+00  0.4081571073976239E+01 -0.1951690384033374E+00  0.5859924622187648E+00  0.1029285004846240E+02
 0.7873143614387574E+00  0.4075417713880494E+01 -0.1538978974062841E+00  0.6194519772981194E+00  0.1028333494502481E+02
 0.6179552669396559E+00  0.4104764989623765E+01 -0.3792994975111437E+00  0.4545022059731735E+00  0.1033521611546728E+02
 0.6127777486185533E+00  0.4106064080174094E+01 -0.3874626640064650E+00  0.4492130091494376E+00  0.1033763619424856E+02
 0.5820692186850409E+00  0.4110425296420676E+01 -0.4341920174377400E+00  0.4205243784840876E+00  0.1034822079777237E+02
 0.4855645577257797E+00  0.4124831129559619E+01 -0.5818079348766353E+00  0.3321786315234771E+00  0.1038663633048404E+02
 0.4831791938199450E+00  0.4124715736821398E+01 -0.5894521309780387E+00  0.3299909944012082E+00  0.1038776133723088E+02
 0.4808315248527751E+00  0.4124684539898221E+01 -0.5965691561979306E+00  0.3278225981192575E+00  0.1038891531678468E+02
 0.4433672925115864E+00  0.4131715644897092E+01 -0.6492565215570595E+00  0.2944573802426947E+00  0.1040665086729135E+02
 0.4439606524433330E+00  0.4132923133364805E+01 -0.6406939614295845E+00  0.2949246595371534E+00  0.1040653018847272E+02
 0.3988839833809905E+00  0.4144546093021614E+01 -0.6928603476054214E+00  0.2555390712049003E+00  0.1043024658046348E+02
 0.4785248803523712E+00  0.4124735748223810E+01 -0.6031905105507624E+00  0.3256756564304090E+00  0.1039009812692452E+02
 0.4762574373769304E+00  0.4124852964688573E+01 -0.6093850512775294E+00  0.3235535840968439E+00  0.1039129854811361E+02
 0.4416087594940930E+00  0.4130155166215053E+01 -0.6634443439389359E+00  0.2929170898800993E+00  0.1040740872336462E+02
 0.4740243894160684E+00  0.4125019594322876E+01 -0.6152330009012826E+00  0.3214571140219211E+00  0.1039251082916357E+02
 0.4405120626218090E+00  0.4129619892568556E+01 -0.6696699114863970E+00  0.2919434157301310E+00  0.1040795033479422E+02
 0.4026702769790270E+00  0.4137323725568562E+01 -0.7208861982481455E+00  0.2591090050527436E+00  0.1042725440804832E+02
 0.3465569101225422E+00  0.4165944415328499E+01 -0.7211813187805218E+00  0.2108908079765998E+00  0.1045892651693846E+02
 0.3507089872385444E+00  0.4160330942801486E+01 -0.7377086163144300E+00  0.2147610846214044E+00  0.1045719040180490E+02
 0.2828932651818303E+00  0.4191492603280336E+01 -0.7678838361825587E+00  0.1603695395452672E+00  0.1049635447391345E+02
 0.3560705484879019E+00  0.4153114825774208E+01 -0.7580805235278367E+00  0.2196221490631883E+00  0.1045350921575531E+02
 0.2996314519313789E+00  0.4180760487219210E+01 -0.7760346985561440E+00  0.1734231462001294E+00  0.1048746453134720E+02
 0.4017809821770980E+00  0.4139533277821339E+01 -0.7120157853374049E+00  0.2582187472237457E+00  0.1042806446892580E+02
 0.4005388073369361E+00  0.4141923198155297E+01 -0.7028163607327056E+00  0.2570416615494945E+00  0.1042908860491938E+02
 0.4425582950827791E+00  0.4130843351674318E+01 -0.6566985320655890E+00  0.2937570938478093E+00  0.1040698586377756E+02
 0.7646818623940138E+00  0.4082423864352583E+01 -0.1791767103759760E+00  0.5943697856669312E+00  0.1029233747957517E+02
 0.7995467336630778E+00  0.4075118757705606E+01 -0.1380118785729967E+00  0.6300432486981954E+00  0.1028282140530082E+02
 0.7736022675862870E+00  0.4079324109177477E+01 -0.1716208687342849E+00  0.6045583279999277E+00  0.1028888117928466E+02
 0.8136118967844757E+00  0.4072006255776878E+01 -0.1255134396708911E+00  0.6446339109964351E+00  0.1027927257021706E+02
 0.7807306626177413E+00  0.4077330071812765E+01 -0.1624675219089959E+00  0.6122546682565911E+00  0.1028602630160976E+02
 0.8204198518860704E+00  0.4069682554102704E+01 -0.1164697378196154E+00  0.6523485442590558E+00  0.1027579035061945E+02
 0.8302215805422295E+00  0.4067278145642503E+01 -0.1046511811334460E+00  0.6628288899205681E+00  0.1027279140680317E+02
 0.8443492631586995E+00  0.4065386639427811E+01 -0.9115316176194746E-01  0.6762974917302311E+00  0.1027026093741961E+02
 0.7398535503993785E+00  0.4085381942721942E+01 -0.2130361771006640E+00  0.5712902979062666E+00  0.1029828184444328E+02
 0.7332702220770072E+00  0.4087251849060243E+01 -0.2217343292903529E+00  0.5642198637614685E+00  0.1030103925370198E+02
 0.7309007024625802E+00  0.4088612344622906E+01 -0.2232398716156664E+00  0.5611060991178526E+00  0.1030252168369911E+02
 0.6964956526788445E+00  0.4094017535383719E+01 -0.2698447598270509E+00  0.5280791824954064E+00  0.1031238417081594E+02
 0.7026043576009753E+00  0.4092331998012847E+01 -0.2614423391913719E+00  0.5345604113454140E+00  0.1030983430218119E+02
 0.6669814628624974E+00  0.4098626129946272E+01 -0.3099702811369746E+00  0.4999160319625136E+00  0.1032120918617298E+02
 0.7557621785067536E+00  0.4084495346751799E+01 -0.1909258604670237E+00  0.5855096605751505E+00  0.1029659593776819E+02
 0.7251171032667105E+00  0.4089905193534618E+01 -0.2307145264595553E+00  0.5551795847364104E+00  0.1030438003427864E+02
 0.7251341475608081E+00  0.4090521490184389E+01 -0.2304754753628825E+00  0.5548885414690460E+00  0.1030579729222131E+02
 0.6857690967546387E+00  0.4097137172996997E+01 -0.2836289754370501E+00  0.5166210956080741E+00  0.1031685307361613E+02
 0.7423383785004056E+00  0.4087977727828700E+01 -0.2109509393374620E+00  0.5711896485197512E+00  0.1030164728826419E+02
 0.7178435505352698E+00  0.4092117310788238E+01 -0.2408690945397950E+00  0.5474125049000373E+00  0.1030816880936987E+02
 0.7154635415407898E+00  0.4093170584736900E+01 -0.2451046010601117E+00  0.5446006817587604E+00  0.1031002532796616E+02
 0.6766634778769635E+00  0.4099700932460018E+01 -0.2961938388063107E+00  0.5070402852924255E+00  0.1032094963749678E+02
 0.6815102434199595E+00  0.4098421392508048E+01 -0.2892560190255875E+00  0.5120931432018738E+00  0.1031888675782187E+02
 0.6506323773614038E+00  0.4103148944322718E+01 -0.3330942266338950E+00  0.4828035875493468E+00  0.1032852355058669E+02
 0.6457660715059892E+00  0.4104505321618737E+01 -0.3399304606396230E+00  0.4777331613166864E+00  0.1033074060201300E+02
 0.6173984762846579E+00  0.4108408644437551E+01 -0.3819545088193583E+00  0.4512750784012016E+00  0.1033978045926906E+02
 0.6322723873572900E+00  0.4104420800990964E+01 -0.3595673258730110E+00  0.4666095336096982E+00  0.1033274977820087E+02
 0.6271628758219610E+00  0.4105773724919620E+01 -0.3673394978507394E+00  0.4613392036233904E+00  0.1033515088707424E+02
 0.5982685755768516E+00  0.4109727546308075E+01 -0.4105670869359383E+00  0.4344295451143788E+00  0.1034457462618393E+02
 0.6221975874077880E+00  0.4107113334588382E+01 -0.3747982775811661E+00  0.4562172416256708E+00  0.1033751512399499E+02
 0.5937443676899781E+00  0.4110882406218009E+01 -0.4178278783809691E+00  0.4298302110148541E+00  0.1034679572967832E+02
 0.5893527562946796E+00  0.4112018919812468E+01 -0.4248437124813044E+00  0.4253676154732126E+00  0.1034898049059875E+02
 0.5609451940241033E+00  0.4115482235701035E+01 -0.4698334839086570E+00  0.3993503259761381E+00  0.1035877867686120E+02
 0.5648794162571431E+00  0.4114524492483003E+01 -0.4631450652126809E+00  0.4032900322983479E+00  0.1035675767206407E+02
 0.5320396937560491E+00  0.4118785553551420E+01 -0.5174023105968584E+00  0.3731311902038045E+00  0.1036935501959169E+02
 0.6558572810862602E+00  0.4101708221946745E+01 -0.3257946372172572E+00  0.4882602207294959E+00  0.1032622894534285E+02
 0.6613124836021965E+00  0.4100167289300541E+01 -0.3181597120565244E+00  0.4939858115689147E+00  0.1032374345631807E+02
 0.6910708945825484E+00  0.4095700506413880E+01 -0.2766737852601467E+00  0.5222136698060630E+00  0.1031480202931250E+02
 0.7310845790937774E+00  0.4091067220699585E+01 -0.2266260261417396E+00  0.5591579908562869E+00  0.1030617897593535E+02
 0.7081330246139844E+00  0.4094787347836431E+01 -0.2553705919100424E+00  0.5371009786925135E+00  0.1031243551497277E+02
 0.7055458151538275E+00  0.4095882705404869E+01 -0.2596243298445287E+00  0.5340772437649499E+00  0.1031425577266693E+02
 0.6676957991235676E+00  0.4102133693784145E+01 -0.3097621058855742E+00  0.4976505728533770E+00  0.1032503995594051E+02
 0.7193796983411089E+00  0.4094208448199813E+01 -0.2427954284765279E+00  0.5468028208300010E+00  0.1031100425382006E+02
 0.6983877505980756E+00  0.4097453645916527E+01 -0.2695563208549493E+00  0.5268005771117230E+00  0.1031666746775748E+02
 0.6943635782934688E+00  0.4098932676855997E+01 -0.2756255567203799E+00  0.5223378212521684E+00  0.1031924441977100E+02
 0.6588291277829412E+00  0.4104568194693424E+01 -0.3232565769931592E+00  0.4883954388216157E+00  0.1032925795489718E+02
 0.6635817714374797E+00  0.4103290376973319E+01 -0.3161566910319692E+00  0.4933161249408288E+00  0.1032700903522700E+02
 0.6323196819563148E+00  0.4108120237959080E+01 -0.3600973974698258E+00  0.4638187458962263E+00  0.1033695948167663E+02
 0.6281988134129887E+00  0.4109214882068391E+01 -0.3666168063179498E+00  0.4595664046136011E+00  0.1033893251145138E+02
 0.6000943831988833E+00  0.4113050225806862E+01 -0.4084050418058923E+00  0.4335458109186943E+00  0.1034814517983113E+02
 0.6469105574359696E+00  0.4107925051414886E+01 -0.3373140120082623E+00  0.4762796347122754E+00  0.1033500755205256E+02
 0.6199543016258894E+00  0.4111884058818232E+01 -0.3776501160286070E+00  0.4507898161663529E+00  0.1034293992054243E+02
 0.5961923316930174E+00  0.4114077667741946E+01 -0.4147182011272645E+00  0.4295679324307449E+00  0.1035011074620417E+02
 0.5694873489429132E+00  0.4117252362366371E+01 -0.4565850752311243E+00  0.4052402830077645E+00  0.1035908811911313E+02
 0.5924295249299240E+00  0.4115096576418628E+01 -0.4206710536209432E+00  0.4257132893999414E+00  0.1035196427124042E+02
 0.5659501248155198E+00  0.4118181194166532E+01 -0.4624644221063092E+00  0.4016693827115456E+00  0.1036095924597585E+02
 0.5398268253806698E+00  0.4120864098251347E+01 -0.5055242166767093E+00  0.3782120146742087E+00  0.1037008108332680E+02
 0.5893211316302325E+00  0.4116153654708203E+01 -0.4249062510916722E+00  0.4224262674112123E+00  0.1035363684989849E+02
 0.5625178925992512E+00  0.4119103091713751E+01 -0.4681282513722406E+00  0.3981980560357551E+00  0.1036279001497448E+02
 0.5367231225148987E+00  0.4121676371959271E+01 -0.5108756624269436E+00  0.3751078811277560E+00  0.1037181818859962E+02
 0.5108595171440349E+00  0.4123918059697189E+01 -0.5555919614803593E+00  0.3522017907916589E+00  0.1038126587396701E+02
 0.6236727556210873E+00  0.4111274287877490E+01 -0.3718544062255785E+00  0.4543624410561908E+00  0.1034174348247836E+02
 0.6240544471650852E+00  0.4110367712920604E+01 -0.3729906379045297E+00  0.4552796179310057E+00  0.1034100016391742E+02
 0.6526558624272359E+00  0.4106973162317462E+01 -0.3282655642168821E+00  0.4815292524740099E+00  0.1033199248818221E+02
 0.6831769951616513E+00  0.4100980077978214E+01 -0.2873053586178446E+00  0.5115119433200407E+00  0.1032210439065784E+02
 0.4996593424563876E+00  0.4122511159986034E+01 -0.5733757130244077E+00  0.3438701387933734E+00  0.1038245189843268E+02
 0.4969542912116517E+00  0.4123059603103912E+01 -0.5787697695954381E+00  0.3412466141779996E+00  0.1038398761590025E+02
 0.4676097528998540E+00  0.4125751350338828E+01 -0.6309999470577548E+00  0.3153903680237911E+00  0.1039617621930247E+02
 0.4943414912028718E+00  0.4123610300843335E+01 -0.5839500385826933E+00  0.3387068787069278E+00  0.1038549931442990E+02
 0.4655928811568112E+00  0.4126058358811282E+01 -0.6357098857814857E+00  0.3134648569865248E+00  0.1039739121250934E+02
 0.4918149717319628E+00  0.4124164520158025E+01 -0.5889236844045282E+00  0.3362453475561090E+00  0.1038698859325469E+02
 0.4636364190787207E+00  0.4126389018103003E+01 -0.6401869950128453E+00  0.3115887516985258E+00  0.1039859808356452E+02
 0.4344676257810172E+00  0.4128675072081888E+01 -0.6939911564282869E+00  0.2863591827844538E+00  0.1041154982569804E+02
 0.4356914366977023E+00  0.4128687337357628E+01 -0.6898919231141438E+00  0.2875138325190524E+00  0.1041076104227538E+02
 0.4035639308841989E+00  0.4131715603493139E+01 -0.7491512817357878E+00  0.2599582964653750E+00  0.1042654178247656E+02
 0.4893690233103412E+00  0.4124723020458408E+01 -0.5936988240090485E+00  0.3338568411404480E+00  0.1038845662120133E+02
 0.4617370988466202E+00  0.4126740766494629E+01 -0.6444521463148197E+00  0.3097596824797567E+00  0.1039979709787218E+02
 0.4869996924159951E+00  0.4125284985328052E+01 -0.5982860406090684E+00  0.3315380266285978E+00  0.1038990286165106E+02
 0.4598907548824701E+00  0.4127111918956841E+01 -0.6485218389878912E+00  0.3079743945453284E+00  0.1040098816497551E+02
 0.4320240920349950E+00  0.4128829790090165E+01 -0.7014158804564933E+00  0.2840294336966389E+00  0.1041320702774384E+02
 0.4847056230253421E+00  0.4125847903470380E+01 -0.6026980721564618E+00  0.3292880388469902E+00  0.1039132483011331E+02
 0.4580954070980308E+00  0.4127500196316933E+01 -0.6524087072738889E+00  0.3062316523852744E+00  0.1040216951456467E+02
 0.4308136085469626E+00  0.4128979795407800E+01 -0.7047968148021240E+00  0.2828644690725126E+00  0.1041406139894942E+02
 0.4024455715392002E+00  0.4130595268347180E+01 -0.7595401825966416E+00  0.2588629550119669E+00  0.1042742117276438E+02
 0.3704701164995918E+00  0.4135680327276400E+01 -0.8070601856485665E+00  0.2321467390162362E+00  0.1044416754498689E+02
 0.3713564167045029E+00  0.4134316338032247E+01 -0.8114950698026328E+00  0.2329150756878260E+00  0.1044355014481497E+02
 0.3348723859991529E+00  0.4142029631215512E+01 -0.8612162816736119E+00  0.2030025192358886E+00  0.1046457296693515E+02
 0.3720422604802831E+00  0.4133226595348059E+01 -0.8151835080509300E+00  0.2335004502747890E+00  0.1044308832735754E+02
 0.3376365065173742E+00  0.4138993249760500E+01 -0.8677357876278975E+00  0.2053454149962923E+00  0.1046257743562585E+02
 0.2957528786968506E+00  0.4152746564798848E+01 -0.9072375271161801E+00  0.1720625908924493E+00  0.1048863759496948E+02
 0.2484979275019222E+00  0.4177828833014183E+01 -0.9248254951452014E+00  0.1357335022724340E+00  0.1052031755773769E+02
 0.4028991583837324E+00  0.4130850607948696E+01 -0.7564204405736903E+00  0.2593074745486186E+00  0.1042705909449657E+02
 0.4032848025496030E+00  0.4131216360756664E+01 -0.7529655765321398E+00  0.2596837509413253E+00  0.1042675661434619E+02
 0.4332421229732811E+00  0.4128728402660789E+01 -0.6978150133224508E+00  0.2851945603213906E+00  0.1041237163632220E+02
 0.5135887398988410E+00  0.4123216524652681E+01 -0.5506949316795037E+00  0.3549057508312173E+00  0.1037966725866016E+02
 0.5164173797615935E+00  0.4122499058701195E+01 -0.5456349185627051E+00  0.3577060758506379E+00  0.1037802934303898E+02
 0.5193428445315027E+00  0.4121770779986706E+01 -0.5403941234740167E+00  0.3605997955510968E+00  0.1037635664328704E+02
 0.5463914826585333E+00  0.4119156722185218E+01 -0.4944006968131330E+00  0.3847797936272634E+00  0.1036649200092960E+02
 0.5430459251547101E+00  0.4120026200183871E+01 -0.5000429981526924E+00  0.3814320466026904E+00  0.1036831374096944E+02
 0.5731577477518682E+00  0.4116288256938122E+01 -0.4505970345396554E+00  0.4089496398607661E+00  0.1035719027235067E+02
 0.5223644871126492E+00  0.4121034799184954E+01 -0.5349576110180247E+00  0.3635861200213122E+00  0.1037465154085273E+02
 0.5254838304113012E+00  0.4120293101126167E+01 -0.5293155790428312E+00  0.3666661553776797E+00  0.1037291679486128E+02
 0.5534398579289094E+00  0.4117350394932839E+01 -0.4825483925414212E+00  0.3918353607504480E+00  0.1036271334790531E+02
 0.5287064628778010E+00  0.4119544192804268E+01 -0.5234641588281204E+00  0.3698454004434832E+00  0.1037115155480298E+02
 0.5571344470395487E+00  0.4116423641824103E+01 -0.4763019049520105E+00  0.3955345960469294E+00  0.1036076506930243E+02
 0.5850906298318347E+00  0.4113133598865781E+01 -0.4316117214171188E+00  0.4210398044201958E+00  0.1035111503181410E+02
 0.6041356594532298E+00  0.4111985862442234E+01 -0.4020235251390121E+00  0.4376726058787551E+00  0.1034617733511209E+02
 0.6083561137700695E+00  0.4110856199556769E+01 -0.3955098121499395E+00  0.4419922387402558E+00  0.1034412179608863E+02
 0.6366452057349065E+00  0.4106978501517570E+01 -0.3534221700298650E+00  0.4682814181045918E+00  0.1033495318599231E+02
 0.6127818208422278E+00  0.4109663593740888E+01 -0.3888307703879369E+00  0.4465295747433136E+00  0.1034199359650344E+02
 0.6410706036105951E+00  0.4105777082990537E+01 -0.3467480576319283E+00  0.4728668111039761E+00  0.1033287105388347E+02
 0.6724486764802442E+00  0.4100907511061359E+01 -0.3025940042416445E+00  0.5025852254915650E+00  0.1032299193443128E+02
 0.5809648696406068E+00  0.4114222527611985E+01 -0.4381377131660198E+00  0.4168546139364460E+00  0.1035319884632587E+02
 0.5769838059610932E+00  0.4115276350609443E+01 -0.4444559276742859E+00  0.4128214200351262E+00  0.1035522479132080E+02
 0.5498573929773746E+00  0.4118263412205469E+01 -0.4885760550392867E+00  0.3882487803034692E+00  0.1036462492733969E+02
 0.4411691038791563E+00  0.4154738690406897E+01 -0.5163768469436517E+00  0.2902720174070415E+00  0.1040915154848837E+02
 0.4416562167746138E+00  0.4156480419490951E+01 -0.5027106407691666E+00  0.2904970517513513E+00  0.1040888557323848E+02
 0.5034528886617954E+00  0.4131671011193404E+01 -0.4827239346319190E+00  0.3479525492569989E+00  0.1037969460289819E+02
 0.4295072404998714E+00  0.4164418919755954E+01 -0.4844167774169623E+00  0.2792762024066129E+00  0.1041408394410702E+02
 0.5031915428523225E+00  0.4134302256189087E+01 -0.4641665433652357E+00  0.3473757652978794E+00  0.1037981536100355E+02
 0.5604093264017800E+00  0.4115316616044689E+01 -0.4301700522033862E+00  0.4019420317928264E+00  0.1035351200344982E+02
 0.5651095121116504E+00  0.4115309930035466E+01 -0.4158215670024693E+00  0.4063011762022892E+00  0.1035178612016684E+02
 0.6115201069768527E+00  0.4102898528738248E+01 -0.3714306063333831E+00  0.4516125825665406E+00  0.1033213888989425E+02
 0.5693121315451628E+00  0.4115145435697595E+01 -0.4029383948314130E+00  0.4102920315664236E+00  0.1035009137630769E+02
 0.6176137064582173E+00  0.4101724280370318E+01 -0.3597893953676594E+00  0.4577156068521499E+00  0.1032955369651568E+02
 0.6591249062327240E+00  0.4092459854486787E+01 -0.3101546739201117E+00  0.4987582132005300E+00  0.1031395570982756E+02
 0.5735229869647539E+00  0.4114866113117308E+01 -0.3903609358611684E+00  0.4143625683150111E+00  0.1034846843878868E+02
 0.6238890154923089E+00  0.4100524011143470E+01 -0.3476191650498440E+00  0.4640210679936847E+00  0.1032695760155544E+02
 0.5781933230734326E+00  0.4114560167914210E+01 -0.3762044369679199E+00  0.4188404250845136E+00  0.1034655539173625E+02
 0.6304932314633406E+00  0.4099307631183845E+01 -0.3344598342626007E+00  0.4706418694465642E+00  0.1032425864982852E+02
 0.6746030408167135E+00  0.4088830767679601E+01 -0.2857509678829270E+00  0.5147404016792295E+00  0.1030766308042006E+02
 0.6666752125533778E+00  0.4090690863095129E+01 -0.2982156306576170E+00  0.5065482511187103E+00  0.1031087374181173E+02
 0.7058766747936746E+00  0.4082525388425289E+01 -0.2490076903938292E+00  0.5457851613583865E+00  0.1029751385082171E+02
 0.7145930784235029E+00  0.4080283041087308E+01 -0.2367396317296471E+00  0.5550033834269773E+00  0.1029405399396751E+02
 0.7524945919515489E+00  0.4072529302175677E+01 -0.1896296679681908E+00  0.5934026597715415E+00  0.1028217874028508E+02
 0.5825315374827973E+00  0.4114508262394823E+01 -0.3602182876700086E+00  0.4229281364406914E+00  0.1034451167514139E+02
 0.6373158507040600E+00  0.4098097721409531E+01 -0.3203580563123270E+00  0.4774678483387962E+00  0.1032148107133809E+02
 0.5861655172028734E+00  0.4115028181880506E+01 -0.3414915714447623E+00  0.4262271373604257E+00  0.1034289841520756E+02
 0.6443814910804433E+00  0.4096915916866291E+01 -0.3052170284004794E+00  0.4845216692012112E+00  0.1031873228576583E+02
 0.6914349300234396E+00  0.4084888678213122E+01 -0.2593060867010272E+00  0.5321979051489681E+00  0.1030102916911949E+02
 0.5892807942361838E+00  0.4116320168167927E+01 -0.3179536230383860E+00  0.4288152437179973E+00  0.1034182449118596E+02
 0.6518445459659069E+00  0.4095711297542367E+01 -0.2890259152372598E+00  0.4919573339668478E+00  0.1031598283742865E+02
 0.5942162620773472E+00  0.4117489609322101E+01 -0.2902718371976383E+00  0.4329560402792499E+00  0.1034053158518010E+02
 0.6597148635770750E+00  0.4094371394173884E+01 -0.2725181753321697E+00  0.4998259131449126E+00  0.1031316990627625E+02
 0.7093998779539474E+00  0.4080570739205893E+01 -0.2315887235664637E+00  0.5509955103711878E+00  0.1029411174684031E+02
 0.7003118726316855E+00  0.4082787528797291E+01 -0.2454822505984743E+00  0.5414564301222021E+00  0.1029761956035755E+02
 0.7427047960053481E+00  0.4072948846064555E+01 -0.1979425975657979E+00  0.5849786983567958E+00  0.1028312892296676E+02
 0.7526654413545341E+00  0.4070295244807537E+01 -0.1844526214016516E+00  0.5957063224887372E+00  0.1027931882852143E+02
 0.7931919501283601E+00  0.4061351691259957E+01 -0.1374380605620028E+00  0.6377391623523339E+00  0.1026677384219732E+02
 0.7621330274771067E+00  0.4069909567716286E+01 -0.1770415164453794E+00  0.6038306008001931E+00  0.1027847953025688E+02
 0.7994232945362229E+00  0.4062289246230279E+01 -0.1323629042086913E+00  0.6420346841946383E+00  0.1026766270803616E+02
 0.7721220897486225E+00  0.4067175981149296E+01 -0.1641555747636771E+00  0.6146848808697074E+00  0.1027467885258455E+02
 0.8099586502789747E+00  0.4059324614800073E+01 -0.1193973189077941E+00  0.6536606192541358E+00  0.1026376006633730E+02
 0.8471001211401801E+00  0.4051721102790456E+01 -0.7711663203681270E-01  0.6921067408042617E+00  0.1025377199557134E+02
 0.7824657381594968E+00  0.4064326233480798E+01 -0.1509620848570658E+00  0.6259758456233934E+00  0.1027077904173475E+02
 0.8209012178880222E+00  0.4056231064076040E+01 -0.1061121944980275E+00  0.6657886682130358E+00  0.1025975017951330E+02
 0.8322808759727724E+00  0.4053000581881129E+01 -0.9248231388407392E-01  0.6784566960657357E+00  0.1025562725463076E+02
 0.8705312505407402E+00  0.4044975951689563E+01 -0.5001402124264216E-01  0.7184742570558044E+00  0.1024548719281641E+02
 0.8585924201973392E+00  0.4048418099592880E+01 -0.6372971467314392E-01  0.7050107227520366E+00  0.1024968494431508E+02
 0.8957809146394330E+00  0.4040817065634131E+01 -0.2375366471380145E-01  0.7438646488412761E+00  0.1024040621903007E+02
 0.9082025426665999E+00  0.4037198688549916E+01 -0.9983159612429935E-02  0.7580319433193152E+00  0.1023616335948873E+02
 0.9454737106582828E+00  0.4029641338596490E+01  0.2779502327502259E-01  0.7972847603595288E+00  0.1022755310138349E+02
 0.7330218731760740E+00  0.4075498041633508E+01 -0.2111737053599459E+00  0.5746069699068131E+00  0.1028685903702593E+02
 0.7236446501348912E+00  0.4077942415275702E+01 -0.2241158155514787E+00  0.5646112002100268E+00  0.1029050280488429E+02
 0.6828450160044685E+00  0.4086907801222407E+01 -0.2727429461084016E+00  0.5232755781419036E+00  0.1030439393746628E+02
 0.5091181272059742E+00  0.4146524490656911E+01 -0.3410245207568880E+00  0.3504608054449633E+00  0.1037590241398926E+02
 0.5155874690358565E+00  0.4141754710432942E+01 -0.3630021661657836E+00  0.3570310945652638E+00  0.1037413718784175E+02
 0.5156684939687706E+00  0.4139772440799669E+01 -0.3803584792967292E+00  0.3574326644727332E+00  0.1037405490507851E+02
 0.5126535148901444E+00  0.4139432456530637E+01 -0.3946134169201798E+00  0.3547793577152814E+00  0.1037542317860054E+02
 0.5081991259206492E+00  0.4139797285829701E+01 -0.4070197357338662E+00  0.3506967618313677E+00  0.1037698696574180E+02
 0.5056201501057851E+00  0.4139761552270327E+01 -0.4182713779006310E+00  0.3484182676441319E+00  0.1037901569306357E+02
 0.5044151666572160E+00  0.4137963012684754E+01 -0.4367218850197609E+00  0.3477573456749868E+00  0.1038029900637500E+02
 0.7355126409284092E+00  0.4078289694459111E+01 -0.9868492574002893E-01  0.5775576577590854E+00  0.1028420538892855E+02
 0.7468236230247133E+00  0.4075859513215364E+01 -0.6837142556529577E-01  0.5889733286410105E+00  0.1028024717680600E+02
 0.8244927930116572E+00  0.4050900153240522E+01 -0.5493050743862962E-01  0.6747873647873613E+00  0.1025247281761692E+02
 0.7599984336051531E+00  0.4072292560933150E+01 -0.3913248385105945E-01  0.6025024483773873E+00  0.1027446905999980E+02
 0.7737132226916936E+00  0.4067735757907832E+01 -0.2173841850967681E-01  0.6173508040242662E+00  0.1026823960973767E+02
 0.8527278028952893E+00  0.4042765966521660E+01 -0.1758704375666076E-01  0.7063825332754904E+00  0.1024308261829294E+02
 0.8389225320704204E+00  0.4046823976517841E+01 -0.3510939783639058E-01  0.6907924745023961E+00  0.1024757899522912E+02
 0.8966615391879420E+00  0.4030315535306875E+01 -0.2768350506861296E-02  0.7555815310698730E+00  0.1022837749209672E+02
 0.9121135223508581E+00  0.4025702785660885E+01  0.1465670711886665E-01  0.7734579654870040E+00  0.1022320967006852E+02
 0.9617990325108187E+00  0.4012782639134376E+01  0.5586826209091670E-01  0.8294030807613941E+00  0.1020863667005985E+02
 0.7862089747926752E+00  0.4063834014942097E+01 -0.4976120000740196E-02  0.6310169365176552E+00  0.1026390368080335E+02
 0.8010883948376787E+00  0.4059070088833734E+01  0.1292264637361387E-01  0.6473744962417119E+00  0.1025840519055860E+02
 0.8836704571804039E+00  0.4033375116665227E+01  0.1870393163136300E-01  0.7416669687460073E+00  0.1023248899421641E+02
 0.8173833617682917E+00  0.4053841491948885E+01  0.3183257594768070E-01  0.6654250214882934E+00  0.1025255136087409E+02
 0.9013549705005057E+00  0.4027861171551685E+01  0.3819199018183049E-01  0.7619954027790673E+00  0.1022603413905041E+02
 0.9642343417669014E+00  0.4009917741682079E+01  0.7096444096977862E-01  0.8344696232328093E+00  0.1020579315124332E+02
 0.9791858021336060E+00  0.4007545454542153E+01  0.7400344631228049E-01  0.8499586501034937E+00  0.1020301332317952E+02
 0.1025835507165536E+01  0.3996146742391163E+01  0.1160644841082752E+00  0.9026229217311067E+00  0.1019105613635321E+02
 0.9974651258490657E+00  0.4002015426924753E+01  0.9269585451095065E-01  0.8716947998633796E+00  0.1019713512905384E+02
 0.1044556841760982E+01  0.3990486551000183E+01  0.1344724044229381E+00  0.9251513922400255E+00  0.1018525270830133E+02
 0.1089079504172118E+01  0.3980178438289740E+01  0.1744956731104069E+00  0.9754259466428292E+00  0.1017524095072853E+02
 0.1016488105575532E+01  0.3996236078362851E+01  0.1118625116082565E+00  0.8944568111097039E+00  0.1019107834121973E+02
 0.1063876785948271E+01  0.3984630992601375E+01  0.1532225584380249E+00  0.9485359120670125E+00  0.1017934157036484E+02
 0.1108677748120480E+01  0.3974272200971898E+01  0.1927619759024993E+00  0.9993557007769276E+00  0.1016948387357228E+02
 0.1151951541361644E+01  0.3964781469426886E+01  0.2299165408723235E+00  0.1048169497679935E+01  0.1016094593478517E+02
 0.9458354881034369E+00  0.4015526648551903E+01  0.5149013001938969E-01  0.8128082198450139E+00  0.1021193962548265E+02
 0.9284422986249072E+00  0.4020786231948700E+01  0.3267013191736981E-01  0.7924606829888725E+00  0.1021773936182736E+02
 0.8676160533333652E+00  0.4038233121875657E+01 -0.4299072403833386E-04  0.7233231446781537E+00  0.1023788928815666E+02
 0.9587921681546550E+00  0.4025729831742317E+01  0.4187666074041289E-01  0.8126941691444959E+00  0.1022318434102949E+02
 0.9962566454267565E+00  0.4018234688815678E+01  0.7764222854320814E-01  0.8524211898762194E+00  0.1021517940063334E+02
 0.9725570680212483E+00  0.4021681596399636E+01  0.5624134994575125E-01  0.8286908080541791E+00  0.1021872853362344E+02
 0.1010469916598400E+01  0.4014049130746701E+01  0.9197469752842168E-01  0.8690824655592596E+00  0.1021071869851212E+02
 0.1048272866724310E+01  0.4006597548470444E+01  0.1260802482796868E+00  0.9093966038958065E+00  0.1020315751217574E+02
 0.9867878444449386E+00  0.4017487878647970E+01  0.7087071438261452E-01  0.8453088639387218E+00  0.1021418263114482E+02
 0.1025099776028555E+01  0.4009741116812175E+01  0.1065748614550320E+00  0.8862999493900851E+00  0.1020618780067898E+02
 0.1001494238853391E+01  0.4013144723106390E+01  0.8576428131511182E-01  0.8625662257846519E+00  0.1020954121236692E+02
 0.1040109769249730E+01  0.4005317251186812E+01  0.1213793628886150E+00  0.9040471512369815E+00  0.1020161053331312E+02
 0.1078328994636024E+01  0.3997788552597508E+01  0.1551280218035992E+00  0.9450792221011394E+00  0.1019426248015771E+02
 0.1063082159597754E+01  0.4002258044657762E+01  0.1404438516703158E+00  0.9269533284379640E+00  0.1019876923636701E+02
 0.1101336821090379E+01  0.3994838270098979E+01  0.1732804412700091E+00  0.9679603062530154E+00  0.1019161895735879E+02
 0.1116907653651602E+01  0.3990308966997241E+01  0.1876651179407449E+00  0.9865756186666773E+00  0.1018716674325888E+02
 0.1158050899236845E+01  0.3982175533442179E+01  0.2213137101971670E+00  0.1031293007992025E+01  0.1017970596390157E+02
 0.1016659127418828E+01  0.4008657222097304E+01  0.1009113726095291E+00  0.8804484010968712E+00  0.1020481102185886E+02
 0.1055505226936921E+01  0.4000772879609459E+01  0.1364020496317413E+00  0.9223318941441015E+00  0.1019696901223537E+02
 0.1032251009990230E+01  0.4004034678260487E+01  0.1162992432631316E+00  0.8989228777408709E+00  0.1020000333229192E+02
 0.1071306358483759E+01  0.3996104875541183E+01  0.1516320652089430E+00  0.9411816373151035E+00  0.1019226424337989E+02
 0.1110000247024458E+01  0.3988511152465049E+01  0.1849834491150257E+00  0.9829808245610968E+00  0.1018514032823488E+02
 0.1048255677302057E+01  0.3999282273531754E+01  0.1319168368487121E+00  0.9179768692205881E+00  0.1019512657962346E+02
 0.1087540219832039E+01  0.3991306941695201E+01  0.1670624251267115E+00  0.9606340668098552E+00  0.1018749298472489E+02
 0.1064688447619571E+01  0.3994397154727526E+01  0.1477568672305543E+00  0.9376331145468008E+00  0.1019018112978790E+02
 0.1104232279561865E+01  0.3986375010809494E+01  0.1826901905186150E+00  0.9807241730594993E+00  0.1018265633652400E+02
 0.1143452518472991E+01  0.3978716708343689E+01  0.2155902328746152E+00  0.1023354711954752E+01  0.1017575573565762E+02
 0.1126491997527570E+01  0.3983683036028573E+01  0.2001896459101416E+00  0.1002841233315650E+01  0.1018048767229427E+02
 0.1165802586050044E+01  0.3976161651562338E+01  0.2319655361194027E+00  0.1045448124880114E+01  0.1017374117329925E+02
 0.1183021581222760E+01  0.3971195627248249E+01  0.2470894576373713E+00  0.1066340448511004E+01  0.1016914955903100E+02
 0.1225271516000271E+01  0.3963025791755797E+01  0.2794481626820214E+00  0.1112643658910894E+01  0.1016203051589576E+02
 0.1174566167858316E+01  0.3977484475276551E+01  0.2357300308201619E+00  0.1051115643393793E+01  0.1017521799380192E+02
 0.1224345235465940E+01  0.3967078451709884E+01  0.2752711521387607E+00  0.1106809823821631E+01  0.1016674635907181E+02
 0.1190904569234486E+01  0.3972787662240342E+01  0.2500859301262945E+00  0.1070898050993434E+01  0.1017086935406315E+02
 0.1243136716752726E+01  0.3962168167411730E+01  0.2903611277322519E+00  0.1129238816972863E+01  0.1016248963916896E+02
 0.1208019244244686E+01  0.3967976712609102E+01  0.2647128067540391E+00  0.1091598433123419E+01  0.1016652276005278E+02
 0.1258444119589268E+01  0.3957539476503024E+01  0.3034831074336611E+00  0.1148260608897872E+01  0.1015822198653561E+02
 0.1277845246555016E+01  0.3952509058522693E+01  0.3186907760051531E+00  0.1171565942107558E+01  0.1015401904351424E+02
 0.1290477144520755E+01  0.3950981446724505E+01  0.3246269624101950E+00  0.1184738939994412E+01  0.1015297529482985E+02
 0.1149087440992691E+01  0.3980999353655972E+01  0.2170272514855301E+00  0.1025237319305709E+01  0.1017827512678310E+02
 0.1132773253663269E+01  0.3985709649227681E+01  0.2022688196293070E+00  0.1005602602121013E+01  0.1018273484574773E+02
 0.1093950484001080E+01  0.3993215067969545E+01  0.1699578578870226E+00  0.9637324751991830E+00  0.1018973951080739E+02
 0.1081585095637461E+01  0.3989371765054238E+01  0.1638172885534598E+00  0.9579393507836526E+00  0.1018516404960844E+02
 0.1121408099954476E+01  0.3981302374763577E+01  0.1985180695886533E+00  0.1001488442223710E+01  0.1017774731475447E+02
 0.1098983477272792E+01  0.3984197753002508E+01  0.1801016757500503E+00  0.9789465247032343E+00  0.1018007057724975E+02
 0.1139090856927280E+01  0.3976085322973494E+01  0.2145452484703660E+00  0.1022959963864939E+01  0.1017276580622235E+02
 0.1178824476598696E+01  0.3968383391670493E+01  0.2469293593205523E+00  0.1066407158644335E+01  0.1016611063676141E+02
 0.1116911293135421E+01  0.3978869499438145E+01  0.1966130085426943E+00  0.1000693830494905E+01  0.1017489822173057E+02
 0.1157296818851418E+01  0.3970720533768388E+01  0.2307687185556463E+00  0.1045164938436761E+01  0.1016770987315555E+02
 0.1135386963171174E+01  0.3973383541013453E+01  0.2133470204027951E+00  0.1023210322261828E+01  0.1016964595709609E+02
 0.1176035927255414E+01  0.3965208367392034E+01  0.2471791012111475E+00  0.1068121245016159E+01  0.1016258399687609E+02
 0.1216225190545098E+01  0.3957493553830446E+01  0.2789627842328989E+00  0.1112315534812020E+01  0.1015619723774158E+02
 0.1197265586649944E+01  0.3963010149796297E+01  0.2628615904372883E+00  0.1088993575069808E+01  0.1016119097305582E+02
 0.1237435546360362E+01  0.3955525579904520E+01  0.2934475535176842E+00  0.1132930524155418E+01  0.1015501478643322E+02
 0.1256574660832202E+01  0.3950044941360694E+01  0.3092108944054631E+00  0.1156531074457447E+01  0.1015019293308419E+02
 0.1299339087554205E+01  0.3942117058354868E+01  0.3399248569820240E+00  0.1203650044510362E+01  0.1014380691365623E+02
 0.1154417042377381E+01  0.3967739862614762E+01  0.2302913482979594E+00  0.1046511353639783E+01  0.1016431682019811E+02
 0.1195312375768695E+01  0.3959548876049757E+01  0.2637655427523888E+00  0.1091840994682907E+01  0.1015738902751047E+02
 0.1174000313113397E+01  0.3961940747924142E+01  0.2474289320331604E+00  0.1070603078325338E+01  0.1015891633687290E+02
 0.1215127549240909E+01  0.3953744943930431E+01  0.2805136136250011E+00  0.1116331896757305E+01  0.1015213158716912E+02
 0.1255697557816892E+01  0.3946057527910930E+01  0.3115921361453717E+00  0.1161178497424025E+01  0.1014604945056220E+02
 0.1194135567371879E+01  0.3955988920079171E+01  0.2647442737383289E+00  0.1095491159509019E+01  0.1015345048883302E+02
 0.1235482229431499E+01  0.3947798714222950E+01  0.2974109297317867E+00  0.1141601510897127E+01  0.1014681621077524E+02
 0.1276220438259202E+01  0.3940139313243783E+01  0.3281010752658610E+00  0.1186743200594768E+01  0.1014089627466514E+02
 0.1316894132334332E+01  0.3932845015324208E+01  0.3572183316563595E+00  0.1231554291279106E+01  0.1013542774121435E+02
 0.1319116109932459E+01  0.3936626640123411E+01  0.3553707631762785E+00  0.1228114283462585E+01  0.1013919141090098E+02
 0.1370353104423159E+01  0.3926640196781779E+01  0.3910678935737433E+00  0.1286124807440853E+01  0.1013205699914576E+02
 0.1339109396727902E+01  0.3930985895510429E+01  0.3708901322302214E+00  0.1253061141839048E+01  0.1013446024239072E+02
 0.1391673011010903E+01  0.3921212028992806E+01  0.4064241281436443E+00  0.1312213677017818E+01  0.1012780150630476E+02
 0.1359770611845176E+01  0.3925281753341177E+01  0.3864974183042011E+00  0.1278823883007478E+01  0.1012978431299106E+02
 0.1410836006014937E+01  0.3915620889289709E+01  0.4209047476253311E+00  0.1336648018786567E+01  0.1012316283799704E+02
 0.1443038255776022E+01  0.3909323306272436E+01  0.4387975955997738E+00  0.1374297535093457E+01  0.1011858576099369E+02
 0.1296301419733669E+01  0.3938701760385719E+01  0.3411118927890192E+00  0.1205835161300645E+01  0.1014039448863925E+02
 0.1276181788063570E+01  0.3944429987141163E+01  0.3251109722777137E+00  0.1180822360402469E+01  0.1014530641316389E+02
 0.1235698414894104E+01  0.3951845256866795E+01  0.2952057603653882E+00  0.1136369207550721E+01  0.1015115606284160E+02
 0.1402810764103584E+01  0.3920189776731904E+01  0.4099293083347302E+00  0.1323866357398400E+01  0.1012727526798251E+02
 0.1352150902064915E+01  0.3932013799442641E+01  0.3768762305298310E+00  0.1263052342399582E+01  0.1013664923896360E+02
 0.1326478899890010E+01  0.3941034198770029E+01  0.3526890664620461E+00  0.1229056710957450E+01  0.1014445955295518E+02
 0.1294123051737551E+01  0.3947628034982381E+01  0.3322660890827549E+00  0.1191908083845417E+01  0.1014962401949886E+02
 0.1280268496761144E+01  0.3947535890814494E+01  0.3246325304324838E+00  0.1180028221631497E+01  0.1014847221636009E+02
 0.1261405687816265E+01  0.3952803013076056E+01  0.3094266039907997E+00  0.1156862955575961E+01  0.1015300333755483E+02
 0.1218831729562187E+01  0.3960876344720154E+01  0.2778421268214689E+00  0.1110069249228192E+01  0.1015978126932441E+02
 0.1243258111236529E+01  0.3957984643703514E+01  0.2943903156238208E+00  0.1134561197961826E+01  0.1015758134804504E+02
 0.1200677838747248E+01  0.3966094862650219E+01  0.2623917718058254E+00  0.1087863635270536E+01  0.1016448204533618E+02
 0.1160888556735107E+01  0.3973621339961463E+01  0.2311656564758160E+00  0.1044530437093703E+01  0.1017097219096568E+02
 0.1314184125934360E+01  0.3942450438106567E+01  0.3475573440181238E+00  0.1216164269234919E+01  0.1014539055485973E+02
 0.1331430042724915E+01  0.3937323692318010E+01  0.3614871425541096E+00  0.1237857440676144E+01  0.1014089597200669E+02
 0.1363940551389977E+01  0.3930762908787287E+01  0.3811684713856373E+00  0.1275444600707176E+01  0.1013588683163174E+02
 0.1132072361860915E+01  0.3970720714654101E+01  0.2121429628470484E+00  0.1023730658894963E+01  0.1016655856394489E+02
 0.1112758973175482E+01  0.3976494653848484E+01  0.1945830441069367E+00  0.1000108010637269E+01  0.1017209683151184E+02
 0.1094016565152776E+01  0.3982100161699023E+01  0.1772584736132999E+00  0.9772986762152750E+00  0.1017755238980736E+02
 0.1051636304255690E+01  0.3991449965205859E+01  0.1387983858416978E+00  0.9300756111943809E+00  0.1018648902866385E+02
 0.1070059489593857E+01  0.3985906572453732E+01  0.1564986381796799E+00  0.9523292872090137E+00  0.1018091624017595E+02
 0.1007757867358694E+01  0.4001598052781305E+01  0.9807993119082434E-01  0.8809891665611629E+00  0.1019672128243766E+02
 0.1075846848283387E+01  0.3987535441090543E+01  0.1601947250349143E+00  0.9552955923186841E+00  0.1018291954158087E+02
 0.1058232598118770E+01  0.3992804197706122E+01  0.1434018572305003E+00  0.9340697173925434E+00  0.1018819866387118E+02
 0.1016506873566755E+01  0.4001999019292491E+01  0.1044306324962398E+00  0.8879705623396689E+00  0.1019732837114511E+02
 0.1041131391154673E+01  0.3997915728769234E+01  0.1268791362272034E+00  0.9135638377740870E+00  0.1019339470992968E+02
 0.1024492194831152E+01  0.4002881857729117E+01  0.1106162840323485E+00  0.8937119094868197E+00  0.1019851515343025E+02
 0.9834333422822421E+00  0.4011881352119421E+01  0.7131455845424126E-01  0.8487621791552328E+00  0.1020778938014920E+02
 0.9997234635563196E+00  0.4007021891589319E+01  0.8773657132174451E-01  0.8680177874726919E+00  0.1020260580386782E+02
 0.9573442501122912E+00  0.4016710685590796E+01  0.4659906757260002E-01  0.8213438167186398E+00  0.1021291781719581E+02
 0.9415472911155406E+00  0.4021392914349077E+01  0.2998126288557432E-01  0.8028978065382699E+00  0.1021810727747061E+02
 0.8980812402715197E+00  0.4031670525340471E+01 -0.1308872696296552E-01  0.7553121754352006E+00  0.1022984123539380E+02
 0.9452108795076933E+00  0.4017768383245977E+01  0.3835465671870605E-01  0.8099038282451936E+00  0.1021409162939920E+02
 0.9291730157083226E+00  0.4022553728376966E+01  0.2113936859111351E-01  0.7911826706063654E+00  0.1021942075108502E+02
 0.8813637598598321E+00  0.4034807977358016E+01 -0.2041502683333587E-01  0.7380570187153440E+00  0.1023355462088717E+02
 0.9134828855583443E+00  0.4027184843583419E+01  0.4019199230540027E-02  0.7730097329301631E+00  0.1022467310464609E+02
 0.8661267024763445E+00  0.4039184884510931E+01 -0.3847064941252983E-01  0.7207830431358930E+00  0.1023872532817320E+02
 0.8510223935631294E+00  0.4043425538837172E+01 -0.5683481379471201E-01  0.7038232306061357E+00  0.1024384154749600E+02
 0.7958816437682431E+00  0.4058405116457880E+01 -0.9799694222018818E-01  0.6436637264594643E+00  0.1026198530226224E+02
 0.8100561434165300E+00  0.4054770153098037E+01 -0.7614212853979677E-01  0.6590034475706719E+00  0.1025729959713008E+02
 0.7252689972969708E+00  0.4080015543084232E+01 -0.1299711923604848E+00  0.5673677268240300E+00  0.1028742447831020E+02
 0.6390186314869033E+00  0.4109711072316192E+01 -0.1537608232489924E+00  0.4762070381156880E+00  0.1031972425150096E+02
 0.9735862909875833E+00  0.4011863227126107E+01  0.6343043657859511E-01  0.8404372014621230E+00  0.1020763131892029E+02
 0.9903591049310241E+00  0.4006832959758656E+01  0.8055693805520421E-01  0.8602818936140706E+00  0.1020224119377388E+02
 0.1033798902718899E+01  0.3996810621723446E+01  0.1214451626335967E+00  0.9086413972911167E+00  0.1019195798596296E+02
 0.1008293556637096E+01  0.4007706401930180E+01  0.9460492495182711E-01  0.8744849502759559E+00  0.1020356038502380E+02
 0.9925510630032187E+00  0.4012383310919337E+01  0.7884411121378543E-01  0.8558975416109931E+00  0.1020852040326774E+02
 0.9523111117422592E+00  0.4021107932210580E+01  0.3924062981541282E-01  0.8122975606798033E+00  0.1021786188887699E+02
 0.9772888869239592E+00  0.4016905242992206E+01  0.6334044367122797E-01  0.8379730430859249E+00  0.1021338639649726E+02
 0.9625181013122880E+00  0.4021268888641108E+01  0.4810435594044170E-01  0.8207168694040282E+00  0.1021815079043839E+02
 0.9231021979668683E+00  0.4029693587792238E+01  0.8240202994665441E-02  0.7784609051115807E+00  0.1022752304730705E+02
 0.9374659899192205E+00  0.4025480480486076E+01  0.2359948815026747E-01  0.7950544361568991E+00  0.1022274709657854E+02
 0.8967871539720401E+00  0.4034485014112103E+01 -0.1849519336354458E-01  0.7512845080924914E+00  0.1023308368309548E+02
 0.8828415941516295E+00  0.4038518284817784E+01 -0.3405407011003393E-01  0.7353905837925173E+00  0.1023784818568447E+02
 0.8411157878317221E+00  0.4047927354195124E+01 -0.7885933816543376E-01  0.6908805400515530E+00  0.1024943175801335E+02
 0.9482313712954094E+00  0.4025476939873389E+01  0.3314611097550067E-01  0.8041117673826030E+00  0.1022281211878392E+02
 0.9344181461122283E+00  0.4029533406798469E+01  0.1847367038435840E-01  0.7881364119176605E+00  0.1022736919325952E+02
 0.8958365355221110E+00  0.4037645547304147E+01 -0.2155531166739398E-01  0.7472055460246881E+00  0.1023674042448178E+02
 0.9210767381058713E+00  0.4033439717709953E+01  0.4095599942371053E-02  0.7727808125170053E+00  0.1023181938759177E+02
 0.8829399994567241E+00  0.4041387288410172E+01 -0.3595601824848495E-01  0.7325302006283995E+00  0.1024117427880386E+02
 0.8441393388456122E+00  0.4049622475615907E+01 -0.7847483125377810E-01  0.6917156487369495E+00  0.1025138280005594E+02
 0.8282833240797605E+00  0.4051541877588877E+01 -0.9423427818608252E-01  0.6765617359928550E+00  0.1025399595747161E+02
 0.7850065366875777E+00  0.4061551989034682E+01 -0.1413634260647469E+00  0.6308645051710718E+00  0.1026719998705771E+02
 0.8160269060595855E+00  0.4054980298096066E+01 -0.1091249359226016E+00  0.6629476728046712E+00  0.1025840944949160E+02
 0.7736745532644522E+00  0.4064625833066019E+01 -0.1563422013433469E+00  0.6185042236567649E+00  0.1027140603980164E+02
 0.7278266466892294E+00  0.4075901214246657E+01 -0.2036363458255051E+00  0.5705744465602853E+00  0.1028707619099056E+02
 0.8043445497938083E+00  0.4058246392489490E+01 -0.1235126076092303E+00  0.6500249560504751E+00  0.1026266563894286E+02
 0.7629319389699553E+00  0.4067531774814669E+01 -0.1706544144853540E+00  0.6068242472785134E+00  0.1027543011189965E+02
 0.7184514354815864E+00  0.4078297044023584E+01 -0.2177739565336023E+00  0.5605850379193427E+00  0.1029063743654959E+02
 0.6671145227048302E+00  0.4092861438358414E+01 -0.2577672960062438E+00  0.5073715290790231E+00  0.1031034529297561E+02
 0.8565136143150869E+00  0.4046085261151199E+01 -0.6406591752550375E-01  0.7056124075349846E+00  0.1024700332833311E+02
 0.8694150257123150E+00  0.4042384638665550E+01 -0.4925278566996631E-01  0.7201679689567336E+00  0.1024249028913676E+02
 0.9092230796639259E+00  0.4033748682672497E+01 -0.6816717496950476E-02  0.7625117246438572E+00  0.1023218987401242E+02
 0.5997705306395489E+00  0.4116889473351574E+01 -0.2703004846458637E+00  0.4380179661633895E+00  0.1033669376789567E+02
 0.5149785669042625E+00  0.4145954663355258E+01 -0.3202389859948724E+00  0.3555094664256689E+00  0.1037159247390871E+02
 0.6058427053364513E+00  0.4115255775053712E+01 -0.2576781259862654E+00  0.4439667429441202E+00  0.1033288554804323E+02
 0.6744037799748953E+00  0.4091279104092436E+01 -0.2438247217793069E+00  0.5149228378360196E+00  0.1030781525154148E+02
 0.6139130159995861E+00  0.4113231224534858E+01 -0.2446264449593735E+00  0.4520088511220053E+00  0.1032994428636863E+02
 0.6827013911400368E+00  0.4089350192776012E+01 -0.2289218023278211E+00  0.5235269904753236E+00  0.1030471067939147E+02
 0.6218157191432745E+00  0.4111222116294591E+01 -0.2303782587260027E+00  0.4598697472612331E+00  0.1032650956599012E+02
 0.6914000568322323E+00  0.4087254774152369E+01 -0.2128095644560732E+00  0.5325360313056403E+00  0.1030104100929398E+02
 0.7482999761451409E+00  0.4070632249023175E+01 -0.1726042383317315E+00  0.5924471473429214E+00  0.1027922988910485E+02
 0.7377928384771326E+00  0.4073352699853589E+01 -0.1885340202856118E+00  0.5812095878712424E+00  0.1028329364402055E+02
 0.7969211767349291E+00  0.4058305627315981E+01 -0.1257433663767814E+00  0.6439089211862613E+00  0.1026281734597431E+02
 0.6293999370459968E+00  0.4109415663709101E+01 -0.2148372389546716E+00  0.4674043869393466E+00  0.1032327370756921E+02
 0.7001379479398258E+00  0.4085198337240713E+01 -0.1954306216866907E+00  0.5415894650528924E+00  0.1029738627648031E+02
 0.6365450527400014E+00  0.4107880720226678E+01 -0.1975801330193279E+00  0.4744701519115991E+00  0.1032031960264564E+02
 0.7088089410108004E+00  0.4083245179910618E+01 -0.1763450139705034E+00  0.5505576932690456E+00  0.1029383533977882E+02
 0.7707312601422960E+00  0.4064852099136390E+01 -0.1377520409283797E+00  0.6165356289548366E+00  0.1027083893648337E+02
 0.6422023099866396E+00  0.4107032704040309E+01 -0.1782120073310507E+00  0.4799561389061608E+00  0.1031813787709609E+02
 0.7172339584422586E+00  0.4081472985600734E+01 -0.1549685386339897E+00  0.5592240490935775E+00  0.1029045709803511E+02
 0.7828654935082612E+00  0.4061738115755499E+01 -0.1185341307786459E+00  0.6296107513234847E+00  0.1026648025896666E+02
 0.8364716215311379E+00  0.4047460383478374E+01 -0.7495432172521806E-01  0.6875936829474273E+00  0.1024881872554319E+02
 0.8545198756002979E+00  0.4044138591920164E+01 -0.6300228088810618E-01  0.7059110068760717E+00  0.1024474011676172E+02
 0.8685053307288164E+00  0.4040164302689627E+01 -0.4671344209256675E-01  0.7216757784423704E+00  0.1023990475096962E+02
 0.9112384366382248E+00  0.4030284157556654E+01 -0.2608687453110702E-02  0.7678463133553932E+00  0.1022819957767983E+02
 0.8830466825558474E+00  0.4036005729201782E+01 -0.3004194629260023E-01  0.7381605005084783E+00  0.1023493403978589E+02
 0.9261709603701138E+00  0.4025918216965335E+01  0.1356638778971438E-01  0.7850605946669250E+00  0.1022320358045206E+02
 0.9676305801047732E+00  0.4016576076980161E+01  0.5515067622478104E-01  0.8301935696715961E+00  0.1021287602052833E+02
 0.8226032798217238E+00  0.4051279457988968E+01 -0.9253144472467299E-01  0.6722073481659349E+00  0.1025364055997160E+02
 0.8094303135903671E+00  0.4054890793742381E+01 -0.1094600840862914E+00  0.6576609718736903E+00  0.1025830685325467E+02
 0.7592369493660602E+00  0.4067813365080459E+01 -0.1556743595839659E+00  0.6041755180983380E+00  0.1027508690948154E+02
 0.1253242743282021E+01  0.3961355937737935E+01  0.2946574772216747E+00  0.1139265918817842E+01  0.1016221812424624E+02
 0.1206775600331681E+01  0.3972424878337307E+01  0.2597522361500898E+00  0.1085213288248835E+01  0.1017198243474881E+02
 0.1140701225283141E+01  0.3987191461648306E+01  0.2079185774253153E+00  0.1009997052782712E+01  0.1018400718787246E+02
 0.1091205997929451E+01  0.3998268638681540E+01  0.1648207095651919E+00  0.9551048012902569E+00  0.1019484527575797E+02
 0.1117516350707549E+01  0.3993816333749346E+01  0.1888508042331531E+00  0.9827501514773236E+00  0.1019163079959381E+02
 0.1077667090553851E+01  0.4001945230348231E+01  0.1529775837376657E+00  0.9392445326010485E+00  0.1019836765246133E+02
 0.1070673595365634E+01  0.4004637788563862E+01  0.1469574845640969E+00  0.9303647790824774E+00  0.1020174206770792E+02
 0.1020556025437211E+01  0.4014788098591366E+01  0.9984035823804566E-01  0.8765220001447469E+00  0.1021141355202520E+02
 0.1034230757319623E+01  0.4010816107629624E+01  0.1127668041602550E+00  0.8926478435213030E+00  0.1020743902172408E+02
 0.9824869151062096E+00  0.4022308488169724E+01  0.6375856436724581E-01  0.8363105962242140E+00  0.1021956048976745E+02
 0.1184274861305394E+01  0.3978090208272095E+01  0.2455705102023050E+00  0.1058250476222786E+01  0.1017671626377672E+02
 0.8621841844326090E+00  0.4060380923979526E+01 -0.6953535309411624E-01  0.6959865968357752E+00  0.1026385561152589E+02
 0.8349632552627317E+00  0.4065538112809344E+01 -0.9805941502381058E-01  0.6683465419777889E+00  0.1027023350950184E+02
 0.9325653416751848E+00  0.4033434150110375E+01  0.1404245008440049E-01  0.7824052324313846E+00  0.1023184830440963E+02
 0.9200536871235546E+00  0.4037106294186002E+01  0.6413211494175664E-03  0.7680387843616376E+00  0.1023605395037182E+02
 0.8837838106889669E+00  0.4044306497274112E+01 -0.3720054706699097E-01  0.7302377237405951E+00  0.1024455656901529E+02
 0.9079431754342835E+00  0.4040659750580913E+01 -0.1239149610782118E-01  0.7541836797437681E+00  0.1024016925987831E+02
 0.8721834738778595E+00  0.4047675753051212E+01 -0.5031429249696093E-01  0.7171137422854889E+00  0.1024861813511349E+02
 0.8962564848718022E+00  0.4044077550244080E+01 -0.2512672148479585E-01  0.7408709452316554E+00  0.1024416796074939E+02
 0.8609606344342315E+00  0.4050931471199636E+01 -0.6309037938553155E-01  0.7044652307565762E+00  0.1025259218687635E+02
 0.8253329586947343E+00  0.4057951851407263E+01 -0.1029236480613565E+00  0.6678162008347850E+00  0.1026165230767960E+02
 0.8360219886837411E+00  0.4054896227438562E+01 -0.9017953134256690E-01  0.6797198363598088E+00  0.1025775943262122E+02
 0.7892605148213563E+00  0.4065136293341402E+01 -0.1450211897619937E+00  0.6308671334957321E+00  0.1027146760337349E+02
 0.8850154293401790E+00  0.4047355830688207E+01 -0.3761519871536171E-01  0.7281193901286598E+00  0.1024805063827399E+02
 0.8501125149514972E+00  0.4054071896452024E+01 -0.7555349082826235E-01  0.6922866952563203E+00  0.1025647148586969E+02
 0.8741990794681260E+00  0.4050494190153679E+01 -0.4988132397054795E-01  0.7159047894589725E+00  0.1025181190691539E+02
 0.8396460220756933E+00  0.4057093670381433E+01 -0.8773557822333276E-01  0.6805822192641694E+00  0.1026024953822698E+02
 0.8050280745129008E+00  0.4063735550152016E+01 -0.1274705108083103E+00  0.6453345066657658E+00  0.1026917221454372E+02
 0.8637969272836518E+00  0.4053501681118252E+01 -0.6193386132437812E-01  0.7042062881983712E+00  0.1025546881048601E+02
 0.8295596411926889E+00  0.4059995118511834E+01 -0.9966248324766232E-01  0.6693472641910501E+00  0.1026392292246209E+02
 0.8537692461531392E+00  0.4056385508447482E+01 -0.7376584644976687E-01  0.6929772188075868E+00  0.1025902252054648E+02
 0.8198503624439712E+00  0.4062777045925878E+01 -0.1113526927665115E+00  0.6585740174119230E+00  0.1026749245619930E+02
 0.7860891301719534E+00  0.4069100810190192E+01 -0.1508535344431023E+00  0.6245203164198245E+00  0.1027633164584141E+02
 0.7953909816188284E+00  0.4066470210673133E+01 -0.1392988443913919E+00  0.6347243147533078E+00  0.1027279933621844E+02
 0.7608205301418081E+00  0.4073047362146466E+01 -0.1811595560132468E+00  0.5998551071299028E+00  0.1028234632275375E+02
 0.7519821883219868E+00  0.4075492078756933E+01 -0.1925979226719434E+00  0.5902870572700265E+00  0.1028580178663531E+02
 0.7172788856556628E+00  0.4082003069758562E+01 -0.2367897173063666E+00  0.5556514969217795E+00  0.1029607397777049E+02
 0.7431932872116974E+00  0.4075045348489345E+01 -0.2019027693811301E+00  0.5833801764050413E+00  0.1028579033607157E+02
 0.7342325002120480E+00  0.4077458682968127E+01 -0.2138546998319220E+00  0.5737601791757190E+00  0.1028930679583245E+02
 0.6975078947439680E+00  0.4084671414961835E+01 -0.2608899378150171E+00  0.5369618051752590E+00  0.1030087456418923E+02
 0.7256009325911463E+00  0.4079775871661056E+01 -0.2254798674666824E+00  0.5645254114364691E+00  0.1029273333698123E+02
 0.6894709136705249E+00  0.4086728176387459E+01 -0.2723945815520556E+00  0.5285136804765953E+00  0.1030414709718730E+02
 0.6817250364005648E+00  0.4088702909603176E+01 -0.2835675544696353E+00  0.5203981739125426E+00  0.1030733836920565E+02
 0.6448221721452072E+00  0.4095817511790456E+01 -0.3327355485554712E+00  0.4840645427221155E+00  0.1031995359563516E+02
 0.6518638926004973E+00  0.4094173787754575E+01 -0.3215931833169332E+00  0.4912841289189036E+00  0.1031699207653580E+02
 0.6053908717869990E+00  0.4104034049258448E+01 -0.3830266339219504E+00  0.4455236289281199E+00  0.1033472052143522E+02
 0.7699736111834654E+00  0.4070508983757732E+01 -0.1694218359090719E+00  0.6097984019392272E+00  0.1027880636868237E+02
 0.7794500471205794E+00  0.4067873549208275E+01 -0.1573755637962778E+00  0.6201302743734427E+00  0.1027518055289090E+02
 0.8150050893105066E+00  0.4060897307671582E+01 -0.1153509941474989E+00  0.6563597930641970E+00  0.1026545742346983E+02
 0.8440981718007918E+00  0.4059156802695498E+01 -0.8536594480796479E-01  0.6821885435647547E+00  0.1026248629381109E+02
 0.8104992616077348E+00  0.4065444196287453E+01 -0.1228139539472852E+00  0.6482379587728251E+00  0.1027096189310381E+02
 0.8347489471955658E+00  0.4061820683256510E+01 -0.9672912331863859E-01  0.6718009509357143E+00  0.1026585691325919E+02
 0.8014910572669154E+00  0.4068001944455859E+01 -0.1340481668513271E+00  0.6383175235066499E+00  0.1027433569935109E+02
 0.7684598273738061E+00  0.4074059348246961E+01 -0.1732108272706597E+00  0.6052829934945095E+00  0.1028312403416050E+02
 0.8256849183087754E+00  0.4064397711340165E+01 -0.1078943364345866E+00  0.6617704037529233E+00  0.1026918635082735E+02
 0.7927968269351723E+00  0.4070458608270102E+01 -0.1450577424100409E+00  0.6287779716721066E+00  0.1027762159773338E+02
 0.8169628300767322E+00  0.4066876445120163E+01 -0.1186383639837919E+00  0.6521275094300962E+00  0.1027236454592465E+02
 0.7843851126986646E+00  0.4072827524914571E+01 -0.1558646820381180E+00  0.6195821914856035E+00  0.1028084742065197E+02
 0.7520634633863379E+00  0.4078631825981287E+01 -0.1946345721395059E+00  0.5875123511498894E+00  0.1028956133604820E+02
 0.7601124643982055E+00  0.4076392709627484E+01 -0.1840363517774215E+00  0.5962211477894042E+00  0.1028638704420705E+02
 0.7272689056316853E+00  0.4082286987744157E+01 -0.2252605162040074E+00  0.5637088115599073E+00  0.1029566389742280E+02
 0.7196066451331963E+00  0.4084378550151087E+01 -0.2356422913966994E+00  0.5555208856505531E+00  0.1029878405953893E+02
 0.6867865045241266E+00  0.4090108488112617E+01 -0.2791119468349840E+00  0.5233887559148301E+00  0.1030865454948289E+02
 0.8089829849986911E+00  0.4069270270385752E+01 -0.1279333190517802E+00  0.6432034315097596E+00  0.1027535520392954E+02
 0.7762384734684429E+00  0.4075121950556110E+01 -0.1664009700206941E+00  0.6106974475121419E+00  0.1028400277977789E+02
 0.8012501494232461E+00  0.4071418448869164E+01 -0.1370224685281132E+00  0.6347036260474166E+00  0.1027796582947427E+02
 0.7683621488582083E+00  0.4077371448268678E+01 -0.1764082026531752E+00  0.6021013996056654E+00  0.1028708060188188E+02
 0.7367784896386511E+00  0.4082864855304360E+01 -0.2151656621062707E+00  0.5710507506942367E+00  0.1029570175174610E+02
 0.7944928832557566E+00  0.4073441947762636E+01 -0.1449722882973035E+00  0.6272457213737873E+00  0.1028070296312081E+02
 0.7607570807352524E+00  0.4079512804549656E+01 -0.1860237582436433E+00  0.5938388837769679E+00  0.1028998818387812E+02
 0.7294825207981669E+00  0.4084894241725538E+01 -0.2250062359395185E+00  0.5632173954271765E+00  0.1029868935096586E+02
 0.6982235495677757E+00  0.4090172885509205E+01 -0.2653935478245423E+00  0.5328007612550346E+00  0.1030767518394546E+02
 0.6798272554081247E+00  0.4091945600610661E+01 -0.2890155811180401E+00  0.5160789102931245E+00  0.1031160545486568E+02
 0.6468902221739701E+00  0.4097504421218806E+01 -0.3348783415700941E+00  0.4842175275671352E+00  0.1032217104416058E+02
 0.6731220167518803E+00  0.4093710259404798E+01 -0.2986692418795204E+00  0.5090538847875647E+00  0.1031447840782300E+02
 0.6406631205681579E+00  0.4099071125304106E+01 -0.3442646296377060E+00  0.4777980105881692E+00  0.1032491776945093E+02
 0.6074319577142706E+00  0.4104487806568369E+01 -0.3925841409229774E+00  0.4460634081235524E+00  0.1033632873921681E+02
 0.6666621314322724E+00  0.4095404884428958E+01 -0.3080842878549614E+00  0.5023025350469265E+00  0.1031727586851298E+02
 0.6346642201429490E+00  0.4100578158931908E+01 -0.3533885854302076E+00  0.4716269266621568E+00  0.1032759365970299E+02
 0.6019736560056832E+00  0.4105761482437616E+01 -0.4014307790450525E+00  0.4405526586035347E+00  0.1033882969481339E+02
 0.5681566599531431E+00  0.4111153423608341E+01 -0.4520947195906742E+00  0.4086952812354608E+00  0.1035132491911612E+02
 0.7050974512384111E+00  0.4088315764425057E+01 -0.2557062194555844E+00  0.5400842009828519E+00  0.1030478323427138E+02
 0.7122197194643721E+00  0.4086386813665425E+01 -0.2457877511133773E+00  0.5476506741767436E+00  0.1030182191945699E+02
 0.7442916318206774E+00  0.4080785990947165E+01 -0.2050195136644190E+00  0.5791309337254936E+00  0.1029266564149370E+02
 0.5561436056550856E+00  0.4115356217032676E+01 -0.4432937735095410E+00  0.3979530036304413E+00  0.1035522806991097E+02
 0.5519737675078178E+00  0.4115530134973350E+01 -0.4553406048574650E+00  0.3940157870545622E+00  0.1035703827612394E+02
 0.5022440127766117E+00  0.4130160736747760E+01 -0.4977614191558519E+00  0.3470209452396876E+00  0.1038034939571163E+02
 0.5478762567842619E+00  0.4115813485908410E+01 -0.4663705619180344E+00  0.3901109777169396E+00  0.1035881640482818E+02
 0.5003766633469081E+00  0.4129188932408510E+01 -0.5104215428718268E+00  0.3453810338219331E+00  0.1038097092010725E+02
 0.5439807333223350E+00  0.4116160149846324E+01 -0.4764078081471657E+00  0.3863719220042620E+00  0.1036053853695222E+02
 0.4988883329313625E+00  0.4128297922897050E+01 -0.5212688678760452E+00  0.3440427928104026E+00  0.1038132958322307E+02
 0.4404449007077052E+00  0.4152068261866890E+01 -0.5374985376664639E+00  0.2899212371370383E+00  0.1040990357642365E+02
 0.4396748540637817E+00  0.4153577625539485E+01 -0.5276457649118311E+00  0.2890559738230655E+00  0.1040888661157397E+02
 0.5400392199759461E+00  0.4116530753294361E+01 -0.4861215991799739E+00  0.3826077407609684E+00  0.1036227331738172E+02
 0.4967529989700028E+00  0.4127327172850861E+01 -0.5333536479494647E+00  0.3422124912774904E+00  0.1038189458296824E+02
 0.5361307511421978E+00  0.4116914393398049E+01 -0.4955007551289701E+00  0.3788857340023009E+00  0.1036401250284864E+02
 0.4946420603705171E+00  0.4126407104934803E+01 -0.5450328723351535E+00  0.3403979425947872E+00  0.1038257379961684E+02
 0.4434838332996898E+00  0.4143012172889088E+01 -0.5824018641547641E+00  0.2937722058853061E+00  0.1040791889701304E+02
 0.5322989905386107E+00  0.4117328570085042E+01 -0.5044579862484042E+00  0.3752352307490340E+00  0.1036576920692604E+02
 0.4924573460522684E+00  0.4125737051798803E+01 -0.5556327455862793E+00  0.3384701389636833E+00  0.1038348833141456E+02
 0.4446295721595656E+00  0.4140019358370137E+01 -0.5976909849727056E+00  0.2950373413097596E+00  0.1040739145411801E+02
 0.3859357390647691E+00  0.4165234458353115E+01 -0.6164709788532334E+00  0.2428867247179800E+00  0.1043796976108228E+02
 0.3821121679109521E+00  0.4169593863103801E+01 -0.6015300015194188E+00  0.2393378216364745E+00  0.1043956286663163E+02
 0.4410073996405204E+00  0.4147649957351748E+01 -0.5616278984318701E+00  0.2911149156355139E+00  0.1040949665514617E+02
 0.3670328513368833E+00  0.4179465509086354E+01 -0.5859846957127627E+00  0.2263217437526057E+00  0.1044721826411780E+02
 0.5729400526070239E+00  0.4110203089456300E+01 -0.4434133982713682E+00  0.4134120175091718E+00  0.1034909851812341E+02
 0.5778765802275732E+00  0.4109231004743982E+01 -0.4344104596970319E+00  0.4182868688766817E+00  0.1034683160781776E+02
 0.5829651725090912E+00  0.4108235540438332E+01 -0.4250694402312444E+00  0.4233210136636706E+00  0.1034452030316370E+02
 0.6189611224574980E+00  0.4101804328294608E+01 -0.3740028893254584E+00  0.4577352733849159E+00  0.1033114307549040E+02
 0.6130884933001171E+00  0.4103171360966211E+01 -0.3834448386134920E+00  0.4517845965155898E+00  0.1033377129964949E+02
 0.6533547435519171E+00  0.4095876132936649E+01 -0.3252139708151349E+00  0.4908965257670764E+00  0.1031935173933094E+02
 0.5882271716510891E+00  0.4107217419524630E+01 -0.4153302091392417E+00  0.4285331914406779E+00  0.1034215826929882E+02
 0.5937309543765483E+00  0.4106179621691831E+01 -0.4050512921421054E+00  0.4339801399126222E+00  0.1033973223246515E+02
 0.6314098738439812E+00  0.4098922708627078E+01 -0.3540651640199733E+00  0.4703808451029766E+00  0.1032568750446690E+02
 0.5994558096169766E+00  0.4105119903478477E+01 -0.3942696315879854E+00  0.4396447629730848E+00  0.1033724513097719E+02
 0.6379952331376917E+00  0.4097403299957957E+01 -0.3435568666793085E+00  0.4770897295960842E+00  0.1032286039163914E+02
 0.6742493927922119E+00  0.4090600376941320E+01 -0.2944326931585066E+00  0.5125915416879483E+00  0.1031045170700418E+02
 0.6940047067589168E+00  0.4088198411996468E+01 -0.2689451298161200E+00  0.5309910846306342E+00  0.1030562798835172E+02
 0.7014897527434359E+00  0.4086211786586054E+01 -0.2585090663237558E+00  0.5388969518653794E+00  0.1030252148399990E+02
 0.7352141296603854E+00  0.4080110053470863E+01 -0.2146337473893864E+00  0.5722252921398840E+00  0.1029246050907109E+02
 0.7092453380212056E+00  0.4084147486114614E+01 -0.2477942115729211E+00  0.5471134329824907E+00  0.1029933689640878E+02
 0.7434494950858450E+00  0.4077845529580771E+01 -0.2037507613263764E+00  0.5810811739245925E+00  0.1028917279394603E+02
 0.7771144803716274E+00  0.4071630415583425E+01 -0.1621532954170081E+00  0.6147102768965197E+00  0.1027977489617313E+02
 0.6670304807804429E+00  0.4092426799733884E+01 -0.3049945704673421E+00  0.5050763614153263E+00  0.1031349270292605E+02
 0.6600654687372903E+00  0.4094184858231609E+01 -0.3152546604772460E+00  0.4978458656363671E+00  0.1031646032976032E+02
 0.6250581425887598E+00  0.4100392400069090E+01 -0.3642114616619173E+00  0.4639237245666685E+00  0.1032845619415140E+02
 0.8447647799962928E+00  0.4063150363296621E+01 -0.8617686314038628E-01  0.6788608928582207E+00  0.1026733208886231E+02
 0.8468761411821554E+00  0.4061900660218409E+01 -0.8407581369104518E-01  0.6815596480959421E+00  0.1026503434779847E+02
 0.8550969115499827E+00  0.4059844151020527E+01 -0.7509801196109564E-01  0.6904513197634282E+00  0.1026262182319943E+02
 0.8813485366013230E+00  0.4055178940055465E+01 -0.4538536405648530E-01  0.7171833599342808E+00  0.1025760328843944E+02
 0.8596856501866759E+00  0.4057986381974390E+01 -0.7107272941555150E-01  0.6961855590463573E+00  0.1026068764863848E+02
 0.8692051849074889E+00  0.4055235613053279E+01 -0.6002092790984082E-01  0.7068316587444643E+00  0.1025725194427498E+02
 0.9067706701348083E+00  0.4047777686867911E+01 -0.2121284928601300E-01  0.7455996218022642E+00  0.1024812260126190E+02
 0.8788722958890609E+00  0.4052471994409106E+01 -0.4866218638291010E-01  0.7176584296614745E+00  0.1025386703473712E+02
 0.8888646344340397E+00  0.4049622383756208E+01 -0.3703776292532673E-01  0.7288826189033726E+00  0.1025044492699830E+02
 0.9274579437555421E+00  0.4041810414584170E+01  0.1600377210216129E-02  0.7690020397519378E+00  0.1024099276440496E+02
 0.9173074985276537E+00  0.4044764388144013E+01 -0.9703469392929494E-02  0.7574592578929984E+00  0.1024446136416650E+02
 0.9623775673484328E+00  0.4035335708530986E+01  0.3506666893078612E-01  0.8052270363143162E+00  0.1023434684978370E+02
 0.9757280450730665E+00  0.4031871009137939E+01  0.4849744873796114E-01  0.8201909770500088E+00  0.1023065250010152E+02
 0.9879505246397636E+00  0.4030459266007229E+01  0.5894126636023388E-01  0.8319414458908615E+00  0.1022925840017260E+02
 0.9515187599627478E+00  0.4038830657096251E+01  0.2343714090773517E-01  0.7925463313055944E+00  0.1023867043567530E+02
 0.8946581751143832E+00  0.4051597572538945E+01 -0.3105978477579826E-01  0.7313737031191797E+00  0.1025192765864501E+02
 0.9339610767286720E+00  0.4043121122365869E+01  0.1011043884771077E-01  0.7731234983427001E+00  0.1024293993715224E+02
 0.8991266273318690E+00  0.4046666588463497E+01 -0.2517760942420905E-01  0.7404667577331097E+00  0.1024692223697614E+02
 0.9097649420904794E+00  0.4043606924672175E+01 -0.1305684295114734E-01  0.7525109857161951E+00  0.1024333573654689E+02
 0.9489493692163001E+00  0.4035651771907714E+01  0.2531805729115154E-01  0.7934752018901083E+00  0.1023396758565661E+02
 0.9207202613908967E+00  0.4040425649500489E+01 -0.7367740977166539E-03  0.7649809242885416E+00  0.1023964633034908E+02
 0.9321256180944028E+00  0.4037117668327380E+01  0.1177513275831616E-01  0.7780103930729810E+00  0.1023588536391447E+02
 0.9715488274530101E+00  0.4029132365956635E+01  0.5004426172700328E-01  0.8193955884809889E+00  0.1022668365739110E+02
 0.9603244218343853E+00  0.4032434289638172E+01  0.3769852691581500E-01  0.8064488311874130E+00  0.1023039142816448E+02
 0.1007863821221842E+01  0.4022314307622342E+01  0.8200462710638395E-01  0.8575601737422849E+00  0.1022004130239741E+02
 0.1022189186990744E+01  0.4018586153572438E+01  0.9617121666688169E-01  0.8738272892932526E+00  0.1021628846431210E+02
 0.9439388376397425E+00  0.4033656307913276E+01  0.2443415561297548E-01  0.7915869529977007E+00  0.1023198970534804E+02
 0.9562970718910686E+00  0.4030035914554354E+01  0.3726118520360713E-01  0.8058498293951386E+00  0.1022798217081283E+02
 0.9953132234269452E+00  0.4022227935251591E+01  0.7524956076644201E-01  0.8469043198948674E+00  0.1021922068429123E+02
 0.9691353433802220E+00  0.4026240291913892E+01  0.5027171659636968E-01  0.8207593535033169E+00  0.1022381553586373E+02
 0.1007948711947940E+01  0.4018588210867320E+01  0.8790293382196401E-01  0.8616068958163631E+00  0.1021541966603459E+02
 0.1056104779372664E+01  0.4008435611754130E+01  0.1323870089933751E+00  0.9136795677049014E+00  0.1020539374077402E+02
 0.1088403991656827E+01  0.4001865659930446E+01  0.1580144562528702E+00  0.9487849685102275E+00  0.1019925197392754E+02
 0.1046521972824851E+01  0.4011607001939113E+01  0.1215584055453603E+00  0.9021266432661839E+00  0.1020894260338393E+02
 0.1062281317724105E+01  0.4009269636429204E+01  0.1318901460782090E+00  0.9181902936767184E+00  0.1020671151583712E+02
 0.1031879057003889E+01  0.4015418848432711E+01  0.1069968695809689E+00  0.8854229021269497E+00  0.1021268964894520E+02
 0.9834851400043239E+00  0.4025733662165108E+01  0.6275173462328405E-01  0.8331265657342621E+00  0.1022302609296928E+02
 0.1037095413527227E+01  0.4016447971595796E+01  0.1073605240094956E+00  0.8887704818447346E+00  0.1021414139059669E+02
 0.9985312691345859E+00  0.4025351039956002E+01  0.7186043170369046E-01  0.8464376003949048E+00  0.1022351400330992E+02
 0.1012963012653822E+01  0.4023335445648133E+01  0.8384791881945715E-01  0.8607323996459413E+00  0.1022142304317256E+02
 0.9846826055259920E+00  0.4028942264063940E+01  0.5809825813493438E-01  0.8308107797468510E+00  0.1022721207581846E+02
 0.9382782383925690E+00  0.4038768914328650E+01  0.1347488240908630E-01  0.7812570303721402E+00  0.1023754203912989E+02
 0.1432562505006204E+01  0.3910179988135460E+01 -0.4361822285871697E+00  0.1363338568256940E+01  0.1011907684645636E+02
 0.1410730291418866E+01  0.3915688291212387E+01 -0.4209265319283209E+00  0.1336470745659923E+01  0.1012329926767694E+02
 0.1380523918458414E+01  0.3919494456582856E+01 -0.4020691255762081E+00  0.1304936432914579E+01  0.1012516630519143E+02
 0.1359590321652345E+01  0.3925360515660619E+01 -0.3864088903335008E+00  0.1278612823555830E+01  0.1012998295526798E+02
 0.1338915675988470E+01  0.3931073448413740E+01 -0.3707977267174077E+00  0.1252833146386154E+01  0.1013468290745592E+02
 0.1391573556179393E+01  0.3921290378513218E+01 -0.4064671092294926E+00  0.1312029351717539E+01  0.1012796353022874E+02
 0.1370273567962742E+01  0.3926708983927074E+01 -0.3911145667749595E+00  0.1285971652170914E+01  0.1013220212411658E+02
 0.1318908181876665E+01  0.3936723918596106E+01 -0.3552801161433490E+00  0.1227866267827245E+01  0.1013943897939017E+02
 0.1299143932108335E+01  0.3942221731776174E+01 -0.3398452554764019E+00  0.1203403754465591E+01  0.1014406644121073E+02
 0.1442869900357770E+01  0.3909447141659751E+01 -0.4387839233911398E+00  0.1373999563737897E+01  0.1011882540634067E+02
 0.1337893814172984E+01  0.3926944953664940E+01 -0.3733223564723430E+00  0.1257894065990907E+01  0.1013064490127359E+02
 0.1316775681130603E+01  0.3932917006611699E+01 -0.3571356229213292E+00  0.1231427347306833E+01  0.1013565063489023E+02
 0.1297206605190050E+01  0.3934146396100656E+01 -0.3446528827172046E+00  0.1213023858078824E+01  0.1013590822699545E+02
 0.1276168982415316E+01  0.3940192146656447E+01 -0.3280444550353672E+00  0.1186706854339488E+01  0.1014110840371962E+02
 0.1255648142025690E+01  0.3946110241227939E+01 -0.3115468848855664E+00  0.1161144995072844E+01  0.1014626764073392E+02
 0.1256345211050710E+01  0.3941761744764870E+01 -0.3143882350774169E+00  0.1167650077451515E+01  0.1014166845535556E+02
 0.1235457007965287E+01  0.3947845536459870E+01 -0.2973644844244329E+00  0.1141603938136521E+01  0.1014703931457868E+02
 0.1214809268345233E+01  0.3949931929321582E+01 -0.2821809791387127E+00  0.1121205447710768E+01  0.1014816348233291E+02
 0.1194131374915240E+01  0.3956032362610455E+01 -0.2647102655566265E+00  0.1095524811611959E+01  0.1015369185030364E+02
 0.1174004714786103E+01  0.3961982528965385E+01 -0.2474041070985049E+00  0.1070646389725818E+01  0.1015915941201737E+02
 0.1215110431038217E+01  0.3953789615579847E+01 -0.2804785451398811E+00  0.1116344140186284E+01  0.1015235591778378E+02
 0.1195301711624150E+01  0.3959591911434687E+01 -0.2637419031318520E+00  0.1091860748323372E+01  0.1015761488282387E+02
 0.1154429027205999E+01  0.3967779996878875E+01 -0.2302752962820695E+00  0.1046563073697248E+01  0.1016456084231322E+02
 0.1135405647092792E+01  0.3973422146890693E+01 -0.2133399949941380E+00  0.1023269316919586E+01  0.1016989067799734E+02
 0.1256449608376244E+01  0.3950126924922814E+01 -0.3091514279626363E+00  0.1156394051134055E+01  0.1015045476029278E+02
 0.1237330457524660E+01  0.3955602045429830E+01 -0.2934144176333354E+00  0.1132816239083598E+01  0.1015527101493744E+02
 0.1216180811105948E+01  0.3957547392559541E+01 -0.2789400367057674E+00  0.1112287218099777E+01  0.1015642918485520E+02
 0.1197234481619352E+01  0.3963058649129095E+01 -0.2628585562130786E+00  0.1088981153222087E+01  0.1016141551943846E+02
 0.1178790928438499E+01  0.3968434712147609E+01 -0.2469353535211922E+00  0.1066390757497524E+01  0.1016634535815309E+02
 0.1176030786769909E+01  0.3965250100098073E+01 -0.2471668891431541E+00  0.1068147169917029E+01  0.1016281149402878E+02
 0.1157294720736287E+01  0.3970762231907337E+01 -0.2307671011732334E+00  0.1045193852712305E+01  0.1016794162658115E+02
 0.1116935420979542E+01  0.3978906906714410E+01 -0.1966146970403271E+00  0.1000758454468916E+01  0.1017514365355741E+02
 0.1099012095135079E+01  0.3984234247381926E+01 -0.1801123981118949E+00  0.9790155494847681E+00  0.1018031693684362E+02
 0.1139092402400775E+01  0.3976126223113214E+01 -0.2145549776663526E+00  0.1022992586954312E+01  0.1017299906967827E+02
 0.1121411542259163E+01  0.3981343369604677E+01 -0.1985388693325089E+00  0.1001522412405341E+01  0.1017798353524118E+02
 0.1081616435273495E+01  0.3989407839800110E+01 -0.1638366895593208E+00  0.9580105272307186E+00  0.1018541150219975E+02
 0.1064720322185065E+01  0.3994433512819181E+01 -0.1477846506769897E+00  0.9377037837010425E+00  0.1019043048710954E+02
 0.1235658944706339E+01  0.3951895013523282E+01 -0.2951766150818509E+00  0.1136347321969816E+01  0.1015137324952945E+02
 0.1276037335189595E+01  0.3944518692386517E+01 -0.3250241864563692E+00  0.1180660773360243E+01  0.1014557338112410E+02
 0.1296162756772798E+01  0.3938784949935675E+01 -0.3410222586733279E+00  0.1205681795570672E+01  0.1014064455669488E+02
 0.1277783497620590E+01  0.3952589171424914E+01 -0.3187585352899429E+00  0.1171435845481893E+01  0.1015421351903480E+02
 0.1258402179889215E+01  0.3957609451137828E+01 -0.3035507299978372E+00  0.1148162577949822E+01  0.1015840071243255E+02
 0.1225068319859175E+01  0.3963145146697595E+01 -0.2793556208744854E+00  0.1112395295710464E+01  0.1016234738472775E+02
 0.1207832688466118E+01  0.3968091782287058E+01 -0.2646463581206105E+00  0.1091370423744612E+01  0.1016683875791534E+02
 0.1190731933696221E+01  0.3972900746414847E+01 -0.2500279720657931E+00  0.1070685815539767E+01  0.1017118446060944E+02
 0.1243134975005294E+01  0.3962226254247300E+01 -0.2904382653556139E+00  0.1129190147305857E+01  0.1016264749634029E+02
 0.1224366550332451E+01  0.3967123222150892E+01 -0.2753612740589839E+00  0.1106794284113113E+01  0.1016687770569289E+02
 0.1174398078649070E+01  0.3977598561359777E+01 -0.2356676533354284E+00  0.1050908822453048E+01  0.1017553701548115E+02
 0.1157950630619008E+01  0.3982271201497756E+01 -0.2212895988630849E+00  0.1031157806925241E+01  0.1017998248558992E+02
 0.1290441414528105E+01  0.3951067723828499E+01 -0.3246298942135183E+00  0.1184635862409811E+01  0.1015318098385308E+02
 0.1182915309170258E+01  0.3971282899571355E+01 -0.2470596696112640E+00  0.1066224566489324E+01  0.1016944631649410E+02
 0.1165708188457958E+01  0.3976246483066643E+01 -0.2319523928140992E+00  0.1045346078985107E+01  0.1017403812917317E+02
 0.1143422099823338E+01  0.3978771626881551E+01 -0.2156110763845277E+00  0.1023340481663766E+01  0.1017600714549776E+02
 0.1126475034604269E+01  0.3983732824003362E+01 -0.2002262891610928E+00  0.1002843188665961E+01  0.1018073120261224E+02
 0.1109976559124888E+01  0.3988566496612771E+01 -0.1850226304262320E+00  0.9829736433899054E+00  0.1018539939208091E+02
 0.1104237703146643E+01  0.3986416111653145E+01 -0.1827209864516525E+00  0.9807596133742902E+00  0.1018289513877512E+02
 0.1087545317435425E+01  0.3991349567558354E+01 -0.1671011796185510E+00  0.9606681577809698E+00  0.1018773760975141E+02
 0.1048286480079201E+01  0.3999319466553091E+01 -0.1319523313251602E+00  0.9180451145365308E+00  0.1019537843297779E+02
 0.1032278976864924E+01  0.4004073366197847E+01 -0.1163412575547542E+00  0.8989867190849851E+00  0.1020025875800997E+02
 0.1071313153718176E+01  0.3996147534328820E+01 -0.1516782613778375E+00  0.9412170253613010E+00  0.1019251036899431E+02
 0.1055512414701598E+01  0.4000816262800769E+01 -0.1364549453055612E+00  0.9223669397538576E+00  0.1019721792571836E+02
 0.1016684159945198E+01  0.4008697143581132E+01 -0.1009586507515074E+00  0.8805078637286254E+00  0.1020506873592992E+02
 0.1001515767678927E+01  0.4013185912025740E+01 -0.8581570103977720E-01  0.8626207781091645E+00  0.1020980081034030E+02
 0.1116803539643867E+01  0.3990408110080535E+01 -0.1876536851382735E+00  0.9864562429495193E+00  0.1018749885433694E+02
 0.1101227089653632E+01  0.3994942441139925E+01 -0.1732618513582130E+00  0.9678361922829476E+00  0.1019196906852056E+02
 0.1078301713465882E+01  0.3997850915995513E+01 -0.1551762981154688E+00  0.9450647559934207E+00  0.1019454118329156E+02
 0.1063064201267873E+01  0.4002317133004301E+01 -0.1405055988616261E+00  0.9269489989886377E+00  0.1019904104186391E+02
 0.1048247804271343E+01  0.4006663346493545E+01 -0.1261361948433005E+00  0.9093818269912327E+00  0.1020344480750703E+02
 0.1040116988981536E+01  0.4005361492548925E+01 -0.1214376142584439E+00  0.9040813550998467E+00  0.1020186193566346E+02
 0.1025104961219249E+01  0.4009787514078686E+01 -0.1066370139894388E+00  0.8863305901349016E+00  0.1020644426119058E+02
 0.9868053355007893E+00  0.4017530451934634E+01 -0.7092498463309947E-01  0.8453579469900323E+00  0.1021444390659774E+02
 0.9725701011355694E+00  0.4021725694060631E+01 -0.5629789990471585E-01  0.8287339408649435E+00  0.1021899139069704E+02
 0.1010476658107754E+01  0.4014095822360679E+01 -0.9204701141968157E-01  0.8691132990667595E+00  0.1021097471499777E+02
 0.9962545404579661E+00  0.4018287392451647E+01 -0.7771054056911582E-01  0.8524403412667024E+00  0.1021544906189189E+02
 0.9588007196441539E+00  0.4025775409733581E+01 -0.4193677214510828E-01  0.8127310660686750E+00  0.1022344765199286E+02
 0.9454726233206788E+00  0.4029691494852742E+01 -0.2785264657440015E-01  0.7973097663719219E+00  0.1022782536255396E+02
 0.1093933738909256E+01  0.3993269197095952E+01 -0.1700084449259148E+00  0.9637325819423169E+00  0.1018999821724432E+02
 0.1132651748761015E+01  0.3985814918886921E+01 -0.2022402886080089E+00  0.1005462002021761E+01  0.1018307639999168E+02
 0.1148970286281368E+01  0.3981098683557020E+01 -0.2170007211200069E+00  0.1025104404919232E+01  0.1017860304087360E+02
 0.1160864687116551E+01  0.3973670251757787E+01 -0.2311856131571558E+00  0.1044525063444587E+01  0.1017120584252360E+02
 0.1200554255494512E+01  0.3966187462947965E+01 -0.2623419204095860E+00  0.1087725752028873E+01  0.1016478227401055E+02
 0.1243039504799864E+01  0.3958103877297607E+01 -0.2942822507667256E+00  0.1134298995428264E+01  0.1015789535288232E+02
 0.1261190136948910E+01  0.3952915551066577E+01 -0.3093142084459427E+00  0.1156608031713600E+01  0.1015329995341533E+02
 0.1218711876099255E+01  0.3960963718798468E+01 -0.2777950967185205E+00  0.1109935913887421E+01  0.1016006468981646E+02
 0.1280069021885231E+01  0.3947641288646558E+01 -0.3245310543900549E+00  0.1179788500038286E+01  0.1014874624119166E+02
 0.1294055843677921E+01  0.3947696722814942E+01 -0.3322830669886006E+00  0.1191789274147994E+01  0.1014979087218079E+02
 0.1326331648204846E+01  0.3941171670068996E+01 -0.3526989084633626E+00  0.1228791281247725E+01  0.1014476167441205E+02
 0.1352055858127906E+01  0.3932077993928776E+01 -0.3768648700149178E+00  0.1262906941290093E+01  0.1013679268077938E+02
 0.1402706879203272E+01  0.3920288229140793E+01 -0.4099160464048877E+00  0.1323665601448967E+01  0.1012747271886856E+02
 0.1331358506589324E+01  0.3937386822383744E+01 -0.3615162809793660E+00  0.1237730476863586E+01  0.1014104154941606E+02
 0.1314121656187429E+01  0.3942523573995914E+01 -0.3476226620138557E+00  0.1216032729987313E+01  0.1014556133338448E+02
 0.1363800731792750E+01  0.3930889545429725E+01 -0.3811757285722643E+00  0.1275187187331887E+01  0.1013615519216829E+02
 0.1172395315786843E+01  0.3958723334090137E+01 -0.2478629721242044E+00  0.1073477553417654E+01  0.1015553233860284E+02
 0.1151958742865699E+01  0.3964824321483102E+01 -0.2299035449159775E+00  0.1048223969056043E+01  0.1016121684074018E+02
 0.1128871636210359E+01  0.3968233127551946E+01 -0.2112553295077817E+00  0.1024201546715393E+01  0.1016394902314779E+02
 0.1108698857322335E+01  0.3974315993467116E+01 -0.1927652538482091E+00  0.9994317403889602E+00  0.1016978710556907E+02
 0.1089104736677530E+01  0.3980221847660736E+01 -0.1745164156317146E+00  0.9755055806777350E+00  0.1017554826953906E+02
 0.1083799165227974E+01  0.3978637973757341E+01 -0.1722918235608484E+00  0.9728514908070433E+00  0.1017369925109826E+02
 0.1063895360809558E+01  0.3984682635153572E+01 -0.1532594597858992E+00  0.9486132790749993E+00  0.1017969588819206E+02
 0.1036151734215989E+01  0.3990309591502228E+01 -0.1314600318397020E+00  0.9181982947635052E+00  0.1018533119202555E+02
 0.1016529129901200E+01  0.3996289650243370E+01 -0.1118959098694914E+00  0.8945628791461658E+00  0.1019146824270868E+02
 0.9975483730698864E+00  0.4002051350134565E+01 -0.9273168474701907E-01  0.8718473365267017E+00  0.1019748217231191E+02
 0.1044593354250475E+01  0.3990532452209278E+01 -0.1345170226132421E+00  0.9252476411823130E+00  0.1018559483332798E+02
 0.1025881953241479E+01  0.3996189416702368E+01 -0.1161187943472596E+00  0.9027285470568392E+00  0.1019139078526265E+02
 0.9792760546874220E+00  0.4007576953057991E+01 -0.7403409008690312E-01  0.8501174225696490E+00  0.1020334715620191E+02
 0.9618479464558495E+00  0.4012832555262229E+01 -0.5596687779281283E-01  0.8295098081549166E+00  0.1020901025557742E+02
 0.9833544452848939E+00  0.4004150560224931E+01 -0.9111829880064021E-01  0.8572021797679843E+00  0.1020004291366252E+02
 0.9641622523965001E+00  0.4010026168823003E+01 -0.7116767581586503E-01  0.8344406024970518E+00  0.1020632890223105E+02
 0.9196078486088231E+00  0.4022269131796979E+01 -0.5867319126074733E-01  0.7831882111665414E+00  0.1022018213828399E+02
 0.9010720259041876E+00  0.4028072783711600E+01 -0.3852229266136957E-01  0.7617193356048693E+00  0.1022679688331338E+02
 0.8839520402535276E+00  0.4033292051022271E+01 -0.1894743551812662E-01  0.7420290898418248E+00  0.1023251430056460E+02
 0.8350216502312130E+00  0.4048061627082664E+01 -0.5195694727785424E-01  0.6851588795989068E+00  0.1024607193402346E+02
 0.8176021278374962E+00  0.4053736626337825E+01 -0.3222692982717798E-01  0.6657042049473532E+00  0.1025244798729863E+02
 0.8010426481994226E+00  0.4059108655647845E+01 -0.1334387357640678E-01  0.6473604878199706E+00  0.1025863892630820E+02
 0.7861194637341299E+00  0.4063907878951143E+01  0.4693034149331207E-02  0.6309535014602105E+00  0.1026422922226172E+02
 0.9121515369817362E+00  0.4025750425135965E+01 -0.1483307780837156E-01  0.7735510384385408E+00  0.1022357079490972E+02
 0.8966616982205853E+00  0.4030381247410696E+01  0.2592376470070859E-02  0.7556299325544357E+00  0.1022877643858155E+02
 0.8529391842834043E+00  0.4042701179246184E+01  0.1753299256275548E-01  0.7066692439912110E+00  0.1024314687511085E+02
 0.8389294363846814E+00  0.4046884805523524E+01  0.3491459847362705E-01  0.6908338690995073E+00  0.1024792475461143E+02
 0.8245500461701023E+00  0.4050904429344675E+01  0.5489341454968700E-01  0.6748996993262509E+00  0.1025268662626202E+02
 0.7734506253760225E+00  0.4067911924276004E+01  0.2149286278724496E-01  0.6171011707803141E+00  0.1026882128506749E+02
 0.7598538882514089E+00  0.4072412417330929E+01  0.3891503118719036E-01  0.6023776856983718E+00  0.1027491520555460E+02
 0.7468436113899121E+00  0.4075879992596854E+01  0.6837405896412965E-01  0.5890356142858940E+00  0.1028048655708769E+02
 0.7355266811900089E+00  0.4078302104972738E+01  0.9889678255011865E-01  0.5776210192136081E+00  0.1028445481971662E+02
 0.8674667629247186E+00  0.4038371710088263E+01 -0.1748827520713943E-03  0.7232011605315117E+00  0.1023845610462870E+02
 0.9284502594933252E+00  0.4020856570869968E+01 -0.3285189702871099E-01  0.7925197437112922E+00  0.1021816887090921E+02
 0.9458755120035053E+00  0.4015584638446310E+01 -0.5171768752058319E-01  0.8129039888206212E+00  0.1021234644543223E+02
 0.9082045966399563E+00  0.4037245327372911E+01  0.9940117719932948E-02  0.7580650193085824E+00  0.1023643755067598E+02
 0.8957732987009455E+00  0.4040866715109465E+01  0.2371444857144929E-01  0.7438860840898079E+00  0.1024068338777631E+02
 0.8705284014573257E+00  0.4045022217496211E+01  0.4999279021152032E-01  0.7185052582288856E+00  0.1024576905897650E+02
 0.8585780659192263E+00  0.4048467047795714E+01  0.6371694973364778E-01  0.7050282574552771E+00  0.1024996767250689E+02
 0.8470721025867495E+00  0.4051773815670455E+01  0.7711064199768294E-01  0.6921087091163801E+00  0.1025405848428181E+02
 0.8322633823916650E+00  0.4053047043536503E+01  0.9248960239751873E-01  0.6784743336167723E+00  0.1025591205571220E+02
 0.8208686199282600E+00  0.4056280900994135E+01  0.1061320392194089E+00  0.6657894584630288E+00  0.1026003736324683E+02
 0.7931516822438530E+00  0.4061396010603353E+01  0.1374932210775467E+00  0.6377350200719168E+00  0.1026705041457422E+02
 0.7824135046806171E+00  0.4064371308643356E+01  0.1510413435692527E+00  0.6259591031731724E+00  0.1027105423450057E+02
 0.7720581095149419E+00  0.4067223498080365E+01  0.1642522318340016E+00  0.6146555010577179E+00  0.1027495778122432E+02
 0.8099127342844519E+00  0.4059377284861037E+01  0.1194294627831749E+00  0.6536467140930120E+00  0.1026404917057862E+02
 0.7993644617592259E+00  0.4062345407619018E+01  0.1324053322629517E+00  0.6420065239452954E+00  0.1026795617285628E+02
 0.7620579867985567E+00  0.4069960972140686E+01  0.1771489387746208E+00  0.6037891409436544E+00  0.1027876679833448E+02
 0.7524039485831837E+00  0.4072589548318935E+01  0.1897328395854352E+00  0.5933441870499258E+00  0.1028248688375755E+02
 0.7525940009222019E+00  0.4070334024098468E+01  0.1845884245688659E+00  0.5956727029058277E+00  0.1027957787696463E+02
 0.7426084032464761E+00  0.4072997345421302E+01  0.1980969159771410E+00  0.5849193746681023E+00  0.1028341289639762E+02
 0.7093250277528617E+00  0.4080583515123654E+01  0.2319253463930021E+00  0.5509664990040343E+00  0.1029434454602815E+02
 0.7002361187311282E+00  0.4082802830466752E+01  0.2458500944413682E+00  0.5414256622599301E+00  0.1029787166146388E+02
 0.6913200033964069E+00  0.4084938182547210E+01  0.2596067159971482E+00  0.5321250712357189E+00  0.1030136589512518E+02
 0.6597240727333947E+00  0.4094333416192550E+01  0.2732805677977687E+00  0.4998954915990535E+00  0.1031345969253018E+02
 0.6517873860727197E+00  0.4095728865900608E+01  0.2896617830021759E+00  0.4919551609251632E+00  0.1031639590803828E+02
 0.5942403476922791E+00  0.4117557314084151E+01  0.2912283933104645E+00  0.4330333346865777E+00  0.1034133983116950E+02
 0.5891723768910708E+00  0.4116480125479764E+01  0.3187113959430802E+00  0.4287571455769954E+00  0.1034281240716367E+02
 0.5860807167067520E+00  0.4115202741452846E+01  0.3418913921908844E+00  0.4261792121668145E+00  0.1034381196037698E+02
 0.6442983245051251E+00  0.4096975605482166E+01  0.3056929229329548E+00  0.4844860297787580E+00  0.1031922654875475E+02
 0.6372053060038396E+00  0.4098198637606249E+01  0.3206810800296458E+00  0.4773984763245984E+00  0.1032205093197619E+02
 0.5824101067470774E+00  0.4114722323408274E+01  0.3603993358161748E+00  0.4228383577690794E+00  0.1034545074258588E+02
 0.5780254502435934E+00  0.4114816256993604E+01  0.3762043771219237E+00  0.4187008782501273E+00  0.1034753150171351E+02
 0.7144776432729572E+00  0.4080349897173218E+01  0.2368994978502947E+00  0.5549228163175423E+00  0.1029439644673108E+02
 0.7057626962943840E+00  0.4082597457196389E+01  0.2491529856012255E+00  0.5457048633706262E+00  0.1029787200355589E+02
 0.6744763329684713E+00  0.4088913644844618E+01  0.2859633487974450E+00  0.5146510225717696E+00  0.1030808973213959E+02
 0.6665727783098402E+00  0.4090769465718761E+01  0.2984156066724460E+00  0.5064820254356618E+00  0.1031129846534471E+02
 0.6590233786463884E+00  0.4092556188237877E+01  0.3102706520943728E+00  0.4986891888109038E+00  0.1031441552849948E+02
 0.6303648233437059E+00  0.4099439086076361E+01  0.3346675981813414E+00  0.4705506005545139E+00  0.1032488522045179E+02
 0.6237615853722672E+00  0.4100675856811339E+01  0.3477009812517449E+00  0.4639254840457913E+00  0.1032760546947565E+02
 0.5733915650212065E+00  0.4115115314504291E+01  0.3901771963773353E+00  0.4142499282432359E+00  0.1034934506571982E+02
 0.5693194862021352E+00  0.4115327370135029E+01  0.4025942763673725E+00  0.4103031182351108E+00  0.1035072688909311E+02
 0.6175319884713629E+00  0.4101868073678273E+01  0.3597726132211164E+00  0.4576603392016327E+00  0.1033015890084247E+02
 0.6114689646058526E+00  0.4103030031714520E+01  0.3713624845626258E+00  0.4515852926493816E+00  0.1033269598584129E+02
 0.5651622530523693E+00  0.4115439514099242E+01  0.4155548901577300E+00  0.4063586107664986E+00  0.1035229487749084E+02
 0.5605154065867554E+00  0.4115387142143200E+01  0.4299229648712559E+00  0.4020542578306640E+00  0.1035385718491791E+02
 0.6827393835480234E+00  0.4086962024468865E+01  0.2730313239614450E+00  0.5232103869085042E+00  0.1030475193552069E+02
 0.7235334780514014E+00  0.4078001168405891E+01  0.2242881085722344E+00  0.5645360499691516E+00  0.1029082107293350E+02
 0.7329153117229856E+00  0.4075552124596959E+01  0.2113403079301159E+00  0.5745370745327224E+00  0.1028716116526633E+02
 0.5035251377104927E+00  0.4134176456195173E+01  0.4640390716208820E+00  0.3476980359815527E+00  0.1037969276987931E+02
 0.5037732433183110E+00  0.4131535207720039E+01  0.4827020465765383E+00  0.3482625906542576E+00  0.1037956280161634E+02
 0.4294500453608437E+00  0.4164564752693691E+01  0.4842975680254373E+00  0.2792433996114742E+00  0.1041465906212785E+02
 0.4412955616169740E+00  0.4156845769897772E+01  0.5030130430286621E+00  0.2901990974849780E+00  0.1041021220489639E+02
 0.4412762304231369E+00  0.4154729961712126E+01  0.5165655613560924E+00  0.2903862505087125E+00  0.1040946059807207E+02
 0.5046344893015536E+00  0.4137910352575574E+01  0.4365772783174973E+00  0.3479823741231792E+00  0.1038038367756241E+02
 0.5063322586575247E+00  0.4139388980416224E+01  0.4179161990335725E+00  0.3490907331420128E+00  0.1037822233001902E+02
 0.5089925266430478E+00  0.4139373320446667E+01  0.4066563435696252E+00  0.3514464473741557E+00  0.1037607711138983E+02
 0.5135225911520391E+00  0.4138967025184662E+01  0.3943039977666495E+00  0.3556046258195106E+00  0.1037446428252062E+02
 0.5165917521148835E+00  0.4139283403340314E+01  0.3801553712983815E+00  0.3583116647915330E+00  0.1037311014515301E+02
 0.5167115252438927E+00  0.4141128057058055E+01  0.3629683802459232E+00  0.3581040563497698E+00  0.1037295494740099E+02
 0.5097235020171696E+00  0.4146301485905475E+01  0.3416981184700155E+00  0.3510623266883148E+00  0.1037611406002087E+02
 0.5993141214289764E+00  0.4117290644682478E+01  0.2713329210220626E+00  0.4376231979846240E+00  0.1033836869976548E+02
 0.5145610934008060E+00  0.4146523185109977E+01  0.3215033001536120E+00  0.3551710712014197E+00  0.1037411149907233E+02
 0.6671563935674527E+00  0.4092807962948541E+01  0.2585513418117191E+00  0.5074726116114725E+00  0.1031058828685268E+02
 0.7184618892818572E+00  0.4078262064140517E+01  0.2181471926548933E+00  0.5606433591873637E+00  0.1029075068474364E+02
 0.7278592865264487E+00  0.4075860960377836E+01  0.2039151898707598E+00  0.5706537687260370E+00  0.1028715350581693E+02
 0.7628969832187651E+00  0.4067556222465170E+01  0.1707691449986292E+00  0.6068279759515808E+00  0.1027565246924414E+02
 0.8043332175712383E+00  0.4058280016617428E+01  0.1235646917332530E+00  0.6500524485920460E+00  0.1026292244497568E+02
 0.8160301986328126E+00  0.4055012580300808E+01  0.1091582290714972E+00  0.6629913788819655E+00  0.1025866969094529E+02
 0.7736591422341523E+00  0.4064646793495326E+01  0.1564199411618694E+00  0.6185287139554464E+00  0.1027162234254459E+02
 0.7849996675644066E+00  0.4061576411466974E+01  0.1414055034723969E+00  0.6308980467546098E+00  0.1026742953044026E+02
 0.8282952929063948E+00  0.4051576298784481E+01  0.9424702471765189E-01  0.6766153388168813E+00  0.1025426889712860E+02
 0.8411310593911405E+00  0.4047966229139420E+01  0.7884968449759679E-01  0.6909385135836481E+00  0.1024972338608442E+02
 0.8441374924777172E+00  0.4049664836286199E+01  0.7847214147236974E-01  0.6917510623944829E+00  0.1025166349661860E+02
 0.8829497266365042E+00  0.4041430340802078E+01  0.3593092653155104E-01  0.7325758537586093E+00  0.1024145378239084E+02
 0.8958550989966929E+00  0.4037686899095777E+01  0.2152370415571956E-01  0.7472621690078722E+00  0.1023702151333074E+02
 0.9210875165799705E+00  0.4033483933711604E+01 -0.4139778256177525E-02  0.7728246279934786E+00  0.1023209229162289E+02
 0.9344373072326911E+00  0.4029575184418069E+01 -0.1851973528509698E-01  0.7881907602787560E+00  0.1022764055594907E+02
 0.9482587284797056E+00  0.4025516203233440E+01 -0.3319305129199912E-01  0.8041765081473435E+00  0.1022308125087698E+02
 0.8828675287136941E+00  0.4038558761542740E+01  0.3402681261134101E-01  0.7354596089374182E+00  0.1023814500905099E+02
 0.8968194887560371E+00  0.4034525019997884E+01  0.1846209357417114E-01  0.7513619287123507E+00  0.1023338478266851E+02
 0.9231367658661195E+00  0.4029731798487312E+01 -0.8278233319718513E-02  0.7785378526626324E+00  0.1022780677894058E+02
 0.9375095341524701E+00  0.4025516797240769E+01 -0.2363933489663287E-01  0.7951423907772457E+00  0.1022303029671125E+02
 0.9523580325078499E+00  0.4021144097874930E+01 -0.3928531586059722E-01  0.8123910823651964E+00  0.1021814950950288E+02
 0.9625530476663612E+00  0.4021305658635649E+01 -0.4815183978170166E-01  0.8207915755293275E+00  0.1021841757664981E+02
 0.9773301331406617E+00  0.4016940144990996E+01 -0.6338744476115736E-01  0.8380561674767482E+00  0.1021365173765771E+02
 0.9925956816104177E+00  0.4012417585982847E+01 -0.7888965875221837E-01  0.8559858108036430E+00  0.1020878693342191E+02
 0.1008340569866005E+01  0.4007740375675116E+01 -0.9464778434857039E-01  0.8745770793587767E+00  0.1020382792327134E+02
 0.9092519469481574E+00  0.4033787735178885E+01  0.6782722505631433E-02  0.7625808206531020E+00  0.1023247058823808E+02
 0.8694331392239300E+00  0.4042425570469402E+01  0.4923005392619262E-01  0.7202270200515797E+00  0.1024278128713718E+02
 0.8565222525734257E+00  0.4046126807339538E+01  0.6405173921706349E-01  0.7056600661743345E+00  0.1024728885435343E+02
 0.6392831208058140E+00  0.4109579933177031E+01  0.1539000143782888E+00  0.4765142396941063E+00  0.1031963728778623E+02
 0.7253449776346670E+00  0.4079994117621263E+01  0.1301065708237139E+00  0.5674939246036848E+00  0.1028758476222985E+02
 0.7958613624683231E+00  0.4058452050944957E+01  0.9795741514110193E-01  0.6436848601787566E+00  0.1026228982000628E+02
 0.8100652912728503E+00  0.4054805455153649E+01  0.7612733862992363E-01  0.6590557574013619E+00  0.1025758008312791E+02
 0.8510247032172569E+00  0.4043477897950986E+01  0.5677694250158187E-01  0.7038714908736011E+00  0.1024418613131798E+02
 0.8661268738099434E+00  0.4039240315291501E+01  0.3838947725155077E-01  0.7208304879625852E+00  0.1023908263924950E+02
 0.8981275724426088E+00  0.4031709854660324E+01  0.1303573890223641E-01  0.7554099695654429E+00  0.1023016285712003E+02
 0.9135630409356563E+00  0.4027211122137052E+01 -0.4068674773768360E-02  0.7731468582149967E+00  0.1022496876481131E+02
 0.9292578634740718E+00  0.4022580976212663E+01 -0.2120158037901063E-01  0.7913274399173627E+00  0.1021972678219223E+02
 0.8813757346828399E+00  0.4034861529943862E+01  0.2028739032733393E-01  0.7381185433267715E+00  0.1023391416868906E+02
 0.9452821924095642E+00  0.4017805471762906E+01 -0.3843193878025596E-01  0.8100351768498065E+00  0.1021442938588846E+02
 0.9416017226838757E+00  0.4021430119648193E+01 -0.3003770434452235E-01  0.8030042457776907E+00  0.1021841795343163E+02
 0.9574024810300463E+00  0.4016747656261370E+01 -0.4666384533191033E-01  0.8214559899118875E+00  0.1021323179571475E+02
 0.9834890101089686E+00  0.4011916022553407E+01 -0.7136300206232084E-01  0.8488685288366684E+00  0.1020808013990165E+02
 0.9997800321529048E+00  0.4007057594051924E+01 -0.8778085519305041E-01  0.8681259172726360E+00  0.1020290031798361E+02
 0.1016559415635819E+01  0.4002035912257807E+01 -0.1044766750527025E+00  0.8880762503699620E+00  0.1019762786649530E+02
 0.1024537933862502E+01  0.4002916743083260E+01 -0.1106550620389458E+00  0.8938037893759235E+00  0.1019878592295268E+02
 0.1041175615047518E+01  0.3997951206137646E+01 -0.1269125959008917E+00  0.9136551161809944E+00  0.1019366678698805E+02
 0.1058274449868719E+01  0.3992840053717503E+01 -0.1434287206781651E+00  0.9341597060137674E+00  0.1018847099886052E+02
 0.1075883668483465E+01  0.3987572528653264E+01 -0.1602132388711318E+00  0.9553808449087874E+00  0.1018319252417095E+02
 0.1007808644472630E+01  0.4001640528050928E+01 -0.9814346233914216E-01  0.8810981020250206E+00  0.1019705759953597E+02
 0.1051679121877321E+01  0.3991489297974581E+01 -0.1388317343457878E+00  0.9301730929621976E+00  0.1018679236382146E+02
 0.1070097251032905E+01  0.3985946919358393E+01 -0.1565195648137339E+00  0.9524218910406073E+00  0.1018121816608836E+02
 0.1094048379030499E+01  0.3982137925262883E+01 -0.1772699687374878E+00  0.9773794236385565E+00  0.1017782438001353E+02
 0.1112783247230746E+01  0.3976533972434075E+01 -0.1945861958614720E+00  0.1000180954809708E+01  0.1017236865976893E+02
 0.1132088087671097E+01  0.3970761850093871E+01 -0.2121393411860634E+00  0.1023794558583577E+01  0.1016683084011574E+02
 0.1033847629176803E+01  0.3996849265633929E+01 -0.1214798818347392E+00  0.9087438148898691E+00  0.1019226075439952E+02
 0.9904101777695494E+00  0.4006875597482393E+01 -0.8062746211145691E-01  0.8603891843971450E+00  0.1020257655891185E+02
 0.9736386032000387E+00  0.4011904536414691E+01 -0.6350119853518067E-01  0.8405441903998115E+00  0.1020796030071322E+02
 0.9676842798153823E+00  0.4016611162843144E+01 -0.5519618670024872E-01  0.8302956730156308E+00  0.1021316421213665E+02
 0.9262164964057421E+00  0.4025957319386993E+01 -0.1361712202047506E-01  0.7851555716662385E+00  0.1022351386889422E+02
 0.8830939380769830E+00  0.4036041632216889E+01  0.3000890619537884E-01  0.7382573740783885E+00  0.1023524036938943E+02
 0.8685476424979344E+00  0.4040198671129598E+01  0.4669698031815131E-01  0.7217656773413901E+00  0.1024020039976958E+02
 0.9112775221949769E+00  0.4030323934169391E+01  0.2565257133739150E-02  0.7679325317031832E+00  0.1022850595459030E+02
 0.8545526697220993E+00  0.4044172822648713E+01  0.6299903556819557E-01  0.7059892563528570E+00  0.1024502801142091E+02
 0.8364684779136974E+00  0.4047510676767371E+01  0.7490364427474501E-01  0.6876344939029538E+00  0.1024914818693446E+02
 0.7828754937618758E+00  0.4061761652897019E+01  0.1185984115573302E+00  0.6296650168092084E+00  0.1026673108862889E+02
 0.7707453019759217E+00  0.4064862382756160E+01  0.1378053310333200E+00  0.6165926331730393E+00  0.1027103654572310E+02
 0.7173530070712580E+00  0.4081418775503464E+01  0.1552661318614465E+00  0.5593977180393072E+00  0.1029056375986059E+02
 0.6413440696846275E+00  0.4107655675260917E+01  0.1789386529616001E+00  0.4791427626849756E+00  0.1032015607652588E+02
 0.6357024779394899E+00  0.4108502767289358E+01  0.1985079406026242E+00  0.4736773682184349E+00  0.1032241096270337E+02
 0.7089958885661479E+00  0.4083138301228945E+01  0.1768268146091168E+00  0.5508064457849535E+00  0.1029384911914073E+02
 0.7003711816128623E+00  0.4085053742121710E+01  0.1960251345313461E+00  0.5418864876870020E+00  0.1029732817734517E+02
 0.6286197624210983E+00  0.4110009730216925E+01  0.2158494617430073E+00  0.4666785590724339E+00  0.1032535067770848E+02
 0.6210836297687178E+00  0.4111793191497167E+01  0.2314354508202376E+00  0.4591945407772313E+00  0.1032856315336676E+02
 0.7969098635266898E+00  0.4058341864854612E+01  0.1257455940808423E+00  0.6439375053548383E+00  0.1026308303812732E+02
 0.7483333289032505E+00  0.4070609742317483E+01  0.1727467283472088E+00  0.5925250700550257E+00  0.1027933498158563E+02
 0.7378766584258192E+00  0.4073290391916403E+01  0.1888054603866188E+00  0.5813433035375807E+00  0.1028332037982463E+02
 0.6917065000229378E+00  0.4087055921181779E+01  0.2135287091341246E+00  0.5329099947317134E+00  0.1030088008697661E+02
 0.6830456747003176E+00  0.4089121106933172E+01  0.2297039670498949E+00  0.5239388518580679E+00  0.1030449439200261E+02
 0.6132372394471682E+00  0.4113774563148400E+01  0.2457377043915820E+00  0.4513932971299963E+00  0.1033197073261067E+02
 0.6050570339812196E+00  0.4115866124045697E+01  0.2589137028785937E+00  0.4432498929952540E+00  0.1033513360476620E+02
 0.6746643129242120E+00  0.4091077797322906E+01  0.2447646519662802E+00  0.5152553958174636E+00  0.1030771648053175E+02
 0.7592841977887194E+00  0.4067792686392877E+01  0.1558469476708830E+00  0.6042703066758411E+00  0.1027521797695731E+02
 0.8094279102136778E+00  0.4054927460194337E+01  0.1094609684452197E+00  0.6577009814601570E+00  0.1025858523407924E+02
 0.8225987908678981E+00  0.4051324851185469E+01  0.9249978205001619E-01  0.6722456630759770E+00  0.1025394912527366E+02
 0.8302740866904871E+00  0.4067278724056414E+01  0.1045983667171761E+00  0.6629017474021492E+00  0.1027288138917685E+02
 0.8204702573990879E+00  0.4069681067134481E+01  0.1164117915937865E+00  0.6524204596176336E+00  0.1027587455694478E+02
 0.7871803505007846E+00  0.4075518610697141E+01  0.1540238249439996E+00  0.6193261858411087E+00  0.1028370089628584E+02
 0.7806118502330021E+00  0.4077419022788721E+01  0.1625924576477750E+00  0.6121475799898473E+00  0.1028636473032303E+02
 0.7734517467762014E+00  0.4079429310561174E+01  0.1717694446636629E+00  0.6044155610424314E+00  0.1028925459490953E+02
 0.8137048341542872E+00  0.4071981304201326E+01  0.1253631280803542E+00  0.6447527398644943E+00  0.1027929096387150E+02
 0.7995883340481014E+00  0.4075103967311777E+01  0.1379734748960532E+00  0.6301193361470255E+00  0.1028289123530891E+02
 0.7646681748446619E+00  0.4082451289157282E+01  0.1792119720610762E+00  0.5943731287390505E+00  0.1029250147126334E+02
 0.8444563581137325E+00  0.4065369895910663E+01  0.9102102538601888E-01  0.6764234078118623E+00  0.1027029965582752E+02
 0.7534166291179393E+00  0.4081666315885974E+01  0.1952330023318883E+00  0.5859066690065844E+00  0.1029322349279803E+02
 0.7464307899218353E+00  0.4083614322874505E+01  0.2042509151844291E+00  0.5783788267525051E+00  0.1029596039488593E+02
 0.7223389980317001E+00  0.4086934305848791E+01  0.2345396312148975E+00  0.5555914986981888E+00  0.1030191085976407E+02
 0.7155079052110269E+00  0.4088833289009243E+01  0.2437274377284879E+00  0.5482950115600099E+00  0.1030473492009996E+02
 0.7089107608577078E+00  0.4090657374103196E+01  0.2526765721458927E+00  0.5412719103559649E+00  0.1030747699886510E+02
 0.6915122444002350E+00  0.4092041750222007E+01  0.2748292622359913E+00  0.5257300135792332E+00  0.1031082171117816E+02
 0.6850677148570342E+00  0.4093788171055857E+01  0.2839917447877390E+00  0.5189304484080697E+00  0.1031359599492280E+02
 0.6603904534082686E+00  0.4097102477872390E+01  0.3172611072583910E+00  0.4957874958302594E+00  0.1032032425048142E+02
 0.6543814746922511E+00  0.4098675127581193E+01  0.3261995275131380E+00  0.4895339284987753E+00  0.1032298814566178E+02
 0.6485711889020844E+00  0.4100197594826041E+01  0.3348937296209612E+00  0.4834985836399723E+00  0.1032559374628870E+02
 0.6788242975661344E+00  0.4095481301081945E+01  0.2928799918799333E+00  0.5123578635512946E+00  0.1031630395965278E+02
 0.6727823115727793E+00  0.4097117677788315E+01  0.3015219493950556E+00  0.5060130370508775E+00  0.1031894439390557E+02
 0.6429480890073832E+00  0.4101673717166307E+01  0.3433399928185252E+00  0.4776683583095466E+00  0.1032814122687928E+02
 0.6375055980974598E+00  0.4103104640626791E+01  0.3515493134788008E+00  0.4720359608565883E+00  0.1033063246583007E+02
 0.6288572245459010E+00  0.4102096431505452E+01  0.3622458428470354E+00  0.4656884641509380E+00  0.1033053686643841E+02
 0.6232918235442025E+00  0.4103490830518889E+01  0.3708770533785276E+00  0.4599846439112307E+00  0.1033307445321766E+02
 0.5967022886641962E+00  0.4107060480465205E+01  0.4099735304957932E+00  0.4352603269350473E+00  0.1034161962417023E+02
 0.5916367075207087E+00  0.4108245295114106E+01  0.4182835882816176E+00  0.4301603828218324E+00  0.1034399140296982E+02
 0.5867563147123800E+00  0.4109391013665949E+01  0.4263368880486371E+00  0.4252526649934291E+00  0.1034630819374374E+02
 0.5635334274674905E+00  0.4112158153381020E+01  0.4604074864506941E+00  0.4041589909701062E+00  0.1035387799916890E+02
 0.5590788643988054E+00  0.4113067405757283E+01  0.4684460581210261E+00  0.3997700882694229E+00  0.1035601093393705E+02
 0.5285863389741619E+00  0.4117846809123634E+01  0.5129150256583805E+00  0.3717062574373655E+00  0.1036789262823293E+02
 0.5249847747191445E+00  0.4118328934138243E+01  0.5208985230441886E+00  0.3682545906745374E+00  0.1036962838607965E+02
 0.5214578288993893E+00  0.4118831061476417E+01  0.5285229248527654E+00  0.3648744386857457E+00  0.1037135273764233E+02
 0.5547813215569440E+00  0.4113955168909126E+01  0.4761932249039685E+00  0.3955377244107671E+00  0.1035809731512390E+02
 0.5506341446924202E+00  0.4114821390943361E+01  0.4836687402189744E+00  0.3914553058505830E+00  0.1036013836234555E+02
 0.5180227043079683E+00  0.4119345430657349E+01  0.5358104247214563E+00  0.3615815156836807E+00  0.1037305784436935E+02
 0.5146927916661705E+00  0.4119869551150053E+01  0.5427733844501774E+00  0.3583860645309375E+00  0.1037474061986928E+02
 0.6077503382523372E+00  0.4107392788236196E+01  0.3953582760994662E+00  0.4441050986154743E+00  0.1034033203682297E+02
 0.6029171630075035E+00  0.4108613448363172E+01  0.4030540930939767E+00  0.4391802926924265E+00  0.1034264252041287E+02
 0.5775246945933471E+00  0.4111567387494897E+01  0.4417290352440052E+00  0.4159833445125262E+00  0.1035077215962507E+02
 0.5731547300458600E+00  0.4112605169526533E+01  0.4490774463728048E+00  0.4116007625737447E+00  0.1035292596014406E+02
 0.5689365310858516E+00  0.4113614417856717E+01  0.4561974683462611E+00  0.4073729250026095E+00  0.1035503299307403E+02
 0.5466351679963474E+00  0.4115665859188251E+01  0.4908865955386658E+00  0.3875198170224752E+00  0.1036213396111352E+02
 0.5427808892582777E+00  0.4116490300468753E+01  0.4978547506519519E+00  0.3837265488871602E+00  0.1036408587465218E+02
 0.5114745507137225E+00  0.4120402119449746E+01  0.5494245491161317E+00  0.3552924167292653E+00  0.1037639896007900E+02
 0.5083668486325981E+00  0.4120941430957718E+01  0.5557837075835245E+00  0.3522994892609719E+00  0.1037803311534533E+02
 0.5390667621510173E+00  0.4117295946803925E+01  0.5045821323535682E+00  0.3800702521070373E+00  0.1036599523196798E+02
 0.5354856378989673E+00  0.4118084763861644E+01  0.5110776311258469E+00  0.3765435314431018E+00  0.1036786469123378E+02
 0.5053640009129475E+00  0.4121485212148978E+01  0.5618759783541616E+00  0.3494027746128316E+00  0.1037964331929957E+02
 0.5024593793111635E+00  0.4122034107490459E+01  0.5677173541002160E+00  0.3465964143777281E+00  0.1038123376297735E+02
 0.5820565798335652E+00  0.4110496301972280E+01  0.4341517638667592E+00  0.4205316188987475E+00  0.1034856550397475E+02
 0.6127510342818787E+00  0.4106134049630826E+01  0.3874331726847773E+00  0.4492072205111771E+00  0.1033796835253822E+02
 0.6179275334363448E+00  0.4104834862404371E+01  0.3792726781269513E+00  0.4544959755487197E+00  0.1033555007521218E+02
 0.4902036912849079E+00  0.4125379896530464E+01  0.5650900382361000E+00  0.3364477119714927E+00  0.1038489970442644E+02
 0.4879760500787804E+00  0.4125113548875317E+01  0.5735386889825623E+00  0.3343974411685158E+00  0.1038593993399552E+02
 0.4448220902402861E+00  0.4138057712657291E+01  0.6096736317900895E+00  0.2953422262263295E+00  0.1040750139456627E+02
 0.4450369881722365E+00  0.4136367529566559E+01  0.6195191301210768E+00  0.2955950357838389E+00  0.1040717839397213E+02
 0.4444595639773852E+00  0.4134517118136623E+01  0.6308189578954863E+00  0.2952622815476943E+00  0.1040687601414736E+02
 0.3868133189161436E+00  0.4162770539415632E+01  0.6273274083475143E+00  0.2437827003567798E+00  0.1043668279641168E+02
 0.3898042745793905E+00  0.4159851938502341E+01  0.6366845630062532E+00  0.2465382469716833E+00  0.1043603459404495E+02
 0.3918083526881744E+00  0.4153416945593820E+01  0.6634038485188452E+00  0.2490238028399478E+00  0.1043442732915938E+02
 0.3964154164347985E+00  0.4148028628197503E+01  0.6804306774248057E+00  0.2532768186151878E+00  0.1043185790627795E+02
 0.3414138242599972E+00  0.4173154062038714E+01  0.6994582403641875E+00  0.2063363568029108E+00  0.1046312465167411E+02
 0.3443900947728009E+00  0.4168995675418197E+01  0.7115781413748545E+00  0.2089629130393875E+00  0.1046033985237391E+02
 0.4718321176194756E+00  0.4125295596177093E+01  0.6207460219860618E+00  0.3194084421924978E+00  0.1039407864518166E+02
 0.4696852352546279E+00  0.4125544160218833E+01  0.6259952935431936E+00  0.3173784268223318E+00  0.1039530683867741E+02
 0.4393442800293312E+00  0.4129271194660554E+01  0.6754412131844804E+00  0.2909102551067348E+00  0.1040891683938091E+02
 0.4381290228970287E+00  0.4128994573464443E+01  0.6807122324603485E+00  0.2898011095496547E+00  0.1040961147353880E+02
 0.4369052419928315E+00  0.4128841430064609E+01  0.6854686370489030E+00  0.2886659140113223E+00  0.1041036439889274E+02
 0.4032425745212532E+00  0.4135636524735041E+01  0.7285387895368066E+00  0.2596979548483874E+00  0.1042718948229238E+02
 0.4035264103274201E+00  0.4134325987165467E+01  0.7348944493636009E+00  0.2599746695496384E+00  0.1042700283120658E+02
 0.3600234836163390E+00  0.4148448797349711E+01  0.7715141752472611E+00  0.2231173150675449E+00  0.1045175550653443E+02
 0.3627429492639095E+00  0.4145181738517666E+01  0.7810343070876218E+00  0.2254718670078658E+00  0.1045021005415518E+02
 0.3654518888419363E+00  0.4142407085464883E+01  0.7879525426354098E+00  0.2277626045017143E+00  0.1044829168020956E+02
 0.4037074859480894E+00  0.4133313467697735E+01  0.7401305812898167E+00  0.2601249219720783E+00  0.1042688700045949E+02
 0.4036990778346977E+00  0.4132475488813554E+01  0.7448525150307170E+00  0.2601087436318884E+00  0.1042686308019898E+02
 0.3675722299160492E+00  0.4139647973765329E+01  0.7955271766316636E+00  0.2296335997644163E+00  0.1044660078187607E+02
 0.3692252234380490E+00  0.4137446376319428E+01  0.8018493851877249E+00  0.2310838393759867E+00  0.1044536614003552E+02
 0.3074853315061229E+00  0.4173381499260081E+01  0.7898098602776793E+00  0.1798477426611018E+00  0.1048270289917799E+02
 0.3113285330221232E+00  0.4169022499970397E+01  0.7992614606566749E+00  0.1830204337235818E+00  0.1047945656784489E+02
 0.3280572278617550E+00  0.4149955125517303E+01  0.8430681606901637E+00  0.1972612776900664E+00  0.1046969928929361E+02
 0.3319407286417698E+00  0.4145723938423322E+01  0.8527035445054473E+00  0.2004942361663968E+00  0.1046708048877989E+02
 0.2773870917919793E+00  0.4175418900046681E+01  0.8597401483757549E+00  0.1569250896840588E+00  0.1050095305493202E+02
 0.2823324312447179E+00  0.4170099540599503E+01  0.8702658545046923E+00  0.1609078471477111E+00  0.1049835481177651E+02
 0.2880714669727336E+00  0.4160947511461367E+01  0.8919257161051632E+00  0.1658871361071874E+00  0.1049414309467070E+02
 0.2230504358333091E+00  0.4194212847304943E+01  0.9197094325343894E+00  0.1175561587177911E+00  0.1053623958015491E+02
 0.3229339716227168E+00  0.4155890566524292E+01  0.8291405833868618E+00  0.1929413363614283E+00  0.1047310958773580E+02
 0.3170884061623161E+00  0.4164323839423767E+01  0.8062275218392594E+00  0.1877667508176975E+00  0.1047619540709736E+02
 0.2683821710739893E+00  0.4184469339447308E+01  0.8448064310111406E+00  0.1498393410676423E+00  0.1050750545016877E+02
 0.3559737846241300E+00  0.4153308986178856E+01  0.7580347089990407E+00  0.2195538018336200E+00  0.1045422002876514E+02
 0.3000818242865808E+00  0.4180476718833379E+01  0.7756123208203360E+00  0.1737645947329343E+00  0.1048662348259133E+02
 0.3506285320042062E+00  0.4160517162258444E+01  0.7376886410958319E+00  0.2147032028643292E+00  0.1045788899991194E+02
 0.2835852959996931E+00  0.4191050512371239E+01  0.7668961742496226E+00  0.1608657463814404E+00  0.1049465958842754E+02
 0.3463438467980413E+00  0.4166216630136174E+01  0.7213672432174912E+00  0.2107300788894929E+00  0.1045997039284077E+02
 0.4026613081600069E+00  0.4137376676381416E+01  0.7209852061205926E+00  0.2591192486890526E+00  0.1042764429376963E+02
 0.4405256955195883E+00  0.4129662816624404E+01  0.6697200036676535E+00  0.2919719670578448E+00  0.1040827189802381E+02
 0.4416176231194367E+00  0.4130204854234930E+01  0.6634692730796284E+00  0.2929421229285016E+00  0.1040773891327490E+02
 0.4740305274159093E+00  0.4125083755077968E+01  0.6152078277110760E+00  0.3214787934088197E+00  0.1039285239148122E+02
 0.4762701829390735E+00  0.4124915763044767E+01  0.6093538529141806E+00  0.3235811651645341E+00  0.1039163789742173E+02
 0.4785440272284290E+00  0.4124799430645592E+01  0.6031453521811543E+00  0.3257085915030554E+00  0.1039043754633639E+02
 0.3989095898448862E+00  0.4144555286063275E+01  0.6930257749806573E+00  0.2555801469644714E+00  0.1043055393073751E+02
 0.4433954406206991E+00  0.4131767423448410E+01  0.6492283700765008E+00  0.2944973930710764E+00  0.1040696672646133E+02
 0.4440301464976824E+00  0.4132948883461967E+01  0.6406741027295800E+00  0.2949986208537603E+00  0.1040678038814311E+02
 0.4808550390665000E+00  0.4124752107351924E+01  0.5965050013080809E+00  0.3278591293312068E+00  0.1038926232177517E+02
 0.4832046345658497E+00  0.4124788500159705E+01  0.5893659106282667E+00  0.3300288542168799E+00  0.1038811663330638E+02
 0.4855858132108140E+00  0.4124912513226812E+01  0.5817051590135482E+00  0.3322125215990523E+00  0.1038701185407622E+02
 0.4425954083195850E+00  0.4130870252731064E+01  0.6567519975372746E+00  0.2938061696152380E+00  0.1040727015585899E+02
 0.4005819058771927E+00  0.4141895243908610E+01  0.7030698454243663E+00  0.2571010386059541E+00  0.1042934896212482E+02
 0.4017946668826064E+00  0.4139545823915475E+01  0.7122051914405930E+00  0.2582510713607500E+00  0.1042839768255965E+02
 0.6215381414461577E+00  0.4112112074198278E+01  0.3752031191504842E+00  0.4521477155176010E+00  0.1034378594199923E+02
 0.6163742890583878E+00  0.4113035429835373E+01  0.3838138642433473E+00  0.4470980873395212E+00  0.1034560636738463E+02
 0.5861884810860967E+00  0.4117019995708186E+01  0.4295315174210614E+00  0.4192557880667966E+00  0.1035523428152229E+02
 0.5840665898363293E+00  0.4117692821947425E+01  0.4327892579624428E+00  0.4170623132663614E+00  0.1035651629937297E+02
 0.5811756858654266E+00  0.4118459182631866E+01  0.4375209039760721E+00  0.4141478876705768E+00  0.1035807429748188E+02
 0.6144471053191086E+00  0.4113983343726085E+01  0.3876213606945877E+00  0.4448848548046898E+00  0.1034765696588048E+02
 0.6032379652952109E+00  0.4116089226485764E+01  0.4010732773767277E+00  0.4342379593667789E+00  0.1035113817028079E+02
 0.5768298753039016E+00  0.4120502216602134E+01  0.4408505476158375E+00  0.4093188572385459E+00  0.1036044549824183E+02
 0.6371718480783111E+00  0.4110245717165065E+01  0.3543528911442488E+00  0.4663127641550999E+00  0.1033946221303957E+02
 0.5592369007166598E+00  0.4120116776868584E+01  0.4732182533100162E+00  0.3948716684960198E+00  0.1036487426633446E+02
 0.5561369532125767E+00  0.4120978798230301E+01  0.4780796429666054E+00  0.3917309108441345E+00  0.1036645944100664E+02
 0.5337028834257410E+00  0.4122544589851518E+01  0.5160329188041189E+00  0.3720996174227776E+00  0.1037384114869057E+02
 0.5307898924483340E+00  0.4123353182672846E+01  0.5209434997002959E+00  0.3691755193084738E+00  0.1037551431135198E+02
 0.5279786481494365E+00  0.4124139212833219E+01  0.5256351752370320E+00  0.3663545510784949E+00  0.1037711173309375E+02
 0.5082137965847454E+00  0.4124674178070692E+01  0.5603123985878380E+00  0.3495936555145450E+00  0.1038316098842040E+02
 0.5056666023973846E+00  0.4125350272924863E+01  0.5649228396496936E+00  0.3470641132386391E+00  0.1038470055688221E+02
 0.4824747497870516E+00  0.4126480589053952E+01  0.6069152977908556E+00  0.3271109824270191E+00  0.1039305837283263E+02
 0.4803295908631575E+00  0.4127035724456567E+01  0.6110285696879624E+00  0.3249981877906403E+00  0.1039442729654816E+02
 0.4782482736595016E+00  0.4127590060248110E+01  0.6150146613390519E+00  0.3229441299391564E+00  0.1039578287335446E+02
 0.5031915675591068E+00  0.4126028596131407E+01  0.5693539355584043E+00  0.3446018830575797E+00  0.1038621891113092E+02
 0.5007882968964305E+00  0.4126701303558016E+01  0.5736157911034868E+00  0.3422089336736335E+00  0.1038770065462002E+02
 0.4762222638409144E+00  0.4128149899077842E+01  0.6188665847942073E+00  0.3209401641887070E+00  0.1039713211269448E+02
 0.4742591964328457E+00  0.4128713100610772E+01  0.6225705001565263E+00  0.3189931955853827E+00  0.1039846700085965E+02
 0.5503858185043512E+00  0.4123685063511813E+01  0.4852264807369681E+00  0.3853941152741214E+00  0.1037067505380963E+02
 0.5401522016280068E+00  0.4125174359869013E+01  0.4967847880724250E+00  0.3762771879347561E+00  0.1037346247111067E+02
 0.5226807616675436E+00  0.4125708920116825E+01  0.5342451040877725E+00  0.3610279140922791E+00  0.1038025485114538E+02
 0.5189276068411294E+00  0.4127973626074361E+01  0.5354676567468953E+00  0.3568525776164073E+00  0.1038262878828659E+02
 0.4984615724288422E+00  0.4127356356243534E+01  0.5777513944326705E+00  0.3398949057273039E+00  0.1038915328682107E+02
 0.4961457919603297E+00  0.4128141105682077E+01  0.5814450291313225E+00  0.3375574736521801E+00  0.1039071225755873E+02
 0.4723664230332308E+00  0.4129279143092724E+01  0.6261342027659768E+00  0.3171106848596049E+00  0.1039980391436571E+02
 0.4704735318757804E+00  0.4130030870571670E+01  0.6291134823288934E+00  0.3151836411480667E+00  0.1040129070528854E+02
 0.4960975251638265E+00  0.4129533834832705E+01  0.5784247752773805E+00  0.3369728608405701E+00  0.1039193048680582E+02
 0.4876289384101248E+00  0.4130106023977135E+01  0.5889886030893123E+00  0.3299599486871841E+00  0.1039399654870536E+02
 0.4676420853913858E+00  0.4132290807063421E+01  0.6285749387712279E+00  0.3120054837473855E+00  0.1040343846672664E+02
 0.5253160210156388E+00  0.4124877041636565E+01  0.5301207020520059E+00  0.3636895980179949E+00  0.1037863265824318E+02
 0.5506244796083575E+00  0.4122560920068550E+01  0.4868617089210006E+00  0.3861507969451726E+00  0.1036951166725813E+02
 0.5533621615291785E+00  0.4121750709128935E+01  0.4825378884260669E+00  0.3889285800977503E+00  0.1036795175694338E+02
 0.4563381626428992E+00  0.4127977874307505E+01  0.6560916220341394E+00  0.3045345747211821E+00  0.1040368899228283E+02
 0.4546365408236071E+00  0.4128394032782834E+01  0.6596667723558705E+00  0.3028708443232916E+00  0.1040485467361650E+02
 0.4296080682566197E+00  0.4129244946659150E+01  0.7079574699687846E+00  0.2817114757890674E+00  0.1041528544025160E+02
 0.4284135634995075E+00  0.4129474468413084E+01  0.7110192563858383E+00  0.2805484445497385E+00  0.1041618951923480E+02
 0.4272106231436622E+00  0.4129751851369777E+01  0.7139887217773587E+00  0.2793699059487540E+00  0.1041716390160227E+02
 0.4019277419703001E+00  0.4130522574079707E+01  0.7623423542913041E+00  0.2583649107831780E+00  0.1042822711648139E+02
 0.4013394033239918E+00  0.4130479995143335E+01  0.7650716509475924E+00  0.2577770898788553E+00  0.1042882982213738E+02
 0.3725478970340551E+00  0.4132468530594188E+01  0.8182935770284576E+00  0.2339225231648081E+00  0.1044319824483485E+02
 0.3727888420129282E+00  0.4131954277721261E+01  0.8213422710064858E+00  0.2340627325149556E+00  0.1044349831371086E+02
 0.3728535404024408E+00  0.4131724623879959E+01  0.8242406470062553E+00  0.2339952259310924E+00  0.1044420917187649E+02
 0.4006726520370740E+00  0.4130554576302925E+01  0.7677471416616400E+00  0.2570990081038543E+00  0.1042962956879547E+02
 0.4001600126568041E+00  0.4130731283058108E+01  0.7698179409926073E+00  0.2565268012915056E+00  0.1043043169435657E+02
 0.3735648404111426E+00  0.4131670166592448E+01  0.8246105355983855E+00  0.2344648519812441E+00  0.1044444456986759E+02
 0.3757947616678126E+00  0.4131430351404568E+01  0.8198739276690225E+00  0.2363742407957849E+00  0.1044295058363337E+02
 0.3399088992807228E+00  0.4136762348755645E+01  0.8728178527693297E+00  0.2072408737234471E+00  0.1046154523039131E+02
 0.3415588226744343E+00  0.4135286112661682E+01  0.8777411770537988E+00  0.2084769092726381E+00  0.1046143284690404E+02
 0.3011402710082119E+00  0.4147408684687567E+01  0.9178252559712037E+00  0.1763547093487960E+00  0.1048575883471942E+02
 0.3053876240207832E+00  0.4144013677536348E+01  0.9283046924793320E+00  0.1793209166538140E+00  0.1048527740913079E+02
 0.3094323971029398E+00  0.4139879458714272E+01  0.9340768186575376E+00  0.1825959971713141E+00  0.1048080023025880E+02
 0.2537272225565605E+00  0.4171650966622924E+01  0.9361659827586541E+00  0.1397409102697039E+00  0.1051642059739236E+02
 0.2605154283848218E+00  0.4165986259752911E+01  0.9478993333907137E+00  0.1445875409998415E+00  0.1051449151713056E+02
 0.2672862469951086E+00  0.4154379838076762E+01  0.9638901755459580E+00  0.1507806739499697E+00  0.1050427016336790E+02
 0.2982951899893095E+00  0.4119582993421570E+01  0.7743689089429342E+00  0.1946080088960390E+00  0.1041630752544665E+02
 0.2136320871533026E+00  0.4185549005416150E+01  0.9854917669144042E+00  0.1110905988937211E+00  0.1054502964303364E+02
 0.3544961796086390E+00  0.4130544847422597E+01  0.8530493627892030E+00  0.2204309882783735E+00  0.1044908409764380E+02
 0.3658199268237298E+00  0.4126273837260394E+01  0.8188522968690917E+00  0.2321974472207932E+00  0.1043515629372752E+02
 0.3418537685771036E+00  0.4120232867615824E+01  0.8235183726879690E+00  0.2187897328977496E+00  0.1042727498352986E+02
 0.3665601970589460E+00  0.4104870662229010E+01  0.7436389426031306E+00  0.2476729569381885E+00  0.1039065075416019E+02
 0.3930793434615001E+00  0.4089246614766218E+01  0.6648301322366931E+00  0.2790768460793935E+00  0.1035690814791249E+02
 0.3416318756647176E+00  0.4083435858547231E+01  0.6151033801969011E+00  0.2482164407050905E+00  0.1034280310785331E+02
 0.3838830072472386E+00  0.4055765077509144E+01  0.4992479441525285E+00  0.2984849223429480E+00  0.1029309288117181E+02
 0.4224768611688635E+00  0.4034488780744471E+01  0.4135173716876417E+00  0.3436957299505968E+00  0.1025786209820439E+02
 0.4570227269892984E+00  0.4017927786891143E+01  0.3479343135552496E+00  0.3838530281063028E+00  0.1023214902274572E+02
 0.3218289340513717E+00  0.4132475309190793E+01  0.8939899299040548E+00  0.1958819811130955E+00  0.1045991630553077E+02
 0.3468856641903690E+00  0.4132968668487918E+01  0.8745354754591075E+00  0.2129456636571173E+00  0.1045781749601413E+02
 0.3429763682842955E+00  0.4134225959798447E+01  0.8816315318221426E+00  0.2094681159111232E+00  0.1046138995594306E+02
 0.4477276624511749E+00  0.4132740314959785E+01  0.6697310890249234E+00  0.2951817416022458E+00  0.1041226260920906E+02
 0.4422264513065736E+00  0.4132625600639329E+01  0.6759560566905219E+00  0.2910895852025278E+00  0.1041334668712975E+02
 0.4259153945639799E+00  0.4132010293055054E+01  0.7160191685488729E+00  0.2772858726838202E+00  0.1042068401281974E+02
 0.4271477945346577E+00  0.4133633231400026E+01  0.7072800479062753E+00  0.2780063965925634E+00  0.1042069331027146E+02
 0.4106549357363387E+00  0.4130574410946999E+01  0.7438338327659525E+00  0.2656496616207397E+00  0.1042469850478506E+02
 0.4165400404506623E+00  0.4129661558962571E+01  0.7278417569901133E+00  0.2712858317359960E+00  0.1042013891552426E+02
 0.4047683300146432E+00  0.4124311317799997E+01  0.7403410342821853E+00  0.2650065786405621E+00  0.1041580370276260E+02
 0.4168189499893512E+00  0.4120073494847886E+01  0.7075985759871528E+00  0.2777471231897728E+00  0.1040372456943341E+02
 0.4303817573904432E+00  0.4114769851405118E+01  0.6714710602654574E+00  0.2924645018100047E+00  0.1038996890063676E+02
 0.4241528200930905E+00  0.4129288240781642E+01  0.7067203135935348E+00  0.2782099065173806E+00  0.1041503506467245E+02
 0.4301947289604889E+00  0.4128743385018462E+01  0.6828131478943117E+00  0.2846364290883064E+00  0.1041049174816851E+02
 0.4456599629670116E+00  0.4108352475596931E+01  0.6343307580293908E+00  0.3095098791254131E+00  0.1037671237297228E+02
 0.4155141669939368E+00  0.4103743584351114E+01  0.6753361939393805E+00  0.2872881669795436E+00  0.1037690524981748E+02
 0.4351247041614908E+00  0.4094201343235232E+01  0.6233844755667695E+00  0.3098941455276007E+00  0.1035603683374416E+02
 0.4470415700493708E+00  0.4059672634177115E+01  0.5253969078258733E+00  0.3434954845362060E+00  0.1029942894598561E+02
 0.4730002851359685E+00  0.4046545483748668E+01  0.4662316247335513E+00  0.3746360847853247E+00  0.1027605610268915E+02
 0.4974506319434455E+00  0.4035171823657578E+01  0.4140966579622519E+00  0.4039257103501767E+00  0.1025702272265463E+02
 0.4879910274423435E+00  0.4004550250007085E+01  0.2960734743103928E+00  0.4197121632169554E+00  0.1021224540858169E+02
 0.5156719360673526E+00  0.3993747826948058E+01  0.2541711011676114E+00  0.4516236434337111E+00  0.1019680341541259E+02
 0.5405551006109884E+00  0.3984776614828148E+01  0.2196231268702532E+00  0.4802181504828901E+00  0.1018428861617713E+02
 0.5629011320088599E+00  0.3977385988733168E+01  0.1907604564621330E+00  0.5057646575332221E+00  0.1017423550247280E+02
 0.4919451951855032E+00  0.4069696887045112E+01  0.4929605339795713E+00  0.3746309340696098E+00  0.1030654596074061E+02
 0.5224857053854916E+00  0.4051341741560153E+01  0.4294480588754670E+00  0.4137839319327640E+00  0.1027877936243146E+02
 0.5426087585005888E+00  0.4015257053432379E+01  0.3272919570126372E+00  0.4581348937321919E+00  0.1022550215827401E+02
 0.5669811148945819E+00  0.4002048871732697E+01  0.2981656499168131E+00  0.4891699248206802E+00  0.1020955468715018E+02
 0.5830466074996952E+00  0.3971179445554972E+01  0.1662926501457517E+00  0.5286924802265961E+00  0.1016589890102047E+02
 0.6014569740335106E+00  0.3965765600135618E+01  0.1464476111540399E+00  0.5495837635225947E+00  0.1015875704716628E+02
 0.6181719584990911E+00  0.3962061174402504E+01  0.1464379631403658E+00  0.5673107438459671E+00  0.1015399439696658E+02
 0.6470585559540513E+00  0.3940371300893296E+01  0.1122527527807878E+00  0.6108043101386605E+00  0.1012949005431276E+02
 0.5207787136723692E+00  0.4024603181983971E+01  0.3676037629128887E+00  0.4319410471024900E+00  0.1023981612660383E+02
 0.4757187522344976E+00  0.4074572119579477E+01  0.5241121688119008E+00  0.3574892787194177E+00  0.1031709553318565E+02
 0.4553694802103196E+00  0.4084305027321639E+01  0.5724895475736747E+00  0.3335319464234263E+00  0.1033575209181279E+02
 0.4203811194340030E+00  0.4073706220692769E+01  0.5914725889126157E+00  0.3116185943144921E+00  0.1032565204725997E+02
 0.3970620445102037E+00  0.4112476292144503E+01  0.7267076415733845E+00  0.2663924724275717E+00  0.1039755495619231E+02
 0.3944230740341284E+00  0.4127624146478499E+01  0.7690485852901006E+00  0.2543165617433763E+00  0.1042631127593728E+02
 0.3860710515660999E+00  0.4129790853570342E+01  0.7923262344472788E+00  0.2459926348172253E+00  0.1043440001310511E+02
 0.3802311850251663E+00  0.4120209560952997E+01  0.7756527596351597E+00  0.2477155043162942E+00  0.1041759839893457E+02
 0.3798591628846213E+00  0.4130976737248409E+01  0.8093751955725150E+00  0.2400555269967365E+00  0.1043992673123871E+02
 0.4060662537090908E+00  0.4131162147810874E+01  0.7558197413659905E+00  0.2613740816088266E+00  0.1042806580477767E+02
 0.4247225968951386E+00  0.4131596152426749E+01  0.7197105235133400E+00  0.2763943002485661E+00  0.1042094573328298E+02
 0.4242503502855232E+00  0.4131229128297355E+01  0.7209513449534481E+00  0.2761457941756092E+00  0.1042066979007027E+02
 0.4462423305477296E+00  0.4131374023194424E+01  0.6761445057652171E+00  0.2943585063012474E+00  0.1041180696038825E+02
 0.4472221811587152E+00  0.4130694302954238E+01  0.6748476644730861E+00  0.2954607369635311E+00  0.1041067142022873E+02
 0.4484137740087828E+00  0.4130205613574354E+01  0.6724678051563853E+00  0.2966988231835687E+00  0.1040956329248183E+02
 0.4001424524605958E+00  0.4130978275802368E+01  0.7704262800161810E+00  0.2563665860802117E+00  0.1043098982439504E+02
 0.4250647553872891E+00  0.4130440485033345E+01  0.7191225171657095E+00  0.2772017758688149E+00  0.1041918816980448E+02
 0.4260498370874030E+00  0.4130075810743464E+01  0.7167900120069791E+00  0.2782168500235177E+00  0.1041819406699307E+02
 0.4498138961640678E+00  0.4129728345977774E+01  0.6696313980276913E+00  0.2981135881036053E+00  0.1040840303364502E+02
 0.4513533491315346E+00  0.4129266519986911E+01  0.6664798868025583E+00  0.2996438337284831E+00  0.1040721523957153E+02
 0.4529733213202012E+00  0.4128822420867190E+01  0.6631307483601092E+00  0.3012396407197603E+00  0.1040602682382691E+02
 0.4243979859098945E+00  0.4130841211717962E+01  0.7206655333694347E+00  0.2764493807800539E+00  0.1042008353923662E+02
 0.4009608613056247E+00  0.4131203506181176E+01  0.7687126213628350E+00  0.2569461367949427E+00  0.1043094570128398E+02
 0.4028622348810431E+00  0.4131317976428216E+01  0.7640290455270521E+00  0.2585281237996215E+00  0.1043008521791950E+02
 0.2956749389175410E+00  0.4152873427996249E+01  0.9073815315756891E+00  0.1720140314204829E+00  0.1048926789997639E+02
 0.2485658826976884E+00  0.4177809291241281E+01  0.9250343979928018E+00  0.1357900555640940E+00  0.1052062460844479E+02
 0.3376488883363205E+00  0.4139038829690207E+01  0.8677849684158784E+00  0.2053660042436008E+00  0.1046290545811400E+02
 0.3720561118011821E+00  0.4133278390859332E+01  0.8152012529383907E+00  0.2335227288663585E+00  0.1044340816174868E+02
 0.3713788536084326E+00  0.4134364455289522E+01  0.8115080665657156E+00  0.2329439279006932E+00  0.1044385911734581E+02
 0.3349129430580949E+00  0.4142055995018469E+01  0.8612477474827678E+00  0.2030447883054670E+00  0.1046484126352401E+02
 0.3704912787845474E+00  0.4135731870145640E+01  0.8070565006719864E+00  0.2321751698033940E+00  0.1044448010068955E+02
 0.4024335526157450E+00  0.4130677226763932E+01  0.7594962313357860E+00  0.2588658924579932E+00  0.1042779260515648E+02
 0.4308058342005101E+00  0.4129053963212496E+01  0.7047676270762355E+00  0.2828715176864517E+00  0.1041441759352609E+02
 0.4320137636142356E+00  0.4128907607220798E+01  0.7013815362970002E+00  0.2840343901525769E+00  0.1041357221228645E+02
 0.4580846525456506E+00  0.4127574395357714E+01  0.6523743128124536E+00  0.3062364206976424E+00  0.1040251859395472E+02
 0.4846942523492381E+00  0.4125919514975975E+01  0.6026633417950231E+00  0.3292926357074470E+00  0.1039166291303680E+02
 0.4869887893728182E+00  0.4125356514369735E+01  0.5982510265527782E+00  0.3315432746487936E+00  0.1039024203951020E+02
 0.4598806435551982E+00  0.4127185793542039E+01  0.6484881520383439E+00  0.3079799933338263E+00  0.1040133845608509E+02
 0.4617276036544644E+00  0.4126814373205185E+01  0.6444190481020187E+00  0.3097660369100088E+00  0.1040014842204987E+02
 0.4893588990990522E+00  0.4124794275025985E+01  0.5936635230261867E+00  0.3338630311051958E+00  0.1038879647999465E+02
 0.4918060295901371E+00  0.4124235326510797E+01  0.5888880027737977E+00  0.3362528232932604E+00  0.1038732867836623E+02
 0.4035450370189740E+00  0.4131807508627895E+01  0.7491035340049570E+00  0.2599560161343807E+00  0.1042694701463353E+02
 0.4344565784411665E+00  0.4128753358871056E+01  0.6939618291827603E+00  0.2863640182050213E+00  0.1041192242072468E+02
 0.4356841201646517E+00  0.4128760426544965E+01  0.6898751329798385E+00  0.2875223046640342E+00  0.1041112754283776E+02
 0.4636275995016971E+00  0.4126462408307034E+01  0.6401540577416929E+00  0.3115959541753319E+00  0.1039895063611145E+02
 0.4655846796781036E+00  0.4126131954689630E+01  0.6356753219719966E+00  0.3134727600204580E+00  0.1039774498962748E+02
 0.4943342277522462E+00  0.4123680502077725E+01  0.5839136828128912E+00  0.3387160766059378E+00  0.1038583925534710E+02
 0.4969490033790828E+00  0.4123129326659291E+01  0.5787322487572369E+00  0.3412577526984460E+00  0.1038432767860989E+02
 0.4676029512874124E+00  0.4125824628233323E+01  0.6309638063697829E+00  0.3153997101648864E+00  0.1039653021793717E+02
 0.4996560521738598E+00  0.4122580758502874E+01  0.5733360437351629E+00  0.3438832045893716E+00  0.1038279278065399E+02
 0.4332349786781430E+00  0.4128802325570047E+01  0.6977907916676057E+00  0.2852026389555291E+00  0.1041273370135198E+02
 0.4032683643508212E+00  0.4131305505453832E+01  0.7529114135485433E+00  0.2596834251603418E+00  0.1042714771283958E+02
 0.4028856384045035E+00  0.4130935881160804E+01  0.7563691148295389E+00  0.2593094132449183E+00  0.1042743855149587E+02
 0.5108455230690067E+00  0.4123989899016686E+01  0.5555563096968029E+00  0.3522036369115119E+00  0.1038159857894454E+02
 0.5367101233425676E+00  0.4121743442509716E+01  0.5108448783615060E+00  0.3751105413427372E+00  0.1037213361657404E+02
 0.5398113297485230E+00  0.4120933822446927E+01  0.5054937323469458E+00  0.3782124204180876E+00  0.1037040515786818E+02
 0.5624939177730601E+00  0.4119169985728965E+01  0.4681208519558888E+00  0.3981899245997970E+00  0.1036310138596509E+02
 0.5893036775281341E+00  0.4116210776293993E+01  0.4248899827582724E+00  0.4224258873794112E+00  0.1035391652405109E+02
 0.5924140464669352E+00  0.4115151046681032E+01  0.4206473517486607E+00  0.4257156131081232E+00  0.1035223519663200E+02
 0.5659303620760530E+00  0.4118246441543747E+01  0.4624499759962599E+00  0.4016654418003364E+00  0.1036126581939871E+02
 0.5694698079711835E+00  0.4117318274008380E+01  0.4565624574065380E+00  0.4052386012086320E+00  0.1035939658259549E+02
 0.5961895068211182E+00  0.4114128766002122E+01  0.4146768997249836E+00  0.4295806411579151E+00  0.1035036566853381E+02
 0.6000786457695041E+00  0.4113108165010482E+01  0.4083875463001467E+00  0.4335459395831751E+00  0.1034842424686152E+02
 0.6199884904304284E+00  0.4111911299693927E+01  0.3775718658023258E+00  0.4508367040936352E+00  0.1034311120867092E+02
 0.6468749234734974E+00  0.4107974212317593E+01  0.3373903893346537E+00  0.4762639706858479E+00  0.1033527612282496E+02
 0.6281810503135640E+00  0.4109265000815750E+01  0.3666137347991377E+00  0.4595647953077540E+00  0.1033918264673715E+02
 0.6323104225693685E+00  0.4108166169976683E+01  0.3600766712934149E+00  0.4638255228798464E+00  0.1033719436194357E+02
 0.6588585877864963E+00  0.4104596500691510E+01  0.3231564057614418E+00  0.4884389811926843E+00  0.1032942411558328E+02
 0.6635675602896357E+00  0.4103333927493182E+01  0.3161391297740792E+00  0.4933199965206925E+00  0.1032723657379573E+02
 0.6677478122678796E+00  0.4102141349055660E+01  0.3096601900407374E+00  0.4977220835391277E+00  0.1032516238553529E+02
 0.6943384117204431E+00  0.4098974649377622E+01  0.2756264124002650E+00  0.5223330472182612E+00  0.1031946767426536E+02
 0.6984046381985906E+00  0.4097484596755548E+01  0.2695041604146912E+00  0.5268333208843786E+00  0.1031685183973303E+02
 0.7194632531704832E+00  0.4094207322936383E+01  0.2426399301249663E+00  0.5469066468705550E+00  0.1031110199422276E+02
 0.7055408876982803E+00  0.4095916766163789E+01  0.2596004542808634E+00  0.5340931117053520E+00  0.1031445852647192E+02
 0.7081502289128090E+00  0.4094813150086321E+01  0.2553182293201161E+00  0.5371360479245648E+00  0.1031260553800966E+02
 0.7311374743894723E+00  0.4091074748159496E+01  0.2265427596566401E+00  0.5592338845365297E+00  0.1030631207720562E+02
 0.6831661684443662E+00  0.4101007668454037E+01  0.2873162637321912E+00  0.5115291719605843E+00  0.1032231338344689E+02
 0.6527350137896801E+00  0.4106965914484468E+01  0.3281719297405852E+00  0.4816270912628849E+00  0.1033208304927891E+02
 0.6240186509299107E+00  0.4110430592749180E+01  0.3729939377531860E+00  0.4552582779237507E+00  0.1034127898667209E+02
 0.6236098787895152E+00  0.4111352190571627E+01  0.3719224409833765E+00  0.4543100314433247E+00  0.1034206259875244E+02
 0.5320313507315522E+00  0.4118857468031934E+01  0.5173529938252373E+00  0.3731402318235204E+00  0.1036969568778928E+02
 0.5609302909070666E+00  0.4115553409821135E+01  0.4697898688014606E+00  0.3993536766949862E+00  0.1035911332510060E+02
 0.5648653628540283E+00  0.4114595287002238E+01  0.4631009417619442E+00  0.4032945103399885E+00  0.1035709275049227E+02
 0.5893305996481305E+00  0.4112090178027074E+01  0.4248094234349138E+00  0.4253638754395125E+00  0.1034931091393939E+02
 0.5937218711088468E+00  0.4110953003606059E+01  0.4177927673825070E+00  0.4298266768821958E+00  0.1034712497453510E+02
 0.6173636145177539E+00  0.4108485019890884E+01  0.3819407096045310E+00  0.4512568032849187E+00  0.1034011815531719E+02
 0.6221741607508992E+00  0.4107181455537898E+01  0.3747651288573698E+00  0.4562123805972187E+00  0.1033783197188974E+02
 0.6271340760023602E+00  0.4105843890151116E+01  0.3673120805150245E+00  0.4613293650735560E+00  0.1033547413261868E+02
 0.5982450163414808E+00  0.4109797830754450E+01  0.4105327691220756E+00  0.4344255475154122E+00  0.1034490417387352E+02
 0.6322395441955839E+00  0.4104490849236901E+01  0.3595455667681612E+00  0.4665965577295365E+00  0.1033307399661486E+02
 0.6457204424117756E+00  0.4104578154440889E+01  0.3399439504328368E+00  0.4777022564071265E+00  0.1033105517177392E+02
 0.6505908943285307E+00  0.4103222667895635E+01  0.3330942797497367E+00  0.4827770907543258E+00  0.1032884253869635E+02
 0.6767110366501549E+00  0.4099710726918489E+01  0.2960967825245474E+00  0.5071075173957894E+00  0.1032107777238799E+02
 0.6814884354302125E+00  0.4098468682600584E+01  0.2892459905349057E+00  0.5120897512421166E+00  0.1031912534344907E+02
 0.6857876276873672E+00  0.4097170531969766E+01  0.2835513346303756E+00  0.5166562937341297E+00  0.1031704515396529E+02
 0.7154561076867310E+00  0.4093200039022726E+01  0.2450781920830204E+00  0.5446165457575017E+00  0.1031021462287477E+02
 0.7178848154124796E+00  0.4092125863427508E+01  0.2407867887166457E+00  0.5474745881295285E+00  0.1030829060328680E+02
 0.7423945027158630E+00  0.4087976729518966E+01  0.2108503667334273E+00  0.5712726297051353E+00  0.1030175601071534E+02
 0.7251509021705659E+00  0.4090534819878311E+01  0.2304206322679637E+00  0.5549304107100906E+00  0.1030593932474786E+02
 0.7251813710565752E+00  0.4089905471485550E+01  0.2305839399652771E+00  0.5552641288999436E+00  0.1030447287640595E+02
 0.7557882752355872E+00  0.4084497269438464E+01  0.1908712724784602E+00  0.5855637310276345E+00  0.1029670534800110E+02
 0.6669293120766474E+00  0.4098702473030913E+01  0.3099781789003112E+00  0.4998830359428489E+00  0.1032154737512029E+02
 0.6964280974401608E+00  0.4094109891934872E+01  0.2698706645306037E+00  0.5280231007233034E+00  0.1031275182251830E+02
 0.7025538245748384E+00  0.4092407279403467E+01  0.2614485637554653E+00  0.5345273706384001E+00  0.1031016324646802E+02
 0.7308317335468862E+00  0.4088685485348490E+01  0.2232861796289473E+00  0.5610488477373190E+00  0.1030281634449880E+02
 0.7331359478921562E+00  0.4087372391887222E+01  0.2218436057643599E+00  0.5640908741836272E+00  0.1030146864656605E+02
 0.7397507145252593E+00  0.4085479117379622E+01  0.2131324948866545E+00  0.5712003068206276E+00  0.1029866359758251E+02
 0.6910236999578654E+00  0.4095772198687051E+01  0.2766813551036805E+00  0.5221825800115092E+00  0.1031511430149433E+02
 0.6612602456092614E+00  0.4100249232482848E+01  0.3181660583969274E+00  0.4939501814307947E+00  0.1032409427788354E+02
 0.6558137445639030E+00  0.4101784974950691E+01  0.3257924693494142E+00  0.4882334251972168E+00  0.1032656446786645E+02
 0.6724394190012855E+00  0.4100944480111465E+01  0.3025700221153048E+00  0.5025960652004016E+00  0.1032320230866106E+02
 0.6410470168936298E+00  0.4105834160486887E+01  0.3467382528438056E+00  0.4728589661921700E+00  0.1033313925922539E+02
 0.6127577439634055E+00  0.4109731823765491E+01  0.3888077356986173E+00  0.4465222351751746E+00  0.1034230668079586E+02
 0.6083433758907202E+00  0.4110914907432254E+01  0.3954775325383451E+00  0.4419966088832588E+00  0.1034440636190508E+02
 0.6366255551033757E+00  0.4107031846900139E+01  0.3534084837994824E+00  0.4682782134068089E+00  0.1033521161406353E+02
 0.6041281769812527E+00  0.4112039389762961E+01  0.4019880549881880E+00  0.4376824139326103E+00  0.1034644620071138E+02
 0.5850671967602347E+00  0.4113206996933995E+01  0.4315801291077652E+00  0.4210338550392875E+00  0.1035144992856688E+02
 0.5571196283438831E+00  0.4116494767672541E+01  0.4762594047964495E+00  0.3955376470862809E+00  0.1036109851421551E+02
 0.5534234654201375E+00  0.4117423125826895E+01  0.4825068887502170E+00  0.3918363102620312E+00  0.1036304949939270E+02
 0.5286962151081075E+00  0.4119616641778362E+01  0.5234159161904089E+00  0.3698523981896953E+00  0.1037149174927187E+02
 0.5254723557260653E+00  0.4120365605854585E+01  0.5292688883888768E+00  0.3666718280639694E+00  0.1037325590648621E+02
 0.5223517326452451E+00  0.4121107817507464E+01  0.5349126988899803E+00  0.3635902631243249E+00  0.1037499074722827E+02
 0.5731406729806261E+00  0.4116354663950582E+01  0.4505682915835971E+00  0.4089490719981779E+00  0.1035750133785882E+02
 0.5463751073904739E+00  0.4119228785354395E+01  0.4943631555581166E+00  0.3847800125061777E+00  0.1036682404979050E+02
 0.5430319143043988E+00  0.4120095354970256E+01  0.5000068579070144E+00  0.3814345032497780E+00  0.1036863720815590E+02
 0.5193294386768615E+00  0.4121843767528206E+01  0.5403510810000154E+00  0.3606030961217173E+00  0.1037669492226683E+02
 0.5164033618789710E+00  0.4122572076544092E+01  0.5455939103862066E+00  0.3577084739772556E+00  0.1037836660339563E+02
 0.5135749835241995E+00  0.4123288599466005E+01  0.5506559365324192E+00  0.3549082349884848E+00  0.1038000133419390E+02
 0.5498414131643830E+00  0.4118335666703465E+01  0.4885364554321050E+00  0.3882497700768361E+00  0.1036495894863589E+02
 0.5769625759592419E+00  0.4115346977373083E+01  0.4444290564545849E+00  0.4128166901106005E+00  0.1035554882225820E+02
 0.5809409130792341E+00  0.4114296155708725E+01  0.4381096792048732E+00  0.4168475056306046E+00  0.1035353287142730E+02
 0.4445179641463153E+00  0.4140216360946824E+01  0.5975669144533827E+00  0.2949534931247910E+00  0.1040807786114372E+02
 0.3863131074172797E+00  0.4165010440749216E+01  0.6162114937325065E+00  0.2432138494256621E+00  0.1043745680249814E+02
 0.4434329174754984E+00  0.4143148479386367E+01  0.5823398871099040E+00  0.2937424103360748E+00  0.1040846970050340E+02
 0.4924545033033251E+00  0.4125828655533514E+01  0.5556104256564691E+00  0.3384853201921026E+00  0.1038394085520493E+02
 0.5323346376584983E+00  0.4117381782216719E+01  0.5044678636031679E+00  0.3752865895139462E+00  0.1036611646637984E+02
 0.5361826271798549E+00  0.4116959492821649E+01  0.4955139176892848E+00  0.3789519977736979E+00  0.1036434272206646E+02
 0.4946432425067656E+00  0.4126498251874887E+01  0.5450040572183524E+00  0.3404173181677006E+00  0.1038302802378355E+02
 0.4967698493765267E+00  0.4127403748707125E+01  0.5333325003490379E+00  0.3422469235460806E+00  0.1038231422285905E+02
 0.5401109277935999E+00  0.4116566181441186E+01  0.4861326574038976E+00  0.3826923537322109E+00  0.1036258102723409E+02
 0.5440735604654756E+00  0.4116187369517713E+01  0.4764084889677534E+00  0.3864760932777984E+00  0.1036082660985329E+02
 0.4406271093942735E+00  0.4151965265408687E+01  0.5377253038364759E+00  0.2901063615870714E+00  0.1040996769490209E+02
 0.4989131328217673E+00  0.4128380303594757E+01  0.5211788616424678E+00  0.3440813589746849E+00  0.1038173031753601E+02
 0.5004887929674872E+00  0.4129204413763535E+01  0.5103862036511160E+00  0.3454987488647522E+00  0.1038121820380635E+02
 0.5479918151713795E+00  0.4115830717373217E+01  0.4663571593030953E+00  0.3902368438694442E+00  0.1035907990975031E+02
 0.5521060350326505E+00  0.4115547779240307E+01  0.4552723582853696E+00  0.3941567492549239E+00  0.1035729058249550E+02
 0.5024372588147543E+00  0.4130120239157603E+01  0.4977047806024638E+00  0.3472143803011726E+00  0.1038045205825031E+02
 0.5562771229540611E+00  0.4115388421226400E+01  0.4431472561001005E+00  0.3980932744430702E+00  0.1035549669302238E+02
 0.4393269673077911E+00  0.4153939654716202E+01  0.5278708554249404E+00  0.2887647938156106E+00  0.1041015370897783E+02
 0.4409598822703710E+00  0.4147779889326142E+01  0.5616134513973509E+00  0.2910885219198751E+00  0.1041005565714757E+02
 0.3820504326996695E+00  0.4169749716072046E+01  0.6014664235789298E+00  0.2392957844683239E+00  0.1044015243470769E+02
 0.3676680101466538E+00  0.4178979988979514E+01  0.5858307026414965E+00  0.2268564957818529E+00  0.1044607194610292E+02
 0.5681589089865192E+00  0.4111227978160369E+01  0.4520440694261496E+00  0.4087168200779221E+00  0.1035169618578659E+02
 0.6019656990983693E+00  0.4105830498833194E+01  0.4014020274383402E+00  0.4405662588758829E+00  0.1033918218770728E+02
 0.6074223870444359E+00  0.4104559611058965E+01  0.3925499706488179E+00  0.4460757847736171E+00  0.1033668991369290E+02
 0.6346349453269212E+00  0.4100647025314395E+01  0.3533754558554692E+00  0.4716207371436207E+00  0.1032793272893636E+02
 0.6666156229823870E+00  0.4095472235326210E+01  0.3080860301712159E+00  0.5022793134248386E+00  0.1031759656734329E+02
 0.6730723372879441E+00  0.4093777645706687E+01  0.2986786183425339E+00  0.5090281653470432E+00  0.1031480108907820E+02
 0.6406319933928993E+00  0.4099140284551910E+01  0.3442564781416765E+00  0.4777906854466182E+00  0.1032526045980996E+02
 0.6468558897810419E+00  0.4097574204881649E+01  0.3348769778707508E+00  0.4842077215143545E+00  0.1032251795211267E+02
 0.6797730194266102E+00  0.4092013468103927E+01  0.2890335041386823E+00  0.5160493478696561E+00  0.1031193104504429E+02
 0.6867260804162403E+00  0.4090177269775647E+01  0.2791392523722728E+00  0.5233537927117100E+00  0.1030898385257987E+02
 0.6981610848109741E+00  0.4090242309782365E+01  0.2654016403015289E+00  0.5327603678011328E+00  0.1030798733184891E+02
 0.7294138564053091E+00  0.4084965980180734E+01  0.2250151704405874E+00  0.5631686828623230E+00  0.1029899915159195E+02
 0.7367033580834087E+00  0.4082936733220924E+01  0.2151832653948479E+00  0.5709957459589253E+00  0.1029600996092793E+02
 0.7606501685500613E+00  0.4079610628138774E+01  0.1860870347714792E+00  0.5937452109813084E+00  0.1029036545014991E+02
 0.7943706570444991E+00  0.4073539342037820E+01  0.1450762817368617E+00  0.6271346648007712E+00  0.1028106895703514E+02
 0.8011351703600104E+00  0.4071519013535493E+01  0.1371012474714368E+00  0.6346017001178026E+00  0.1027835222653628E+02
 0.7682669484564409E+00  0.4077458516624162E+01  0.1764481160335636E+00  0.6020214906818420E+00  0.1028742538392296E+02
 0.7761611453816288E+00  0.4075194142600129E+01  0.1664158877445757E+00  0.6106380373013048E+00  0.1028430405204987E+02
 0.8089134175721185E+00  0.4069351668001886E+01  0.1279397761483785E+00  0.6431500443077615E+00  0.1027569320919998E+02
 0.8169185189068344E+00  0.4066936461098470E+01  0.1186108541386338E+00  0.6521028647861212E+00  0.1027263818663844E+02
 0.7195329481913236E+00  0.4084447612140854E+01  0.2356689794393077E+00  0.5554710639602815E+00  0.1029909699363214E+02
 0.7271910269097134E+00  0.4082356077027013E+01  0.2252951684112156E+00  0.5636554101248694E+00  0.1029597768526151E+02
 0.7519870399489730E+00  0.4078700369218537E+01  0.1946519754748685E+00  0.5874572615235539E+00  0.1028985962251220E+02
 0.7600361454456342E+00  0.4076459780835327E+01  0.1840557976101092E+00  0.5961668511343311E+00  0.1028668234500492E+02
 0.7683803332830919E+00  0.4074127493524288E+01  0.1732340757854503E+00  0.6052256991001915E+00  0.1028342299973309E+02
 0.7843141386914984E+00  0.4072894085923059E+01  0.1558691935151558E+00  0.6195299893748073E+00  0.1028113152108800E+02
 0.7927291008669402E+00  0.4070523494211991E+01  0.1450554751084374E+00  0.6287294345022278E+00  0.1027790171394289E+02
 0.8256581636763581E+00  0.4064449268880508E+01  0.1078385754546902E+00  0.6617621226343562E+00  0.1026942974142336E+02
 0.8347166805776313E+00  0.4061873833224633E+01  0.9668058192170204E-01  0.6717881742781928E+00  0.1026610761450802E+02
 0.8014239293979547E+00  0.4068066166601415E+01  0.1340450487703811E+00  0.6382700562701825E+00  0.1027461523797522E+02
 0.8104347733831720E+00  0.4065507200114816E+01  0.1228088197602308E+00  0.6481937104546660E+00  0.1027124001261320E+02
 0.8440689317712182E+00  0.4059208172813663E+01  0.8531232118060533E-01  0.6821795767499651E+00  0.1026273367247699E+02
 0.8537438938917520E+00  0.4056435198597979E+01  0.7370807595419061E-01  0.6929728629648249E+00  0.1025926732625188E+02
 0.7442193756648079E+00  0.4080853595622434E+01  0.2050320964039147E+00  0.5790797730736100E+00  0.1029296110693364E+02
 0.7121500168665513E+00  0.4086455925532435E+01  0.2458065484469331E+00  0.5476041951354026E+00  0.1030213394674947E+02
 0.7050320795029746E+00  0.4088384431353725E+01  0.2557175654261922E+00  0.5400415720376724E+00  0.1030509326565308E+02
 0.6053827186255594E+00  0.4104140930491855E+01  0.3829379438855117E+00  0.4455365708468779E+00  0.1033520342811476E+02
 0.6447725148695104E+00  0.4095902311689080E+01  0.3327813645189979E+00  0.4840431949837924E+00  0.1032037793464317E+02
 0.6517975882948138E+00  0.4094258614136541E+01  0.3216853389780012E+00  0.4912484745174193E+00  0.1031742392672135E+02
 0.6816482422145295E+00  0.4088775830706616E+01  0.2836536256155990E+00  0.5203515998203500E+00  0.1030770511909976E+02
 0.6893795392385956E+00  0.4086802362330746E+01  0.2725023254540128E+00  0.5284537348589698E+00  0.1030451625016663E+02
 0.7171918168024752E+00  0.4082071531702440E+01  0.2368702433189377E+00  0.5555935447150147E+00  0.1029640561799185E+02
 0.7255110052186275E+00  0.4079842000475161E+01  0.2255751186459244E+00  0.5644654521912323E+00  0.1029305908815331E+02
 0.7341395218887762E+00  0.4077523325285557E+01  0.2139580978730991E+00  0.5736979509429239E+00  0.1028962800597326E+02
 0.6974025939256107E+00  0.4084746090268752E+01  0.2610173498780224E+00  0.5368892054066687E+00  0.1030124318034646E+02
 0.7431001486900447E+00  0.4075107849183558E+01  0.2020090059346916E+00  0.5833185179906822E+00  0.1028610501405774E+02
 0.7518962396809359E+00  0.4075559667699545E+01  0.1926528951646735E+00  0.5902276101207116E+00  0.1028611450335150E+02
 0.7607346259221791E+00  0.4073113922514579E+01  0.1812174306079412E+00  0.5997963271013227E+00  0.1028265732572539E+02
 0.7860121183791537E+00  0.4069167095886167E+01  0.1508789202792223E+00  0.6244667288857806E+00  0.1027662935987528E+02
 0.7953202442345946E+00  0.4066533725124299E+01  0.1393226089416408E+00  0.6346778752403462E+00  0.1027309239107857E+02
 0.8049607346459322E+00  0.4063798689466047E+01  0.1274915382929662E+00  0.6452920955569755E+00  0.1026946741371277E+02
 0.8197892299547329E+00  0.4062839001460128E+01  0.1113453301973367E+00  0.6585337460582019E+00  0.1026777029424149E+02
 0.8295040857955021E+00  0.4060055307597256E+01  0.9965165327744999E-01  0.6693133066640918E+00  0.1026419896836513E+02
 0.8637756883208103E+00  0.4053550487873392E+01  0.6187277967240322E-01  0.7042067451309907E+00  0.1025571430544488E+02
 0.8741841116572278E+00  0.4050540866487699E+01  0.4981648300763297E-01  0.7159124200770942E+00  0.1025205461430775E+02
 0.8395963722421289E+00  0.4057152352984747E+01  0.8772088428953853E-01  0.6805549752893737E+00  0.1026052504112734E+02
 0.8500705296245391E+00  0.4054128823278565E+01  0.7553420436498706E-01  0.6922680995456331E+00  0.1025674667957091E+02
 0.8850074942338008E+00  0.4047400027227089E+01  0.3754694525939622E-01  0.7281349480724277E+00  0.1024828934350976E+02
 0.8962533824301538E+00  0.4044120855774347E+01  0.2505733972149339E-01  0.7408919742748512E+00  0.1024440716345210E+02
 0.7891910966193731E+00  0.4065195767702082E+01  0.1450716060617436E+00  0.6308273639304641E+00  0.1027176647878063E+02
 0.8252828096697939E+00  0.4058010132751944E+01  0.1029334678242203E+00  0.6677932965173508E+00  0.1026194336115526E+02
 0.8359830536622557E+00  0.4054951646215312E+01  0.9018191006953317E-01  0.6797093625394072E+00  0.1025804771044790E+02
 0.8609253939430410E+00  0.4050987587973787E+01  0.6306618262336229E-01  0.7044544114172772E+00  0.1025287030184672E+02
 0.8721566771039234E+00  0.4047730409899158E+01  0.5028489568435114E-01  0.7171126122514759E+00  0.1024889780703057E+02
 0.9079410418628259E+00  0.4040705153582010E+01  0.1232291913906239E-01  0.7542057547035707E+00  0.1024041753445671E+02
 0.9200503601313621E+00  0.4037154903256056E+01 -0.7078701764403107E-03  0.7680595547205376E+00  0.1023631422111274E+02
 0.8837661394206873E+00  0.4044359060471489E+01  0.3716667771999976E-01  0.7302474138834133E+00  0.1024483660785983E+02
 0.9325612613897724E+00  0.4033485416875367E+01 -0.1410271360118794E-01  0.7824258748244045E+00  0.1023212044991254E+02
 0.8149467149239131E+00  0.4060957667287472E+01  0.1153667066048281E+00  0.6563274291867726E+00  0.1026574928631645E+02
 0.7793721542568423E+00  0.4067936153859355E+01  0.1574307714890500E+00  0.6200810235527000E+00  0.1027548471691436E+02
 0.7698905031561860E+00  0.4070573744004975E+01  0.1694793615260696E+00  0.6097431920581226E+00  0.1027911417683847E+02
 0.7770375956718724E+00  0.4071696460371250E+01  0.1621778318939933E+00  0.6146564184185385E+00  0.1028007017545734E+02
 0.7433648325619596E+00  0.4077914107535254E+01  0.2037999491148070E+00  0.5810222744767620E+00  0.1028948692925204E+02
 0.7091662793028374E+00  0.4084215582043633E+01  0.2478628973192529E+00  0.5470625589971793E+00  0.1029966768263032E+02
 0.7014186334078469E+00  0.4086279444870219E+01  0.2585645318936300E+00  0.5388530890494264E+00  0.1030285068704391E+02
 0.7351327973590791E+00  0.4080178694491247E+01  0.2146758179287894E+00  0.5721691833753797E+00  0.1029277406677634E+02
 0.6939404829231518E+00  0.4088265835101834E+01  0.2689872620099543E+00  0.5309532321587617E+00  0.1030595562065770E+02
 0.6741835342842453E+00  0.4090673571660988E+01  0.2944932019168700E+00  0.5125544879975198E+00  0.1031081719821375E+02
 0.6379715052195966E+00  0.4097477550163998E+01  0.3435847850586576E+00  0.4770925139976204E+00  0.1032325466193068E+02
 0.6313891128300185E+00  0.4099000892128427E+01  0.3540547242308109E+00  0.4703848734951717E+00  0.1032608146908708E+02
 0.5994670736160450E+00  0.4105213387486288E+01  0.3941626897416043E+00  0.4396756279375179E+00  0.1033768100674387E+02
 0.5937527861168425E+00  0.4106262732382713E+01  0.4049475165472127E+00  0.4340207846424390E+00  0.1034013541946568E+02
 0.5882486479209763E+00  0.4107296176944628E+01  0.4152341102459920E+00  0.4285730486448916E+00  0.1034254473415285E+02
 0.6533155452132743E+00  0.4095946849946020E+01  0.3252219663480352E+00  0.4908827278884225E+00  0.1031970389122425E+02
 0.6189497417737945E+00  0.4101879114727799E+01  0.3739698612939115E+00  0.4577468532616586E+00  0.1033151825198471E+02
 0.6130826925058757E+00  0.4103241171483386E+01  0.3834164966377831E+00  0.4518012439923081E+00  0.1033413219449605E+02
 0.5829835336197868E+00  0.4108311468889201E+01  0.4249864305339143E+00  0.4233578703948364E+00  0.1034489783327384E+02
 0.5778881236831233E+00  0.4109306868332307E+01  0.4343373226205405E+00  0.4183172008031654E+00  0.1034720665480742E+02
 0.5729461777914744E+00  0.4110278569835429E+01  0.4433511133467766E+00  0.4134372678510561E+00  0.1034947203728064E+02
 0.6250494706655285E+00  0.4100463750614045E+01  0.3641971467219308E+00  0.4639389172394762E+00  0.1032883005772497E+02
 0.6600206240599750E+00  0.4094255471097456E+01  0.3152782519855050E+00  0.4978274375184454E+00  0.1031681518608328E+02
 0.6669762187042413E+00  0.4092498788511157E+01  0.3050342055946280E+00  0.5050497044968081E+00  0.1031385349247754E+02
 0.8349751796351249E+00  0.4065565122925710E+01  0.9804267808904442E-01  0.6683704762657852E+00  0.1027038476283021E+02
 0.8622030809095164E+00  0.4060402186410796E+01  0.6953707914603613E-01  0.6960200077654146E+00  0.1026399471246236E+02
 0.9824559683187292E+00  0.4022375755603530E+01 -0.6379930295016380E-01  0.8362949350555713E+00  0.1021986084075020E+02
 0.1020602594607285E+01  0.4014819794120659E+01 -0.9997759143402726E-01  0.8765828686331821E+00  0.1021160564025976E+02
 0.1034231509515399E+01  0.4010869097537037E+01 -0.1128487141225902E+00  0.8926654011548473E+00  0.1020770166790149E+02
 0.1070717894363449E+01  0.4004666091650768E+01 -0.1470706888505340E+00  0.9304196156357465E+00  0.1020191021289410E+02
 0.1077779737730560E+01  0.4001949746717494E+01 -0.1531653655269707E+00  0.9393740036938563E+00  0.1019848705761096E+02
 0.1117450885412878E+01  0.3993898199472876E+01 -0.1888840490189895E+00  0.9826581034500155E+00  0.1019188690424858E+02
 0.1091117697018191E+01  0.3998365027731669E+01 -0.1648193489502059E+00  0.9550046988408522E+00  0.1019517817128552E+02
 0.1140359432714633E+01  0.3987389003742834E+01 -0.2076707533272885E+00  0.1009589490228962E+01  0.1018451330451449E+02
 0.1206699060619387E+01  0.3972506206169243E+01 -0.2597254891516689E+00  0.1085094153539225E+01  0.1017219433908156E+02
 0.1253321126206147E+01  0.3961394799983967E+01 -0.2947518596224354E+00  0.1139305390611984E+01  0.1016233649045630E+02
 0.1184015172968590E+01  0.3978240675606740E+01 -0.2454268555173309E+00  0.1057917219436871E+01  0.1017706589437954E+02
 0.1056174995143156E+01  0.4008454672933573E+01 -0.1325461821511011E+00  0.9137618478717658E+00  0.1020554220236803E+02
 0.1007951782193742E+01  0.4018633296968031E+01 -0.8798018146251092E-01  0.8616241935539843E+00  0.1021564403654133E+02
 0.9952963122952782E+00  0.4022285792461881E+01 -0.7531371609169644E-01  0.8468928398942873E+00  0.1021946553882242E+02
 0.9691139018792572E+00  0.4026301782206568E+01 -0.5033040618389272E-01  0.8207519875452951E+00  0.1022409390657393E+02
 0.9562766236791719E+00  0.4030095932355557E+01 -0.3731822670035034E-01  0.8058438319019843E+00  0.1022825554203418E+02
 0.9439189869423974E+00  0.4033715843792304E+01 -0.2449511362812839E-01  0.7915809020250139E+00  0.1023225940907908E+02
 0.1022286761402869E+01  0.4018588559761413E+01 -0.9632197469476446E-01  0.8739422163517563E+00  0.1021638971293266E+02
 0.1007973929769343E+01  0.4022308257789341E+01 -0.8216596250155105E-01  0.8576912752856756E+00  0.1022012300537538E+02
 0.9714502682647429E+00  0.4029228063915397E+01 -0.5003252846100586E-01  0.8192922093454955E+00  0.1022701652841597E+02
 0.9602288648039584E+00  0.4032524655482313E+01 -0.3768654225649198E-01  0.8063512668169190E+00  0.1023071028475345E+02
 0.9488866949362783E+00  0.4035728735019976E+01 -0.2532472323168939E-01  0.7934106617144782E+00  0.1023424638379673E+02
 0.9320926812560900E+00  0.4037185000455088E+01 -0.1182926069114847E-01  0.7779890127275136E+00  0.1023617422273772E+02
 0.9206752135098711E+00  0.4040499448830271E+01  0.6938435718276082E-03  0.7649455151169916E+00  0.1023994996514471E+02
 0.9097131689403510E+00  0.4043683299453622E+01  0.1302200495556366E-01  0.7524677221096621E+00  0.1024364290697308E+02
 0.8990783800205066E+00  0.4046740051900869E+01  0.2514399866935069E-01  0.7404270159723918E+00  0.1024721865332322E+02
 0.9834087885916528E+00  0.4025819495161601E+01 -0.6276599776246036E-01  0.8330490208953490E+00  0.1022333982417386E+02
 0.1031903801858244E+01  0.4015457942873329E+01 -0.1070754312102192E+00  0.8854529628051171E+00  0.1021287642660392E+02
 0.1062353632203582E+01  0.4009291576092804E+01 -0.1320063103451599E+00  0.9182712328588202E+00  0.1020685818505704E+02
 0.1046513849039128E+01  0.4011658967535349E+01 -0.1216506523371729E+00  0.9021200478564135E+00  0.1020916326134653E+02
 0.1088389147385870E+01  0.4001935232118948E+01 -0.1581242435036076E+00  0.9487531340780189E+00  0.1019950434906199E+02
 0.9758500989326814E+00  0.4031853033666709E+01 -0.4861820012136073E-01  0.8203378101232492E+00  0.1023069921407688E+02
 0.9625126207189614E+00  0.4035307869112185E+01 -0.3520171666482291E-01  0.8053891526835507E+00  0.1023436682698323E+02
 0.9273558028538826E+00  0.4041904473109915E+01 -0.1546060193054953E-02  0.7688963504504672E+00  0.1024131623984444E+02
 0.9172165570428047E+00  0.4044848144030682E+01  0.9760680660778741E-02  0.7573693248973938E+00  0.1024476025209648E+02
 0.9067585418205926E+00  0.4047824672705997E+01  0.2122100591960635E-01  0.7455957985382191E+00  0.1024832991783915E+02
 0.8888108559073954E+00  0.4049699169558087E+01  0.3701392209009050E-01  0.7288366182636558E+00  0.1025074965249713E+02
 0.8788134598191729E+00  0.4052551104420449E+01  0.4865307450184612E-01  0.7176069523985676E+00  0.1025417741775502E+02
 0.8691452802935923E+00  0.4055313327709838E+01  0.6002497599505797E-01  0.7067792406825173E+00  0.1025755668724607E+02
 0.8596033571649326E+00  0.4058075708337823E+01  0.7111474077754888E-01  0.6961099853359238E+00  0.1026102714842691E+02
 0.8548658708282327E+00  0.4060013038586354E+01  0.7530756009999053E-01  0.6902041586609703E+00  0.1026314601383352E+02
 0.8466898988595999E+00  0.4062033303024898E+01  0.8425793979921653E-01  0.6813647308175769E+00  0.1026545550606559E+02
 0.8447753555381424E+00  0.4063174286064691E+01  0.8613766965019053E-01  0.6788859221065084E+00  0.1026747483438384E+02
 0.8813885485670259E+00  0.4055181531514381E+01  0.4533983292377568E-01  0.7172388198183829E+00  0.1025767668841021E+02
 0.8943936858681671E+00  0.4051767522387025E+01  0.3131393480397134E-01  0.7310884255125446E+00  0.1025243113066465E+02
 0.9515547898722219E+00  0.4038845215066627E+01 -0.2346910133474705E-01  0.7925994634873104E+00  0.1023879073014118E+02
 0.9881668857375178E+00  0.4030408716764209E+01 -0.5915183829756861E-01  0.8321877696583240E+00  0.1022922933977208E+02
 0.9338838324626729E+00  0.4043171783855744E+01 -0.9997917876896413E-02  0.7730625091374264E+00  0.1024315154233028E+02
 0.9381784208227246E+00  0.4038864027619716E+01 -0.1344223700120815E-01  0.7811527986074749E+00  0.1023786946908203E+02
 0.9847270826995532E+00  0.4028966009912379E+01 -0.5815542040587267E-01  0.8308661143122310E+00  0.1022735627898528E+02
 0.1013094222690357E+01  0.4023321184169147E+01 -0.8395386530492367E-01  0.8608883073420153E+00  0.1022148415894704E+02
 0.9985604463563281E+00  0.4025380066575814E+01 -0.7193513436946798E-01  0.8464781029306052E+00  0.1022367569763593E+02
 0.1037214336974723E+01  0.4016451697102212E+01 -0.1075061384185460E+00  0.8889040170508583E+00  0.1021424821183557E+02
 0.1708903259858160E+01  0.3843456546148262E+01 -0.5961007656552335E+00  0.1712819057028965E+01  0.1006947569623198E+02
 0.1658006295684767E+01  0.3863191107313448E+01 -0.5644754345092102E+00  0.1633480140481093E+01  0.1008445762752231E+02
 0.1768876570284104E+01  0.3819604476691612E+01 -0.6406427601768137E+00  0.1805261624858761E+01  0.1005132471138367E+02
 0.1727926499558479E+01  0.3837143233810006E+01 -0.6094450226805253E+00  0.1739659221022305E+01  0.1006452086167352E+02
 0.1769557971919393E+01  0.3812704383726408E+01 -0.6477376143757991E+00  0.1816609728056422E+01  0.1004461325080884E+02
 0.1767398598859679E+01  0.3819152312494626E+01 -0.6413112448086596E+00  0.1804320382198339E+01  0.1005082841862010E+02
 0.1737295277621378E+01  0.3815080469532464E+01 -0.6346037297265631E+00  0.1783089770408647E+01  0.1004467956254251E+02
 0.1755355569552135E+01  0.3815888981218598E+01 -0.6406373592086536E+00  0.1798217276535083E+01  0.1004675666637166E+02
 0.1760739416063790E+01  0.3820162885307335E+01 -0.6389690803994469E+00  0.1796293553951001E+01  0.1005144480619952E+02
 0.1685650903278506E+01  0.3823005646910141E+01 -0.6089418443930540E+00  0.1723196530042928E+01  0.1004877534038190E+02
 0.1715376183009314E+01  0.3820526552341035E+01 -0.6225260451154984E+00  0.1754129091081439E+01  0.1004845963809780E+02
 0.1622010265364012E+01  0.3834636501533084E+01 -0.5743978633303964E+00  0.1646988070500836E+01  0.1005568322510585E+02
 0.1659286795601654E+01  0.3829854846080254E+01 -0.5935357543987424E+00  0.1688207289880467E+01  0.1005361009920964E+02
 0.1691872102287694E+01  0.3826462059149686E+01 -0.6092458758570649E+00  0.1723066964770660E+01  0.1005259139788614E+02
 0.1738031584641290E+01  0.3819986386226800E+01 -0.6315614917746007E+00  0.1775560636031424E+01  0.1004956507379785E+02
 0.1749932519206206E+01  0.3822468118269997E+01 -0.6339307005181325E+00  0.1782380618286726E+01  0.1005292153889955E+02
 0.1718307137386933E+01  0.3824808870607860E+01 -0.6208629249633411E+00  0.1749633487961392E+01  0.1005289417868308E+02
 0.1735729193354766E+01  0.3825696967218790E+01 -0.6268821076090623E+00  0.1763936155973793E+01  0.1005509619439255E+02
 0.1745570914653631E+01  0.3829421656570495E+01 -0.6267306499795972E+00  0.1766957844736727E+01  0.1005926104533482E+02
 0.1730692926830062E+01  0.3837628566837856E+01 -0.6161569784965485E+00  0.1739028281168114E+01  0.1006556170667165E+02
 0.1739986582430562E+01  0.3830711144524843E+01 -0.6246237970529467E+00  0.1759277863504509E+01  0.1005996895191774E+02
 0.1745326191859063E+01  0.3830463641667897E+01 -0.6241525971857667E+00  0.1765380381566155E+01  0.1005973464851633E+02
 0.1740451349643322E+01  0.3832312620605592E+01 -0.6198091670631546E+00  0.1758499594988371E+01  0.1006131637504155E+02
 0.1708847745906381E+01  0.3845720871430072E+01 -0.5998595851928178E+00  0.1706595225148615E+01  0.1007140489191287E+02
 0.1550921897185564E+01  0.3848960529329025E+01 -0.5329579286298815E+00  0.1560601166420056E+01  0.1006487309967976E+02
 0.1593238695510278E+01  0.3842390574724424E+01 -0.5566136553748274E+00  0.1608802686182143E+01  0.1006131398306471E+02
 0.1475371771664907E+01  0.3865374802593887E+01 -0.4857826949354790E+00  0.1468034510310146E+01  0.1007612069311425E+02
 0.1521162808062092E+01  0.3857254426771762E+01 -0.5134489247722408E+00  0.1521202861009802E+01  0.1007108658180140E+02
 0.1564430722276299E+01  0.3850225295945874E+01 -0.5383965440953105E+00  0.1570701933339274E+01  0.1006707438856181E+02
 0.1397702215313010E+01  0.3883415515913893E+01 -0.4339132851108810E+00  0.1372374907323109E+01  0.1008929671590379E+02
 0.1445743379936673E+01  0.3873908115476278E+01 -0.4651008148618629E+00  0.1428973782742501E+01  0.1008274320176549E+02
 0.1319918838273065E+01  0.3902694311290029E+01 -0.3792115231138119E+00  0.1276128664342816E+01  0.1010447109811948E+02
 0.1369292389663870E+01  0.3891881042359634E+01 -0.4127967627854843E+00  0.1335102070721349E+01  0.1009614627276585E+02
 0.1417043600029466E+01  0.3882233664820286E+01 -0.4446070130495879E+00  0.1391305226401882E+01  0.1008929823470348E+02
 0.1491868679888708E+01  0.3865481999772537E+01 -0.4937913297795689E+00  0.1482584776707520E+01  0.1007733297661524E+02
 0.1535802432044298E+01  0.3858076273818052E+01 -0.5198814480014259E+00  0.1532980024811658E+01  0.1007292027456656E+02
 0.1463218994664262E+01  0.3873589229701598E+01 -0.4741248968829681E+00  0.1444975366881925E+01  0.1008357360461888E+02
 0.1507543896940357E+01  0.3865886779675709E+01 -0.5011985195425182E+00  0.1495888657265671E+01  0.1007881208177037E+02
 0.1241213148612069E+01  0.3923513729513111E+01 -0.3251127929110608E+00  0.1178074032982010E+01  0.1012265697115864E+02
 0.1293173411593661E+01  0.3910942486167000E+01 -0.3582771720601466E+00  0.1241231210027609E+01  0.1011150067438112E+02
 0.1152528592310276E+01  0.3948176637036954E+01 -0.2784339436456524E+00  0.1066771778830461E+01  0.1014679326746838E+02
 0.1215068122947901E+01  0.3931776334182540E+01 -0.3043382513689284E+00  0.1144291239005858E+01  0.1013012017304724E+02
 0.1267141078241966E+01  0.3918999392333185E+01 -0.3375455751636888E+00  0.1207453235794871E+01  0.1011848577962418E+02
 0.1038519916836065E+01  0.3980052744288140E+01 -0.2538446546569426E+00  0.9240409723690360E+00  0.1017704651127903E+02
 0.1125338933445960E+01  0.3956896137112817E+01 -0.2571090286204216E+00  0.1032354077397773E+01  0.1015499526724867E+02
 0.1010027923368983E+01  0.3989483146317526E+01 -0.2311663928803036E+00  0.8892939738373125E+00  0.1018586869019096E+02
 0.1098698360089824E+01  0.3965396579931565E+01 -0.2350449978374858E+00  0.9989819150928630E+00  0.1016291132049093E+02
 0.1189220551065858E+01  0.3939936294476940E+01 -0.2832611998306221E+00  0.1111158329782023E+01  0.1013756370492182E+02
 0.1241638437254031E+01  0.3926906712411275E+01 -0.3168457474154334E+00  0.1174566444880716E+01  0.1012544642755705E+02
 0.1163700524880430E+01  0.3947970195914905E+01 -0.2618582476266146E+00  0.1078716972367452E+01  0.1014494742048607E+02
 0.1216548086753911E+01  0.3934689956830748E+01 -0.2961000352850299E+00  0.1142426320482862E+01  0.1013241029891300E+02
 0.1435315451030758E+01  0.3881542995022426E+01 -0.4545449110469263E+00  0.1408498361598413E+01  0.1008978414914659E+02
 0.1479797894766686E+01  0.3873613219429053E+01 -0.4824573060972274E+00  0.1459611665968390E+01  0.1008471919648873E+02
 0.1362422650891747E+01  0.3898247865048605E+01 -0.4043272350462250E+00  0.1320080504527843E+01  0.1010221204267623E+02
 0.1408189549759253E+01  0.3889329573448491E+01 -0.4351050925323075E+00  0.1373184760464173E+01  0.1009595546231563E+02
 0.1452654182390549E+01  0.3881226431299237E+01 -0.4637386939906177E+00  0.1424260477646643E+01  0.1009062087665219E+02
 0.1289818976004698E+01  0.3915854358767290E+01 -0.3513190745985414E+00  0.1231798895462621E+01  0.1011621242801824E+02
 0.1336357817542107E+01  0.3905960931495452E+01 -0.3845026932954831E+00  0.1286321744207351E+01  0.1010858125308640E+02
 0.1264715235491385E+01  0.3923488749996411E+01 -0.3311242526016376E+00  0.1199511783526442E+01  0.1012281402962643E+02
 0.1310992020216205E+01  0.3913504508597937E+01 -0.3648344968885543E+00  0.1253623593873626E+01  0.1011491198900980E+02
 0.1381822980694334E+01  0.3896947700570552E+01 -0.4158198962242497E+00  0.1339003321301740E+01  0.1010208427407430E+02
 0.1426154297992121E+01  0.3888710345552081E+01 -0.4450935551716261E+00  0.1389882729815233E+01  0.1009650538632503E+02
 0.1356167958481500E+01  0.3904404662238803E+01 -0.3966824715680942E+00  0.1305886581455217E+01  0.1010817620197143E+02
 0.1400304224624452E+01  0.3896058379417680E+01 -0.4265479177229412E+00  0.1356480563002010E+01  0.1010236747407055E+02
 0.1315519271999499E+01  0.3908063434530751E+01 -0.3716042956445577E+00  0.1265035096397269E+01  0.1010958514526585E+02
 0.1389285172177027E+01  0.3890345740976673E+01 -0.4243448294733284E+00  0.1355030837658812E+01  0.1009578904461587E+02
 0.1341955558352916E+01  0.3900084476172581E+01 -0.3920605289866475E+00  0.1299398321770699E+01  0.1010290306250061E+02
 0.1331173297798925E+01  0.3911707940746935E+01 -0.3776752484096714E+00  0.1273764524471902E+01  0.1011423268851416E+02
 0.1375089458901842E+01  0.3903269302937575E+01 -0.4081111435240167E+00  0.1324030490489839E+01  0.1010820452985331E+02
 0.1262088697569080E+01  0.3928127711508932E+01 -0.3257976431626323E+00  0.1191056447567391E+01  0.1012746195126365E+02
 0.1306793253206406E+01  0.3918864118984110E+01 -0.3587832059254398E+00  0.1242575159799048E+01  0.1012025633763246E+02
 0.1350487095331563E+01  0.3910344147319813E+01 -0.3897838130643607E+00  0.1292499191242636E+01  0.1011401510988598E+02
 0.1192592176915697E+01  0.3945480036735232E+01 -0.2707489655146011E+00  0.1107830236070333E+01  0.1014237460660417E+02
 0.1238486493161577E+01  0.3935212616671512E+01 -0.3064021189640211E+00  0.1161098143580086E+01  0.1013367472806477E+02
 0.1121281615508170E+01  0.3964158875048125E+01 -0.2126559443758785E+00  0.1022477283414602E+01  0.1015959576604261E+02
 0.1169634223426444E+01  0.3952485488051885E+01 -0.2507440685487402E+00  0.1079004260637039E+01  0.1014879273311950E+02
 0.1215429196274051E+01  0.3942146354797824E+01 -0.2871017208828788E+00  0.1131990700191750E+01  0.1013984911773199E+02
 0.1282997667952470E+01  0.3925875819508619E+01 -0.3399969315077935E+00  0.1212276274601782E+01  0.1012624443981196E+02
 0.1326474769954515E+01  0.3917284057245269E+01 -0.3715641983106771E+00  0.1261854212620187E+01  0.1011979714585920E+02
 0.1259765590466879E+01  0.3932744033818209E+01 -0.3213164537086661E+00  0.1182837457172157E+01  0.1013219636294113E+02
 0.1303033844243427E+01  0.3924089463537258E+01 -0.3534517791332006E+00  0.1232068199667048E+01  0.1012554849327537E+02
 0.1045211537736416E+01  0.3985043122097971E+01 -0.1534522839692906E+00  0.9316543312754776E+00  0.1018044516837265E+02
 0.1098971346749285E+01  0.3971034216126837E+01 -0.1919639794590206E+00  0.9948800285128557E+00  0.1016618884563806E+02
 0.9583905769041063E+00  0.4010153958975915E+01 -0.1005903524781914E+00  0.8286714962908531E+00  0.1020734920735207E+02
 0.1023808295606322E+01  0.3991687513049223E+01 -0.1322717319351196E+00  0.9057134174750623E+00  0.1018716094646750E+02
 0.1077344782810016E+01  0.3977686106641852E+01 -0.1714928764636664E+00  0.9683098543947363E+00  0.1017268056441841E+02
 0.8538165660327509E+00  0.4041854070255295E+01 -0.7233446706723924E-01  0.7063333802349060E+00  0.1023907319746515E+02
 0.9384618663195186E+00  0.4016437342208722E+01 -0.7943047330809994E-01  0.8052082781495287E+00  0.1021406036505890E+02
 0.1003204780049026E+01  0.3998055627791626E+01 -0.1114809569231777E+00  0.8809198237672221E+00  0.1019370262377844E+02
 0.1056421347830794E+01  0.3984106710366767E+01 -0.1513026924473730E+00  0.9427740526581987E+00  0.1017905534014051E+02
 0.1237088132852746E+01  0.3939466847633828E+01 -0.3027472160750371E+00  0.1154242582079388E+01  0.1013810698998129E+02
 0.1280151539071014E+01  0.3930759560025387E+01 -0.3354489806734563E+00  0.1203120882537758E+01  0.1013126567735257E+02
 0.1170991193748180E+01  0.3955532149843577E+01 -0.2488484332378552E+00  0.1076353400811662E+01  0.1015203372774419E+02
 0.1214963745242168E+01  0.3946040759571951E+01 -0.2843030557010868E+00  0.1126484372996487E+01  0.1014397119775236E+02
 0.1257820892404322E+01  0.3937292187807807E+01 -0.3175621985447297E+00  0.1174999158322858E+01  0.1013694423265073E+02
 0.1104319971373358E+01  0.3972394736568066E+01 -0.1915781228076949E+00  0.9979926621584191E+00  0.1016760340299049E+02
 0.1149639172838500E+01  0.3961969965144930E+01 -0.2299518736441437E+00  0.1049842937635497E+01  0.1015802550538226E+02
 0.1193398121062244E+01  0.3952460862081411E+01 -0.2660012927084299E+00  0.1099563299867164E+01  0.1014978111977943E+02
 0.1236040205021439E+01  0.3943684156522359E+01 -0.2998016467581356E+00  0.1147695782159851E+01  0.1014257851351601E+02
 0.1125467059211722E+01  0.3965954182151551E+01 -0.2111137343701339E+00  0.1024058385219001E+01  0.1016142170241673E+02
 0.1192928997503205E+01  0.3948921187097536E+01 -0.2679063745923354E+00  0.1103742404276433E+01  0.1014596943275273E+02
 0.1147246508705682E+01  0.3959314655255437E+01 -0.2308514134779843E+00  0.1051068262453981E+01  0.1015514749547627E+02
 0.8720734555656596E+00  0.4035886598911424E+01 -0.9332580345561524E-01  0.7270683241635011E+00  0.1023285446863631E+02
 0.9792547802837859E+00  0.4003565022282722E+01 -0.1222786707507208E+00  0.8534287553797053E+00  0.1020051345143610E+02
 0.1067476921942159E+01  0.3978102018293871E+01 -0.1749661725207151E+00  0.9588391106042056E+00  0.1017352781050899E+02
 0.1001448926769362E+01  0.3996464901633549E+01 -0.1444964644108458E+00  0.8799726895979582E+00  0.1019305426496705E+02
 0.8917444117199368E+00  0.4029344200436055E+01 -0.1151470654943121E+00  0.7495994890303476E+00  0.1022593434543098E+02
 0.9126876808295267E+00  0.4022353548687046E+01 -0.1377858056980895E+00  0.7738088758283999E+00  0.1021874486488830E+02
 0.1144253391467918E+01  0.3957066722390699E+01 -0.2334388783864282E+00  0.1051091386651175E+01  0.1015289216447307E+02
 0.1216099715653662E+01  0.3938307570967267E+01 -0.2908368885069494E+00  0.1137529072149178E+01  0.1013590451480006E+02
 0.1167816886564103E+01  0.3949781074776479E+01 -0.2543253524356429E+00  0.1080649213298054E+01  0.1014612206379236E+02
 0.1286252604227073E+01  0.3920890923743859E+01 -0.3452712189687245E+00  0.1221891046723665E+01  0.1012120382868754E+02
 0.1240142736984878E+01  0.3930975153139467E+01 -0.3109663690630058E+00  0.1168090492572446E+01  0.1012938296662952E+02
 0.1191925937111010E+01  0.3942319440056282E+01 -0.2752287990136735E+00  0.1111105029596218E+01  0.1013929926004513E+02
 0.9354393909651045E+00  0.4014717585147218E+01 -0.1609205924322950E+00  0.8003644540250942E+00  0.1021093307383793E+02
 0.1048116484053293E+01  0.3981562232551252E+01 -0.1897218167743295E+00  0.9365374832151900E+00  0.1017827439045275E+02
 0.9585011031691865E+00  0.4006908082905329E+01 -0.1843245948403412E+00  0.8275522033043208E+00  0.1020309793729819E+02
 0.1138574249146177E+01  0.3955863808051926E+01 -0.2401881904124197E+00  0.1047045946617648E+01  0.1015230310914525E+02
 0.1072615612993297E+01  0.3973771445257988E+01 -0.2124560599934401E+00  0.9666397910851446E+00  0.1017099527676434E+02
 0.9832610264490951E+00  0.3998520439517755E+01 -0.2078221609446235E+00  0.8570426100569792E+00  0.1019476000107787E+02
 0.1114181310951015E+01  0.3963505515068161E+01 -0.2184160316996081E+00  0.1016544076649599E+01  0.1015946234134969E+02
 0.1024118660593363E+01  0.3989282750771756E+01 -0.1670739428230458E+00  0.9073260861307776E+00  0.1018604020057164E+02
 0.1090436831786713E+01  0.3970941445824023E+01 -0.1966295152825541E+00  0.9870937388635787E+00  0.1016658907673649E+02
 0.1539801731854135E+01  0.3881125682348384E+01 -0.5096013316780852E+00  0.1499875298198172E+01  0.1009659105486472E+02
 0.1568288756250571E+01  0.3876257166437787E+01 -0.5235564017688746E+00  0.1533000918917963E+01  0.1009348832650524E+02
 0.1469080087596293E+01  0.3895164385345994E+01 -0.4650433311551764E+00  0.1417110089269896E+01  0.1010584574872110E+02
 0.1518309991593546E+01  0.3887223687015695E+01 -0.4951330733786498E+00  0.1471819892879177E+01  0.1010128328755230E+02
 0.1404236320315265E+01  0.3908321480254116E+01 -0.4223211509698744E+00  0.1341733262237245E+01  0.1011539008458254E+02
 0.1446361158319235E+01  0.3901410770831717E+01 -0.4492853828399805E+00  0.1388108954652026E+01  0.1011074416514241E+02
 0.1340882428235013E+01  0.3921673118083884E+01 -0.3781727554475809E+00  0.1267996997437601E+01  0.1012537654565873E+02
 0.1381622718804362E+01  0.3914644140834045E+01 -0.4059286514790169E+00  0.1313039966672962E+01  0.1012051021852601E+02
 0.1423929333064571E+01  0.3907510445782124E+01 -0.4335270192054499E+00  0.1359713322730786E+01  0.1011554740293789E+02
 0.1277774852768785E+01  0.3935541461070056E+01 -0.3315384287130955E+00  0.1194488133292373E+01  0.1013624951050001E+02
 0.1318783388463615E+01  0.3927970994050221E+01 -0.3613682705428458E+00  0.1240124390222658E+01  0.1013065876946226E+02
 0.1359493332240872E+01  0.3920849548690338E+01 -0.3895895130122213E+00  0.1285086302457827E+01  0.1012559198230742E+02
 0.1402078192458335E+01  0.3913582316222224E+01 -0.4177785857267466E+00  0.1332021626261685E+01  0.1012041716279235E+02
 0.1452654552808407E+01  0.3904351543822618E+01 -0.4507773825752814E+00  0.1389175048570091E+01  0.1011433319419376E+02
 0.1484091136738328E+01  0.3898429074801405E+01 -0.4675688352146871E+00  0.1425955232441017E+01  0.1011025310357118E+02
 0.1474907852275075E+01  0.3898797166532667E+01 -0.4658385159334713E+00  0.1416709299942964E+01  0.1011016465739699E+02
 0.1495815026163487E+01  0.3892792182292531E+01 -0.4804698219361793E+00  0.1443798622146024E+01  0.1010540455397791E+02
 0.1526110058661128E+01  0.3887300450966446E+01 -0.4959679902094654E+00  0.1479230470474401E+01  0.1010174863807125E+02
 0.1299749862277864E+01  0.3929186869456879E+01 -0.3488061229729993E+00  0.1222127558320717E+01  0.1013078519399680E+02
 0.1363525941335188E+01  0.3915251173128200E+01 -0.3950647810269695E+00  0.1296668793814084E+01  0.1012005260163090E+02
 0.1427344720664909E+01  0.3901907483614603E+01 -0.4387351976790830E+00  0.1371155452527929E+01  0.1011026956379886E+02
 0.1386693470570937E+01  0.3908714404937577E+01 -0.4120251349416206E+00  0.1326121803398741E+01  0.1011470488956084E+02
 0.1322269166344184E+01  0.3922702153173856E+01 -0.3661809006479822E+00  0.1250572018076312E+01  0.1012528329510762E+02
 0.1345337748773992E+01  0.3916089908067947E+01 -0.3836558970430599E+00  0.1279831476644653E+01  0.1011974770529600E+02
 0.1492156178952561E+01  0.3888955004740862E+01 -0.4806377318354426E+00  0.1446563762225240E+01  0.1010110502492111E+02
 0.1562221930378538E+01  0.3875660299196013E+01 -0.5237015723311165E+00  0.1527932470288843E+01  0.1009263014423794E+02
 0.1515531989605388E+01  0.3882599457000440E+01 -0.4961991911766803E+00  0.1476645859557508E+01  0.1009625008373838E+02
 0.1584002684851118E+01  0.3869527349114051E+01 -0.5377770705423770E+00  0.1556621873799216E+01  0.1008800845091165E+02
 0.1539236470357308E+01  0.3876288222485409E+01 -0.5115913558870164E+00  0.1507113235517086E+01  0.1009149407331427E+02
 0.1605917902202400E+01  0.3864247550238057E+01 -0.5509710725108149E+00  0.1584215570788783E+01  0.1008420419325392E+02
 0.1563043160137929E+01  0.3869894697018768E+01 -0.5267892426769750E+00  0.1537980664966529E+01  0.1008670987864788E+02
 0.1609795428463360E+01  0.3865526178021731E+01 -0.5497771129544153E+00  0.1586181673251908E+01  0.1008560177203858E+02
 0.1368959931722814E+01  0.3909352735990793E+01 -0.4012249552571805E+00  0.1309915908946574E+01  0.1011418371343886E+02
 0.1434622273428268E+01  0.3895309177022023E+01 -0.4461203207255545E+00  0.1387402027054403E+01  0.1010394156509914E+02
 0.1393143444148514E+01  0.3902493009737846E+01 -0.4188835133292449E+00  0.1340838012382061E+01  0.1010859529355205E+02
 0.1499411102721279E+01  0.3882120046832430E+01 -0.4879523114789200E+00  0.1463627115801349E+01  0.1009481335620468E+02
 0.1459357721531615E+01  0.3888457007330299E+01 -0.4632214655789219E+00  0.1419202055901871E+01  0.1009854604873609E+02
 0.1524217279247211E+01  0.3875406333296478E+01 -0.5042312644446882E+00  0.1495673201484258E+01  0.1008969410841750E+02
 0.1484580084358773E+01  0.3881514333421948E+01 -0.4803297590148404E+00  0.1451748411560854E+01  0.1009314728873449E+02
 0.1417893458066051E+01  0.3895513394430115E+01 -0.4366242768430977E+00  0.1372608296997049E+01  0.1010298683667398E+02
 0.1443212338305250E+01  0.3888417865120733E+01 -0.4544373773126781E+00  0.1405232635949756E+01  0.1009736319278339E+02
 0.1474955971507194E+01  0.3888796810383556E+01 -0.4715768888530774E+00  0.1432128829503629E+01  0.1009997215418255E+02
 0.1410396737603207E+01  0.3902065504255168E+01 -0.4290485764945922E+00  0.1356368744245834E+01  0.1010933157224694E+02
 0.1450912999697320E+01  0.3895392847401185E+01 -0.4551580731892513E+00  0.1401290272877290E+01  0.1010512456516426E+02
 0.1469090997540100E+01  0.3881212757677199E+01 -0.4723034318746558E+00  0.1438703764738307E+01  0.1009173055726277E+02
 0.1536279830252567E+01  0.3867437886508832E+01 -0.5143981196340219E+00  0.1518807315772693E+01  0.1008240745835930E+02
 0.1495502308463498E+01  0.3873910090904363E+01 -0.4901906445272878E+00  0.1472989659771311E+01  0.1008609920518538E+02
 0.1599827402644542E+01  0.3855227492199109E+01 -0.5519083322612354E+00  0.1594035863081169E+01  0.1007464065506434E+02
 0.1562580866993652E+01  0.3860359199289621E+01 -0.5312324162719358E+00  0.1553092671162888E+01  0.1007711018614582E+02
 0.1656905498730318E+01  0.3845346858700992E+01 -0.5835196375456712E+00  0.1660384089028907E+01  0.1006884244063587E+02
 0.1624939323655870E+01  0.3848641679802650E+01 -0.5671146121158618E+00  0.1626891246923354E+01  0.1006983395240033E+02
 0.1589027443170797E+01  0.3853293877951732E+01 -0.5478314715668098E+00  0.1587682024657707E+01  0.1007187978289211E+02
 0.1522390408702814E+01  0.3866528800490983E+01 -0.5080471160643216E+00  0.1508021810573386E+01  0.1008048296296461E+02
 0.1549663229284102E+01  0.3859098164176532E+01 -0.5258000337738096E+00  0.1543682322352713E+01  0.1007490343765943E+02
 0.1704051859278994E+01  0.3838783518891813E+01 -0.6077557579304234E+00  0.1712946608335065E+01  0.1006586239385013E+02
 0.1678860914805798E+01  0.3839784103333800E+01 -0.5960234061867548E+00  0.1689135687538969E+01  0.1006489314480236E+02
 0.1718534443401158E+01  0.3835635630846037E+01 -0.6148128179153546E+00  0.1731241207736003E+01  0.1006353263142673E+02
 0.1699611980672951E+01  0.3834519275551663E+01 -0.6076176894526690E+00  0.1716497460650294E+01  0.1006120592277958E+02
 0.1731458135393015E+01  0.3832184268360522E+01 -0.6215494092721003E+00  0.1748911992483842E+01  0.1006118106343958E+02
 0.1718745782017397E+01  0.3829824374640368E+01 -0.6179424310622507E+00  0.1741579620143369E+01  0.1005791673131210E+02
 0.1729886963608246E+01  0.3836403614631293E+01 -0.6181826381561587E+00  0.1740020321983121E+01  0.1006471577256229E+02
 0.1577187419307281E+01  0.3851657026294701E+01 -0.5433524995554815E+00  0.1579798344955395E+01  0.1006938547210102E+02
 0.1641540479361290E+01  0.3839453497552420E+01 -0.5798224781239524E+00  0.1656658044690711E+01  0.1006182207579845E+02
 0.1604783912834027E+01  0.3844258831780155E+01 -0.5605855338151113E+00  0.1616130640177401E+01  0.1006396746319244E+02
 0.1696685464002375E+01  0.3830204831592071E+01 -0.6088391841191514E+00  0.1721180246453604E+01  0.1005666921069474E+02
 0.1667115321363487E+01  0.3832816585367012E+01 -0.5949297389346447E+00  0.1690372049368924E+01  0.1005708788938583E+02
 0.1632234780244674E+01  0.3836966524031178E+01 -0.5773626917696254E+00  0.1652383966644122E+01  0.1005869124045377E+02
 0.1673678239309588E+01  0.3836044426323259E+01 -0.5957434267795947E+00  0.1690894112752482E+01  0.1006078916161500E+02
 0.1615409440282976E+01  0.3846311491923550E+01 -0.5640635062594661E+00  0.1622285803800484E+01  0.1006678169361508E+02
 0.1649644375740710E+01  0.3842217189931546E+01 -0.5817774354736239E+00  0.1659311040686004E+01  0.1006519857898454E+02
 0.1712706512331259E+01  0.3839976672089549E+01 -0.6099089137962826E+00  0.1718593118805148E+01  0.1006729741256790E+02
 0.1686578345817930E+01  0.3843550810489579E+01 -0.5979338298456958E+00  0.1689270797159452E+01  0.1006919484539116E+02
 0.1634048879046756E+01  0.3851290634083496E+01 -0.5701347384828478E+00  0.1630361094644213E+01  0.1007310448788050E+02
 0.1574551555031737E+01  0.3861922553992733E+01 -0.5362881039783570E+00  0.1561044868657824E+01  0.1007958008098020E+02
 0.1610615797043170E+01  0.3857353132236844E+01 -0.5561564936062824E+00  0.1599832952692774E+01  0.1007750447061848E+02
 0.1510240277026112E+01  0.3874503697633624E+01 -0.4974032776181456E+00  0.1484972239496225E+01  0.1008776661836711E+02
 0.1549294056879633E+01  0.3868658297482201E+01 -0.5203639146174621E+00  0.1528197599407023E+01  0.1008460576449141E+02
 0.1586890527114683E+01  0.3863632727642309E+01 -0.5416413216944891E+00  0.1568852851191110E+01  0.1008209988914496E+02
 0.1627385877364930E+01  0.3858250300286009E+01 -0.5642485957469957E+00  0.1612762739024382E+01  0.1007977177541503E+02
 0.1649198839324354E+01  0.3855497488929001E+01 -0.5737818251073094E+00  0.1636874267201454E+01  0.1007836056945085E+02
 0.1648030527421656E+01  0.3853371635308083E+01 -0.5760954155061651E+00  0.1638872640189672E+01  0.1007628727510010E+02
 0.1668230144814312E+01  0.3847781297585708E+01 -0.5880487591485806E+00  0.1665987292398202E+01  0.1007225000299696E+02
 0.1684504055660611E+01  0.3846703514340368E+01 -0.5943749189794131E+00  0.1682389950445376E+01  0.1007206715767297E+02
 0.1000000000000005E+01  0.4107292551885521E+01  0.1320661365571084E-14  0.7531183976238608E+00  0.1031772204744678E+02
 0.1000000000000075E+01  0.4107292551885445E+01 -0.1217621268216567E-15  0.7531183976239393E+00  0.1031772204744653E+02
 0.9999999999994916E+00  0.4107292551886037E+01  0.2137223714858876E-13  0.7531183976233172E+00  0.1031772204744851E+02
 0.9999999999898261E+00  0.4107292551896399E+01  0.7023392244192165E-12  0.7531183976120526E+00  0.1031772204748110E+02
 0.9999999999974715E+00  0.4107292551888148E+01  0.2223519781818602E-12  0.7531183976210511E+00  0.1031772204745532E+02
 0.1000000000000153E+01  0.4107292551885355E+01 -0.8180047895628763E-14  0.7531183976240338E+00  0.1031772204744625E+02
 0.1000000000000101E+01  0.4107292551885416E+01 -0.9694955359533012E-14  0.7531183976239697E+00  0.1031772204744644E+02
 0.1000000000000000E+01  0.4107292551885510E+01 -0.2069182242988170E-13  0.7531183976238766E+00  0.1031772204744678E+02
 0.1000000000072070E+01  0.4107292551813881E+01 -0.2400180070989918E-11  0.7531183977012603E+00  0.1031772204721035E+02
 0.1000000001275389E+01  0.4107292550530574E+01 -0.9694288426888682E-10  0.7531183991602257E+00  0.1031772204332124E+02
 0.1000000000360231E+01  0.4107292551514346E+01 -0.3690682984565963E-10  0.7531183980341524E+00  0.1031772204626975E+02
 0.9999999894270859E+00  0.4107292562104716E+01  0.4869820489108204E-09  0.7531183859139869E+00  0.1031772208005197E+02
 0.9999998290006996E+00  0.4107292728258081E+01  0.1627492627463002E-07  0.7531181812694452E+00  0.1031772255293123E+02
 0.9999999620466183E+00  0.4107292589740589E+01  0.4780003132474039E-08  0.7531183534120007E+00  0.1031772216385745E+02
 0.1000000002342646E+01  0.4107292549336719E+01 -0.3669615472642480E-09  0.7531184006178437E+00  0.1031772204005235E+02
 0.1000000000896122E+01  0.4107292550959049E+01 -0.1619437018790220E-09  0.7531183986624427E+00  0.1031772204455074E+02
 0.1000000001909336E+01  0.4107292549713857E+01 -0.6584925943379178E-09  0.7531184003605708E+00  0.1031772204177402E+02
 0.1000000001464241E+01  0.4107292550380842E+01 -0.3899430716223572E-09  0.7531183993340483E+00  0.1031772204278523E+02
 0.9999999999992634E+00  0.4107292551886275E+01  0.1131866934974487E-12  0.7531183976231027E+00  0.1031772204744938E+02
 0.1000000000000295E+01  0.4107292551885177E+01 -0.5904633820968199E-13  0.7531183976241824E+00  0.1031772204744562E+02
 0.9999999999824667E+00  0.4107292551903908E+01  0.3760255000021336E-11  0.7531183976037055E+00  0.1031772204750493E+02
 0.9999999999987199E+00  0.4107292551886804E+01  0.2012936683464122E-12  0.7531183976224894E+00  0.1031772204745104E+02
 0.1000000000026661E+01  0.4107292551861827E+01 -0.2377830524485330E-11  0.7531183976464418E+00  0.1031772204735573E+02
 0.9999999999748784E+00  0.4107292551911613E+01  0.7475186237701149E-11  0.7531183975948664E+00  0.1031772204752877E+02
 0.1000000000062925E+01  0.4107292551825883E+01 -0.1496914147239977E-10  0.7531183976857498E+00  0.1031772204723809E+02
 0.9999999999682591E+00  0.4107292551917936E+01  0.1179495478504289E-10  0.7531183975872380E+00  0.1031772204754813E+02
 0.9999999999969843E+00  0.4107292551888595E+01  0.9530133339107132E-12  0.7531183976206524E+00  0.1031772204745707E+02
 0.1000000000000388E+01  0.4107292551885000E+01 -0.1148876816589989E-12  0.7531183976242696E+00  0.1031772204744494E+02
 0.9999999999967544E+00  0.4107292551888690E+01  0.1035761568616431E-11  0.7531183976203484E+00  0.1031772204745713E+02
 0.9999999999944540E+00  0.4107292551893377E+01  0.2528166944257764E-11  0.7531183976137900E+00  0.1031772204746432E+02
 0.9999999999914401E+00  0.4107292551894504E+01  0.1210660144149931E-11  0.7531183976141519E+00  0.1031772204747553E+02
 0.9999999999847575E+00  0.4107292551902328E+01  0.1996360372684467E-11  0.7531183976051635E+00  0.1031772204749777E+02
 0.1000001526372473E+01  0.4107291176694364E+01 -0.7630095389355228E-07  0.7531201439743944E+00  0.1031771789116142E+02
 0.1000025397043902E+01  0.4107268315400196E+01 -0.2903017950234061E-05  0.7531523989919404E+00  0.1031765968643234E+02
 0.1000004687749793E+01  0.4107288160863731E+01 -0.7367079541356987E-06  0.7531240248700778E+00  0.1031770925426005E+02
 0.9998114438895414E+00  0.4107436999343006E+01  0.1060977975919920E-04  0.7529000640969008E+00  0.1031812448878662E+02
 0.9960276224000933E+00  0.4110524450576545E+01  0.6397221959165509E-03  0.7475487630183151E+00  0.1032453121447330E+02
 0.9997471604290349E+00  0.4107491662628558E+01  0.5192020998077728E-04  0.7528205652252821E+00  0.1031827127111036E+02
 0.1000050671286545E+01  0.4107244262022488E+01 -0.1209958209528124E-04  0.7531876662294666E+00  0.1031760147196948E+02
 0.1000006522543269E+01  0.4107286472196818E+01 -0.1987106233655308E-05  0.7531262553250683E+00  0.1031770443999377E+02
 0.1000052144330258E+01  0.4107243354025316E+01 -0.2232273813616624E-04  0.7531891196659948E+00  0.1031759860277079E+02
 0.1000006551045250E+01  0.4107286616512458E+01 -0.3147915389932570E-05  0.7531262108124643E+00  0.1031770486779838E+02
 0.1006118596182500E+01  0.4106158714307338E+01  0.1352670838131429E-02  0.7574440942513924E+00  0.1031236506805279E+02
 0.2462811475547761E+01  0.3594059981016144E+01 -0.6003476920570413E+00  0.3138581617891005E+01  0.9824816540271339E+01
 0.1216765370138694E+01  0.3990201872842850E+01 -0.1159118976104836E+00  0.1071894090278519E+01  0.1016991671271019E+02
 0.9958322669845552E+00  0.4112707239855222E+01  0.2502224727306997E-02  0.7448612848590915E+00  0.1032713020148338E+02
 0.1758953077310669E+01  0.3779595091582986E+01 -0.3942433703961042E+00  0.1937273366520746E+01  0.9973830071873751E+01
 0.2149764118129506E+01  0.3674716722273450E+01 -0.4982059758872013E+00  0.2586527155704702E+01  0.9883795814004857E+01
 0.1349902907988624E+01  0.3922670367400468E+01 -0.2880951186745822E+00  0.1282101910084348E+01  0.1010960437007748E+02
 0.1083339951237009E+01  0.4061843764232947E+01 -0.7204021822591687E-01  0.8688535303094886E+00  0.1025691663902417E+02
 0.9948199989525041E+00  0.4112505221395200E+01  0.4190674807953488E-02  0.7447071958844416E+00  0.1032782054456879E+02
 0.1028333869345879E+01  0.4095289541728884E+01 -0.3061254633720861E-01  0.7885060711914009E+00  0.1030311733080313E+02
 0.9960790006033819E+00  0.4110647807137650E+01  0.3801759123022790E-02  0.7473682277528043E+00  0.1032449540777166E+02
 0.1000057375409433E+01  0.4107239609017602E+01 -0.3249369747051839E-04  0.7531949128369554E+00  0.1031758785459390E+02
 0.1000004917585772E+01  0.4107288400868446E+01 -0.3216006426482835E-05  0.7531241135866104E+00  0.1031771002909040E+02
 0.9999232120231241E+00  0.4107331279713326E+01  0.6864099392476644E-04  0.7530481939843915E+00  0.1031785018169231E+02
 0.1000038285293330E+01  0.4107259583697252E+01 -0.2868762168764560E-04  0.7531676821859482E+00  0.1031763776445854E+02
 0.1000002893508617E+01  0.4107290426942360E+01 -0.2373838354941766E-05  0.7531216070615271E+00  0.1031771589538893E+02
 0.9982803429112285E+00  0.4108555792897613E+01  0.1541362637767315E-02  0.7508755637442500E+00  0.1032053913097547E+02
 0.9999898516459472E+00  0.4107280696317052E+01  0.1696569550338296E-04  0.7531230516862394E+00  0.1031770409612121E+02
 0.9991777649944210E+00  0.4107801199236557E+01  0.8220159934459425E-03  0.7521144280549362E+00  0.1031884906349636E+02
 0.1000016991696141E+01  0.4107268203881138E+01 -0.1242435995178308E-04  0.7531480042212468E+00  0.1031766406732531E+02
 0.1000027656724510E+01  0.4107270793400164E+01 -0.2351694072071680E-04  0.7531525039606246E+00  0.1031766587244897E+02
 0.1000001453918880E+01  0.4107291686268549E+01 -0.1326775545381009E-05  0.7531199200481097E+00  0.1031771956073233E+02
 0.1000015468997314E+01  0.4107281889711000E+01 -0.1430589156358249E-04  0.7531366373829061E+00  0.1031769472911256E+02
 0.1000000519130244E+01  0.4107292368974450E+01 -0.5194450856906557E-06  0.7531188847202601E+00  0.1031772153650219E+02
 0.9970449103031273E+00  0.4109701101588298E+01  0.2053919231874373E-02  0.7490505656559079E+00  0.1032300027593306E+02
 0.9998081074386264E+00  0.4107436194564110E+01  0.8889742418234574E-04  0.7529001690610992E+00  0.1031812773198947E+02
 0.9955688104254639E+00  0.4110956897801562E+01  0.1678917469317039E-02  0.7468964132102178E+00  0.1032553667648721E+02
 0.9999999999938303E+00  0.4107292551891576E+01  0.2762364420302675E-11  0.7531183976172715E+00  0.1031772204746680E+02
 0.1000000000000364E+01  0.4107292551884912E+01 -0.1468668856161834E-12  0.7531183976242055E+00  0.1031772204744446E+02
 0.9999999999448358E+00  0.4107292551939698E+01  0.2700398940657368E-10  0.7531183975604663E+00  0.1031772204761469E+02
 0.9999999999953479E+00  0.4107292551889791E+01  0.2196221207426130E-11  0.7531183976188159E+00  0.1031772204746047E+02
 0.1000000000123404E+01  0.4107292551782983E+01 -0.7087122148512319E-10  0.7531183977441569E+00  0.1031772204709403E+02
 0.9999999999506818E+00  0.4107292551931823E+01  0.2849298137251268E-10  0.7531183975677702E+00  0.1031772204758960E+02
 0.1000000002962526E+01  0.4107292549176075E+01 -0.1805170244293975E-08  0.7531184010086426E+00  0.1031772203920243E+02
 0.1000000000072955E+01  0.4107292551832657E+01 -0.5018592155074846E-10  0.7531183976921931E+00  0.1031772204726313E+02
 0.9999999999603360E+00  0.4107292551920759E+01  0.2580591765486646E-10  0.7531183975793823E+00  0.1031772204755501E+02
 0.9999999999946901E+00  0.4107292551890215E+01  0.3352850616166113E-11  0.7531183976182679E+00  0.1031772204746208E+02
 0.1000000000000273E+01  0.4107292551885045E+01 -0.1640945014057719E-12  0.7531183976240861E+00  0.1031772204744489E+02
 0.9999999999971867E+00  0.4107292551887739E+01  0.1819751706866570E-11  0.7531183976208495E+00  0.1031772204745367E+02
 0.1000000005306474E+01  0.4107292546405355E+01 -0.3191104889784341E-08  0.7531184045854147E+00  0.1031772203235102E+02
 0.1000000002144198E+01  0.4107292550063063E+01 -0.1510743532291266E-08  0.7531184000333153E+00  0.1031772204194797E+02
 0.9999999197147290E+00  0.4107292614960986E+01  0.6203423497334017E-07  0.7531183079894812E+00  0.1031772223359101E+02
 0.1000000004397281E+01  0.4107292547768961E+01 -0.3185273292815973E-08  0.7531184030652085E+00  0.1031772203586306E+02
 0.1000000001468712E+01  0.4107292550733380E+01 -0.1126825146078118E-08  0.7531183992460920E+00  0.1031772204400490E+02
 0.9999995991433475E+00  0.4107292880091300E+01  0.3232541774601340E-06  0.7531179200153914E+00  0.1031772295619400E+02
 0.9999999548716155E+00  0.4107292583267408E+01  0.3813098641238066E-07  0.7531183484437635E+00  0.1031772213835868E+02
 0.9999997535796733E+00  0.4107292732144472E+01  0.2145310832786820E-06  0.7531181139115529E+00  0.1031772254250145E+02
 0.9999999779799330E+00  0.4107292565002949E+01  0.1974922181184585E-07  0.7531183742584860E+00  0.1031772208436976E+02
 0.1000000004391492E+01  0.4107292548105825E+01 -0.3331427394053979E-08  0.7531184027943664E+00  0.1031772203658045E+02
 0.1000000000931888E+01  0.4107292551213100E+01 -0.7553006263976338E-09  0.7531183986377026E+00  0.1031772204546501E+02
 0.1000000003099446E+01  0.4107292549482655E+01 -0.2541872961244102E-08  0.7531184011523760E+00  0.1031772204056318E+02
 0.1000000000525849E+01  0.4107292551540143E+01 -0.4458155973834714E-09  0.7531183981879396E+00  0.1031772204644835E+02
 0.9999999999972200E+00  0.4107292551887600E+01  0.2128964434700063E-11  0.7531183976209896E+00  0.1031772204745339E+02
 0.1000000000000284E+01  0.4107292551885169E+01 -0.1999777025793498E-12  0.7531183976241161E+00  0.1031772204744545E+02
 0.9999999999728416E+00  0.4107292551907222E+01  0.1990856419491120E-10  0.7531183975941084E+00  0.1031772204751268E+02
 0.9999999999988690E+00  0.4107292551886240E+01  0.8582854384020151E-12  0.7531183976226564E+00  0.1031772204744886E+02
 0.9999999999752300E+00  0.4107292551912546E+01  0.1537130094349220E-10  0.7531183975927254E+00  0.1031772204752659E+02
 0.9999999999840451E+00  0.4107292551897147E+01  0.1263039928419494E-10  0.7531183976065747E+00  0.1031772204748136E+02
 0.9999999999780853E+00  0.4107292551904959E+01  0.1616508559682996E-10  0.7531183975984937E+00  0.1031772204750447E+02
 0.9999999999994795E+00  0.4107292551885732E+01  0.5105653763632886E-12  0.7531183976233365E+00  0.1031772204744733E+02
 0.9999999999975722E+00  0.4107292551898007E+01 -0.2889207802166450E-11  0.7531183976144323E+00  0.1031772204747907E+02
 0.9999999999673085E+00  0.4107292551913051E+01  0.2275807304995889E-10  0.7531183975876142E+00  0.1031772204753080E+02
 0.1000000000024083E+01  0.4107292551878112E+01 -0.2361780975870923E-10  0.7531183976403556E+00  0.1031772204741226E+02
 0.9999994956217595E+00  0.4107293001629562E+01  0.3704890843351303E-06  0.7531177728462599E+00  0.1031772328237433E+02
 0.9999998913290343E+00  0.4107292644966405E+01  0.7559482940637059E-07  0.7531182733465984E+00  0.1031772232366931E+02
 0.1000000003828567E+01  0.4107292547584330E+01 -0.2054774204365880E-08  0.7531184031765155E+00  0.1031772203645377E+02
 0.9999998553935545E+00  0.4107292685531468E+01  0.8256926641268588E-07  0.7531182285518364E+00  0.1031772244595416E+02
 0.9999993822219923E+00  0.4107293141188262E+01  0.3865462849939665E-06  0.7531176057402881E+00  0.1031772365132632E+02
 0.9999993690158752E+00  0.4107293181289433E+01  0.3319660609236171E-06  0.7531175596308619E+00  0.1031772372562435E+02
 0.1000000002979840E+01  0.4107292549036831E+01 -0.1594366285601948E-08  0.7531184010711472E+00  0.1031772203875417E+02
 0.1000000000131896E+01  0.4107292551766712E+01 -0.6174179829974538E-10  0.7531183977563964E+00  0.1031772204704181E+02
 0.1000000002865612E+01  0.4107292549046005E+01 -0.1269901918321445E-08  0.7531184009655245E+00  0.1031772203874286E+02
 0.9999999999563359E+00  0.4107292551929429E+01  0.1861728602763901E-10  0.7531183975734672E+00  0.1031772204758336E+02
 0.1000000000110123E+01  0.4107292551781893E+01 -0.3856904357151918E-10  0.7531183977352609E+00  0.1031772204709232E+02
 0.1000000002320389E+01  0.4107292549531790E+01 -0.8039933073226893E-09  0.7531184003381168E+00  0.1031772204019615E+02
 0.9999994253233138E+00  0.4107293140339504E+01  0.2370770060088703E-06  0.7531176205490656E+00  0.1031772360371113E+02
 0.9999998646088445E+00  0.4107292686097634E+01  0.4454597848788756E-07  0.7531182365225821E+00  0.1031772245085592E+02
 0.9999995577265552E+00  0.4107293012044995E+01  0.1362510172721092E-06  0.7531177928507531E+00  0.1031772325823408E+02
 0.1000000001392086E+01  0.4107292550127116E+01 -0.7315427067203004E-09  0.7531184001390188E+00  0.1031772204389139E+02
 0.9999999044052108E+00  0.4107292647738070E+01  0.2059855090769402E-07  0.7531182840291232E+00  0.1031772233713989E+02
 0.9999996987781464E+00  0.4107292865806488E+01  0.5750723142644411E-07  0.7531179970332803E+00  0.1031772290247481E+02
 0.1000000001650343E+01  0.4107292549800812E+01 -0.8194220374562043E-09  0.7531184005746371E+00  0.1031772204315396E+02
 0.9999998512717736E+00  0.4107292695208850E+01  0.6918084092741314E-07  0.7531182217388659E+00  0.1031772247643004E+02
 0.1000000002954518E+01  0.4107292548335802E+01 -0.1348165749513134E-08  0.7531184023750453E+00  0.1031772203918226E+02
 0.2000236011099420E+01  0.3665518459943489E+01 -0.6544008516361103E+00  0.2366857924789806E+01  0.9890356346622584E+01
 0.2193099865757403E+01  0.3618240485240903E+01 -0.7273672825763458E+00  0.2673690595559646E+01  0.9858207787466222E+01
 0.1650902408134587E+01  0.3779531034019375E+01 -0.5464862590460117E+00  0.1780423788455387E+01  0.9987888279648853E+01
 0.2314912945531803E+01  0.3587540858982463E+01 -0.7767860507393201E+00  0.2873482290987939E+01  0.9840152312457811E+01
 0.1872894125214302E+01  0.3697482360852808E+01 -0.6754917385225397E+00  0.2143272699312810E+01  0.9924742564419528E+01
 0.1416554579175104E+01  0.3889424867564879E+01 -0.3962988621175791E+00  0.1385623565857847E+01  0.1008775083405502E+02
 0.2542573651809456E+01  0.3550009785550111E+01 -0.8529441913367856E+00  0.3208566103884890E+01  0.9819882500798178E+01
 0.2186884065128485E+01  0.3608749646852670E+01 -0.8243600275398664E+00  0.2639684585800092E+01  0.9868953793447755E+01
 0.2195792436369576E+01  0.3606260664707769E+01 -0.8400604057172071E+00  0.2647622427266695E+01  0.9869835761580003E+01
 0.2049441294318196E+01  0.3641540095062105E+01 -0.8061530102413359E+00  0.2410613729518924E+01  0.9895922733028591E+01
 0.1629268666622731E+01  0.3790608532774154E+01 -0.5582427303272669E+00  0.1734994738023682E+01  0.1000240333614475E+02
 0.1249019267861461E+01  0.3981755603726768E+01 -0.2504384414627409E+00  0.1109199067145169E+01  0.1017868857481545E+02
 0.1819476492623481E+01  0.3714465403400440E+01 -0.6814534377353521E+00  0.2047027238402675E+01  0.9943475650032070E+01
 0.1429790032594590E+01  0.3888564709724845E+01 -0.4110078597814881E+00  0.1398005702076151E+01  0.1008935630974186E+02
 0.1133097330975567E+01  0.4046232351996929E+01 -0.1382957663468722E+00  0.9301355637931649E+00  0.1024775795279138E+02
 0.1965220231896974E+01  0.3666180804683652E+01 -0.7629923721430610E+00  0.2279271007947756E+01  0.9911030444905197E+01
 0.1617827945456570E+01  0.3800773211896515E+01 -0.5580317748287482E+00  0.1705459150716269E+01  0.1001405313728015E+02
 0.1782211602609446E+01  0.3734050736390346E+01 -0.6708941762877707E+00  0.1972272236930600E+01  0.9963224788861693E+01
 0.1435427457726650E+01  0.3891872156912752E+01 -0.4154435172571669E+00  0.1397732009061129E+01  0.1009397914393888E+02
 0.1269844166901806E+01  0.3975338237123580E+01 -0.2690333913965546E+00  0.1135299976799326E+01  0.1017296326266132E+02
 0.1062657827068249E+01  0.4082460070609526E+01 -0.6710974276687900E-01  0.8304831065106012E+00  0.1028927964879651E+02
 0.1150820969003540E+01  0.4039477584892855E+01 -0.1554572492140820E+00  0.9528355676810045E+00  0.1024067705079580E+02
 0.1026879236725625E+01  0.4098785754746906E+01 -0.2873447857319974E-01  0.7839482948977282E+00  0.1030900500358127E+02
 0.2164479165257616E+01  0.3612826173895789E+01 -0.8128196487778413E+00  0.2609263481608536E+01  0.9870325716228185E+01
 0.2045650264258005E+01  0.3641808910052648E+01 -0.7620183699537155E+00  0.2425455005269960E+01  0.9885883448148077E+01
 0.2361095448455651E+01  0.3570664445831335E+01 -0.8415295292609927E+00  0.2933934196982224E+01  0.9835447435705190E+01
 0.2048093825606004E+01  0.3642817539767899E+01 -0.8403454682356034E+00  0.2389599428597819E+01  0.9905007926161936E+01
 0.1992634564392504E+01  0.3657470863072304E+01 -0.8270699335318442E+00  0.2299603066442289E+01  0.9915697843386329E+01
 0.2043140516063083E+01  0.3648468688640508E+01 -0.8340469135484206E+00  0.2375531165252005E+01  0.9910194369300177E+01
 0.2013843852556172E+01  0.3657149418877659E+01 -0.8259314179772134E+00  0.2326787705046411E+01  0.9916943001147271E+01
 0.2011375960413631E+01  0.3662826076917497E+01 -0.8169830574328391E+00  0.2316276629521636E+01  0.9920848353980800E+01
 0.1970329950407645E+01  0.3668116105719982E+01 -0.8160572165480324E+00  0.2257863690137292E+01  0.9925342001138144E+01
 0.1923656391559986E+01  0.3680455358692447E+01 -0.8075875659098436E+00  0.2182680529994373E+01  0.9935604607383983E+01
 0.1989215092235057E+01  0.3669464095517082E+01 -0.8134363361842706E+00  0.2278620204642893E+01  0.9927040432206432E+01
 0.2008215637495538E+01  0.3664128322016391E+01 -0.8186766444241450E+00  0.2309231899806398E+01  0.9922764905021998E+01
 0.1955442731353609E+01  0.3686976494726437E+01 -0.7836233382078822E+00  0.2216909955319179E+01  0.9938211966610822E+01
 0.1978329020759332E+01  0.3679676195532698E+01 -0.7987196684810122E+00  0.2251401783112394E+01  0.9934065070791494E+01
 0.1874505207829906E+01  0.3721908464387053E+01 -0.7316022895162130E+00  0.2076618691966244E+01  0.9963478042013014E+01
 0.1074840030913851E+01  0.4077830772123663E+01 -0.7937566814561696E-01  0.8454499094374381E+00  0.1028395735662866E+02
 0.1010383357070292E+01  0.4104988566665591E+01 -0.1085750224169066E-01  0.7641936372792524E+00  0.1031637522396215E+02
 0.1162160360493849E+01  0.4036227870628283E+01 -0.1656899427054479E+00  0.9659623321110289E+00  0.1023723973781010E+02
 0.1034201050987674E+01  0.4095949873792937E+01 -0.3642929957972709E-01  0.7927491271138724E+00  0.1030539847234370E+02
 0.1003428931185299E+01  0.4106972518763797E+01 -0.3469704806667959E-02  0.7564958123513634E+00  0.1031839441543131E+02
 0.1284614511835893E+01  0.3976077575446818E+01 -0.2802134106465345E+00  0.1146451061226595E+01  0.1017497507130366E+02
 0.1083620295672498E+01  0.4074574684380556E+01 -0.8810671067493234E-01  0.8561360119806969E+00  0.1028013611386650E+02
 0.1426056484974740E+01  0.3907842015567000E+01 -0.4039412420352113E+00  0.1365146058952717E+01  0.1011041764314644E+02
 0.1167701178828268E+01  0.4035525064325330E+01 -0.1705719165045345E+00  0.9713181892721149E+00  0.1023683079135887E+02
 0.1039786631098729E+01  0.4093911910286102E+01 -0.4225327527215877E-01  0.7993674438966116E+00  0.1030290070176889E+02
 0.1014187759294696E+01  0.4103723568953114E+01 -0.1486733199820071E-01  0.7685303072292371E+00  0.1031483188267966E+02
 0.1000828264956251E+01  0.4107448182014527E+01 -0.7919558276720791E-03  0.7538212549665608E+00  0.1031855911743528E+02
 0.1005440423090968E+01  0.4106305109442493E+01 -0.5556249259808040E-02  0.7587528384160558E+00  0.1031750435725982E+02
 0.1000010456838689E+01  0.4107476785787481E+01  0.1431193321774712E-04  0.7530514901737919E+00  0.1031829181228939E+02
 0.1568593770943354E+01  0.3843107154552754E+01 -0.5181670718882322E+00  0.1590901556689649E+01  0.1005453865479147E+02
 0.1282321643686114E+01  0.3980789901574614E+01 -0.2769639861283728E+00  0.1138053071834751E+01  0.1018043424355577E+02
 0.1695978992576937E+01  0.3789496936077436E+01 -0.6120027729371927E+00  0.1794079934475241E+01  0.1001202534373488E+02
 0.1413948348654432E+01  0.3918669845258760E+01 -0.3918112358774506E+00  0.1338618624936773E+01  0.1012155432640651E+02
 0.1168953397161309E+01  0.4036886663365339E+01 -0.1710984397614099E+00  0.9705610069419166E+00  0.1023856939523788E+02
 0.1798976012563922E+01  0.3749375452128535E+01 -0.6825140266027586E+00  0.1957751260344512E+01  0.9982467538155374E+01
 0.1547555280506673E+01  0.3858599556654123E+01 -0.4994400996155490E+00  0.1547549994126216E+01  0.1006910693596816E+02
 0.1668543198083747E+01  0.3807664452272741E+01 -0.5896756652553072E+00  0.1738624209942764E+01  0.1002801627824993E+02
 0.1399067455543085E+01  0.3930060087032807E+01 -0.3774255448375110E+00  0.1308967803725355E+01  0.1013291168713869E+02
 0.1276318827670515E+01  0.3986850533774084E+01 -0.2702773354832654E+00  0.1124631139749414E+01  0.1018689400218763E+02
 0.1091447271596264E+01  0.4072798372952052E+01 -0.9541598135853421E-01  0.8643755938006077E+00  0.1027827939318456E+02
 0.1166870824046270E+01  0.4039501506065726E+01 -0.1685798696021307E+00  0.9655376284301016E+00  0.1024164300195587E+02
 0.1046027317231984E+01  0.4092001567826713E+01 -0.4848526335966132E-01  0.8063649646934704E+00  0.1030062201497412E+02
 0.1001695881817684E+01  0.4107218710682144E+01 -0.1684427456843354E-02  0.7547557716080848E+00  0.1031831909241730E+02
 0.9998378817573199E+00  0.4107417607922432E+01  0.1707307577200443E-03  0.7529186875800594E+00  0.1031804164057570E+02
 0.1007057346099519E+01  0.4105864040433719E+01 -0.7246011909379486E-02  0.7605176532192466E+00  0.1031705608641233E+02
 0.1000415069171943E+01  0.4107371460025284E+01 -0.3948487760395615E-03  0.7534824336896826E+00  0.1031817477356233E+02
 0.9998581702955851E+00  0.4107362031339082E+01  0.1432520783205486E-03  0.7529604088972593E+00  0.1031787947899838E+02
 0.1019955639781873E+01  0.4101769630198957E+01 -0.2085850321174530E-01  0.7751166890131442E+00  0.1031235302108599E+02
 0.1002629279229030E+01  0.4106921691435108E+01 -0.2634750586525045E-02  0.7557834702034225E+00  0.1031791014958496E+02
 0.1008652342278216E+01  0.4105274646400678E+01 -0.8871248857229033E-02  0.7623388845081990E+00  0.1031617793317305E+02
 0.1000855881666123E+01  0.4107240672834153E+01 -0.8399597779466649E-03  0.7539599466971363E+00  0.1031800132013361E+02
 0.9999893833305864E+00  0.4107385340434967E+01  0.1848512188730546E-04  0.7530774499218167E+00  0.1031802078053346E+02
 0.9999097597813414E+00  0.4107327911334212E+01  0.8958808526530925E-04  0.7530213484979533E+00  0.1031779455822986E+02
 0.9999197062403719E+00  0.4107349183955066E+01  0.8213767035334754E-04  0.7530243762994192E+00  0.1031787077362369E+02
 0.9999516937036577E+00  0.4107308818314524E+01  0.4769542776975964E-04  0.7530672738467338E+00  0.1031775199937704E+02
 0.1043758410385992E+01  0.4092641937789828E+01 -0.4623066409405388E-01  0.8038632999337544E+00  0.1030133321567643E+02
 0.1017647597952866E+01  0.4102413818801832E+01 -0.1849244753252552E-01  0.7725859730724461E+00  0.1031304087128049E+02
 0.1088867518156386E+01  0.4073171135776428E+01 -0.9309298465128844E-01  0.8619338462294842E+00  0.1027866329115252E+02
 0.1907344689776872E+01  0.3702986522663199E+01 -0.7537200948774734E+00  0.2142520563794150E+01  0.9948351943057359E+01
 0.1830257399474745E+01  0.3730342645052974E+01 -0.7049526876479624E+00  0.2021108724148654E+01  0.9966896456686161E+01
 0.1722414062491787E+01  0.3771707321103325E+01 -0.6328271127596066E+00  0.1849022204013927E+01  0.9996888677390691E+01
 0.1944249483751170E+01  0.3683347329682154E+01 -0.7752784482339741E+00  0.2215227983932377E+01  0.9932487976586776E+01
 0.1991544357197147E+01  0.3668438188840979E+01 -0.8036561275701900E+00  0.2287746188896984E+01  0.9923475254706441E+01
 0.2051531092220313E+01  0.3645368548170804E+01 -0.8330071009390517E+00  0.2392370651796631E+01  0.9906654128018792E+01
 0.1586809617129529E+01  0.3828551774919655E+01 -0.5344858472822990E+00  0.1631011629820434E+01  0.1004138166131051E+02
 0.1433414095905793E+01  0.3898784240699834E+01 -0.4123135137667103E+00  0.1385413881193284E+01  0.1010154390694414E+02
 0.1750093289244494E+01  0.3753336787729675E+01 -0.6526802589837297E+00  0.1906838012648390E+01  0.9980673378552691E+01
 0.1280637045007153E+01  0.3974059872532794E+01 -0.2779905550534457E+00  0.1146135339509665E+01  0.1017264734385893E+02
 0.1604207569827752E+01  0.3813821310192467E+01 -0.5491156213991031E+00  0.1670826551122742E+01  0.1002719961771430E+02
 0.1904719057658629E+01  0.3690089941765067E+01 -0.7460113945495767E+00  0.2168321788483146E+01  0.9932634756633579E+01
 0.2086956251520478E+01  0.3632586781317658E+01 -0.8443873023672088E+00  0.2455551944167853E+01  0.9895885300756614E+01
 0.2108726067600120E+01  0.3626524000721328E+01 -0.8442105829448124E+00  0.2494962204981062E+01  0.9890086136055292E+01
 0.2105474012858019E+01  0.3626554286135805E+01 -0.8441642810540861E+00  0.2489507867020642E+01  0.9888249193029576E+01
 0.2098719981446976E+01  0.3628279871888636E+01 -0.8325202924271703E+00  0.2485202406218511E+01  0.9889131173626774E+01
 0.2165602227844044E+01  0.3612212135633871E+01 -0.8519887010921232E+00  0.2589818645693221E+01  0.9876701701840446E+01
 0.1989106622344800E+01  0.3662784588432307E+01 -0.7943375420874786E+00  0.2300810266275629E+01  0.9915244904086885E+01
 0.2036325124609412E+01  0.3649111330630132E+01 -0.8215547055648286E+00  0.2372052016215365E+01  0.9907655324476979E+01
 0.1864667860037172E+01  0.3710388051827129E+01 -0.7268782748032874E+00  0.2090274061887910E+01  0.9950140810991172E+01
 0.1000000379776800E+01  0.4107291939153376E+01 -0.2765419811203908E-06  0.7531188775047843E+00  0.1031772001543673E+02
 0.1000000712692893E+01  0.4107292260724530E+01 -0.6286179885017153E-06  0.7531191262526615E+00  0.1031772133128000E+02
 0.9999951529633689E+00  0.4107293262572382E+01  0.4870460876769054E-05  0.7531134570833474E+00  0.1031772174107199E+02
 0.1000000692034237E+01  0.4107292163561442E+01 -0.6117668830356249E-06  0.7531191286998771E+00  0.1031772097721684E+02
 0.9999788134686540E+00  0.4107298307772973E+01  0.2091985412818517E-04  0.7530963185131354E+00  0.1031773038061104E+02
 0.9999990491826346E+00  0.4107292487537869E+01  0.9887835659415779E-06  0.7531174441247368E+00  0.1031772118959940E+02
 0.9999930257466371E+00  0.4107294190897413E+01  0.6897874476910790E-05  0.7531111589025951E+00  0.1031772381363176E+02
 0.1000000551322139E+01  0.4107292280137862E+01 -0.5365586445465377E-06  0.7531189856639886E+00  0.1031772136337280E+02
 0.9999519366831493E+00  0.4107307563325358E+01  0.4746525787354430E-04  0.7530678562341613E+00  0.1031774784328351E+02
 0.9999856140089027E+00  0.4107295961452785E+01  0.1421654277100263E-04  0.7531035520131366E+00  0.1031772602335922E+02
 0.9999993602525337E+00  0.4107292046242610E+01  0.6959005592419235E-06  0.7531178806325463E+00  0.1031771988265942E+02
 0.9999627891061953E+00  0.4107303159128652E+01  0.3669361153777819E-04  0.7530796086627465E+00  0.1031773870234452E+02
 0.9999003599611123E+00  0.4107327989795126E+01  0.9899910062990620E-04  0.7530121073021445E+00  0.1031778947511402E+02
 0.9998133882714966E+00  0.4107370942575711E+01  0.1878388596824266E-03  0.7529138924374582E+00  0.1031788410066101E+02
 0.1000000427751476E+01  0.4107292395437450E+01 -0.4125165713212633E-06  0.7531188454229022E+00  0.1031772171899759E+02
 0.1000001393439005E+01  0.4107291829564318E+01 -0.1317351740795314E-05  0.7531199040794716E+00  0.1031772022323948E+02
 0.1000000745366808E+01  0.4107292250744287E+01 -0.7122377942586983E-06  0.7531191836431925E+00  0.1031772137224621E+02
 0.1000001947808177E+01  0.4107291217689017E+01 -0.1834925535842727E-05  0.7531205990590707E+00  0.1031771840377301E+02
 0.9999999721714463E+00  0.4107292569754176E+01  0.2423530351435799E-07  0.7531183674577995E+00  0.1031772209781892E+02
 0.1000000156903068E+01  0.4107292507942512E+01 -0.1539065825266589E-06  0.7531185590760134E+00  0.1031772197517391E+02
 0.9999999762055092E+00  0.4107292570637653E+01  0.2045799232460193E-07  0.7531183708005751E+00  0.1031772210220924E+02
 0.1000000494293290E+01  0.4107292376275032E+01 -0.4755886580117242E-06  0.7531189118865235E+00  0.1031772168116632E+02
 0.1000001777015701E+01  0.4107291766767622E+01 -0.1700676173984817E-05  0.7531202926773688E+00  0.1031772021461290E+02
 0.1000001039609009E+01  0.4107290686467408E+01 -0.9195051741040805E-06  0.7531199202149368E+00  0.1031771623473512E+02
 0.1000003205577210E+01  0.4107290945909882E+01 -0.3062624031127960E-05  0.7531218820653922E+00  0.1031771812688831E+02
 0.9999953855809424E+00  0.4107291141320975E+01  0.4643370483663428E-05  0.7531145548254291E+00  0.1031771533486671E+02
 0.9996943547445705E+00  0.4107453247494928E+01  0.3145113049721385E-03  0.7527672259453376E+00  0.1031807957968867E+02
 0.9998184352457145E+00  0.4107361706029228E+01  0.1819406701230382E-03  0.7529221516138332E+00  0.1031785731003998E+02
 0.9996303691844635E+00  0.4107585470138531E+01  0.3996562265640013E-03  0.7526406791065972E+00  0.1031842673001823E+02
 0.9999427828887386E+00  0.4107308236807366E+01  0.5672262873491622E-04  0.7530592311531165E+00  0.1031774628141264E+02
 0.9996587346133242E+00  0.4107447465773602E+01  0.3481090267250175E-03  0.7527355165285450E+00  0.1031804361963673E+02
 0.9998608665789607E+00  0.4107340204690514E+01  0.1389637174878385E-03  0.7529705271819070E+00  0.1031781005100254E+02
 0.9994300555311205E+00  0.4107616267978725E+01  0.5960966370265420E-03  0.7524391555331137E+00  0.1031842650171537E+02
 0.9998805993911097E+00  0.4107749982978688E+01  0.1805091532425698E-03  0.7527753018257222E+00  0.1031896796359334E+02
 0.1001333986741153E+01  0.4107692530981209E+01 -0.1275849420272025E-02  0.7541175841988695E+00  0.1031935213223601E+02
 0.9999791887654509E+00  0.4107296869717431E+01  0.2055065655758041E-04  0.7530972639024786E+00  0.1031772613098761E+02
 0.9999147958631714E+00  0.4107320588523693E+01  0.8453931444472484E-04  0.7530282296201222E+00  0.1031777220254799E+02
 0.9999940712997006E+00  0.4107292880683679E+01  0.5926868849629659E-05  0.7531125780179816E+00  0.1031772001143303E+02
 0.9999999974994936E+00  0.4107292552703234E+01  0.2452612241908650E-08  0.7531183950564158E+00  0.1031772204909471E+02
 0.9999999764701021E+00  0.4107292563580835E+01  0.2172154273518617E-07  0.7531183726054718E+00  0.1031772207723889E+02
 0.9999999949746985E+00  0.4107292554007439E+01  0.4703834647355576E-08  0.7531183923987452E+00  0.1031772205256096E+02
 0.9999999537270711E+00  0.4107292576981614E+01  0.4246414256990612E-07  0.7531183478001493E+00  0.1031772211308699E+02
 0.1000000000416545E+01  0.4107292551649952E+01 -0.3688098451348963E-09  0.7531183980717393E+00  0.1031772204681467E+02
 0.1000000000561512E+01  0.4107292551424838E+01 -0.4465168112017061E-09  0.7531183982593047E+00  0.1031772204608603E+02
 0.1000000000558561E+01  0.4107292551550519E+01 -0.4614125846289112E-09  0.7531183982295908E+00  0.1031772204653351E+02
 0.1000000000131717E+01  0.4107292551475627E+01 -0.2427512204836157E-10  0.7531183978524579E+00  0.1031772204608673E+02
 0.9999999861239331E+00  0.4107292558294863E+01  0.1292378485716301E-07  0.7531183830466668E+00  0.1031772206345465E+02
 0.9999999253610135E+00  0.4107292596726953E+01  0.6795954589549195E-07  0.7531183157224043E+00  0.1031772216740001E+02
 0.9999999711064776E+00  0.4107292566663852E+01  0.2656708647756688E-07  0.7531183669264829E+00  0.1031772208580288E+02
 0.9999998938273246E+00  0.4107292624729280E+01  0.9561081840439429E-07  0.7531182774626817E+00  0.1031772224613596E+02
 0.9999999999704883E+00  0.4107292551909611E+01  0.2175856606030428E-10  0.7531183975909654E+00  0.1031772204751906E+02
 0.1000000000272553E+01  0.4107292551721071E+01 -0.2352409178839679E-09  0.7531183979124482E+00  0.1031772204697965E+02
 0.9999999450769951E+00  0.4107292582539906E+01  0.5006808241491233E-07  0.7531183384951791E+00  0.1031772212894043E+02
 0.9999998756765826E+00  0.4107292656894987E+01  0.1092338655079019E-06  0.7531182478702620E+00  0.1031772233844302E+02
 0.9999999958334883E+00  0.4107292553434307E+01  0.3937716206764051E-08  0.7531183935053697E+00  0.1031772205135657E+02
 0.9999999014249751E+00  0.4107292612402905E+01  0.8859450750025450E-07  0.7531182895029305E+00  0.1031772221130372E+02
 0.9999999080363657E+00  0.4107292675833390E+01  0.7110685557532032E-07  0.7531182646240647E+00  0.1031772239718622E+02
 0.1000000002337935E+01  0.4107292550204863E+01 -0.1954634740175110E-08  0.7531184002240282E+00  0.1031772204264240E+02
 0.9999999893913167E+00  0.4107292557280107E+01  0.9660576714578892E-08  0.7531183866770506E+00  0.1031772206221089E+02
 0.9999998371937903E+00  0.4107292661014768E+01  0.1441578850801765E-06  0.7531182152134257E+00  0.1031772234617732E+02
 0.1000000085793320E+01  0.4107292613435459E+01 -0.1041257139388779E-06  0.7531184325213712E+00  0.1031772222596286E+02
 0.1000000001258372E+01  0.4107292551043345E+01 -0.1073635158410473E-08  0.7531183989991374E+00  0.1031772204505666E+02
 0.9999999987986248E+00  0.4107292552010858E+01  0.1210054676508703E-08  0.7531183965190189E+00  0.1031772204746142E+02
 0.1000000001088800E+01  0.4107292551196992E+01 -0.9518752245589816E-09  0.7531183987802148E+00  0.1031772204545970E+02
 0.1000000000173341E+01  0.4107292551793537E+01 -0.1243825142118423E-09  0.7531183978243611E+00  0.1031772204724387E+02
 0.1005850392022869E+01  0.4106725221595946E+01 -0.6045760611506861E-02  0.7588665075698099E+00  0.1031874595776763E+02
 0.9995288420379833E+00  0.4108251094496028E+01  0.5791612720615861E-03  0.7521360521419521E+00  0.1032009018061953E+02
 0.1018275495906673E+01  0.4102214163009204E+01 -0.1944691903522878E-01  0.7734738680248007E+00  0.1031324948212568E+02
 0.9989339450754690E+00  0.4107925333574643E+01  0.1121021610354141E-02  0.7518125331613307E+00  0.1031906305630984E+02
 0.1001802695249513E+01  0.4108057043922209E+01 -0.1765810376321247E-02  0.7542808510523503E+00  0.1032037679542434E+02
 0.9995761036731380E+00  0.4107480089023976E+01  0.4322148582998612E-03  0.7526447281238992E+00  0.1031810620116463E+02
 0.9984589589284479E+00  0.4108475845499421E+01  0.1660959874140464E-02  0.7510282925121923E+00  0.1032025687656319E+02
 0.1008965057341868E+01  0.4105934470430173E+01 -0.9479004859616160E-02  0.7622533701342664E+00  0.1031809497506872E+02
 0.1046370315059918E+01  0.4089516554605487E+01 -0.5003718963656831E-01  0.8096398792984666E+00  0.1029772560358582E+02
 0.1106631543022918E+01  0.4057634755457137E+01 -0.1119500836090927E+00  0.8947647567766722E+00  0.1025983639612342E+02
 0.9999472987087207E+00  0.4107300623417017E+01  0.5386653182537035E-04  0.7530686961559725E+00  0.1031773017186267E+02
 0.9991461380207527E+00  0.4107742289084381E+01  0.8830524330394124E-03  0.7521124514246427E+00  0.1031866174783191E+02
 0.1000020832871215E+01  0.4107276651523627E+01 -0.1972295517718827E-04  0.7531442631351924E+00  0.1031768217953161E+02
 0.9998353571643939E+00  0.4107354697499118E+01  0.1681570284527359E-03  0.7529437770019733E+00  0.1031785073020762E+02
 0.9984320660690720E+00  0.4108259889488806E+01  0.1641090117170540E-02  0.7511557350488763E+00  0.1031973937429751E+02
 0.1000009050281298E+01  0.4107287013341451E+01 -0.8534042861481813E-05  0.7531286556960914E+00  0.1031770790434706E+02
 0.1000023052839423E+01  0.4107270775091223E+01 -0.2105230970808072E-04  0.7531499750140388E+00  0.1031766814310294E+02
 0.9996113931449200E+00  0.4107487305987449E+01  0.3987312313171087E-03  0.7526758972317585E+00  0.1031814732880439E+02
 0.9973629658942101E+00  0.4109214597945298E+01  0.2724803965582153E-02  0.7495623929844699E+00  0.1032168662021023E+02
 0.1212954332603611E+01  0.3997150629722761E+01 -0.2150721243814262E+00  0.1058298320470539E+01  0.1019297565345761E+02
 0.1070974072460441E+01  0.4075133091318643E+01 -0.7625212522907772E-01  0.8457520833741241E+00  0.1028052105592330E+02
 0.1385137897565938E+01  0.3902257975099563E+01 -0.3527908076015383E+00  0.1339727500887033E+01  0.1009407926438224E+02
 0.1007376047847172E+01  0.4106935204993476E+01 -0.8564733484362270E-02  0.7600942877581676E+00  0.1031981718354098E+02
 0.1164131422180034E+01  0.4020852763445735E+01 -0.1641748104820070E+00  0.9870875365064576E+00  0.1021689918890904E+02
 0.1661910966778459E+01  0.3785773608515725E+01 -0.4785008105229066E+00  0.1794503700386017E+01  0.9979980658827557E+01
 0.2516173642427565E+01  0.3564504824398498E+01 -0.6832303991390192E+00  0.3242981145838755E+01  0.9808384888450872E+01
 0.1000630105402552E+01  0.4109006341345564E+01 -0.6730524703237220E-03  0.7525181114948688E+00  0.1032207739399270E+02
 0.1027493958139546E+01  0.4097776397010225E+01 -0.3007631700511288E-01  0.7856618083581358E+00  0.1030793514127305E+02
 0.9984279823596609E+00  0.4109163040518292E+01  0.1723016194859402E-02  0.7505113210716542E+00  0.1032184442047579E+02
 0.1000004504254735E+01  0.4107290147215262E+01 -0.4308687287274158E-05  0.7531233403654504E+00  0.1031771604701846E+02
 0.1000013725933315E+01  0.4107283699485593E+01 -0.1323336651826276E-04  0.7531344677368419E+00  0.1031770002013072E+02
 0.9999894494190392E+00  0.4107288244520127E+01  0.1062603806703590E-04  0.7531111682922497E+00  0.1031770614718416E+02
 0.1000008011588797E+01  0.4107288089079459E+01 -0.7757944634168795E-05  0.7531273980743016E+00  0.1031771113431613E+02
 0.1000002206075343E+01  0.4107291543346284E+01 -0.2118333588314375E-05  0.7531207395019429E+00  0.1031771960618548E+02
 0.1000000899449106E+01  0.4107292215258661E+01 -0.8720603548599285E-06  0.7531193288109832E+00  0.1031772129931029E+02
 0.9998163288351337E+00  0.4107358986998505E+01  0.1851764382829793E-03  0.7529216963366616E+00  0.1031784897054943E+02
 0.9994197399177639E+00  0.4107573614147367E+01  0.6002221780622594E-03  0.7524506020320199E+00  0.1031829935940010E+02
 0.9999296180019974E+00  0.4107311415316696E+01  0.7037222156316125E-04  0.7530461031385279E+00  0.1031775130306761E+02
 0.9992715945672308E+00  0.4107877418791438E+01  0.7962542536242783E-03  0.7521429331924955E+00  0.1031905675479369E+02
 0.9997001708331783E+00  0.4107413708004926E+01  0.3040989014735674E-03  0.7527894013079464E+00  0.1031796167364430E+02
 0.9999771887133240E+00  0.4107295649308561E+01  0.2264132971990318E-04  0.7530961218785858E+00  0.1031772202907584E+02
 0.1000000328519203E+01  0.4107292468771218E+01 -0.3219747036072609E-06  0.7531187247057853E+00  0.1031772190524219E+02
 0.1000002414255101E+01  0.4107291471789093E+01 -0.2306982328820164E-05  0.7531209746943772E+00  0.1031771950829990E+02
 0.1000000085890491E+01  0.4107292550162704E+01 -0.8678191420734539E-07  0.7531184781275380E+00  0.1031772207991560E+02
 0.1000005118114192E+01  0.4107289543751389E+01 -0.4884109148200906E-05  0.7531241359676344E+00  0.1031771440164676E+02
 0.1000001122411530E+01  0.4107292103150932E+01 -0.1076344941745320E-05  0.7531195789580821E+00  0.1031772104442592E+02
 0.9999999935603422E+00  0.4107292575548740E+01  0.1819509202182664E-08  0.7531183858379323E+00  0.1031772212729830E+02
 0.1000006116657979E+01  0.4107287820798031E+01 -0.5878076347639681E-05  0.7531257760480554E+00  0.1031770954511381E+02
 0.1000004482720825E+01  0.4107290328526831E+01 -0.4311893270382600E-05  0.7531232901935634E+00  0.1031771670683242E+02
 0.1000004117565764E+01  0.4107285951892018E+01 -0.3854862356209898E-05  0.7531248858511435E+00  0.1031770340736885E+02
 0.1709962525904276E+01  0.3747280380174778E+01 -0.7219240767438492E+00  0.1849992120648216E+01  0.9986368426361723E+01
 0.1650776532832856E+01  0.3765641411967484E+01 -0.6896427310899814E+00  0.1763850315834243E+01  0.9999074492120592E+01
 0.1784629430893580E+01  0.3735018143900837E+01 -0.7227373724768898E+00  0.1955691116206514E+01  0.9975986862744501E+01
 0.1616535107158665E+01  0.3778967205316690E+01 -0.6503593328280955E+00  0.1716266183855706E+01  0.1000601606606218E+02
 0.1733640438967880E+01  0.3750149755494153E+01 -0.6969902111664583E+00  0.1880463778185365E+01  0.9986436190113150E+01
 0.1834656705342118E+01  0.3727647561329165E+01 -0.7328346849639846E+00  0.2021130897415472E+01  0.9970301078625576E+01
 0.1792073425402188E+01  0.3740036090138731E+01 -0.7113444699452960E+00  0.1958430089317968E+01  0.9979013345713193E+01
 0.1868214230046591E+01  0.3724936632314241E+01 -0.7423327745414630E+00  0.2059647762278633E+01  0.9969277246703845E+01
 0.1748161933766485E+01  0.3752678209476900E+01 -0.6891399792407431E+00  0.1894649456806040E+01  0.9988241747590346E+01
 0.1833935889885205E+01  0.3734642235821161E+01 -0.7249865520808078E+00  0.2009542100412429E+01  0.9975963401711910E+01
 0.1888213737017133E+01  0.3726653742945162E+01 -0.7464709872455410E+00  0.2076510434004049E+01  0.9971888853940131E+01
 0.1705893513345708E+01  0.3764857095744694E+01 -0.6687193916827475E+00  0.1833362397484831E+01  0.9997473913395000E+01
 0.1796733283169259E+01  0.3745176026790923E+01 -0.7055138402238704E+00  0.1955721374057792E+01  0.9983264894456653E+01
 0.1664123502714614E+01  0.3777178562282528E+01 -0.6490448173144919E+00  0.1772564789352470E+01  0.1000707904797080E+02
 0.1758943943208739E+01  0.3755940698965087E+01 -0.6854744437122352E+00  0.1901336501304795E+01  0.9990866466635223E+01
 0.1832797325170391E+01  0.3741688876861738E+01 -0.7187378110651911E+00  0.1996790525899655E+01  0.9982102338592876E+01
 0.1862854465637574E+01  0.3733485786970154E+01 -0.7341060040097724E+00  0.2039930927074022E+01  0.9976555171526055E+01
 0.1893711488900272E+01  0.3733071431340107E+01 -0.7428494708648291E+00  0.2071006777927322E+01  0.9977881770537957E+01
 0.1879031883567577E+01  0.3736506867723038E+01 -0.7366219005555280E+00  0.2050534973090803E+01  0.9980227820126437E+01
 0.1882246640736450E+01  0.3744809879003707E+01 -0.7295900085524381E+00  0.2040073917148596E+01  0.9987577494749509E+01
 0.1619090224909297E+01  0.3790681539295553E+01 -0.6265479093381960E+00  0.1707478843170394E+01  0.1001739324128912E+02
 0.1720755279813075E+01  0.3767026334274998E+01 -0.6651217991560273E+00  0.1846356399832374E+01  0.9998916843127164E+01
 0.1572097740102371E+01  0.3805029645420794E+01 -0.6000608848344681E+00  0.1640488391478071E+01  0.1002791883053325E+02
 0.1680604828692327E+01  0.3778869039159325E+01 -0.6433065716957894E+00  0.1788683847286775E+01  0.1000762127167759E+02
 0.1765632835871715E+01  0.3760401503054184E+01 -0.6828412976146614E+00  0.1900908827769734E+01  0.9994986228357115E+01
 0.1526551434445899E+01  0.3819076050184007E+01 -0.5723517297541434E+00  0.1576342340055660E+01  0.1003800567032100E+02
 0.1638456816376702E+01  0.3791421071035437E+01 -0.6193426682928252E+00  0.1728605310228266E+01  0.1001678045454237E+02
 0.1482128166007467E+01  0.3832483273255250E+01 -0.5500785061479129E+00  0.1513982297401353E+01  0.1004898759411662E+02
 0.1596104080890859E+01  0.3804099886641849E+01 -0.5941162218113523E+00  0.1668834922027738E+01  0.1002599434336238E+02
 0.1691201875277774E+01  0.3781811763083599E+01 -0.6411114690423420E+00  0.1795124055179524E+01  0.1001018384790463E+02
 0.1729345332315826E+01  0.3770779998716217E+01 -0.6627837987118921E+00  0.1849217895387564E+01  0.1000232390569091E+02
 0.1801954877079319E+01  0.3756794367384677E+01 -0.6975429233888372E+00  0.1941692741309208E+01  0.9993904840455388E+01
 0.1769878171040422E+01  0.3765615137472310E+01 -0.6801798922415514E+00  0.1896409217371483E+01  0.9999979493685775E+01
 0.1829301688072136E+01  0.3756250789253268E+01 -0.7071794517359409E+00  0.1968661530336642E+01  0.9995216358482665E+01
 0.1880422927281417E+01  0.3744193911185507E+01 -0.7307799869080311E+00  0.2038893325823999E+01  0.9987198234000477E+01
 0.1851147567081410E+01  0.3762650843838731E+01 -0.7048016669403691E+00  0.1980288774548487E+01  0.1000155034063099E+02
 0.1869614388824937E+01  0.3746330517011272E+01 -0.7266784967920377E+00  0.2024497672403431E+01  0.9988632910678145E+01
 0.1864620369648603E+01  0.3757114619378295E+01 -0.7150363032728181E+00  0.2001942922655898E+01  0.9997709556110960E+01
 0.1798358932923587E+01  0.3787373709035166E+01 -0.6665855453304710E+00  0.1889230394339254E+01  0.1002059348513096E+02
 0.1851984702258015E+01  0.3750523149686797E+01 -0.7184894554563273E+00  0.2000209138297523E+01  0.9991414131420155E+01
 0.1866792609401933E+01  0.3755183909789956E+01 -0.7185075269399416E+00  0.2006826257891476E+01  0.9996362043563924E+01
 0.1859914221169371E+01  0.3756043356531780E+01 -0.7166166308033664E+00  0.1998431030699665E+01  0.9996887639789831E+01
 0.1846353154023211E+01  0.3769279606951583E+01 -0.7001299238464647E+00  0.1963695568462258E+01  0.1000770936617204E+02
 0.1828946483339081E+01  0.3776097903584843E+01 -0.6875173085704976E+00  0.1936300330908211E+01  0.1001254045387321E+02
 0.1723351145941922E+01  0.3819554747511135E+01 -0.6132903624656745E+00  0.1766788747744912E+01  0.1004557504676481E+02
 0.1771829758410626E+01  0.3801863516018600E+01 -0.6464449024855564E+00  0.1840142168257296E+01  0.1003241541676989E+02
 0.1628215172985035E+01  0.3859012319793162E+01 -0.5444953154848258E+00  0.1617075994199588E+01  0.1007712225847533E+02
 0.1831411146541755E+01  0.3748858177256260E+01 -0.7130290595945786E+00  0.1983301528608078E+01  0.9988514674286153E+01
 0.1857573468460999E+01  0.3741974884449138E+01 -0.7263192613232435E+00  0.2020254971656379E+01  0.9983901417906978E+01
 0.1800051022472014E+01  0.3750736554944461E+01 -0.7014066837411068E+00  0.1950010774196864E+01  0.9988269549621030E+01
 0.1414277085710063E+01  0.3849747633177338E+01 -0.5191650779555864E+00  0.1423314248284262E+01  0.1006101948845265E+02
 0.1443892111716071E+01  0.3837533262033216E+01 -0.5547154379580229E+00  0.1463625791961944E+01  0.1005135288885603E+02
 0.1484965256007185E+01  0.3822946501390285E+01 -0.5920343169576925E+00  0.1520231288201210E+01  0.1004208410614320E+02
 0.1536474278801258E+01  0.3806480749581325E+01 -0.6231320165149427E+00  0.1592725314581246E+01  0.1003032076267070E+02
 0.1589356504028399E+01  0.3790724691879000E+01 -0.6454226829206963E+00  0.1668911611255818E+01  0.1001821935607862E+02
 0.1635296977959723E+01  0.3777626025567178E+01 -0.6594293489314461E+00  0.1736665119244485E+01  0.1000762173732024E+02
 0.1682351270526429E+01  0.3764748634860650E+01 -0.6743844659737660E+00  0.1805816892493100E+01  0.9997535169045859E+01
 0.1258039584159420E+01  0.3910281461835538E+01 -0.3731012176292428E+00  0.1206233820092429E+01  0.1011180342279180E+02
 0.1225125414594078E+01  0.3920964405960603E+01 -0.3525699426472870E+00  0.1162789812753108E+01  0.1012193122756995E+02
 0.1327134898341052E+01  0.3892402382861918E+01 -0.4022495043036357E+00  0.1294886007682772E+01  0.1009555140500026E+02
 0.1185153484623111E+01  0.3932996892994569E+01 -0.3347505277945071E+00  0.1110459202378356E+01  0.1013269877209348E+02
 0.1160872803329709E+01  0.3940574684588640E+01 -0.3260738472336215E+00  0.1078526231974306E+01  0.1013988887216544E+02
 0.1262478149999277E+01  0.3912926644149031E+01 -0.3556173578773346E+00  0.1209503442609206E+01  0.1011382708764850E+02
 0.1294828062729127E+01  0.3902765337376869E+01 -0.3785398994754703E+00  0.1252075555029571E+01  0.1010489010893961E+02
 0.1386235035974019E+01  0.3878170581504005E+01 -0.4355477086348993E+00  0.1368926671038047E+01  0.1008373973174295E+02
 0.1354194703225777E+01  0.3888088200562856E+01 -0.4117000201415393E+00  0.1326358523457549E+01  0.1009197457457875E+02
 0.1439660923374479E+01  0.3866418739469567E+01 -0.4684145077380568E+00  0.1434279257206662E+01  0.1007495763900685E+02
 0.1129965372873886E+01  0.3950324456126081E+01 -0.3123579087052449E+00  0.1038641180408883E+01  0.1014926452076361E+02
 0.1098135011187367E+01  0.3960524384086355E+01 -0.2949847005125200E+00  0.9982000375427716E+00  0.1015887401344941E+02
 0.1207957751402449E+01  0.3930402731125819E+01 -0.3183184421405572E+00  0.1138041612915853E+01  0.1012999707380627E+02
 0.1067422037252852E+01  0.3970550320603575E+01 -0.2752553596229679E+00  0.9597469899019910E+00  0.1016833287566710E+02
 0.1180062110256788E+01  0.3939369935686641E+01 -0.2988682907253576E+00  0.1101988376819302E+01  0.1013857712655339E+02
 0.1267719087109913E+01  0.3915128277265953E+01 -0.3457398316267931E+00  0.1212578931178539E+01  0.1011514382080134E+02
 0.1407780095274645E+01  0.3875981747811448E+01 -0.4454271459868197E+00  0.1391861819813380E+01  0.1008255152743186E+02
 0.1489563409911693E+01  0.3856449653191170E+01 -0.4990765200717276E+00  0.1494050774660452E+01  0.1006817199251192E+02
 0.1376930344445261E+01  0.3885286575902920E+01 -0.4226176122912872E+00  0.1351053011032660E+01  0.1009004497429311E+02
 0.1458049493800565E+01  0.3865638619125572E+01 -0.4772699260513113E+00  0.1452097730287570E+01  0.1007526924859913E+02
 0.1536653712940136E+01  0.3847919488016181E+01 -0.5270349335842546E+00  0.1549396601972448E+01  0.1006285665978742E+02
 0.1347701199519483E+01  0.3894176897839693E+01 -0.4005423273568759E+00  0.1312560866870208E+01  0.1009733824456456E+02
 0.1427313479942113E+01  0.3874660682782628E+01 -0.4554521885483590E+00  0.1411396847476849E+01  0.1008233739562155E+02
 0.1505750732334816E+01  0.3856691161411249E+01 -0.5064826133239498E+00  0.1508270976744945E+01  0.1006948004129411E+02
 0.1580930502753606E+01  0.3840666332165268E+01 -0.5521750984029539E+00  0.1600493003268274E+01  0.1005874271227989E+02
 0.1294731329693507E+01  0.3906615686971318E+01 -0.3665075548531729E+00  0.1247970318813332E+01  0.1010769600251987E+02
 0.1323211684006887E+01  0.3897687974493665E+01 -0.3882468221625824E+00  0.1285452463467258E+01  0.1010001347261219E+02
 0.1234857576919885E+01  0.3921810171335155E+01 -0.3368774822551475E+00  0.1173173487757213E+01  0.1012215975020114E+02
 0.1693181654831917E+01  0.3834806542663415E+01 -0.5905472209184310E+00  0.1714161263438179E+01  0.1005822022619404E+02
 0.1517680646999565E+01  0.3904510452694049E+01 -0.4614793947251059E+00  0.1448714082126925E+01  0.1011547735430465E+02
 0.1744248458711648E+01  0.3816176071263198E+01 -0.6258966683181608E+00  0.1790797773343568E+01  0.1004419152007208E+02
 0.1594878650080389E+01  0.3874849844373895E+01 -0.5192289325486894E+00  0.1562258397648287E+01  0.1009089718785391E+02
 0.1397291419759185E+01  0.3953651983818196E+01 -0.3665328109898552E+00  0.1272422656441593E+01  0.1015944298528130E+02
 0.1781710238091828E+01  0.3802583912285237E+01 -0.6516235314390515E+00  0.1847342654475763E+01  0.1003422069583264E+02
 0.1661228437630125E+01  0.3850089006435062E+01 -0.5669218671754790E+00  0.1660482226409195E+01  0.1007116989942865E+02
 0.1806666631889756E+01  0.3793337453482254E+01 -0.6690449422321137E+00  0.1885460081766453E+01  0.1002754661403972E+02
 0.1715112002762812E+01  0.3830477319541184E+01 -0.6044519570786819E+00  0.1740566971037344E+01  0.1005606327654044E+02
 0.1559805445225517E+01  0.3890623157667845E+01 -0.4923175332806700E+00  0.1506625501948200E+01  0.1010442765616967E+02
 0.1481598879961356E+01  0.3920414725883436E+01 -0.4333870981020571E+00  0.1393248563005427E+01  0.1012965865363920E+02
 0.1279115051687029E+01  0.4001605578480040E+01 -0.2666455061969385E+00  0.1106205126404319E+01  0.1020402517208047E+02
 0.1364700314570680E+01  0.3968058855072032E+01 -0.3382999912403909E+00  0.1224063439032674E+01  0.1017233572224849E+02
 0.1194607405697548E+01  0.4037731794383891E+01 -0.1887517038327381E+00  0.9899331714011986E+00  0.1024112313043051E+02
 0.1820580989806995E+01  0.3787733189602775E+01 -0.6794728945734726E+00  0.1907400325294100E+01  0.1002352233621308E+02
 0.1756162126328623E+01  0.3815722770641329E+01 -0.6325687304482480E+00  0.1801865448788904E+01  0.1004500309616398E+02
 0.1825050894670024E+01  0.3785121146419444E+01 -0.6841104985965276E+00  0.1915601116749438E+01  0.1002161257468271E+02
 0.1785033872884434E+01  0.3805265439680294E+01 -0.6524285600621382E+00  0.1845338264146224E+01  0.1003731237522868E+02
 0.1685118190531738E+01  0.3844675404869818E+01 -0.5818411589178847E+00  0.1690288279661683E+01  0.1006770426888645E+02
 0.1821625579220454E+01  0.3784937383960826E+01 -0.6839899884084480E+00  0.1912411605076355E+01  0.1002139144684113E+02
 0.1802868747784075E+01  0.3798482669454638E+01 -0.6652300373429857E+00  0.1872734298980295E+01  0.1003238188003000E+02
 0.1811761221278196E+01  0.3786695255054703E+01 -0.6799933508584141E+00  0.1900017241667977E+01  0.1002250803647577E+02
 0.1811120152219281E+01  0.3794750378110070E+01 -0.6721249374096387E+00  0.1886257092276246E+01  0.1002965729912194E+02
 0.1762060349805467E+01  0.3817199674148040E+01 -0.6350502362526500E+00  0.1804272271998407E+01  0.1004704108375811E+02
 0.1729542325344200E+01  0.3828810092624311E+01 -0.6125766613675308E+00  0.1755928875830405E+01  0.1005565938927695E+02
 0.1594980187997861E+01  0.3880329726826081E+01 -0.5164578831729815E+00  0.1553349222653225E+01  0.1009659065968282E+02
 0.1653578994617447E+01  0.3859036129950384E+01 -0.5585987755042494E+00  0.1638788939705663E+01  0.1007973555027697E+02
 0.1486177983470156E+01  0.3922859498200027E+01 -0.4350666024708572E+00  0.1393589173457426E+01  0.1013330492741221E+02
 0.1261259113774320E+01  0.4011084581809906E+01 -0.2487476656418810E+00  0.1079032129645647E+01  0.1021413693183017E+02
 0.1113792170720359E+01  0.4068289844554467E+01 -0.1144487238847685E+00  0.8872366865653047E+00  0.1027351758744233E+02
 0.1335585950526924E+01  0.3981402788201400E+01 -0.3130849028387275E+00  0.1181065529114534E+01  0.1018555802440054E+02
 0.1158781269412769E+01  0.4050625559337322E+01 -0.1572924017430752E+00  0.9446616210509391E+00  0.1025420406285428E+02
 0.1412014596020767E+01  0.3951361949157468E+01 -0.3765110733877601E+00  0.1288077383946902E+01  0.1015807761534093E+02
 0.1212023805939878E+01  0.4029873202480968E+01 -0.2067998358459554E+00  0.1013906213357175E+01  0.1023267172620349E+02
 0.1277438016450692E+01  0.4003492046984814E+01 -0.2640792154286926E+00  0.1102359697323635E+01  0.1020620755684781E+02
 0.1111562053752758E+01  0.4069236432909715E+01 -0.1140895999892894E+00  0.8844577975479361E+00  0.1027507351354157E+02
 0.1525850981119292E+01  0.3906038675524873E+01 -0.4651232858811966E+00  0.1453216498096048E+01  0.1011773238795737E+02
 0.1448083871345158E+01  0.3935664116563813E+01 -0.4052116721159397E+00  0.1341698872048190E+01  0.1014315914864657E+02
 0.1628416337305731E+01  0.3865171913007570E+01 -0.5419958563045046E+00  0.1606953904215179E+01  0.1008370685734991E+02
 0.1796761389021118E+01  0.3789986575926628E+01 -0.6728591206648014E+00  0.1880356256173096E+01  0.1002468207724329E+02
 0.1811243892066805E+01  0.3793525556340334E+01 -0.6741145538826611E+00  0.1888099079562618E+01  0.1002871396091306E+02
 0.1777774227801125E+01  0.3794469850920120E+01 -0.6632074281365156E+00  0.1855115659902452E+01  0.1002768437721300E+02
 0.1804689055142032E+01  0.3794315015696628E+01 -0.6720769927628935E+00  0.1880423032555769E+01  0.1002916974000980E+02
 0.1795566753411160E+01  0.3804440347411651E+01 -0.6596094627435545E+00  0.1855410415928751E+01  0.1003774691165347E+02
 0.1755755593998989E+01  0.3799871919493881E+01 -0.6515440241689627E+00  0.1825685451502369E+01  0.1003134042196973E+02
 0.1792733199406109E+01  0.3796715557353024E+01 -0.6667518386925131E+00  0.1865118708090149E+01  0.1003074646557582E+02
 0.1731481912687225E+01  0.3805977175755880E+01 -0.6382737529215253E+00  0.1793182930169769E+01  0.1003551483142528E+02
 0.1776518392657384E+01  0.3800382755536781E+01 -0.6587593999285314E+00  0.1843859514102317E+01  0.1003320210215107E+02
 0.1796080281924769E+01  0.3802009213195678E+01 -0.6636922845530193E+00  0.1859303628652568E+01  0.1003588259135353E+02
 0.1799220881011316E+01  0.3802195102262599E+01 -0.6637403935478933E+00  0.1862188402174972E+01  0.1003611221405995E+02
 0.1761877793370976E+01  0.3820421633920465E+01 -0.6345062584412083E+00  0.1798155621766034E+01  0.1005058591142823E+02
 0.1777590940656136E+01  0.3814496818261103E+01 -0.6459916958507214E+00  0.1821975371605169E+01  0.1004626779015072E+02
 0.1703145114797687E+01  0.3843941076176585E+01 -0.5929500584023001E+00  0.1707207206286374E+01  0.1006969901711929E+02
 0.1705553400917361E+01  0.3812621768341136E+01 -0.6237081102368173E+00  0.1758466366346328E+01  0.1004010809689652E+02
 0.1756996198150475E+01  0.3805044223632011E+01 -0.6486104235798554E+00  0.1818022491439097E+01  0.1003636178721554E+02
 0.1678431463440724E+01  0.3819679405514922E+01 -0.6080850319724493E+00  0.1722194496316596E+01  0.1004504350395012E+02
 0.1734951727930933E+01  0.3810476817524842E+01 -0.6367172983524725E+00  0.1788738859049948E+01  0.1004007647462503E+02
 0.1773932886872398E+01  0.3806386658208720E+01 -0.6537998594529084E+00  0.1831229460862234E+01  0.1003876476888759E+02
 0.1650478863736218E+01  0.3827048592616230E+01 -0.5915921991833083E+00  0.1684885656692184E+01  0.1005025750943011E+02
 0.1711001444167063E+01  0.3816511771613764E+01 -0.6234058576322928E+00  0.1756889483753814E+01  0.1004424699399117E+02
 0.1756979283685102E+01  0.3810328969813801E+01 -0.6451166833897496E+00  0.1809027380578512E+01  0.1004145026127355E+02
 0.1779894010976971E+01  0.3810663535018091E+01 -0.6524219578426785E+00  0.1829633431752686E+01  0.1004326839108440E+02
 0.1732413651824328E+01  0.3833703937387980E+01 -0.6132128325700311E+00  0.1749939572721910E+01  0.1006194911844985E+02
 0.1597818993310512E+01  0.3882437766968810E+01 -0.5163164256272164E+00  0.1552518249886855E+01  0.1009907380400708E+02
 0.1752492640968268E+01  0.3826460100070960E+01 -0.6273860222215323E+00  0.1779719891350035E+01  0.1005654580767896E+02
 0.1644621206772605E+01  0.3865580020990452E+01 -0.5502426870742780E+00  0.1620527482629918E+01  0.1008611292101265E+02
 0.1764313745782258E+01  0.3821947308102580E+01 -0.6361997790190442E+00  0.1797549729055459E+01  0.1005311046696919E+02
 0.1680547393209964E+01  0.3853492406049305E+01 -0.5752240230153306E+00  0.1671430671204060E+01  0.1007658106840253E+02
 0.1574311525805773E+01  0.3892351465443488E+01 -0.5052792317732682E+00  0.1514175037022825E+01  0.1010735702815781E+02
 0.1785418808781297E+01  0.3810036679174796E+01 -0.6541578024880138E+00  0.1835957408276504E+01  0.1004291671230189E+02
 0.1785049481523024E+01  0.3811186141091523E+01 -0.6522686080540371E+00  0.1833975021986610E+01  0.1004381833600551E+02
 0.1787234845943190E+01  0.3803540395482972E+01 -0.6601421838599842E+00  0.1848379979266180E+01  0.1003688397787065E+02
 0.1460643682598569E+01  0.3933603400571211E+01 -0.4203015141577113E+00  0.1353700810806791E+01  0.1014190388077541E+02
 0.1544808751974664E+01  0.3901129791727044E+01 -0.4777601809993723E+00  0.1477433504323584E+01  0.1011449928799246E+02
 0.1206501973621921E+01  0.4032269452907123E+01 -0.2048940273109608E+00  0.1006250201799136E+01  0.1023564635017361E+02
 0.1343809160272998E+01  0.3977707068118694E+01 -0.3209320503253442E+00  0.1192813785571520E+01  0.1018166619037335E+02
 0.1663780585259260E+01  0.3857790905437278E+01 -0.5656595371282064E+00  0.1649805100039412E+01  0.1008026109926078E+02
 0.1614248634153206E+01  0.3875421606676992E+01 -0.5304217159177897E+00  0.1578073683078242E+01  0.1009409547190733E+02
 0.1736646877424084E+01  0.3829472675815452E+01 -0.6167688521115142E+00  0.1760697476317590E+01  0.1005725457383025E+02
 0.1554325033480908E+01  0.3897305742357453E+01 -0.4869343786740294E+00  0.1491383166893251E+01  0.1011181191472595E+02
 0.1700746322164325E+01  0.3842193632163038E+01 -0.5918274970341062E+00  0.1707847287293627E+01  0.1006679385999436E+02
 0.1783594965842028E+01  0.3809275194525708E+01 -0.6503681761286934E+00  0.1836740496563988E+01  0.1004127028779625E+02
 0.1416253046345345E+01  0.3949296436614250E+01 -0.3786799298410896E+00  0.1294769830195731E+01  0.1015572565975923E+02
 0.1481205034005620E+01  0.3925044480694258E+01 -0.4299274882706838E+00  0.1385817179762833E+01  0.1013440886388660E+02
 0.1330317081701739E+01  0.3983376632526195E+01 -0.3147541713543011E+00  0.1172815347221751E+01  0.1018719446565165E+02
 0.1610979541092431E+01  0.3832434854170362E+01 -0.5709718752793879E+00  0.1640592012312267E+01  0.1005273703609123E+02
 0.1640849216404539E+01  0.3824334021079499E+01 -0.5892257922783046E+00  0.1680587898737477E+01  0.1004690477761774E+02
 0.1670308565170185E+01  0.3816432625298714E+01 -0.6068125181406404E+00  0.1720150986335490E+01  0.1004129032682661E+02
 0.1599142426072621E+01  0.3830404865001200E+01 -0.5671180109098590E+00  0.1633107801974640E+01  0.1004991149430032E+02
 0.1567846782353771E+01  0.3839139671292416E+01 -0.5472818832517863E+00  0.1591094979928384E+01  0.1005632570158786E+02
 0.1521640758930672E+01  0.3847167486350996E+01 -0.5207151507079879E+00  0.1536975118155962E+01  0.1006111475832163E+02
 0.1699112427557863E+01  0.3808802883285307E+01 -0.6236086954766850E+00  0.1758925448156183E+01  0.1003593987700895E+02
 0.1726954505065062E+01  0.3801530298964521E+01 -0.6394534462655634E+00  0.1796472161638942E+01  0.1003090286337456E+02
 0.1661189751439178E+01  0.3813352239032198E+01 -0.6050743485152338E+00  0.1716853713238031E+01  0.1003765636052652E+02
 0.1753419094501638E+01  0.3794728172166413E+01 -0.6541284798381973E+00  0.1832197785013467E+01  0.1002624452057459E+02
 0.1777913090153619E+01  0.3788558126561700E+01 -0.6673149937255317E+00  0.1865258574040977E+01  0.1002206122806762E+02
 0.1721365211623326E+01  0.3797210856538706E+01 -0.6401736111375347E+00  0.1798523634065632E+01  0.1002637619547008E+02
 0.1691602296770621E+01  0.3805144809135326E+01 -0.6230280249448856E+00  0.1758080253052635E+01  0.1003189249273816E+02
 0.1618919213544707E+01  0.3819476138864847E+01 -0.5831477593009751E+00  0.1668397221777290E+01  0.1004063556762011E+02
 0.1651161973543011E+01  0.3810486659910439E+01 -0.6028675051201388E+00  0.1712294810063338E+01  0.1003418923349735E+02
 0.1573054905187970E+01  0.3827155793873487E+01 -0.5582776792007994E+00  0.1614337784220947E+01  0.1004500712461264E+02
 0.1472421967848518E+01  0.3856675307615236E+01 -0.4913958687878660E+00  0.1478117545421712E+01  0.1006737758757005E+02
 0.1505851412106679E+01  0.3846801308937526E+01 -0.5142208577135732E+00  0.1523108859600160E+01  0.1005980234846570E+02
 0.1419427195833964E+01  0.3868011172791027E+01 -0.4597971165212374E+00  0.1413282876475512E+01  0.1007564008159530E+02
 0.1539484602140220E+01  0.3836928641028037E+01 -0.5365475259890767E+00  0.1568646930895255E+01  0.1005230961402855E+02
 0.1453900788129516E+01  0.3857544754828916E+01 -0.4842445715671710E+00  0.1459631430365720E+01  0.1006742607897639E+02
 0.1488818860243465E+01  0.3846993209201644E+01 -0.5081341648785049E+00  0.1506932021464441E+01  0.1005919386124923E+02
 0.1395805436501668E+01  0.3870816184860961E+01 -0.4535950932677663E+00  0.1386626366858340E+01  0.1007804276949932E+02
 0.1360253416126919E+01  0.3881938070453840E+01 -0.4272704485018371E+00  0.1339016426064613E+01  0.1008697029774216E+02
 0.1290121151135346E+01  0.3899776232969176E+01 -0.3971474964291755E+00  0.1248803810745694E+01  0.1010292555481812E+02
 0.1185374162125833E+01  0.3930614151770432E+01 -0.3432845436390143E+00  0.1112131602975248E+01  0.1012931455114594E+02
 0.1586531750778238E+01  0.3828609621316787E+01 -0.5628683891355576E+00  0.1624453385532098E+01  0.1004729178396707E+02
 0.1554051970484197E+01  0.3837861084461546E+01 -0.5420355078474114E+00  0.1580563298883733E+01  0.1005413881360606E+02
 0.1630301496163672E+01  0.3821796037942261E+01 -0.5864005535155233E+00  0.1675095200343526E+01  0.1004368457742221E+02
 0.1799668815638067E+01  0.3783232718694225E+01 -0.6786095389552578E+00  0.1894547232380100E+01  0.1001848018391161E+02
 0.1817702198487073E+01  0.3779033999467408E+01 -0.6874880570327394E+00  0.1918631658533145E+01  0.1001568352443558E+02
 0.1777028916006312E+01  0.3782706536213877E+01 -0.6709627533025758E+00  0.1874363018866734E+01  0.1001646364112386E+02
 0.1830877286219099E+01  0.3776299059012135E+01 -0.6933478359945681E+00  0.1935829164771838E+01  0.1001389108494900E+02
 0.1837859262173080E+01  0.3775440296781595E+01 -0.6954517474567642E+00  0.1944150378950068E+01  0.1001338677922635E+02
 0.1822550911767097E+01  0.3771392913169564E+01 -0.6944394042049037E+00  0.1936293363090555E+01  0.1000884624780150E+02
 0.1801498775270945E+01  0.3776529678021408E+01 -0.6838416959295194E+00  0.1907714416512656E+01  0.1001230692877884E+02
 0.1745857524293436E+01  0.3784720761235035E+01 -0.6580218359560958E+00  0.1841997928993511E+01  0.1001622130487273E+02
 0.1775347409516082E+01  0.3776903287553206E+01 -0.6742581500552834E+00  0.1882625019023272E+01  0.1001087690575605E+02
 0.1707711088622931E+01  0.3789046130530864E+01 -0.6404980979282425E+00  0.1799342801501641E+01  0.1001769824668592E+02
 0.1837179546165113E+01  0.3776931041821159E+01 -0.6929562052936309E+00  0.1941380248715534E+01  0.1001449259036370E+02
 0.1827136626183334E+01  0.3781360374069996E+01 -0.6848043128901419E+00  0.1924945004265106E+01  0.1001764901335960E+02
 0.1849432883797602E+01  0.3765748171067831E+01 -0.7062255119268301E+00  0.1971747285363389E+01  0.1000514729763298E+02
 0.1805951100698343E+01  0.3789406300539630E+01 -0.6697794541579973E+00  0.1892119812729651E+01  0.1002338670647208E+02
 0.1852457271235138E+01  0.3766096170270267E+01 -0.7059025213771208E+00  0.1974412419263085E+01  0.1000547500914061E+02
 0.1845937625925432E+01  0.3759063085003282E+01 -0.7105002806152955E+00  0.1979716458074623E+01  0.9998863017775893E+01
 0.1740986123069770E+01  0.3779893456488008E+01 -0.6595408732720495E+00  0.1845497228295783E+01  0.1001136893402674E+02
 0.1663633581937119E+01  0.3795587035613988E+01 -0.6190615036757017E+00  0.1747553487646524E+01  0.1002096840391344E+02
 0.1772935223299497E+01  0.3771197475401284E+01 -0.6772949034771382E+00  0.1889988535629954E+01  0.1000538521448268E+02
 0.1699867585761083E+01  0.3785274825202268E+01 -0.6405294016692253E+00  0.1798052004261936E+01  0.1001369180652183E+02
 0.1613571354619231E+01  0.3804510859163448E+01 -0.5946666767841929E+00  0.1686200794820844E+01  0.1002649468529235E+02
 0.1802639796831305E+01  0.3763236059082173E+01 -0.6932945104629459E+00  0.1931451980807795E+01  0.9999945277612996E+01
 0.1735614613576846E+01  0.3775185518970216E+01 -0.6610902539736421E+00  0.1848155052916675E+01  0.1000663760500936E+02
 0.1652180367460976E+01  0.3793184658024406E+01 -0.6180544341527049E+00  0.1740181978695892E+01  0.1001828037930851E+02
 0.1555059412185747E+01  0.3816452396095280E+01 -0.5698186012723582E+00  0.1611328937929577E+01  0.1003546308418123E+02
 0.1826392169801321E+01  0.3763779198763618E+01 -0.7009951634093078E+00  0.1952989192842840E+01  0.1000200242753164E+02
 0.1802509494073107E+01  0.3769831183105284E+01 -0.6887414851474994E+00  0.1920094012710023E+01  0.1000608045629021E+02
 0.1838909857845959E+01  0.3767689565881861E+01 -0.7021015624366785E+00  0.1958215695817149E+01  0.1000641205402544E+02
 0.1439830771199726E+01  0.3844836429989746E+01 -0.5344466488818505E+00  0.1454459738117432E+01  0.1005960069401500E+02
 0.1374277209500576E+01  0.3862839172567005E+01 -0.4980715305506758E+00  0.1367969693676938E+01  0.1007332661912627E+02
 0.1399712971235432E+01  0.3856814975577945E+01 -0.5207886040796094E+00  0.1398075502311519E+01  0.1007019661172730E+02
 0.1516389288025580E+01  0.3828141615813666E+01 -0.5476831181101013E+00  0.1557296497409875E+01  0.1004475431454131E+02
 0.1356066153997055E+01  0.3870378012652593E+01 -0.5008143464292767E+00  0.1337922429417802E+01  0.1008187129741154E+02
 0.1479448501926361E+01  0.3839475401033643E+01 -0.5271550363430288E+00  0.1505679867463081E+01  0.1005405815028734E+02
 0.1313280380435553E+01  0.3884275750232688E+01 -0.4751830667335384E+00  0.1280011662450896E+01  0.1009336719400301E+02
 0.1441470106806816E+01  0.3851251805796958E+01 -0.5053000012949038E+00  0.1453001927592964E+01  0.1006373438542345E+02
 0.1540605469132640E+01  0.3826271654578226E+01 -0.5495742114929636E+00  0.1584765968676991E+01  0.1004285424257480E+02
 0.1576441691527238E+01  0.3815508338639606E+01 -0.5717306724943422E+00  0.1634537044837514E+01  0.1003462043601424E+02
 0.1627827594418597E+01  0.3805871251302377E+01 -0.5972848393860186E+00  0.1697901980187526E+01  0.1002832206360813E+02
 0.1273265727944050E+01  0.3897883655428599E+01 -0.4447070777233644E+00  0.1226735346196410E+01  0.1010427037595616E+02
 0.1402663300480054E+01  0.3863434892503793E+01 -0.4811970487393760E+00  0.1399750899333784E+01  0.1007364904266920E+02
 0.1236719196471818E+01  0.3910861392886875E+01 -0.4104267610781002E+00  0.1178766176389770E+01  0.1011449275551987E+02
 0.1363867630084325E+01  0.3875784845620553E+01 -0.4547721445978620E+00  0.1347144363832039E+01  0.1008360881385756E+02
 0.1468869630135326E+01  0.3848171292552111E+01 -0.5038352614822766E+00  0.1485820090930440E+01  0.1005998563212901E+02
 0.1205285254611283E+01  0.3922443258105795E+01 -0.3747910270727023E+00  0.1137938147927693E+01  0.1012332349430982E+02
 0.1325903254102087E+01  0.3888060077623145E+01 -0.4262944780680508E+00  0.1296275587630463E+01  0.1009350589911976E+02
 0.1432378330000646E+01  0.3859445577057973E+01 -0.4792990032642908E+00  0.1436046164350737E+01  0.1006892549919641E+02
 0.1523613304062293E+01  0.3836545956670808E+01 -0.5312337900477931E+00  0.1554392979887841E+01  0.1005115151773193E+02
 0.1673893949764170E+01  0.3798451327556826E+01 -0.6205844836285407E+00  0.1752636754319303E+01  0.1002428302595783E+02
 0.1640141013155741E+01  0.3807944876520717E+01 -0.6001998591348344E+00  0.1706190827905485E+01  0.1003101906340178E+02
 0.1714912558665887E+01  0.3793035966371009E+01 -0.6404767434394580E+00  0.1799482984615064E+01  0.1002195294075955E+02
 0.1606566151969819E+01  0.3817503770738373E+01 -0.5794479486479365E+00  0.1660140631198018E+01  0.1003791547686537E+02
 0.1683209027501058E+01  0.3801661657417668E+01 -0.6220105933652068E+00  0.1756058004767953E+01  0.1002796380826582E+02
 0.1750010380702204E+01  0.3789691219064624E+01 -0.6562429613537998E+00  0.1837524828740593E+01  0.1002122707854904E+02
 0.1558225106771702E+01  0.3826241285874288E+01 -0.5536149426690147E+00  0.1601869590391001E+01  0.1004332869249105E+02
 0.1592812442389825E+01  0.3816054407374855E+01 -0.5755325477976514E+00  0.1649512977891711E+01  0.1003574884612924E+02
 0.1504997091163761E+01  0.3837095914437488E+01 -0.5271262144041892E+00  0.1535497689176800E+01  0.1005124909438229E+02
 0.1053840196985565E+01  0.4089795292633727E+01 -0.5741726232137422E-01  0.8148888453920836E+00  0.1029800253854915E+02
 0.1086486892163195E+01  0.4078606227473276E+01 -0.8432754122190370E-01  0.8535927703713827E+00  0.1028518193102245E+02
 0.1140663949918270E+01  0.4059150882243862E+01 -0.1405171863602483E+00  0.9197686753789769E+00  0.1026408798812030E+02
 0.1192984458482429E+01  0.4035321445383370E+01 -0.1900410611291388E+00  0.9914113188078412E+00  0.1023755379518289E+02
 0.1055369902726240E+01  0.4089714943719483E+01 -0.5751569395285023E-01  0.8162824569372401E+00  0.1029817883573531E+02
 0.1132617890710834E+01  0.4059840411358376E+01 -0.1339351733129568E+00  0.9124994429914078E+00  0.1026425928720851E+02
 0.1086990152631692E+01  0.4077442825684390E+01 -0.8953380104816740E-01  0.8550637711570527E+00  0.1028336397579512E+02
 0.1235673598509836E+01  0.4019264116835466E+01 -0.2280830734566819E+00  0.1047378372533389E+01  0.1022229632244124E+02
 0.1314126247705143E+01  0.3987317173467946E+01 -0.2969847855687845E+00  0.1155131090482534E+01  0.1019097596192222E+02
 0.1432655955513923E+01  0.3938099493311622E+01 -0.3949828351231039E+00  0.1325104713828357E+01  0.1014464145997425E+02
 0.1070776169944538E+01  0.4084163101473952E+01 -0.6602921976078814E-01  0.8348160888838533E+00  0.1029146507326594E+02
 0.9999968657038606E+00  0.4107293063139597E+01  0.3160537229091718E-05  0.7531151607407454E+00  0.1031772195634753E+02
 0.9999797380130372E+00  0.4107298580498400E+01  0.1995403958603545E-04  0.7530971475338000E+00  0.1031773183260010E+02
 0.1550750829694492E+01  0.3888655233989989E+01 -0.4875917115433737E+00  0.1502037233043216E+01  0.1010116032734780E+02
 0.1463460431159689E+01  0.3923211546219996E+01 -0.4204509235300578E+00  0.1373612565881736E+01  0.1013069860782744E+02
 0.1659956785709175E+01  0.3843130007131316E+01 -0.5690155045489800E+00  0.1671243178491437E+01  0.1006371147006100E+02
 0.1371322085295018E+01  0.3960763701506097E+01 -0.3459221341427991E+00  0.1240199136168862E+01  0.1016461084078107E+02
 0.1582456869440519E+01  0.3872811032733028E+01 -0.5129234786498469E+00  0.1554972665149186E+01  0.1008745774757613E+02
 0.1280856399296281E+01  0.3998357162046127E+01 -0.2687914329089971E+00  0.1112305797581890E+01  0.1020057412906358E+02
 0.1493424517369476E+01  0.3908117094827449E+01 -0.4454315391163104E+00  0.1422468396986878E+01  0.1011711334634827E+02
 0.1691297366419152E+01  0.3826877901193071E+01 -0.5932376113534071E+00  0.1726182605208310E+01  0.1005002846426508E+02
 0.1752833249885597E+01  0.3803990749524107E+01 -0.6357154229683089E+00  0.1819781270725578E+01  0.1003272529958452E+02
 0.1824131998567463E+01  0.3772718091031104E+01 -0.6862139143691371E+00  0.1938318347325481E+01  0.1000863975244967E+02
 0.1198763346694125E+01  0.4032538828328382E+01 -0.1952978451034174E+00  0.9999749536736515E+00  0.1023518560716952E+02
 0.1397631158297771E+01  0.3947406606088483E+01 -0.3688662454693304E+00  0.1281872876190386E+01  0.1015197903802161E+02
 0.1130298319479146E+01  0.4060465106635593E+01 -0.1314983664276633E+00  0.9099593215907044E+00  0.1026498735162722E+02
 0.1301914259453555E+01  0.3987606715185150E+01 -0.2881084368485772E+00  0.1144544151526385E+01  0.1018981704699568E+02
 0.1523573234072235E+01  0.3892406951380341E+01 -0.4703804335871237E+00  0.1472898896742485E+01  0.1010289433530560E+02
 0.1078871318378167E+01  0.4080669015506778E+01 -0.8146570223068282E-01  0.8451031144123584E+00  0.1028755192212174E+02
 0.1213879677403544E+01  0.4024930125445035E+01 -0.2096875177069747E+00  0.1022144438731019E+01  0.1022713462246359E+02
 0.1044504510643282E+01  0.4093475077145132E+01 -0.4620495063320131E-01  0.8034525039033220E+00  0.1030238354666723E+02
 0.1139650898966292E+01  0.4055821749463604E+01 -0.1408285849008699E+00  0.9231073511811266E+00  0.1025973971019133E+02
 0.1322952212541296E+01  0.3976472847138112E+01 -0.3072102587638164E+00  0.1177595724863840E+01  0.1017867517854647E+02
 0.1424321164491950E+01  0.3933351919350860E+01 -0.3919421578836459E+00  0.1325240115681117E+01  0.1013852874071518E+02
 0.1645596368800853E+01  0.3839616337532425E+01 -0.5630217352411957E+00  0.1664635121514132E+01  0.1005874733567684E+02
 0.1553524739446972E+01  0.3876246203374617E+01 -0.4950788063266647E+00  0.1524466800298739E+01  0.1008843251944056E+02
 0.1752765376512524E+01  0.3793401641774050E+01 -0.6404532495395164E+00  0.1838303272537698E+01  0.1002204239176410E+02
 0.1872625272361457E+01  0.3749047615073510E+01 -0.7216705591788948E+00  0.2024212700247356E+01  0.9990456088136396E+01
 0.1849350562470952E+01  0.3757811725103914E+01 -0.7054873926928881E+00  0.1987721721078944E+01  0.9996484428166189E+01
 0.1899325053460628E+01  0.3732421146177487E+01 -0.7437854666358035E+00  0.2078084018169180E+01  0.9977384964720278E+01
 0.1810056669305388E+01  0.3772195386248634E+01 -0.6791268336076033E+00  0.1926827260315849E+01  0.1000661594125402E+02
 0.1893628544334804E+01  0.3735342898402382E+01 -0.7381710423877228E+00  0.2068192108563653E+01  0.9979303258373625E+01
 0.1874134196955227E+01  0.3742775193188700E+01 -0.7243698661158307E+00  0.2037395307323786E+01  0.9984320968724335E+01
 0.1916008469133398E+01  0.3719983847908913E+01 -0.7577114077193945E+00  0.2116045476147400E+01  0.9967210670179240E+01
 0.1906511209877839E+01  0.3721963331450873E+01 -0.7546029676385334E+00  0.2102835861037789E+01  0.9968658015579749E+01
 0.1897013201345009E+01  0.3716871565562130E+01 -0.7561781846598676E+00  0.2102039175642196E+01  0.9963665607285431E+01
 0.1722258676783217E+01  0.3810298922184657E+01 -0.6170348788422050E+00  0.1781888626730626E+01  0.1003611273163445E+02
 0.1781681422742281E+01  0.3788243827120028E+01 -0.6575909340503920E+00  0.1873014814685238E+01  0.1001976474217786E+02
 0.1614321981083258E+01  0.3856300343320345E+01 -0.5382726949053070E+00  0.1609571098146930E+01  0.1007303751920952E+02
 0.1023151498233538E+01  0.4100797701853390E+01 -0.2391739822925317E-01  0.7785755713045331E+00  0.1031095253617046E+02
 0.1083498470174444E+01  0.4078401308911897E+01 -0.8637261187359467E-01  0.8513826261639282E+00  0.1028483842371976E+02
 0.1010929258474249E+01  0.4104575122000392E+01 -0.1117257938534838E-01  0.7648438922686744E+00  0.1031526859829063E+02
 0.1046214403252103E+01  0.4092624582120220E+01 -0.4812030082330988E-01  0.8057274448507035E+00  0.1030128593209180E+02
 0.1148256937029126E+01  0.4051354159576527E+01 -0.1494032228726757E+00  0.9355517758047517E+00  0.1025479146962821E+02
 0.1004542168177964E+01  0.4106334640842666E+01 -0.4585658913639486E-02  0.7578831677928383E+00  0.1031714335640989E+02
 0.1023345594074707E+01  0.4100637996786713E+01 -0.2419484408037161E-01  0.7788944745044839E+00  0.1031072255172804E+02
 0.1001567755487207E+01  0.4107045812649400E+01 -0.1565053295418620E-02  0.7547270775099461E+00  0.1031777813354794E+02
 0.1010532112446593E+01  0.4104687001500134E+01 -0.1078388304020191E-01  0.7644144164252209E+00  0.1031540440386743E+02
 0.1047101636709687E+01  0.4092079303757428E+01 -0.4921544814137383E-01  0.8070539172116029E+00  0.1030064338389028E+02
 0.1087267530346598E+01  0.4076473698209550E+01 -0.9039271580245338E-01  0.8566452849763070E+00  0.1028262489103214E+02
 0.1242743430457493E+01  0.4009267693262168E+01 -0.2371685845389363E+00  0.1066457555123125E+01  0.1021060771565426E+02
 0.1156072558018425E+01  0.4046915586770557E+01 -0.1572616080355556E+00  0.9473680973673636E+00  0.1024980634060764E+02
 0.1363429517927840E+01  0.3953366130094376E+01 -0.3441651855866689E+00  0.1244551436888187E+01  0.1015580050407523E+02
 0.1000368055149276E+01  0.4107285760297061E+01 -0.3629432055910417E-03  0.7534806326929459E+00  0.1031790675497988E+02
 0.1004105629809444E+01  0.4106454975662405E+01 -0.4144782782292439E-02  0.7574121148727204E+00  0.1031728276318446E+02
 0.9999936120656238E+00  0.4107333542222886E+01  0.7021462716510811E-05  0.7531021170252465E+00  0.1031786173311645E+02
 0.1001235034173214E+01  0.4107140772588179E+01 -0.1225085722253720E-02  0.7543655453171219E+00  0.1031789098162337E+02
 0.1009788064256580E+01  0.4104903022855277E+01 -0.1004100529455088E-01  0.7636104586762071E+00  0.1031568642421015E+02
 0.9999282122471288E+00  0.4107325355381253E+01  0.7103644001097563E-04  0.7530403401660194E+00  0.1031779679780425E+02
 0.1000199301898695E+01  0.4107325718550778E+01 -0.1922196287711277E-03  0.7533018372220740E+00  0.1031794162923791E+02
 0.1003414995778325E+01  0.4106679901099069E+01 -0.3438580000003890E-02  0.7566472563580064E+00  0.1031759607523338E+02
 0.1021882563391866E+01  0.4101018955478535E+01 -0.2281772995709480E-01  0.7773710650327397E+00  0.1031124972032581E+02
 0.1255783230713703E+01  0.4001504046538654E+01 -0.2496799476586663E+00  0.1087627444745900E+01  0.1020242459166588E+02
 0.1500985747521147E+01  0.3889323307899621E+01 -0.4585048908782527E+00  0.1458401058901795E+01  0.1009760339444752E+02
 0.1162340362416538E+01  0.4043082622536818E+01 -0.1636076871605532E+00  0.9573046658866254E+00  0.1024564474324184E+02
 0.1382127597812782E+01  0.3941569961738177E+01 -0.3615543938921394E+00  0.1277569545992831E+01  0.1014422249235581E+02
 0.1640564715899594E+01  0.3825404268443478E+01 -0.5667496047546859E+00  0.1683942639528593E+01  0.1004356358780221E+02
 0.1091574244381417E+01  0.4073549050083157E+01 -0.9522211912711526E-01  0.8635813662994078E+00  0.1027926925548952E+02
 0.1266924798345231E+01  0.3994000120799300E+01 -0.2608119042574878E+00  0.1107105323140352E+01  0.1019466100087858E+02
 0.1525188121828669E+01  0.3873879993740746E+01 -0.4796410780624696E+00  0.1503614255687404E+01  0.1008313825344452E+02
 0.1768172999083932E+01  0.3768435503478345E+01 -0.6591333963280054E+00  0.1895977681005686E+01  0.9998483097381822E+01
 0.1047125345382804E+01  0.4091799075250311E+01 -0.4943835602134194E-01  0.8074121962557096E+00  0.1030031946073060E+02
 0.1090118043054870E+01  0.4074698007501381E+01 -0.9352895373619843E-01  0.8610163141172199E+00  0.1028054997725619E+02
 0.1022827587068953E+01  0.4100801250347419E+01 -0.2373654618952318E-01  0.7783506910510692E+00  0.1031101557989883E+02
 0.1872461654243109E+01  0.3716704235953228E+01 -0.7507810671002600E+00  0.2077494331248232E+01  0.9962528791900956E+01
 0.1904522417332553E+01  0.3707601273811855E+01 -0.7655153111994074E+00  0.2125369775812370E+01  0.9956059055843681E+01
 0.1831321452583887E+01  0.3721379677378002E+01 -0.7430910697453351E+00  0.2025886858619574E+01  0.9966033458706921E+01
 0.1931342805629752E+01  0.3700170051584284E+01 -0.7776328714620441E+00  0.2165356533429230E+01  0.9950901482155121E+01
 0.1872358239341686E+01  0.3709648375415933E+01 -0.7595411581367327E+00  0.2087966803512927E+01  0.9957080616198596E+01
 0.1950691738172033E+01  0.3694788353082421E+01 -0.7857255237588916E+00  0.2194583508815204E+01  0.9946983662995800E+01
 0.1910903643648838E+01  0.3698971972563682E+01 -0.7756739551810711E+00  0.2145869110342026E+01  0.9949432856599964E+01
 0.1817842277953573E+01  0.3717018360985626E+01 -0.7542948256454516E+00  0.2013872244090480E+01  0.9962184638834957E+01
 0.1767904090578091E+01  0.3730690230857769E+01 -0.7425395481956611E+00  0.1936955958143697E+01  0.9973764188225067E+01
 0.1958139327037597E+01  0.3692863303728564E+01 -0.7872676178890419E+00  0.2206216492841724E+01  0.9945240472391150E+01
 0.1945448505672637E+01  0.3689083634174253E+01 -0.7904581740543627E+00  0.2198465974058172E+01  0.9942221371970200E+01
 0.1950211462648744E+01  0.3695770943195355E+01 -0.7803711219986281E+00  0.2194247220967213E+01  0.9946683408832026E+01
 0.1969921255828111E+01  0.3681857084821262E+01 -0.8000940427630066E+00  0.2236778953894594E+01  0.9936776473276323E+01
 0.1919036694823296E+01  0.3689799795848650E+01 -0.7891724384533604E+00  0.2167699645182839E+01  0.9942650247665741E+01
 0.1923707804284439E+01  0.3704825534666206E+01 -0.7629258378615345E+00  0.2153316356828444E+01  0.9952287266149355E+01
 0.1981579426463918E+01  0.3678472274865312E+01 -0.8031648120294458E+00  0.2255618996227556E+01  0.9933849765483343E+01
 0.1959520624818144E+01  0.3678040942160924E+01 -0.8041789283351223E+00  0.2231225378081823E+01  0.9933991428409655E+01
 0.1866316736244261E+01  0.3696185518290914E+01 -0.7905716308431584E+00  0.2093067666167555E+01  0.9947136665863445E+01
 0.1809226737004598E+01  0.3713263093202998E+01 -0.7619137303629997E+00  0.2007115189350996E+01  0.9957861077276167E+01
 0.1868778615698110E+01  0.3703932115575601E+01 -0.7694438156369092E+00  0.2090933249549166E+01  0.9952770734859877E+01
 0.1765739373795062E+01  0.3727796722327144E+01 -0.7283928566609048E+00  0.1945123350360806E+01  0.9967490837137303E+01
 0.1843290324429618E+01  0.3740489389735841E+01 -0.7090004534660308E+00  0.2014053470230762E+01  0.9978572249146064E+01
 0.1894419383946053E+01  0.3722192975553503E+01 -0.7421679490269335E+00  0.2093990597551388E+01  0.9966134161462790E+01
 0.1924254983019679E+01  0.3711652204675954E+01 -0.7619284879319888E+00  0.2140416885273388E+01  0.9959286988384122E+01
 0.1813077499084254E+01  0.3758486255918384E+01 -0.6864098623700304E+00  0.1954174934136133E+01  0.9993243880137028E+01
 0.1737887316619276E+01  0.3786781056318254E+01 -0.6356733137714349E+00  0.1836551157873480E+01  0.1001382638804814E+02
 0.1612050864866824E+01  0.3842795355483034E+01 -0.5432465381459305E+00  0.1629952203804549E+01  0.1005885821909576E+02
 0.1935847617313139E+01  0.3707273646648271E+01 -0.7709363969686233E+00  0.2158533881907880E+01  0.9956692787783235E+01
 0.1932788204764067E+01  0.3707494257563396E+01 -0.7715721309249646E+00  0.2154423948214818E+01  0.9957097388483369E+01
 0.1899022420995756E+01  0.3727355161593371E+01 -0.7432317380506444E+00  0.2088239702600837E+01  0.9971883230790020E+01
 0.1918906599820652E+01  0.3710957059017937E+01 -0.7661081155670977E+00  0.2134206462806306E+01  0.9959560070420059E+01
 0.1914443796117853E+01  0.3721451550627621E+01 -0.7545217301979875E+00  0.2112658585659160E+01  0.9968093565662258E+01
 0.1838127588125962E+01  0.3755883615342422E+01 -0.7003172019535501E+00  0.1981341660391066E+01  0.9993335508666211E+01
 0.1476278994325354E+01  0.3904220162947711E+01 -0.4369278229254263E+00  0.1413868282195932E+01  0.1011123127828035E+02
 0.1583315228567946E+01  0.3859521869107208E+01 -0.5195618402442561E+00  0.1577276934332221E+01  0.1007339252416383E+02
 0.1343532834188384E+01  0.3965074292140996E+01 -0.3259396974271547E+00  0.1210997720811890E+01  0.1016740860298051E+02
 0.1676926131069516E+01  0.3822254563382522E+01 -0.5877358111414370E+00  0.1721335919849390E+01  0.1004373879883152E+02
 0.1450424596366992E+01  0.3919080815883716E+01 -0.4145247863143621E+00  0.1369029302733496E+01  0.1012521698886666E+02
 0.1228730441044579E+01  0.4017153526699258E+01 -0.2237152516540005E+00  0.1044457337540000E+01  0.1021885967310263E+02
 0.1782936429399672E+01  0.3776177381758053E+01 -0.6634998643448003E+00  0.1895584339171913E+01  0.1000782662920350E+02
 0.1707349671315067E+01  0.3804880632354503E+01 -0.6116908000857144E+00  0.1778049710819130E+01  0.1002916421194641E+02
 0.1866198201186836E+01  0.3739153476731692E+01 -0.7214055291691989E+00  0.2037089961254850E+01  0.9979777676178772E+01
 0.9999620372254264E+00  0.4107306693780161E+01  0.3726256483117589E-04  0.7530780357816880E+00  0.1031775070357679E+02
 0.9999630931306389E+00  0.4107315960627443E+01  0.3613329149823909E-04  0.7530771876516376E+00  0.1031778465686237E+02
 0.1000068396015785E+01  0.4107308693473678E+01 -0.6727568980061150E-04  0.7531823111490815E+00  0.1031781935401273E+02
 0.9999755295718328E+00  0.4107300720813711E+01  0.2398575726249588E-04  0.7530926433957814E+00  0.1031773728675152E+02
 0.1000558871899137E+01  0.4107226018320422E+01 -0.5545770282298779E-03  0.7536865859870147E+00  0.1031781695407864E+02
 0.1001894540605111E+01  0.4106934581552679E+01 -0.1892671647423134E-02  0.7550851652913459E+00  0.1031760094686878E+02
 0.1000179003809489E+01  0.4107284654770800E+01 -0.1786477070063293E-03  0.7532986631379540E+00  0.1031780324346715E+02
 0.1004954574823022E+01  0.4106174099681579E+01 -0.4997626615834657E-02  0.7583481159676849E+00  0.1031686872531725E+02
 0.1011218454938369E+01  0.4104425711264423E+01 -0.1143779828751440E-01  0.7651829696996543E+00  0.1031495570076345E+02
 0.1002138310277636E+01  0.4106849095311897E+01 -0.2138633589230212E-02  0.7553546352515347E+00  0.1031746428036832E+02
 0.1000719517201289E+01  0.4107181819701892E+01 -0.7164867733583388E-03  0.7538591131990630E+00  0.1031776422821100E+02
 0.1000028935425670E+01  0.4107299977935678E+01 -0.2963364537785965E-04  0.7531468893279317E+00  0.1031776929814593E+02
 0.1000212155280622E+01  0.4107267721906968E+01 -0.2111203283775790E-03  0.7533361017905034E+00  0.1031776487064229E+02
 0.9999814252050746E+00  0.4107301057723007E+01  0.1854824718785481E-04  0.7530986996772783E+00  0.1031774271103585E+02
 0.9999785918367066E+00  0.4107304802544322E+01  0.1980387240483131E-04  0.7530958838476789E+00  0.1031775638717916E+02
 0.1000007387369292E+01  0.4107311619358815E+01 -0.9085896448434766E-05  0.7531220432986993E+00  0.1031779556867410E+02
 0.9999740959982677E+00  0.4107301680283877E+01  0.2407182977809240E-04  0.7530923019240752E+00  0.1031774307305541E+02
 0.1022793172115896E+01  0.4100870722558184E+01 -0.2346819881094538E-01  0.7781580492334297E+00  0.1031088728212580E+02
 0.1042626953743651E+01  0.4094159524697330E+01 -0.4412229227139350E-01  0.8011480902682614E+00  0.1030302900308229E+02
 0.1011126142569948E+01  0.4104423322445264E+01 -0.1132780507096489E-01  0.7650886129639370E+00  0.1031488405681261E+02
 0.1074033416400783E+01  0.4082713196668540E+01 -0.7638422225253852E-01  0.8388687972833593E+00  0.1028980415341496E+02
 0.1120689273967438E+01  0.4064762188649318E+01 -0.1221334967379114E+00  0.8970488043719922E+00  0.1026971367262236E+02
 0.1039927554306316E+01  0.4095146792875456E+01 -0.4125847195766451E-01  0.7979087316625079E+00  0.1030414821343713E+02
 0.1021804822748197E+01  0.4101210834352594E+01 -0.2240564887148037E-01  0.7769996302172978E+00  0.1031126324136429E+02
 0.1004433523412511E+01  0.4106242668845909E+01 -0.4469490289835214E-02  0.7578166891642643E+00  0.1031680371870857E+02
 0.1009295738479064E+01  0.4104875276041012E+01 -0.9454236712197936E-02  0.7631119127684350E+00  0.1031525410159053E+02
 0.1183368018162408E+01  0.4039758202221059E+01 -0.1808695354312222E+00  0.9782729559412504E+00  0.1024289333352254E+02
 0.1259538809060061E+01  0.4008662550998995E+01 -0.2494366498092258E+00  0.1080862104423353E+01  0.1021114996438028E+02
 0.1109739952322220E+01  0.4069374454972154E+01 -0.1115458160926505E+00  0.8828209299150234E+00  0.1027492682045854E+02
 0.1344539158938577E+01  0.3973781617155461E+01 -0.3227206584912228E+00  0.1199217912126947E+01  0.1017733805890013E+02
 0.1166215081362615E+01  0.4047276231366664E+01 -0.1648976331276892E+00  0.9550267730326484E+00  0.1025109644983996E+02
 0.1053920239668332E+01  0.4090067902878570E+01 -0.5580397763318422E-01  0.8145515599346194E+00  0.1029807927587296E+02
 0.1019425856375925E+01  0.4101988826781827E+01 -0.2000627547719037E-01  0.7743405868201861E+00  0.1031231878742224E+02
 0.1032148564861788E+01  0.4097596699961883E+01 -0.3323695991735923E-01  0.7889881959352346E+00  0.1030673521076330E+02
 0.1005208448373465E+01  0.4106083053347012E+01 -0.5280844730257703E-02  0.7586458792557740E+00  0.1031676042719875E+02
 0.1017746291705094E+01  0.4102364790871662E+01 -0.1820530015145658E-01  0.7724919055190695E+00  0.1031241935093562E+02
 0.1068123396491773E+01  0.4085125437013753E+01 -0.7025811915677989E-01  0.8314452395968596E+00  0.1029263512105546E+02
 0.1000964268560209E+01  0.4107120774754608E+01 -0.9698262884056844E-03  0.7541222539892323E+00  0.1031771044480944E+02
 0.1001927165088403E+01  0.4106879721148605E+01 -0.1928002813237718E-02  0.7551376428731064E+00  0.1031744529841666E+02
 0.1000075767095101E+01  0.4107293759112626E+01 -0.7759656142755719E-04  0.7531955165596249E+00  0.1031777714845037E+02
 0.1000725205759533E+01  0.4107160332590921E+01 -0.7235804863572280E-03  0.7538720423292551E+00  0.1031769757602312E+02
 0.1005139316802266E+01  0.4106101615241433E+01 -0.5182673983005779E-02  0.7585563846897563E+00  0.1031674330765792E+02
 0.1122145256622895E+01  0.3951872197913492E+01  0.3000503042842634E+00  0.1030505435419214E+01  0.1014949990823558E+02
 0.1155886640364133E+01  0.3940275045718390E+01  0.3215158144823365E+00  0.1073771618542015E+01  0.1013696812170021E+02
 0.1570795005901571E+01  0.3793174039932132E+01  0.6260741308412657E+00  0.1650436782522916E+01  0.1001682298810917E+02
 0.1944550205439153E+01  0.3671624601945379E+01  0.8011821867686545E+00  0.2226478076017206E+01  0.9923819033106383E+01
 0.3209779652672134E+00  0.4185777844524599E+01 -0.6848737934462753E+00  0.1895851136267423E+00  0.1047151507607157E+02
 0.4299069868204602E+00  0.4166896946877787E+01 -0.4650686581326667E+00  0.2791562086099734E+00  0.1041301187108122E+02
 0.6472129219615301E+00  0.4108044154526826E+01 -0.1243452575527162E+00  0.4839217744378239E+00  0.1031499685770880E+02
 0.6557783440781599E+00  0.4106232668544306E+01 -0.9717840812687366E-01  0.4920988330901817E+00  0.1031130572154343E+02
 0.6543924454146193E+00  0.4107171535461792E+01  0.9867555103976730E-01  0.4907805746074875E+00  0.1031424487728417E+02
 0.6458824963027026E+00  0.4108993788344934E+01  0.1258766423931103E+00  0.4826555743748596E+00  0.1031803938603816E+02
 0.4294559942790963E+00  0.4167257714061492E+01  0.4660744689199787E+00  0.2788178079572448E+00  0.1041471831579687E+02
 0.3200921025782489E+00  0.4186622416222100E+01  0.6856608381677377E+00  0.1889250947985953E+00  0.1047452162924539E+02
 0.1943773453948048E+01  0.3672102266156662E+01 -0.8001688637060451E+00  0.2226135984878572E+01  0.9925465492086643E+01
 0.1570493201337919E+01  0.3793618675355917E+01 -0.6248046728323545E+00  0.1650547418722749E+01  0.1001839660254415E+02
 0.1155531048254551E+01  0.3940939102644802E+01 -0.3198842204651152E+00  0.1073493685734648E+01  0.1013917501988235E+02
 0.1122399584240539E+01  0.3952197596294537E+01 -0.2986780498757876E+00  0.1030991893400441E+01  0.1015093839222004E+02
