-0.3105494099E-06  0.2936881842E-06
-0.1089624352E-05  0.1187380753E-05
 0.0000000000E+00  0.0000000000E+00
 0.1177734549E-05 -0.2744378773E-05
-0.1671750055E-05  0.1137725579E-05
 0.6057434107E-06 -0.7565946588E-06
-0.1101954295E-05  0.2556706201E-06
 0.1550872346E-05 -0.1271254491E-05
-0.4071317090E-18  0.6459354023E-20
-0.7870009290E-06  0.7577924472E-06
-0.4226245049E-15  0.2439701795E-15
 0.1669717546E-06 -0.9915238014E-06
 0.1027655643E-05 -0.3687848469E-06
 0.2243345292E-06 -0.8260360974E-06
 0.8546150519E-06 -0.7779640145E-06
-0.1675624273E-05  0.8359940380E-06
-0.1050273162E-17  0.2183963476E-18
 0.3567753858E-05  0.9548662310E-06
 0.0000000000E+00  0.0000000000E+00
-0.1304123511E-05 -0.5277756619E-06
 0.2953112179E-05  0.1240071114E-05
 0.5091695324E-05 -0.4040423284E-05
-0.1939032236E-05  0.1162135410E-05
-0.3817052540E-05 -0.1614319578E-05
 0.7803976643E-14 -0.4494329193E-14
 0.2893584024E-05  0.3503880101E-05
 0.3352933230E-05 -0.4344598050E-06
-0.3783702965E-05 -0.3843561823E-05
-0.3288602087E-05 -0.1246449060E-05
-0.2953014995E-05 -0.2105904405E-06
-0.3582301490E-05 -0.1955586740E-05
 0.1746553013E-05  0.1228694946E-05
-0.7790992069E-05 -0.7438258268E-05
-0.2767412361E-05 -0.8465984150E-06
-0.2958281137E-06 -0.9932111985E-06
 0.3396143876E-07 -0.5991535387E-06
 0.1568375379E-05  0.9203593034E-06
 0.1342740597E-05  0.8654483716E-07
 0.1868479537E-05  0.1059035238E-06
 0.9203100689E-05 -0.5499969215E-06
-0.1772564088E-05 -0.1192808799E-05
-0.2647904813E-06 -0.6609726388E-06
 0.1797122037E-05 -0.1744937382E-06
 0.0000000000E+00  0.0000000000E+00
-0.1392077918E-05  0.2462751381E-05
-0.6821138339E-07 -0.6351176537E-07
 0.2707448881E-05 -0.1025380638E-05
-0.2832819301E-05 -0.3618852844E-05
 0.1855373270E-05 -0.3756374851E-06
 0.0000000000E+00  0.0000000000E+00
 0.5665521490E-06  0.2479496514E-06
 0.0000000000E+00 -0.4577567858E-18
-0.5375421058E-06 -0.3371392026E-05
 0.1418122948E-05  0.3915253319E-05
-0.2001703390E-05 -0.1059730130E-04
 0.2107078176E-05 -0.4750376219E-06
 0.2103566642E-05 -0.9644940150E-06
 0.0000000000E+00 -0.3103307980E-17
-0.7589789786E-05 -0.7283771846E-06
 0.0000000000E+00  0.0000000000E+00
 0.7123170832E-05  0.3297645804E-05
-0.4814756709E-05 -0.6326109428E-06
-0.2512784277E-05 -0.3230110189E-05
-0.1251904973E-05 -0.2254846252E-05
 0.4509593639E-05  0.2114250236E-05
 0.0000000000E+00  0.0000000000E+00
-0.2102093124E-06 -0.3950228344E-05
 0.5348485239E-06 -0.1593723445E-05
 0.3938572125E-07 -0.6129035011E-07
 0.7073312392E-06  0.9675928240E-06
 0.4597342690E-05 -0.2758846111E-05
 0.3578781563E-05  0.5710199932E-06
-0.5037276052E-05 -0.4742332310E-05
-0.1157548276E-05  0.2793620216E-06
-0.9736912483E-06  0.3656932341E-05
 0.3462738375E-05  0.4377947963E-05
-0.2402922605E-05  0.7452530495E-05
-0.2966249369E-05  0.2275166784E-05
-0.5393413004E-05  0.6301760333E-06
 0.2485067025E-05 -0.2734138082E-05
 0.3190062709E-05  0.5215490436E-06
 0.9092332265E-05  0.3404106298E-06
-0.4351370902E-06 -0.6641878743E-07
 0.2468098581E-07 -0.4904500097E-07
 0.2771387110E-15  0.1597377023E-15
 0.2371729793E-07 -0.3287718885E-07
 0.9926522820E-07  0.4536623045E-07
-0.2773769730E-06 -0.1365169904E-06
 0.2176275108E-07  0.4956677367E-07
 0.9244565890E-07 -0.4860012033E-07
-0.1670999508E-14 -0.9648568352E-15
 0.3834111139E-07 -0.9033454567E-07
-0.1138606825E-18  0.2015728845E-18
-0.7909231352E-07  0.1307401219E-06
-0.4751088870E-07 -0.8675581797E-07
 0.1170618304E-06  0.7657686606E-07
 0.5226852292E-07 -0.1434794011E-07
 0.3120580914E-07 -0.6817455634E-07
-0.7393556833E-15 -0.4267204007E-15
 0.2720890817E-08 -0.4256300184E-07
 0.4304647263E-18 -0.7275342364E-18
 0.9848775818E-07  0.1735640081E-06
 0.1118510398E-06  0.8941711947E-08
 0.6040853328E-06 -0.4360949421E-06
 0.7263711119E-06 -0.1974699409E-06
 0.3865317636E-06  0.1401168920E-06
 0.0000000000E+00  0.0000000000E+00
 0.4974663225E-06 -0.4020194036E-06
-0.6141047439E-06 -0.7490693663E-06
-0.1284916739E-09  0.3624922125E-06
 0.1963090384E-06  0.6652754269E-07
 0.5358551878E-06  0.4357707508E-06
 0.1696343907E-06 -0.3043381163E-07
-0.3950110161E-08 -0.1018374468E-06
 0.4440951971E-06 -0.1012058429E-06
-0.7119011775E-08 -0.5481566810E-07
-0.1344551436E-06  0.1230943003E-06
-0.5263141192E-07 -0.4793863662E-07
 0.2419915516E-07 -0.6750340867E-07
 0.1126150898E-06 -0.3185540318E-06
-0.2171714457E-06 -0.1193428595E-08
-0.1309542951E-06  0.2234569414E-07
 0.8985712494E-07 -0.1709479777E-06
-0.6140798816E-06  0.7490381258E-06
 0.4973475996E-06  0.4019642211E-06
 0.0000000000E+00  0.0000000000E+00
-0.1889937653E-09 -0.3624476587E-06
 0.7263161718E-06  0.1974270072E-06
 0.6037990991E-06  0.4359019645E-06
 0.1119178842E-06 -0.8946314865E-08
 0.3860183293E-06 -0.1401476014E-06
 0.2435754825E-19  0.4840515690E-18
 0.2729719125E-08  0.4255299441E-07
-0.7387557990E-15  0.4267202206E-15
 0.9850699329E-07 -0.1735526032E-06
 0.1694996726E-06  0.3043096856E-07
 0.5357982195E-06 -0.4357424089E-06
 0.1961410814E-06 -0.6651850777E-07
-0.3938058291E-08  0.1018245748E-06
 0.1319561585E-18  0.0000000000E+00
 0.3833989907E-07  0.9031191504E-07
-0.1671292368E-14  0.9647299921E-15
-0.7909947746E-07 -0.1307201899E-06
 0.2174627186E-07 -0.4960206713E-07
-0.2774599397E-06  0.1365517387E-06
 0.9924799082E-07 -0.4538252308E-07
 0.9243343727E-07  0.4862132702E-07
 0.2771033686E-15 -0.1598914343E-15
 0.2468814289E-07  0.4904151562E-07
-0.4351477022E-06  0.6642114217E-07
 0.2369675991E-07  0.3288155531E-07
 0.5225145690E-07  0.1435870907E-07
 0.1170378623E-06 -0.7657186027E-07
-0.4752372628E-07  0.8677638349E-07
 0.3120488446E-07  0.6815698973E-07
 0.1126104600E-06  0.3185171965E-06
-0.5263305785E-07  0.4796757771E-07
-0.1344246737E-06 -0.1230756677E-06
-0.7140133445E-08  0.5483301546E-07
 0.2420007764E-07  0.6748478916E-07
 0.4438324237E-06  0.1011427016E-06
-0.1309166331E-06 -0.2237264806E-07
-0.2171492725E-06  0.1159738443E-08
 0.8981440316E-07  0.1708942816E-06
 0.5367320225E-06  0.1598240072E-05
-0.2088144530E-06  0.3947477127E-05
 0.0000000000E+00  0.0000000000E+00
 0.4074915366E-07  0.5241081276E-07
-0.1250062135E-05  0.2255408138E-05
-0.2512071327E-05  0.3230108366E-05
-0.4815500797E-05  0.6352616562E-06
 0.4507189019E-05 -0.2114624518E-05
 0.0000000000E+00  0.0000000000E+00
-0.7586269366E-05  0.7292530149E-06
 0.0000000000E+00  0.6787540650E-18
 0.7119216096E-05 -0.3287630303E-05
 0.3578270906E-05 -0.5725840441E-06
 0.4593841328E-05  0.2763837625E-05
 0.7059750735E-06 -0.9695943346E-06
-0.5033749906E-05  0.4740271194E-05
 0.0000000000E+00  0.1808916318E-17
 0.5677862860E-06 -0.2491167732E-06
 0.0000000000E+00  0.0000000000E+00
-0.5384145854E-06  0.3370822456E-05
-0.2829615441E-05  0.3617439834E-05
 0.2705712651E-05  0.1024758054E-05
-0.6838506611E-07  0.6351301603E-07
 0.1854929495E-05  0.3754833149E-06
 0.0000000000E+00  0.0000000000E+00
 0.1796840386E-05  0.1744394043E-06
-0.2647727509E-06  0.6609257093E-06
-0.1391986913E-05 -0.2462258723E-05
 0.2106199535E-05  0.4749640610E-06
-0.2001944599E-05  0.1059419709E-04
 0.1416864734E-05 -0.3913418845E-05
 0.2103788917E-05  0.9637106221E-06
-0.5386793340E-05 -0.6281978051E-06
-0.2401659935E-05 -0.7447961765E-05
 0.3460883691E-05 -0.4371519042E-05
-0.9706698651E-06 -0.3654436144E-05
-0.2964683592E-05 -0.2274519615E-05
-0.1160641644E-05 -0.2775709952E-06
 0.3185466345E-05 -0.5199720201E-06
 0.2486282156E-05  0.2732665238E-05
 0.9089910176E-05 -0.3378029399E-06
 0.3353288333E-05  0.4345386018E-06
 0.2893703393E-05 -0.3504277701E-05
 0.7791894515E-14  0.4492927943E-14
-0.3783578277E-05  0.3844073139E-05
-0.1939991299E-05 -0.1162279949E-05
 0.5090147806E-05  0.4039059440E-05
 0.2952544624E-05 -0.1240360618E-05
-0.3816990788E-05  0.1614293656E-05
 0.0000000000E+00  0.0000000000E+00
 0.3567190734E-05 -0.9556320504E-06
 0.9342003237E-19  0.4535758456E-18
-0.1303458318E-05  0.5285546187E-06
-0.3582867110E-05  0.1955599025E-05
-0.2952487762E-05  0.2110017227E-06
-0.3288691832E-05  0.1246323882E-05
 0.1745949353E-05 -0.1229090043E-05
-0.4176278178E-15 -0.2415593501E-15
-0.7876843582E-06 -0.7598448472E-06
 0.2812199438E-18 -0.2784062149E-18
 0.1674625029E-06  0.9932925860E-06
-0.1102335262E-05 -0.2561396558E-06
 0.6067127544E-06  0.7566399340E-06
-0.1672895517E-05 -0.1138308312E-05
 0.1551751155E-05  0.1271546892E-05
 0.0000000000E+00  0.0000000000E+00
-0.1089505087E-05 -0.1190890013E-05
-0.3055922665E-06 -0.2876289533E-06
 0.1174275425E-05  0.2744087962E-05
 0.8557370298E-06  0.7789109803E-06
 0.2237481220E-06  0.8282670932E-06
 0.1027325632E-05  0.3692000808E-06
-0.1676627772E-05 -0.8388092094E-06
 0.1341148671E-05 -0.8616034886E-07
 0.3310667580E-07  0.5994047142E-06
-0.2948614912E-06  0.9945332254E-06
-0.2768169076E-05  0.8467009250E-06
 0.1567827525E-05 -0.9217450698E-06
-0.7790939297E-05  0.7438303386E-05
 0.9203337300E-05  0.5496237193E-06
 0.1869180164E-05 -0.1062493523E-06
-0.1773901541E-05  0.1193423871E-05
 0.1402026819E-05  0.1121975278E-05
 0.1875632107E-06  0.2074222913E-05
-0.3021356747E-05  0.3660345106E-06
-0.1390923077E-05 -0.1758499182E-05
 0.8507649771E-05  0.1532858652E-05
-0.4064629545E-05 -0.7716128403E-06
-0.2805601585E-05 -0.7015839019E-05
-0.2987425612E-05  0.4293887351E-06
-0.1627948970E-05  0.5565508694E-06
 0.1531098218E-05  0.8836748484E-06
 0.2940813447E-05 -0.1376279169E-05
 0.4429493104E-05 -0.1189506770E-05
 0.2856939344E-05 -0.9011316499E-06
-0.1597720007E-05 -0.4406011125E-05
-0.5200410590E-05  0.4651415722E-06
 0.1087601926E-04  0.6753376471E-06
 0.2918590679E-04 -0.1155831502E-06
 0.1647106868E-04 -0.7849708990E-06
-0.7079524380E-05 -0.1783416106E-05
 0.4523250642E-04 -0.4506931586E-06
-0.1032000602E-04  0.4213122432E-05
-0.2221451177E-04 -0.3324335909E-04
 0.1332085957E-04  0.1649833856E-05
-0.6008498588E-05  0.7431389426E-05
-0.4410923990E-05 -0.6451499584E-06
-0.1658454807E-04 -0.3595981710E-05
-0.2628472926E-04 -0.7258006892E-05
-0.1633732536E-04 -0.4226326087E-05
-0.2257390709E-04 -0.3578797187E-05
 0.2216705698E-04  0.1032202344E-05
-0.4030305193E-04 -0.3146527768E-04
-0.9569221120E-05 -0.4689689891E-05
-0.4074353288E-06 -0.3112771096E-05
 0.2776835875E-05 -0.3780382455E-05
 0.1084578546E-04  0.1234544128E-05
 0.6669614672E-05  0.5995891534E-06
 0.7309545391E-05  0.2330024877E-05
 0.4327221331E-04 -0.5933514793E-06
 0.9047621056E-06 -0.1822298850E-05
-0.1612113182E-05 -0.2181898476E-07
-0.1505570207E-04  0.1540294883E-05
-0.1417742978E-04 -0.4638508221E-06
 0.3366178855E-05  0.1436563607E-05
-0.8203856362E-05 -0.7711079250E-06
 0.8949701726E-06 -0.4166133553E-05
-0.1120549100E-05 -0.2295961690E-06
 0.8213950183E-05  0.1851544452E-06
 0.2107382902E-06  0.4361706892E-05
 0.1340001410E-04  0.1145971874E-05
 0.7970734905E-05  0.2263353024E-06
-0.4675557085E-05  0.9039604299E-06
 0.1442015843E-05 -0.1943153151E-05
 0.3229166582E-05 -0.9288490660E-06
 0.3260804275E-05 -0.6892212006E-06
-0.1397781977E-05  0.8326506292E-06
 0.2051168394E-05 -0.7212386748E-06
-0.4776704343E-06  0.8410627246E-06
-0.3149430032E-06 -0.2772021730E-06
-0.2784201131E-05  0.1103217949E-05
-0.2853410851E-05 -0.3569461505E-06
-0.2750464391E-05 -0.1349033980E-07
-0.7336443521E-06  0.1276806231E-06
 0.1558648128E-05  0.6907384132E-07
-0.2554812132E-05  0.5588864043E-06
 0.3829099328E-05  0.5781799911E-06
 0.5038228808E-05 -0.9510753077E-07
 0.1349971642E-05 -0.9881374819E-06
-0.3550627400E-05 -0.2689947487E-07
-0.3619142656E-05 -0.2208941999E-06
-0.8599144600E-05 -0.1351434703E-05
 0.4721865959E-05  0.1018520414E-06
-0.6054895105E-05  0.5106516429E-06
-0.3121253243E-04 -0.7495272552E-05
-0.1657821070E-04  0.1937962440E-05
-0.6982424927E-05 -0.5676103076E-05
-0.5502194730E-05 -0.1035296420E-04
 0.1057029675E-04 -0.5860508057E-05
 0.8352606203E-06  0.8534433884E-05
 0.1504370685E-04  0.6232658210E-05
 0.9564290504E-05  0.2466381497E-05
 0.4600058996E-05 -0.1652052979E-06
-0.1640537826E-04 -0.2681418581E-05
 0.1666757007E-04  0.6879273575E-06
 0.1122894079E-04  0.4601619492E-05
-0.3302988286E-05  0.1562220261E-05
-0.5294729408E-05 -0.1044071642E-05
-0.2474751061E-04  0.2795315404E-05
-0.3041831586E-04 -0.1236432695E-04
-0.2820712881E-04 -0.1349212126E-04
-0.9478620579E-05 -0.2326265292E-05
-0.9762832880E-05 -0.5623031467E-05
-0.3322808347E-05 -0.3965281415E-05
 0.6876264697E-05  0.4434366046E-05
 0.1791250410E-04  0.4646170161E-05
 0.1193013424E-04  0.9559698840E-06
 0.1681837873E-04 -0.1525954766E-06
-0.1917377353E-04 -0.8780042906E-06
 0.4103281064E-05 -0.4271027200E-06
-0.2504488793E-04 -0.4697987745E-06
-0.1978287682E-04  0.4096970885E-05
-0.1642319324E-04  0.1259895255E-04
 0.3382112044E-04 -0.2961188114E-05
-0.5907236270E-04  0.1463562720E-04
 0.2312161720E-04 -0.1458580477E-04
 0.5622499010E-04  0.4613148352E-05
 0.9541148125E-04  0.6165496209E-05
-0.1579850694E-05  0.3267599041E-06
 0.2239687180E-05  0.3250500541E-06
 0.6700130858E-05  0.1044620442E-05
-0.4726916046E-05 -0.8150942673E-06
 0.9337961168E-06 -0.6026128422E-06
-0.4705305173E-05 -0.1012897829E-05
-0.1066837758E-04  0.2668691458E-06
 0.5716199439E-05  0.1570918626E-05
 0.3517003923E-05  0.1165925816E-05
-0.4124519660E-05 -0.2006945188E-06
-0.1770097613E-05 -0.8066952425E-06
 0.2878029730E-05  0.1246799018E-06
-0.5963644609E-05  0.4837323305E-05
-0.4060016031E-05  0.4169753477E-05
 0.1870976784E-05  0.4133363429E-05
 0.2108284671E-05 -0.3476439862E-05
 0.6036603685E-05  0.8516250283E-06
 0.4699094067E-05  0.1471517848E-06
-0.1522670540E-05  0.5249214434E-06
-0.3548537218E-05 -0.1074716845E-06
-0.8294479674E-07  0.7342530988E-06
-0.3832334297E-05 -0.3910450465E-05
 0.2587149557E-05 -0.2883978214E-05
 0.4209111053E-05  0.3678013409E-05
-0.2994199106E-05 -0.4194611824E-05
 0.8126750177E-05 -0.2622830699E-05
-0.8147351089E-06  0.2064676131E-05
-0.7868486930E-05  0.3029791241E-05
 0.1181166981E-06 -0.1468943069E-07
 0.1677765144E-06  0.1370279594E-06
-0.1977491683E-06  0.3936325133E-07
 0.2570743821E-06 -0.3687759265E-07
 0.2174798021E-06  0.8046464885E-07
-0.2699182409E-06  0.5480870020E-07
-0.4836169221E-07 -0.2427502490E-06
-0.3683284275E-06  0.2626304117E-07
-0.5083937856E-06  0.5396590664E-07
-0.4563571586E-06  0.5521160825E-07
 0.2999270412E-06 -0.3317246442E-07
 0.3639181753E-06 -0.3016214283E-07
 0.3215731794E-06 -0.7360655727E-07
 0.3887558546E-06 -0.9874163342E-07
-0.2323325930E-06  0.6772484667E-07
-0.4781175029E-06  0.4839382220E-07
-0.7060484626E-06  0.7450714189E-07
-0.4786330932E-06  0.3515766122E-07
 0.7728023736E-06 -0.1757919263E-07
-0.2807224530E-05  0.4918249741E-07
-0.3806306088E-05 -0.1067815748E-05
 0.1645921559E-04 -0.9890779825E-06
 0.3642234077E-06 -0.9444084270E-07
 0.9136009425E-06 -0.2011448957E-06
 0.5144605067E-05 -0.2211105666E-06
 0.6342454403E-06  0.8171445509E-07
 0.6485157240E-05  0.3730128116E-06
 0.1523955534E-05  0.1709798874E-06
 0.2985129808E-05  0.4667126698E-07
-0.7195212230E-06 -0.5487333315E-07
 0.2472979032E-05 -0.7969951765E-07
 0.8962957673E-06 -0.2348368642E-07
 0.3735904034E-06 -0.6538785805E-07
 0.4765182172E-06 -0.3444575251E-07
-0.5773220851E-06  0.6759627178E-07
 0.4214968655E-06 -0.4285924298E-06
-0.7774385091E-06 -0.1957905981E-07
-0.1186542846E-05  0.3030865967E-08
 0.4660528183E-06 -0.1792105410E-06
-0.6949721020E-06  0.8116743928E-07
 0.5082400546E-06 -0.3410695112E-07
 0.5276948021E-06  0.2576211269E-06
-0.3548814613E-06 -0.3615332865E-06
 0.7252774752E-06  0.6942487145E-07
 0.1913398704E-06 -0.8153745900E-07
 0.3335485657E-06 -0.6312091782E-07
-0.4722084677E-06 -0.3853557240E-07
-0.3497278849E-06  0.3320653274E-07
-0.7065534419E-06  0.2327262600E-07
-0.1433007668E-06  0.5086867728E-07
 0.3514441091E-06 -0.3483952162E-07
 0.2801805932E-06 -0.6080473584E-08
 0.1593511446E-06 -0.2092127861E-06
 0.2740167330E-06 -0.3903540586E-07
-0.3559651624E-06  0.5163578567E-07
 0.3194680818E-06  0.9048361277E-09
 0.5740104446E-06  0.9018132499E-07
-0.1134554528E-06 -0.5499473648E-08
 0.2920369958E-07  0.5764901235E-07
-0.1232622877E-06  0.1326203093E-07
-0.2926951398E-06  0.8299728202E-07
-0.1828913723E-06  0.2728990365E-06
 0.1793455114E-06  0.2143459897E-07
-0.2222375542E-06 -0.1365924622E-07
-0.4190291846E-06  0.7681915702E-07
-0.1239250111E-06  0.1445471192E-06
 0.9643304815E-07 -0.4687847952E-07
 0.5143337586E-05  0.2209764802E-06
 0.9156961201E-06  0.2012769016E-06
 0.3643793082E-06  0.9442541282E-07
 0.6323988324E-06 -0.8196773249E-07
-0.3799909957E-05  0.1068257902E-05
-0.2805799777E-05 -0.4893832902E-07
 0.1644856428E-04  0.9874076744E-06
-0.4784759818E-06 -0.3512704253E-07
-0.7058263412E-06 -0.7449279680E-07
-0.4780514186E-06 -0.4840258847E-07
 0.7725096442E-06  0.1754041146E-07
 0.2983094916E-05 -0.4706227359E-07
 0.1522782832E-05 -0.1711773077E-06
 0.6479118894E-05 -0.3737928003E-06
-0.7186919634E-06  0.5501888774E-07
-0.4563094210E-06 -0.5525634888E-07
-0.5083686122E-06 -0.5407656779E-07
-0.3683256625E-06 -0.2632062980E-07
 0.2998973537E-06  0.3327492384E-07
-0.2701497949E-06 -0.5498904221E-07
 0.2174224992E-06 -0.8058270590E-07
-0.4816631808E-07  0.2428801759E-06
-0.1977999964E-06 -0.3940884858E-07
 0.1676868721E-06 -0.1371274708E-06
 0.1180686643E-06  0.1466921571E-07
 0.2570687343E-06  0.3688725217E-07
 0.3887382111E-06  0.9878057425E-07
 0.3215190788E-06  0.7367470981E-07
 0.3638879071E-06  0.3031710199E-07
-0.2324309869E-06 -0.6783725541E-07
 0.4214365316E-06  0.4283825466E-06
 0.4764143081E-06  0.3461922398E-07
 0.3735443599E-06  0.6545502426E-07
 0.8959735363E-06  0.2353657681E-07
-0.5772267498E-06 -0.6767053631E-07
 0.2471964812E-05  0.7936757444E-07
-0.1186343764E-05 -0.3102185592E-08
-0.7773488256E-06  0.1941194501E-07
 0.4659963985E-06  0.1790427669E-06
-0.1134404048E-06  0.5419186171E-08
 0.5740007047E-06 -0.9018656642E-07
 0.3194299423E-06 -0.8887447740E-09
 0.2915877820E-07 -0.5767388050E-07
 0.2739803424E-06  0.3908159819E-07
 0.1593275778E-06  0.2092434682E-06
 0.2801571407E-06  0.6143106591E-08
-0.3559472037E-06 -0.5166615123E-07
-0.1828709213E-06 -0.2728425457E-06
-0.2926899655E-06 -0.8301653057E-07
-0.1232969333E-06 -0.1328639268E-07
 0.1793003116E-06 -0.2141126401E-07
 0.3335122509E-06  0.6312740769E-07
 0.1912770138E-06  0.8153409675E-07
 0.7250844549E-06 -0.6946391001E-07
-0.4721576586E-06  0.3854119312E-07
 0.5273785807E-06 -0.2576521398E-06
 0.5080459490E-06  0.3407962673E-07
-0.6946505104E-06 -0.8101155470E-07
-0.3547404458E-06  0.3614663161E-06
-0.1432877763E-06 -0.5084346279E-07
-0.7063863750E-06 -0.2324653891E-07
-0.3496485132E-06 -0.3319826651E-07
 0.3513197927E-06  0.3482527904E-07
-0.1239112610E-06 -0.1444960193E-06
-0.4189740311E-06 -0.7683057385E-07
-0.2221810124E-06  0.1364669796E-07
 0.9640841416E-07  0.4692469625E-07
-0.3317132112E-05  0.3965923507E-05
-0.9756892276E-05  0.5625270882E-05
-0.9475764242E-05  0.2328812282E-05
 0.6870228360E-05 -0.4434937671E-05
-0.3041086703E-04  0.1236830369E-04
-0.2476193912E-04 -0.2784912519E-05
-0.2820375258E-04  0.1349456202E-04
-0.3310109967E-05 -0.1558918781E-05
 0.1121106521E-04 -0.4596148854E-05
 0.1665647948E-04 -0.6869986864E-06
-0.5284172079E-05  0.1042539443E-05
 0.1682397714E-04  0.1482949595E-06
 0.1192965094E-04 -0.9583390802E-06
 0.1790502995E-04 -0.4648092126E-05
-0.1917520822E-04  0.8838164231E-06
 0.1057174321E-04  0.5858205552E-05
-0.5487063221E-05  0.1035100078E-04
-0.6973189210E-05  0.5675015210E-05
 0.8289129957E-06 -0.8531368945E-05
-0.3118546450E-04  0.7498255156E-05
-0.6052661397E-05 -0.5087026645E-06
-0.1656770039E-04 -0.1934566747E-05
-0.8594483505E-05  0.1351940602E-05
-0.3618689574E-05  0.2215386377E-06
-0.3550025501E-05  0.2706325127E-07
 0.4721590377E-05 -0.1019781678E-06
 0.4600216156E-05  0.1645045070E-06
 0.9558972341E-05 -0.2466334185E-05
 0.1503253857E-04 -0.6232386241E-05
-0.1639365334E-04  0.2683154744E-05
-0.5902887960E-04 -0.1462059518E-04
-0.1642574327E-04 -0.1259413089E-04
-0.1977547269E-04 -0.4094721311E-05
-0.2502738915E-04  0.4693692720E-06
 0.3381081185E-04  0.2960432399E-05
 0.4073721570E-05  0.4398639399E-06
 0.5619469797E-04 -0.4608252696E-05
 0.2313121407E-04  0.1458141804E-04
 0.9539332320E-04 -0.6152125433E-05
-0.1520527469E-05 -0.5244743126E-06
 0.4697122035E-05 -0.1471551252E-06
 0.6033944008E-05 -0.8517014037E-06
-0.3546688959E-05  0.1078033728E-06
 0.1868221703E-05 -0.4131627787E-05
-0.4061196029E-05 -0.4167692518E-05
-0.5965788168E-05 -0.4834877417E-05
 0.2112852783E-05  0.3475284513E-05
 0.2584897701E-05  0.2881670790E-05
-0.3829070435E-05  0.3909294362E-05
-0.8232909301E-07 -0.7333873709E-06
 0.4206353539E-05 -0.3676378224E-05
-0.1065844932E-04 -0.2665631265E-06
-0.4697779673E-05  0.1012004797E-05
 0.9372693078E-06  0.6016782692E-06
 0.5707841438E-05 -0.1569296638E-05
 0.6697863397E-05 -0.1045809501E-05
 0.2237006884E-05 -0.3254376592E-06
-0.1581894968E-05 -0.3266427206E-06
-0.4725046365E-05  0.8159189069E-06
-0.1770067859E-05  0.8073185803E-06
-0.4125220158E-05  0.2027239816E-06
 0.3517524242E-05 -0.1166541996E-05
 0.2878361501E-05 -0.1253950565E-06
-0.8183971662E-06 -0.2063687105E-05
 0.8123602311E-05  0.2621511518E-05
-0.2988394151E-05  0.4192677752E-05
-0.7865122030E-05 -0.3027844001E-05
-0.4412323681E-05  0.6444936306E-06
-0.6011414082E-05 -0.7431740442E-05
 0.1331944687E-04 -0.1650236020E-05
-0.1658331172E-04  0.3595731598E-05
-0.1032229545E-04 -0.4214629361E-05
 0.4522878918E-04  0.4484951035E-06
-0.2221196575E-04  0.3323870521E-04
 0.1647101452E-04  0.7846958914E-06
 0.2918653365E-04  0.1149183000E-06
 0.1087758343E-04 -0.6756614486E-06
-0.7081429815E-05  0.1784182446E-05
-0.2257475503E-04  0.3580275845E-05
-0.1633782961E-04  0.4226753053E-05
-0.2628331013E-04  0.7257869202E-05
 0.2216459498E-04 -0.1033190867E-05
 0.1532872175E-05 -0.8838272040E-06
-0.1625744028E-05 -0.5566867800E-06
-0.2986359476E-05 -0.4295268524E-06
 0.2939308285E-05  0.1376648683E-05
-0.4062355331E-05  0.7717309559E-06
 0.8498999318E-05 -0.1532047039E-05
-0.2803733947E-05  0.7012871594E-05
-0.3022761553E-05 -0.3661982222E-06
 0.1816520375E-06 -0.2074473700E-05
 0.1395864047E-05 -0.1122312776E-05
-0.1387183764E-05  0.1758803700E-05
-0.1592938262E-05  0.4405526181E-05
 0.2857175657E-05  0.9011014601E-06
 0.4429291274E-05  0.1189430383E-05
-0.5201413924E-05 -0.4651020998E-06
 0.6664291165E-05 -0.5991809341E-06
 0.2773824623E-05  0.3781089237E-05
-0.4095793332E-06  0.3113380022E-05
-0.9572536402E-05  0.4690876715E-05
 0.1084848202E-04 -0.1234851360E-05
-0.4030634518E-04  0.3146495445E-04
 0.4327412217E-04  0.5926012439E-06
 0.7314365637E-05 -0.2330325718E-05
 0.8985054653E-06  0.1824166070E-05
-0.3140302667E-06  0.2780794851E-06
-0.4788826077E-06 -0.8411494277E-06
 0.2051173629E-05  0.7212272431E-06
-0.2784449596E-05 -0.1102831176E-05
 0.3259634590E-05  0.6891097553E-06
 0.3229063859E-05  0.9292906647E-06
 0.1440692972E-05  0.1943488044E-05
-0.1396637353E-05 -0.8324106683E-06
-0.7323236308E-06 -0.1277969959E-06
-0.2748965919E-05  0.1327955999E-07
-0.2853942258E-05  0.3565034019E-06
 0.1558103711E-05 -0.6884092452E-07
-0.1122293335E-05  0.2298784031E-06
 0.8939714993E-06  0.4166548102E-05
-0.8204855941E-05  0.7713193486E-06
 0.8214540961E-05 -0.1851774384E-06
-0.1417756190E-04  0.4642276078E-06
-0.1505630188E-04 -0.1540505312E-05
-0.1611527208E-05  0.2294930840E-07
 0.3365293725E-05 -0.1436697696E-05
 0.7969756488E-05 -0.2263966047E-06
 0.1339984786E-04 -0.1146295235E-05
 0.2109447688E-06 -0.4362055985E-05
-0.4676163921E-05 -0.9037602707E-06
 0.5039054074E-05  0.9508465946E-07
 0.3830845714E-05 -0.5786807669E-06
-0.2555335385E-05 -0.5593650187E-06
 0.1349388765E-05  0.9884905894E-06
-0.2628395544E-05 -0.2978246970E-06
-0.8040024469E-05  0.4563150914E-05
-0.1008258980E-04 -0.7782563802E-06
-0.1968370452E-05 -0.1446158495E-05
 0.5169005147E-05  0.7648185789E-05
 0.3209162103E-04  0.4931686676E-05
-0.1318645845E-04  0.2113102612E-05
-0.1592139418E-04 -0.1806422636E-04
-0.5505572684E-05 -0.1254387509E-05
 0.1603360972E-04  0.3612913573E-05
 0.1081392026E-04  0.5879084600E-07
 0.9372611281E-05 -0.7389086009E-05
-0.3370458908E-04 -0.2079087417E-04
 0.8865829598E-05 -0.1084126531E-04
 0.5748337851E-04  0.8761780348E-05
 0.8831080041E-04  0.1164639705E-04
-0.3825654691E-04 -0.2826366609E-04
 0.1634310766E-04  0.9596170000E-05
 0.3411867712E-04 -0.2487813506E-04
-0.1950921979E-04  0.5313236329E-05
-0.3754680007E-04 -0.9492366262E-05
-0.7036139772E-04 -0.6724541384E-04
 0.4544735738E-06 -0.5138037221E-05
 0.1990222763E-04  0.3900148789E-04
-0.1206185194E-04  0.1508570331E-04
-0.2716430432E-04 -0.4667826639E-05
-0.3377116852E-04 -0.4992455400E-05
-0.3744026002E-04 -0.5877688319E-05
-0.4137900772E-04 -0.1775939283E-04
-0.5839162208E-04 -0.4108156027E-05
 0.1857542787E-04  0.8745066896E-06
-0.4390056585E-04 -0.2408866930E-04
 0.1917171317E-05 -0.2088820903E-04
-0.1139979174E-04 -0.6965558110E-05
 0.4906747775E-04  0.2952985347E-05
 0.1128435550E-04  0.3051595964E-04
 0.7150538143E-04  0.2157689270E-04
 0.4585664247E-04 -0.1085655507E-04
-0.2022542283E-04 -0.8561522812E-05
 0.4495973877E-05 -0.1005907645E-04
 0.1130224457E-04 -0.4180568512E-05
 0.1400518474E-04 -0.3782084533E-05
-0.6139116565E-05  0.2863710389E-05
 0.1217841955E-04 -0.5542679851E-05
 0.4194159763E-05 -0.1454589499E-05
 0.4606823657E-05 -0.1301665873E-04
-0.1781424750E-04  0.6715235049E-05
-0.8888523942E-05 -0.1870649043E-05
-0.1615132025E-04 -0.6027976349E-06
-0.3705457786E-05  0.5089665411E-06
 0.4059750380E-05  0.4922984600E-06
-0.9341318704E-05  0.8505012251E-06
 0.2080139150E-04  0.3966999890E-05
 0.2081624966E-04 -0.1315198644E-05
 0.4021980112E-05 -0.7836961911E-05
 0.7074646430E-05  0.1270438142E-05
-0.2596619994E-05  0.6641878212E-06
-0.6371776969E-05 -0.2824876713E-05
 0.2698101768E-05  0.3321341560E-06
-0.1355896829E-04  0.4473308223E-05
-0.4047104688E-04  0.1476298941E-04
-0.5486057154E-04  0.8752203751E-05
 0.1455683395E-04 -0.1426470214E-05
-0.8686767122E-04 -0.2445093583E-04
-0.6464243404E-04 -0.6250622675E-04
 0.6716700545E-04 -0.3785298277E-04
 0.4529282308E-04  0.5263551714E-04
-0.1836132672E-03  0.8075443781E-04
 0.5092023432E-04  0.1759019894E-05
-0.5085241318E-04  0.2315644827E-04
-0.1037390358E-03  0.1264069892E-04
 0.1570010047E-03  0.4106235076E-05
 0.1509774913E-03  0.1737279230E-04
 0.1020336878E-04  0.1017757438E-04
-0.4834591024E-04 -0.6621069404E-05
-0.8793542321E-04 -0.1546066178E-04
-0.1200247772E-03 -0.4774946748E-04
-0.5080747475E-04 -0.2088087209E-04
 0.6624666373E-04  0.1648524296E-04
-0.9387243945E-04 -0.5070106584E-04
 0.8691086494E-04  0.9068611561E-05
-0.8214958657E-04 -0.5084269965E-04
-0.1467175878E-03 -0.1990675371E-04
 0.3522521110E-03  0.2142396112E-05
-0.1046332780E-03  0.2557986270E-04
 0.7586426092E-04  0.4753200662E-04
 0.2282830694E-03 -0.3108580870E-04
 0.4202288193E-05  0.8451100811E-05
-0.1328461904E-04 -0.1129383759E-04
-0.2497895935E-05 -0.3162481188E-05
 0.5438283401E-05  0.8752679120E-05
 0.2649153022E-04  0.4092782664E-05
 0.5271180356E-04  0.6802423369E-05
 0.6508268076E-04  0.7284023751E-05
-0.5906098376E-04 -0.4333521335E-05
-0.4967605748E-05 -0.4075803895E-05
-0.4909779656E-04 -0.7536849052E-05
-0.8651285461E-04  0.1488386779E-05
 0.7425752541E-04  0.1299363963E-04
 0.3578198181E-04  0.5064829008E-05
-0.1875163787E-04  0.9509460734E-06
-0.2438450258E-04 -0.7806188311E-05
 0.2163419527E-04  0.2730902170E-05
-0.2142509286E-05  0.3672115413E-04
-0.2402508861E-05  0.2664041241E-04
 0.2377362268E-04  0.2916682188E-04
 0.2993585796E-05 -0.2084964987E-04
 0.3864240503E-04  0.6473071471E-06
 0.2544659195E-04  0.1511638850E-06
 0.8188311770E-05 -0.3257187423E-06
-0.3468813529E-04  0.6897592470E-05
-0.2018626412E-04  0.1044583164E-04
-0.4166618654E-04 -0.1229274380E-04
 0.4068559319E-04 -0.2628126764E-04
 0.4106864412E-04  0.1400424535E-04
-0.3674587291E-04 -0.3324937027E-04
 0.6438005848E-04 -0.2184500656E-04
 0.1221243507E-04  0.1654305017E-04
-0.5445800936E-04  0.2308256065E-04
 0.5196919468E-06 -0.9890870167E-07
 0.1616831527E-06  0.9858175735E-07
-0.6006393349E-06  0.4866869380E-06
 0.3879853031E-06 -0.2701282377E-07
 0.9722039703E-07  0.3081350667E-07
-0.5009652212E-06 -0.1816219102E-06
 0.6068802724E-07  0.3759850909E-07
 0.1872587250E-06 -0.4019141925E-07
-0.3017066795E-06  0.3417617988E-07
-0.2998430012E-06  0.2878593729E-07
 0.1998694766E-06 -0.8939764902E-07
 0.3060053981E-07 -0.2016027039E-06
-0.4709935484E-06  0.1757407464E-06
-0.2781659008E-05  0.6906883070E-06
 0.4678587868E-05 -0.3885906801E-06
-0.5643643109E-05  0.1129473070E-05
-0.1578480810E-04  0.3463245082E-05
-0.5675397700E-05  0.5503874179E-06
 0.1818044545E-04 -0.2718407551E-05
-0.3379409726E-05  0.1458020967E-05
 0.1158788388E-04 -0.2329128847E-05
-0.3256834681E-05  0.8159244637E-06
 0.3816571527E-06 -0.1845902682E-07
-0.7864241240E-05  0.1562924248E-05
-0.8396102439E-05  0.3228639916E-06
 0.4663004333E-05 -0.1276479363E-05
 0.6611891590E-05 -0.9822128827E-06
 0.8312592184E-05 -0.3328933629E-06
 0.4858473489E-05 -0.1049867737E-05
 0.7108381922E-05 -0.7931760527E-06
-0.2612277431E-05  0.1757245332E-06
 0.5767388864E-05 -0.3848295430E-06
 0.1587077916E-05 -0.2028942083E-06
 0.1331389321E-05 -0.1055809472E-06
-0.8509479754E-06 -0.1811117050E-08
-0.9833772804E-06  0.2189307990E-06
-0.3938642749E-05  0.8974292754E-06
 0.3553854464E-05 -0.1607373607E-06
 0.2621128364E-05 -0.5391619314E-06
 0.6751068210E-06  0.3653169638E-07
 0.6950198212E-06 -0.2132404621E-06
 0.3496428513E-06 -0.8288497006E-07
-0.4039576338E-06  0.3987308072E-07
 0.3905720677E-06 -0.1443657531E-07
 0.6495787509E-06 -0.2029339442E-06
 0.2587062101E-06 -0.3590676838E-07
-0.1023897040E-06  0.6005302965E-07
-0.1713723708E-06 -0.1399529362E-06
-0.2415339040E-06  0.1937759609E-06
-0.7847167342E-06  0.6175389798E-06
 0.4222227569E-06 -0.1619484947E-07
-0.2861879737E-06 -0.1123099061E-06
-0.4693547641E-06  0.2512024843E-06
-0.8420683425E-06  0.3501249546E-06
 0.5842796378E-06 -0.4329065721E-07
 0.4662822005E-05  0.1276064835E-05
-0.8389220337E-05 -0.3221786871E-06
-0.7859435735E-05 -0.1561988981E-05
 0.6607217026E-05  0.9814006004E-06
-0.5666866848E-05 -0.5491985485E-06
-0.1576986888E-04 -0.3459464329E-05
-0.5637536789E-05 -0.1128010812E-05
 0.1816648609E-04  0.2715478623E-05
-0.2778693242E-05 -0.6903881065E-06
-0.4707629618E-06 -0.1759914361E-06
 0.4675896801E-05  0.3879162918E-06
 0.1157951949E-04  0.2326161623E-05
-0.3379806425E-05 -0.1457874640E-05
-0.3254571892E-05 -0.8154096783E-06
-0.2997540530E-06 -0.2896318008E-07
-0.3018473011E-06 -0.3431084171E-07
 0.1997751916E-06  0.8926777713E-07
 0.6046747988E-07 -0.3777695890E-07
-0.5015292736E-06  0.1818829809E-06
 0.9694085099E-07 -0.3087705502E-07
 0.1873054336E-06  0.4024271915E-07
 0.3075247584E-07  0.2016332906E-06
 0.3815323115E-06  0.1836638898E-07
-0.6006532111E-06 -0.4867810270E-06
 0.1613817591E-06 -0.9870358732E-07
 0.5193210404E-06  0.9882992040E-07
 0.3880168737E-06  0.2696806367E-07
 0.2588143037E-06  0.3595197931E-07
 0.6494744984E-06  0.2030982723E-06
 0.3905190285E-06  0.1451871155E-07
-0.1026398443E-06 -0.6021525343E-07
 0.3496188684E-06  0.8304932110E-07
 0.6950038477E-06  0.2133587481E-06
 0.6749666588E-06 -0.3635184384E-07
-0.4039257168E-06 -0.4004476872E-07
-0.7846218370E-06 -0.6173398955E-06
-0.2416109440E-06 -0.1938989890E-06
-0.1714741192E-06  0.1398319198E-06
 0.4220745674E-06  0.1636310129E-07
 0.1330956950E-05  0.1055655519E-06
 0.1586507246E-05  0.2026925936E-06
 0.5764214817E-05  0.3838743524E-06
-0.8507586917E-06  0.1837077070E-08
 0.7102703251E-05  0.7911260123E-06
 0.4853377743E-05  0.1048254504E-05
 0.8305274180E-05  0.3315216831E-06
-0.2608170532E-05 -0.1746187262E-06
 0.3552753702E-05  0.1606488968E-06
-0.3936180468E-05 -0.8967270553E-06
-0.9831514829E-06 -0.2188347190E-06
 0.2618999253E-05  0.5384312354E-06
-0.8420004053E-06 -0.3499235643E-06
-0.4692217378E-06 -0.2513789672E-06
-0.2861113078E-06  0.1122200514E-06
 0.5841496415E-06  0.4344821318E-07
-0.2499469961E-05  0.3161007632E-05
-0.1327855304E-04  0.1129583760E-04
 0.4199386236E-05 -0.8446286483E-05
 0.5432074052E-05 -0.8752141829E-05
-0.5079478400E-04  0.2088518395E-04
-0.1200060026E-03  0.4775566392E-04
-0.8794069119E-04  0.1547317976E-04
 0.6622842158E-04 -0.1648915126E-04
 0.1015807078E-04 -0.1016397881E-04
 0.1509002474E-03 -0.1736002829E-04
 0.1569583426E-03 -0.4103778780E-05
-0.4830178548E-04  0.6616762704E-05
-0.8219899461E-04  0.5085693907E-04
 0.8692124417E-04 -0.9077456255E-05
-0.9386676784E-04  0.5070016122E-04
-0.1467463981E-03  0.1992654054E-04
 0.6718427176E-04  0.3784593075E-04
-0.6457805719E-04  0.6249965916E-04
-0.8681371603E-04  0.2445320026E-04
 0.4524927603E-04 -0.5262905138E-04
-0.5483505723E-04 -0.8742073135E-05
-0.4045454418E-04 -0.1475230661E-04
-0.1355475043E-04 -0.4468940120E-05
 0.1455337651E-04  0.1423783445E-05
-0.5083742042E-04 -0.2314838012E-04
 0.5089512763E-04 -0.1765937518E-05
-0.1835567048E-03 -0.8072986293E-04
-0.1036928881E-03 -0.1262573250E-04
 0.7591246151E-04 -0.4750041499E-04
-0.1046233350E-03 -0.2557251293E-04
 0.3521805824E-03 -0.2117223009E-05
 0.2282672328E-03  0.3107669939E-04
-0.6366097972E-05  0.2826074721E-05
-0.2597148466E-05 -0.6628775932E-06
 0.7071576401E-05 -0.1270421733E-05
 0.2699433072E-05 -0.3321123262E-06
 0.8188143250E-05  0.3248352288E-06
 0.2543513761E-04 -0.1545387518E-06
 0.3862550668E-04 -0.6518403092E-06
-0.3467062500E-04 -0.6890804127E-05
 0.2375137069E-04 -0.2916250740E-04
-0.2426734473E-05 -0.2663554251E-04
-0.2171052060E-05 -0.3671315153E-04
 0.3022856592E-05  0.2084673402E-04
 0.4066676135E-04  0.2626846325E-04
-0.4164207833E-04  0.1229552751E-04
-0.2017438048E-04 -0.1043843445E-04
 0.4104706693E-04 -0.1400518391E-04
-0.8647296695E-04 -0.1486992101E-05
-0.4906344045E-04  0.7533331452E-05
-0.4946694006E-05  0.4071912225E-05
 0.7421622734E-04 -0.1298720079E-04
 0.6508217031E-04 -0.7289774661E-05
 0.5270600917E-04 -0.6807118918E-05
 0.2647941296E-04 -0.4095311957E-05
-0.5905941171E-04  0.4341093011E-05
-0.2438643853E-04  0.7810197406E-05
-0.1876693172E-04 -0.9424145468E-06
 0.3578655653E-04 -0.5070497432E-05
 0.2164493170E-04 -0.2734341134E-05
 0.1218774953E-04 -0.1654062247E-04
 0.6437034076E-04  0.2183927454E-04
-0.3671383422E-04  0.3324097799E-04
-0.5444886891E-04 -0.2307544131E-04
-0.2716773481E-04  0.4666327363E-05
-0.1206713813E-04 -0.1508654910E-04
 0.1990153130E-04 -0.3899963641E-04
-0.3376918154E-04  0.4992470348E-05
-0.1951564848E-04 -0.5315962094E-05
 0.3411364241E-04  0.2487087729E-04
 0.1633954562E-04 -0.9601388996E-05
-0.3754502353E-04  0.9493333218E-05
 0.8830772822E-04 -0.1165011679E-04
 0.5748520115E-04 -0.8764012526E-05
-0.3826171594E-04  0.2826179923E-04
-0.7035898958E-04  0.6724003997E-04
 0.1603795982E-04 -0.3614132422E-05
-0.5506353226E-05  0.1253343164E-05
 0.1080788796E-04 -0.5946678090E-07
-0.1319070658E-04 -0.2113085527E-05
 0.3206440953E-04 -0.4929371449E-05
 0.5154659440E-05 -0.7647912646E-05
-0.1590250764E-04  0.1806096272E-04
-0.3368152429E-04  0.2078095666E-04
 0.9378783150E-05  0.7387803930E-05
 0.8870919236E-05  0.1083902148E-04
 0.4464086889E-06  0.5138814334E-05
-0.1008253752E-04  0.7778675033E-06
-0.8044445382E-05 -0.4563104493E-05
-0.2634668058E-05  0.2978504587E-06
-0.1964161831E-05  0.1447093957E-05
 0.4614708653E-05  0.1301467156E-04
 0.4201936118E-05  0.1455676807E-05
 0.1218310180E-04  0.5541897974E-05
-0.1781795208E-04 -0.6713064649E-05
 0.1400304602E-04  0.3780806213E-05
 0.1130123960E-04  0.4182514828E-05
 0.4491287491E-05  0.1005999946E-04
-0.6135790113E-05 -0.2862675937E-05
-0.3701522016E-05 -0.5092951956E-06
-0.1614877688E-04  0.6016139576E-06
-0.8895459446E-05  0.1870006656E-05
 0.4062119321E-05 -0.4913788196E-06
-0.1140637430E-04  0.6967848309E-05
 0.1912746656E-05  0.2089124555E-04
-0.4390226663E-04  0.2409167726E-04
 0.4906873258E-04 -0.2953734135E-05
-0.5839178815E-04  0.4111700334E-05
-0.4138052650E-04  0.1776036628E-04
-0.3743655266E-04  0.5877453815E-05
 0.1857135444E-04 -0.8774464232E-06
 0.4585383047E-04  0.1085528169E-04
 0.7150313855E-04 -0.2158013178E-04
 0.1128477900E-04 -0.3051630358E-04
-0.2022700214E-04  0.8564733822E-05
 0.2081906023E-04  0.1315127244E-05
 0.2080701579E-04 -0.3969721937E-05
-0.9341871036E-05 -0.8524162251E-06
 0.4019634658E-05  0.7839029358E-05
-0.1024632963E-04 -0.5991099224E-05
-0.2302328874E-05  0.9684888225E-05
-0.2204732540E-04 -0.2728838215E-05
-0.9652824119E-05 -0.4916401903E-05
 0.1936640483E-04  0.1990101218E-04
 0.4752372427E-04  0.3767888176E-04
-0.2598096242E-04  0.1378819296E-04
-0.5415087159E-04 -0.4247165382E-04
-0.1788709900E-04 -0.1497232612E-05
-0.2709270300E-04  0.2691943413E-05
-0.1024278471E-04  0.1413862998E-06
 0.6625408481E-05 -0.4946443604E-05
 0.9675775586E-05 -0.2002454836E-04
 0.1074725592E-04 -0.1401271382E-04
-0.1056371063E-04 -0.2650443614E-04
-0.2246524679E-04  0.1636086178E-04
-0.1160518864E-04 -0.5628748636E-05
-0.2295088084E-05 -0.4201577619E-06
-0.1040704916E-05  0.2585218368E-06
 0.5622369401E-05 -0.2083304673E-05
 0.5342416909E-05 -0.3304587764E-05
-0.4524786357E-05  0.5189050468E-05
 0.3986914847E-06  0.1247633641E-06
-0.8165208986E-05  0.4512279311E-06
 0.1130243268E-03  0.6415120631E-04
-0.2622288759E-03 -0.1567482565E-03
 0.2549145571E-04 -0.2451053613E-04
-0.2649986720E-03 -0.1394223919E-03
 0.4544308647E-05  0.3634208800E-04
 0.6555244173E-04  0.3645635978E-04
 0.5273040395E-04 -0.1027763789E-04
-0.1306072991E-04 -0.2314014913E-04
 0.8170407538E-04  0.2470886206E-04
 0.9763086315E-04  0.2198746193E-04
 0.6824652525E-04  0.7092612727E-05
-0.7176973976E-04 -0.2373516824E-04
 0.5720457766E-04  0.1129910042E-04
-0.7297036135E-04 -0.1084871301E-04
-0.4183593291E-04  0.2208110777E-05
-0.1131588073E-03 -0.1245845892E-04
 0.3888121685E-04  0.2862732325E-05
-0.2524893609E-04  0.1602673602E-04
-0.2524895832E-04 -0.1706891754E-04
-0.6056891192E-04 -0.7808424681E-06
-0.8822462029E-04 -0.8814775108E-05
-0.7792037905E-04 -0.1664404645E-04
-0.1044091169E-03 -0.2485118935E-04
 0.4891126144E-04  0.1067306687E-04
 0.2271209848E-05  0.3149161962E-05
-0.1015232011E-03  0.1023172280E-04
-0.7234726459E-04  0.2702474432E-05
 0.2327758878E-05  0.2662007420E-05
-0.6323812121E-04 -0.1249797990E-04
-0.3129050197E-04 -0.4208440504E-04
-0.5028582486E-04 -0.1188945071E-04
 0.6286140613E-04  0.1065637692E-04
 0.2588292642E-04  0.6564093463E-04
 0.6069747716E-04  0.2126788954E-04
 0.2874784752E-04 -0.6787967196E-05
-0.4344365368E-04  0.3104440821E-06
-0.9991317796E-04 -0.1185516936E-03
-0.1223727413E-03 -0.3852499360E-04
-0.1635133578E-03 -0.1872623720E-03
 0.7390812375E-04  0.4471046810E-04
-0.7897577456E-04 -0.4985855549E-04
-0.4498118153E-04 -0.4252614036E-04
-0.4920406132E-04 -0.6827718756E-04
 0.1037995496E-03  0.3801429338E-04
-0.8790255502E-04 -0.1078555691E-03
-0.5564437577E-04 -0.9691075178E-04
-0.2513344826E-04 -0.3491118278E-04
 0.1562395806E-03  0.9593401307E-04
 0.1344091595E-03  0.6484049181E-04
 0.1828331303E-03  0.8869525509E-04
 0.1372515738E-03  0.4580545514E-04
-0.1019341597E-03 -0.8123005891E-04
-0.2671785372E-04 -0.4114876414E-04
 0.3063355164E-05 -0.3397308471E-04
-0.7247626360E-05 -0.1765270620E-04
 0.3675465043E-04  0.1315667347E-04
-0.2337919638E-06 -0.1877026260E-04
 0.1241849516E-04 -0.1235464415E-04
 0.7221320845E-05 -0.6163711726E-05
 0.3245357935E-05  0.5793456065E-05
-0.9611624828E-05  0.4853486105E-05
 0.1977311024E-04  0.1356626409E-04
 0.1736792917E-04 -0.2016285082E-05
 0.3598015459E-05 -0.1397895488E-04
-0.1944055587E-05 -0.2921974987E-05
 0.9783567258E-05 -0.3311872332E-04
 0.5023447848E-04  0.1619629869E-04
 0.3024829243E-04  0.1620837854E-04
 0.1012239999E-04 -0.1583512153E-04
 0.7381235405E-05 -0.7553570498E-05
 0.1753121939E-04 -0.1095341550E-04
-0.1505154106E-04  0.5319258075E-05
 0.1999532332E-04 -0.4831136329E-04
 0.9767455779E-05 -0.3367866750E-04
-0.1211960192E-03 -0.9066490902E-04
-0.3914462043E-04  0.2137418744E-04
-0.4310459603E-04  0.5893353644E-05
-0.5381903484E-04  0.1297127826E-05
-0.1180321929E-04  0.9822200415E-05
 0.3535268410E-04 -0.1368637309E-04
-0.1162590541E-05  0.5077474087E-05
 0.5958086230E-05  0.1251029125E-04
 0.1389592931E-04  0.1249552004E-04
 0.2351275681E-05 -0.1628041985E-04
 0.3370879303E-04  0.2623299994E-04
 0.8949496555E-04  0.6053118319E-04
 0.8467342451E-04  0.5279482949E-04
-0.1956827604E-04 -0.7279827741E-04
 0.3830746110E-04  0.2047717167E-04
 0.7611796324E-04  0.3817253372E-04
 0.6279002444E-04  0.2847950267E-04
-0.2230343863E-04 -0.4274427120E-04
-0.2308117675E-04 -0.6185290044E-04
-0.7370654416E-05 -0.3142364298E-04
-0.3896219622E-05 -0.3657928014E-04
 0.3758781802E-04  0.2512390601E-04
-0.1025963530E-06  0.8096738161E-05
-0.1487319415E-04  0.7523650627E-05
 0.4101667421E-05 -0.7838480459E-05
 0.8407761099E-05 -0.1023487276E-05
-0.3217042693E-04  0.1730488459E-04
-0.5538436291E-04  0.3079909129E-04
-0.8313389656E-04  0.3267948181E-04
 0.3169758309E-04 -0.1296297040E-04
-0.5316216888E-04  0.2451918235E-04
-0.8231273155E-04  0.1287725320E-04
 0.9494600270E-04 -0.6227323471E-04
 0.7402026811E-04 -0.7332130190E-05
 0.6293351417E-04 -0.1629428599E-04
 0.5502342263E-04 -0.1533240298E-04
 0.1497428066E-04 -0.4774076970E-05
-0.6088399294E-04  0.2494151477E-04
-0.9911949137E-04  0.5612079915E-04
-0.1645150726E-03  0.8764537338E-04
-0.2715821082E-03  0.9904550152E-04
 0.9028845766E-04 -0.4232475104E-04
-0.4281874376E-03  0.3071757495E-04
-0.4359814130E-03 -0.1131912433E-03
 0.4445589665E-04 -0.1968468862E-03
 0.3333921458E-03  0.5712213072E-04
-0.6608336997E-03  0.3519929600E-03
 0.2502216265E-03 -0.5493185957E-04
-0.2444763732E-03  0.1512531954E-03
-0.4428530438E-03  0.1179443748E-03
 0.1040251561E-02 -0.1151738121E-03
 0.1188360047E-02 -0.3970079196E-04
 0.3009942511E-03 -0.9194756316E-05
-0.4079848345E-03 -0.5585962230E-05
-0.6144298039E-03 -0.1244429073E-03
-0.9529147912E-03 -0.2479942558E-03
-0.4865004210E-03 -0.1586767047E-03
 0.4504954511E-03  0.1135309474E-03
-0.1041649229E-02 -0.3477828297E-03
 0.3925620793E-03  0.4436434473E-04
-0.9857517926E-04 -0.4163636519E-03
-0.7145233538E-03 -0.1298842999E-03
 0.2026199718E-02 -0.3825579557E-03
-0.3379479824E-03  0.2306604446E-03
 0.3342988974E-04  0.1102802014E-03
 0.1051389207E-02 -0.3838814529E-03
 0.1310496216E-03  0.3985053560E-04
-0.1012787162E-03 -0.1945715077E-04
-0.9255778321E-04 -0.2510304735E-04
 0.9017409974E-04  0.1518933296E-04
-0.2214222825E-03 -0.4397655104E-04
-0.2310574116E-03 -0.7552690131E-04
-0.1171851961E-03 -0.3659565217E-04
 0.1238499901E-03  0.3399007187E-04
 0.2084224528E-04  0.2494387209E-04
-0.3773323658E-04 -0.2399739654E-04
-0.1690493857E-04 -0.1513499323E-05
 0.1342663484E-04  0.1169552578E-04
 0.5278301855E-04  0.5393282189E-05
 0.1415383653E-03  0.2636317879E-04
 0.1666877582E-03  0.2674807797E-04
-0.1595512954E-03 -0.2030466646E-04
 0.2454043692E-03  0.6595383173E-04
 0.2216588355E-03  0.3651974046E-04
 0.3299306876E-03  0.5037640756E-04
-0.3826548310E-03 -0.7167258528E-04
 0.5910531980E-04  0.1801321541E-05
 0.2456225094E-05 -0.9341787320E-05
-0.5117520805E-04 -0.6123217840E-05
 0.2126429706E-04  0.1278863749E-04
-0.9033597828E-04 -0.2321127867E-05
-0.2412802702E-03  0.1498930692E-04
-0.4276337103E-03  0.8737391725E-04
 0.5294608794E-03 -0.1403341794E-04
 0.1811538143E-03  0.8443939884E-05
-0.8140062984E-04 -0.1123106541E-04
-0.1554766823E-03 -0.1533991531E-04
 0.6934734332E-04  0.6396539466E-05
 0.6713345139E-04  0.1545814387E-03
 0.1243738896E-03  0.7376611977E-04
 0.2697424473E-03  0.1973647423E-04
-0.1626578643E-03 -0.8645467594E-04
 0.2018379677E-03  0.4264795430E-04
 0.1334663206E-03  0.1292734203E-04
 0.7312782080E-04 -0.3360593295E-05
-0.1455046171E-03  0.1065467121E-04
 0.1547831571E-03 -0.3332504159E-04
 0.8493701800E-04 -0.2139910764E-04
 0.5423242305E-04 -0.2383141383E-04
-0.1484939135E-03  0.5714845599E-04
-0.1644570375E-03  0.3238625829E-04
-0.2732366167E-03  0.3866204120E-04
-0.1721777349E-03 -0.3151375759E-04
 0.1804762352E-03  0.2959261024E-05
-0.1732331380E-03 -0.4002883280E-04
-0.1645535281E-04 -0.1027325340E-03
 0.1845809662E-03 -0.2921067857E-04
 0.3308980056E-04  0.8545651203E-04
 0.1669065796E-03 -0.1145319244E-03
 0.4927035985E-03 -0.1456475420E-03
 0.4018464390E-03 -0.5373123484E-04
-0.2155762320E-03  0.1173147976E-03
-0.2404318167E-05 -0.9109539145E-04
 0.1757983503E-03 -0.2930511754E-04
-0.5830044133E-04  0.4362453104E-04
-0.1385666036E-03  0.3222077702E-04
-0.1832263289E-03  0.5012659714E-04
-0.2226320308E-03  0.3815523737E-04
-0.1588153592E-03  0.8189405931E-04
 0.3043680506E-03 -0.2958475242E-04
 0.1465810535E-06 -0.4519864619E-07
 0.1174206768E-06  0.2355187034E-07
-0.4716491644E-07 -0.1209862109E-07
 0.3070649136E-07  0.1072633513E-07
 0.1141200577E-06  0.1438268963E-07
 0.1381535855E-06  0.7233916440E-08
-0.7745926569E-08 -0.1751472489E-08
 0.1636744001E-06 -0.1766348511E-07
-0.1600868796E-06 -0.1873694240E-07
-0.8533656652E-07 -0.6506130813E-08
-0.1610672176E-06  0.1033433149E-07
 0.1643199834E-06  0.1396115554E-07
 0.1565700925E-06 -0.6623022474E-08
 0.1408439238E-06 -0.7324531080E-08
 0.1920343651E-06 -0.7224736717E-08
-0.6471968309E-07  0.6007039251E-08
-0.8325725573E-07 -0.6844028132E-07
-0.2744936733E-06  0.6577512770E-07
-0.5611848939E-06  0.2168274092E-06
 0.2486393824E-06 -0.2334147662E-07
 0.3021978301E-06  0.2793939219E-07
 0.4475593044E-06 -0.1196954237E-06
 0.2352148855E-06  0.2384301714E-07
-0.2961444456E-06  0.1697141939E-07
 0.2181764718E-06  0.3188606239E-07
 0.8297182950E-06  0.1669520819E-06
-0.3716315751E-06 -0.3021841699E-07
 0.1220643785E-06  0.1922279935E-07
 0.1614441543E-06 -0.5818882980E-07
-0.1431583607E-06  0.1343655273E-07
-0.5318214915E-06  0.3006303632E-06
 0.3041473028E-06  0.3358690469E-07
-0.9039416479E-05  0.7189942776E-05
-0.4603064057E-04  0.3400934240E-04
 0.2430329115E-04 -0.1582834275E-04
-0.4740154672E-04  0.3406720759E-04
-0.1098786999E-05  0.2656982394E-06
-0.1480874730E-05  0.2294448664E-06
-0.3692997194E-06  0.1272723618E-06
 0.9942804731E-06 -0.2112590615E-06
 0.1007192712E-05  0.2187905856E-07
-0.1356503869E-04  0.4001624570E-05
 0.1605925444E-05  0.1372315736E-06
 0.1463433013E-04 -0.3592833198E-05
-0.1049882211E-04  0.5447337356E-05
 0.1208374761E-04 -0.6983978048E-05
 0.4055823269E-05 -0.2099907822E-05
-0.1404960832E-04  0.9849940637E-05
-0.1824377957E-05  0.7473860657E-06
-0.9996907251E-06  0.4589462974E-06
 0.2200754659E-05  0.3343219250E-06
 0.6352717839E-07  0.1142619645E-05
-0.5215760838E-05  0.3642745511E-05
 0.7918401965E-05 -0.5786807080E-05
 0.7497820915E-05 -0.3067622019E-05
-0.1605507774E-04  0.7786057284E-05
-0.2289973451E-05  0.1062984089E-05
 0.1222994349E-05 -0.3678587843E-06
 0.1524118496E-05  0.2140686670E-06
-0.6473301473E-06 -0.6188334683E-06
-0.2861658118E-04  0.2037781341E-04
 0.2177527885E-05 -0.3482251186E-06
-0.7176885919E-05  0.6408669481E-05
-0.5673921948E-05  0.3388144173E-05
 0.1672810118E-04 -0.5784908942E-05
 0.5475340001E-05 -0.8978776516E-06
 0.8574447425E-05 -0.1822837227E-05
-0.2753275505E-05  0.8208538955E-06
 0.5935011516E-06 -0.5224431089E-06
 0.1037668534E-04 -0.2524756023E-05
 0.4769538941E-05 -0.6605776607E-06
-0.6952498988E-05  0.1831250334E-05
-0.5312599786E-05  0.1485541771E-05
-0.1937233714E-04  0.9933462317E-05
-0.1557458859E-04  0.6362759257E-05
 0.2011269807E-04 -0.8587340032E-05
 0.1796177685E-05 -0.2857929295E-07
 0.1485874478E-05 -0.2740749620E-06
 0.8452293343E-06 -0.3181221404E-07
-0.9106479035E-06  0.7399063812E-07
 0.5065180437E-06  0.1919574823E-07
 0.4632062374E-06 -0.7192719378E-07
 0.2714776106E-06 -0.2616410810E-07
-0.4318528149E-06 -0.2433329764E-07
-0.1199860903E-06 -0.2379010464E-07
-0.5319705142E-06  0.8280849449E-07
-0.4946841020E-06  0.1599414786E-06
 0.4478738293E-06 -0.5962580377E-07
 0.4422085264E-06  0.2046974074E-08
 0.1822349104E-06 -0.1209736692E-07
-0.2925280552E-07  0.9719739038E-08
 0.9773201005E-07  0.4510845612E-07
 0.9754031883E-07  0.1977935444E-08
 0.1564169410E-06  0.2972970938E-09
 0.7057725077E-07  0.1425674761E-07
-0.2626921857E-07  0.2137553611E-08
 0.5602318425E-07 -0.9341162384E-07
 0.6029429917E-07  0.1371643691E-07
 0.1900042547E-07 -0.7521778545E-07
 0.3365830231E-07 -0.2890570021E-08
 0.1215190254E-07 -0.5813837472E-08
 0.1546282951E-07 -0.8265827345E-08
 0.1429533662E-06  0.1153175622E-07
 0.9852562620E-08  0.2642534058E-07
-0.1916753853E-06  0.1911180687E-07
 0.2125358121E-07  0.1643432900E-07
-0.1870465376E-06  0.2506018701E-07
 0.2220341558E-06 -0.1660170495E-07
 0.9460922856E-07  0.7328317686E-07
-0.5814207412E-06  0.2950021438E-06
-0.7820675637E-06  0.3492718561E-06
 0.1721289353E-05 -0.3200739653E-06
-0.2953078729E-06  0.1183311205E-06
-0.4998302122E-06  0.3134948775E-06
-0.3894577609E-06  0.2622840251E-06
 0.1905681865E-05 -0.2082433997E-06
 0.2076862430E-05 -0.3306695910E-06
 0.5766634901E-06 -0.5070861694E-07
 0.3943814957E-06 -0.6450999190E-07
-0.7822560143E-07  0.7983951030E-07
 0.2201654005E-05 -0.3343805582E-06
-0.9979409335E-06 -0.4589716116E-06
-0.1823011342E-05 -0.7471565216E-06
 0.6245373898E-07 -0.1141834299E-05
 0.4055608800E-05  0.2098755117E-05
 0.1208081351E-04  0.6980888554E-05
-0.1049117598E-04 -0.5444386996E-05
-0.1404651182E-04 -0.9845616275E-05
 0.1613532384E-05 -0.1367327072E-06
-0.1355315924E-04 -0.3998941290E-05
 0.1009464571E-05 -0.2181970704E-07
 0.1462199899E-04  0.3590186564E-05
 0.7490787082E-05  0.3066642545E-05
 0.7908108539E-05  0.5784022223E-05
-0.5215807857E-05 -0.3640713829E-05
-0.1604417228E-04 -0.7781615726E-05
-0.3696230704E-06 -0.1272422681E-06
-0.1480874653E-05 -0.2292354116E-06
-0.1098971062E-05 -0.2656272963E-06
 0.9942847047E-06  0.2109658170E-06
 0.1522957834E-05 -0.2150407188E-06
 0.1222975585E-05  0.3675225444E-06
-0.2289323707E-05 -0.1062158232E-05
-0.6469092482E-06  0.6191258947E-06
 0.2429708149E-04  0.1582273784E-04
-0.4602857320E-04 -0.3400641592E-04
-0.9038244541E-05 -0.7187236993E-05
-0.4739175047E-04 -0.3405814129E-04
-0.5612065473E-06 -0.2166375399E-06
-0.2745538224E-06 -0.6577443060E-07
-0.8329892328E-07  0.6838285789E-07
 0.2485909287E-06  0.2342317517E-07
-0.1611801859E-06 -0.1040588600E-07
-0.8552845608E-07  0.6400759337E-08
-0.1602894690E-06  0.1866787797E-07
 0.1643568730E-06 -0.1388820954E-07
-0.7984017642E-08  0.1595168502E-08
 0.1381317986E-06 -0.7377007798E-08
 0.1139147268E-06 -0.1452956100E-07
 0.1637779076E-06  0.1773472241E-07
-0.4744212957E-07  0.1205281888E-07
 0.1170425282E-06 -0.2368585196E-07
 0.1462991722E-06  0.4524769412E-07
 0.3091018668E-07 -0.1071345377E-07
 0.1922380742E-06  0.7276103237E-08
 0.1409367969E-06  0.7411382587E-08
 0.1566447099E-06  0.6744137520E-08
-0.6502937242E-07 -0.6121057792E-08
-0.3715216029E-06  0.2988873990E-07
 0.8298690736E-06 -0.1669997683E-06
 0.2182676883E-06 -0.3190270638E-07
 0.1218638933E-06 -0.1926499525E-07
 0.2352778658E-06 -0.2379484870E-07
 0.4474978392E-06  0.1197802923E-06
 0.3022250705E-06 -0.2788752058E-07
-0.2963026776E-06 -0.1703229478E-07
-0.5317928342E-06 -0.3005200792E-06
-0.1433497631E-06 -0.1347238900E-07
 0.1610435475E-06  0.5809212693E-07
 0.3040896774E-06 -0.3358637273E-07
 0.1921084906E-07  0.7540597006E-07
 0.6036454184E-07 -0.1352833226E-07
 0.5601680211E-07  0.9348394651E-07
 0.3341824729E-07  0.2715462854E-08
 0.7060832749E-07 -0.1413383024E-07
 0.1564828970E-06 -0.2229306493E-09
 0.9753727736E-07 -0.1887117716E-08
-0.2633730068E-07 -0.2258109075E-08
-0.2944928508E-07 -0.9755364004E-08
 0.1819659045E-06  0.1215170802E-07
 0.4418634299E-06 -0.2188129933E-08
 0.9787255515E-07 -0.4523775643E-07
 0.1430138836E-06 -0.1169441254E-07
 0.1536614537E-07  0.8197939300E-08
 0.1199455009E-07  0.5684149628E-08
 0.9760624692E-08 -0.2628378245E-07
 0.2715999825E-06  0.2617811043E-07
 0.4632715871E-06  0.7192183355E-07
 0.5067015069E-06 -0.1923133910E-07
-0.4320175188E-06  0.2434543079E-07
 0.8453542821E-06  0.3149451190E-07
 0.1485385579E-05  0.2736833922E-06
 0.1796157241E-05  0.2793065913E-07
-0.9108611762E-06 -0.7369576604E-07
-0.4947977286E-06 -0.1598067578E-06
-0.5321195303E-06 -0.8271626981E-07
-0.1200327903E-06  0.2378534027E-07
 0.4478146315E-06  0.5960549777E-07
 0.4767465770E-05  0.6593714886E-06
 0.1036969145E-04  0.2521993025E-05
 0.5930573515E-06  0.5225650667E-06
-0.6947716351E-05 -0.1829895005E-05
 0.8568017899E-05  0.1820513183E-05
 0.5470739116E-05  0.8963324901E-06
 0.1671530324E-04  0.5781024521E-05
-0.2748724473E-05 -0.8201897626E-06
-0.7177513415E-05 -0.6406228853E-05
 0.2173247844E-05  0.3486085095E-06
-0.2860972940E-04 -0.2037068125E-04
-0.5669065894E-05 -0.3386302721E-05
-0.1556189191E-04 -0.6358609809E-05
-0.1935773834E-04 -0.9927062356E-05
-0.5306849234E-05 -0.1484194441E-05
 0.2009840737E-04  0.8581984221E-05
-0.3887344474E-06 -0.2621772358E-06
-0.4987724986E-06 -0.3133415711E-06
-0.2952619967E-06 -0.1182639360E-06
 0.1904665673E-05  0.2075982165E-06
-0.7810416259E-06 -0.3491656559E-06
-0.5808696553E-06 -0.2952389739E-06
 0.9486908125E-07 -0.7350709753E-07
 0.1720090991E-05  0.3197134739E-06
-0.1871458768E-06 -0.2508109835E-07
 0.2126500631E-07 -0.1656367540E-07
-0.1917667440E-06 -0.1916428717E-07
 0.2221610811E-06  0.1663662762E-07
 0.3942376532E-06  0.6450744937E-07
 0.5766387870E-06  0.5057057087E-07
 0.2075470438E-05  0.3300682150E-06
-0.7808513068E-07 -0.7988524682E-07
-0.1690286950E-04  0.1512298783E-05
-0.3772195878E-04  0.2399774195E-04
 0.2083199861E-04 -0.2493575562E-04
 0.1341823787E-04 -0.1169337845E-04
-0.1171647759E-03  0.3659933521E-04
-0.2310311189E-03  0.7553267437E-04
-0.2214263463E-03  0.4398608052E-04
 0.1238277855E-03 -0.3399239041E-04
-0.9255739198E-04  0.2510760102E-04
-0.1012997546E-03  0.1946423913E-04
 0.1310496805E-03 -0.3985916012E-04
 0.9018846149E-04 -0.1519147854E-04
 0.1666852552E-03 -0.2675303386E-04
 0.1415299064E-03 -0.2636957142E-04
 0.5276790573E-04 -0.5396196644E-05
-0.1595480956E-03  0.2031361267E-04
-0.4864699271E-03  0.1586844013E-03
-0.9528998437E-03  0.2480017523E-03
-0.6145032692E-03  0.1244614873E-03
 0.4504749787E-03 -0.1135372508E-03
 0.3008177468E-03  0.9195013920E-05
 0.1188168003E-02  0.3965775868E-04
 0.1040200907E-02  0.1151342750E-03
-0.4078973523E-03  0.5604461651E-05
-0.9881870969E-04  0.4163836708E-03
 0.3926546323E-03 -0.4437494320E-04
-0.1041685446E-02  0.3477821387E-03
-0.7146995628E-03  0.1299002850E-03
 0.4462481480E-04  0.1968467982E-03
-0.4358295361E-03  0.1132259602E-03
-0.4280839809E-03 -0.3068262371E-04
 0.3332833947E-03 -0.5714590800E-04
-0.2715357902E-03 -0.9901866790E-04
-0.1644907155E-03 -0.8762702127E-04
-0.9909979044E-04 -0.5610617471E-04
 0.9027066736E-04  0.4231214525E-04
-0.2444645640E-03 -0.1512430613E-03
 0.2501760040E-03  0.5490909650E-04
-0.6607700919E-03 -0.3519572891E-03
-0.4427872326E-03 -0.1179079600E-03
 0.3362721309E-04 -0.1102145424E-03
-0.3380370007E-03 -0.2306199785E-03
 0.2026152332E-02  0.3825782907E-03
 0.1051513722E-02  0.3838134553E-03
 0.9492689249E-04  0.6225918743E-04
-0.8228684881E-04 -0.1286672850E-04
-0.5314888732E-04 -0.2451079741E-04
 0.7399802059E-04  0.7323772402E-05
-0.8311155972E-04 -0.3266714096E-04
-0.5537047839E-04 -0.3078898725E-04
-0.3216116042E-04 -0.1729818236E-04
 0.3168879757E-04  0.1295724046E-04
 0.4102035116E-05  0.7837813960E-05
-0.1486838882E-04 -0.7519567979E-05
-0.1023945544E-06 -0.8094090849E-05
 0.8405716756E-05  0.1022259029E-05
 0.1496957969E-04  0.4771337785E-05
 0.5500322308E-04  0.1532247006E-04
 0.6291582101E-04  0.1628574506E-04
-0.6086505251E-04 -0.2493170510E-04
 0.5421921698E-04  0.2382241544E-04
 0.8491509249E-04  0.2138817418E-04
 0.1547510260E-03  0.3330889427E-04
-0.1484619247E-03 -0.5713045168E-04
 0.7310164714E-04  0.3352021173E-05
 0.1334096894E-03 -0.1293903327E-04
 0.2017744750E-03 -0.4265571119E-04
-0.1454494077E-03 -0.1064215236E-04
 0.2696732516E-03 -0.1975497756E-04
 0.1243054028E-03 -0.7377050038E-04
 0.6702772157E-04 -0.1545768418E-03
-0.1625522601E-03  0.8646536419E-04
-0.1721120057E-03  0.3152512678E-04
-0.2731731454E-03 -0.3863853368E-04
-0.1644135296E-03 -0.3236947415E-04
 0.1804295427E-03 -0.2973234828E-05
-0.4276256827E-03 -0.8734617919E-04
-0.2412270417E-03 -0.1498002589E-04
-0.9024196315E-04  0.2323717396E-05
 0.5293612474E-03  0.1402094992E-04
-0.5110580228E-04  0.6122204194E-05
 0.2515291293E-05  0.9333071481E-05
 0.5913406985E-04 -0.1804724630E-05
 0.2119631358E-04 -0.1277895848E-04
 0.3299692484E-03 -0.5038488172E-04
 0.2216683227E-03 -0.3652588698E-04
 0.2453775277E-03 -0.6595773597E-04
-0.3826791285E-03  0.7168617457E-04
-0.1555305008E-03  0.1535016257E-04
-0.8150267329E-04  0.1124196897E-04
 0.1810696148E-03 -0.8441636480E-05
 0.6940956718E-04 -0.6400043751E-05
-0.5833942010E-04 -0.4361658318E-04
 0.1757605323E-03  0.2929546311E-04
-0.2347136732E-05  0.9106891092E-04
-0.1385331542E-03 -0.3220966416E-04
 0.4018144200E-03  0.5371502898E-04
 0.4927405572E-03  0.1456191650E-03
 0.1669612611E-03  0.1145172155E-03
-0.2156091588E-03 -0.1172918985E-03
 0.1845216712E-03  0.2918786300E-04
-0.1641507929E-04  0.1027238588E-03
-0.1731829461E-03  0.4003276353E-04
 0.3304954892E-04 -0.8545031624E-04
-0.1588271785E-03 -0.8188007863E-04
-0.2226313614E-03 -0.3814665853E-04
-0.1832363920E-03 -0.5011201893E-04
 0.3043662777E-03  0.2957659316E-04
-0.2525415473E-04  0.1706341015E-04
-0.2525820763E-04 -0.1603206647E-04
 0.3887605920E-04 -0.2867523420E-05
-0.6056183237E-04  0.7808056859E-06
-0.4185168791E-04 -0.2221338385E-05
-0.7299119344E-04  0.1082553398E-04
 0.5719186950E-04 -0.1131916597E-04
-0.1131443273E-03  0.1246172502E-04
 0.6824334779E-04 -0.7098144921E-05
 0.9762662594E-04 -0.2199726614E-04
 0.8170119786E-04 -0.2471367425E-04
-0.7176731097E-04  0.2374303089E-04
-0.1044023243E-03  0.2486206879E-04
-0.7791534444E-04  0.1664832601E-04
-0.8821486314E-04  0.8813753693E-05
 0.4890388273E-04 -0.1068329625E-04
 0.5272788081E-04  0.1027546889E-04
 0.6555178230E-04 -0.3645913236E-04
 0.4544616131E-05 -0.3634101405E-04
-0.1306177375E-04  0.2314423378E-04
-0.5028729083E-04  0.1189458469E-04
-0.3129297069E-04  0.4208905036E-04
-0.6323656454E-04  0.1250091535E-04
 0.6286023016E-04 -0.1065962594E-04
-0.7234415441E-04 -0.2699426606E-05
-0.1015244615E-03 -0.1023427763E-04
 0.2273419099E-05 -0.3145003089E-05
 0.2325354717E-05 -0.2664166911E-05
 0.2874367828E-04  0.6785021066E-05
 0.6069451403E-04 -0.2127031745E-04
 0.2588275612E-04 -0.6563755724E-04
-0.4344277399E-04 -0.3086747060E-06
 0.2552314364E-04  0.2448026212E-04
-0.2621773894E-03  0.1567145510E-03
 0.1129608659E-03 -0.6414941593E-04
-0.2649150591E-03  0.1394178587E-03
-0.1034995223E-05 -0.2588144337E-06
-0.2288409424E-05  0.4176790841E-06
-0.1160336384E-04  0.5625857019E-05
 0.5619774223E-05  0.2085252783E-05
-0.1024486489E-04 -0.1438155527E-06
-0.2710388689E-04 -0.2692782095E-05
-0.1790144871E-04  0.1494984655E-05
 0.6640168078E-05  0.4948109909E-05
-0.2600885657E-04 -0.1378575395E-04
 0.4748322217E-04 -0.3767803631E-04
 0.1934201847E-04 -0.1990068477E-04
-0.5411811340E-04  0.4247258008E-04
-0.2205309933E-04  0.2730592036E-05
-0.2314126185E-05 -0.9684455343E-05
-0.1025516124E-04  0.5991128287E-05
-0.9640040804E-05  0.4917096985E-05
-0.1054584285E-04  0.2650180659E-04
 0.1076530850E-04  0.1400846669E-04
 0.9697224402E-05  0.2002287151E-04
-0.2248245827E-04 -0.1635364476E-04
 0.3995248753E-06 -0.1178147296E-06
-0.4528095747E-05 -0.5187125301E-05
 0.5342522423E-05  0.3305009984E-05
-0.8163550780E-05 -0.4499100658E-06
-0.1211414460E-03  0.9066115270E-04
 0.9806100154E-05  0.3367304148E-04
 0.2007298199E-04  0.4828874509E-04
-0.3919713850E-04 -0.2136889076E-04
 0.1754888096E-04  0.1095012255E-04
 0.7384891854E-05  0.7553042543E-05
 0.1012778062E-04  0.1583345353E-04
-0.1505275968E-04 -0.5319782693E-05
 0.5027233859E-04 -0.1622208142E-04
 0.9793799665E-05  0.3311380990E-04
-0.1955480077E-05  0.2912110664E-05
 0.3023287747E-04 -0.1620843289E-04
-0.1180710460E-04 -0.9821841219E-05
-0.5387323491E-04 -0.1292947887E-05
-0.4312603594E-04 -0.5891015389E-05
 0.3538816851E-04  0.1367614636E-04
 0.7215775946E-05  0.6162438456E-05
 0.1241710840E-04  0.1235685977E-04
-0.2382329631E-06  0.1877037000E-04
 0.3250276897E-05 -0.5791737713E-05
-0.7253711058E-05  0.1765414973E-04
 0.3059089716E-05  0.3397597800E-04
-0.2672050194E-04  0.4115072361E-04
 0.3675576446E-04 -0.1315687984E-04
 0.1736993984E-04  0.2015663540E-05
 0.1977823758E-04 -0.1356881538E-04
-0.9612312790E-05 -0.4855651897E-05
 0.3596051812E-05  0.1398111556E-04
-0.2513376476E-04  0.3488971574E-04
-0.5563921429E-04  0.9691676953E-04
-0.8788906538E-04  0.1078130722E-03
 0.1562133889E-03 -0.9593754923E-04
-0.4920441771E-04  0.6828582851E-04
-0.4498174234E-04  0.4253275560E-04
-0.7897247467E-04  0.4987314794E-04
 0.1037948694E-03 -0.3802071069E-04
-0.1635209295E-03  0.1872510819E-03
-0.1223633480E-03  0.3855086825E-04
-0.9991049271E-04  0.1185337258E-03
 0.7389705856E-04 -0.4474438834E-04
 0.1372497972E-03 -0.4582160862E-04
 0.1828382547E-03 -0.8871212878E-04
 0.1343973747E-03 -0.6484774683E-04
-0.1019274819E-03  0.8125336454E-04
 0.6278822322E-04 -0.2848191400E-04
 0.7611345097E-04 -0.3817473232E-04
 0.3830873350E-04 -0.2047842175E-04
-0.2230720588E-04  0.4274745461E-04
 0.8466078724E-04 -0.5279596586E-04
 0.8947384643E-04 -0.6052932489E-04
 0.3370573840E-04 -0.2623284066E-04
-0.1956651992E-04  0.7279410340E-04
 0.1389914581E-04 -0.1249592188E-04
 0.5960861443E-05 -0.1251060950E-04
-0.1159192744E-05 -0.5078245630E-05
 0.2348704065E-05  0.1628046771E-04
-0.3897783602E-05  0.3657854547E-04
-0.7374730759E-05  0.3142415976E-04
-0.2308363860E-04  0.6185396174E-04
 0.3758763199E-04 -0.2512412711E-04
 0.2883090563E-03  0.7574840530E-04
 0.3506112077E-03  0.9656335560E-04
 0.5625548219E-04  0.3178675403E-04
-0.3636731229E-03 -0.9836079461E-04
 0.5070668872E-03  0.1216509408E-03
 0.8303186776E-03  0.1586898126E-03
 0.2319971494E-03  0.1247880969E-03
-0.9110292611E-03 -0.2303421060E-03
-0.7704023515E-04  0.3456641626E-04
-0.1298619710E-03  0.5785623005E-04
-0.1544529731E-03  0.3334725129E-04
 0.6342624314E-04 -0.8889249373E-04
-0.2486142871E-03 -0.1615739401E-03
-0.1466712700E-03 -0.9869139589E-04
-0.5096917908E-03 -0.1616303319E-03
 0.1118626524E-03  0.7854976594E-04
-0.2965293408E-04 -0.1645931026E-04
-0.8854838256E-05 -0.1599432294E-05
-0.1921493243E-04 -0.2038974459E-05
 0.2388601494E-04 -0.1657057749E-04
-0.3984482484E-04  0.1595579583E-04
-0.7676856079E-04  0.3287817218E-04
-0.1505124016E-04  0.3467940541E-04
 0.5648427992E-04 -0.4807529952E-04
-0.2177209729E-04  0.8473113195E-05
 0.2874518755E-04  0.4775137441E-04
 0.1373036744E-04 -0.7261886164E-07
 0.1541222674E-04 -0.4799432450E-04
 0.1683012550E-04 -0.4421803647E-04
 0.3871558583E-04 -0.4481431396E-04
 0.2767951247E-04 -0.1620037140E-04
-0.1174590107E-05  0.6481780249E-05
 0.1020709082E-03 -0.5685987874E-04
 0.5523192697E-04 -0.3405948360E-04
 0.2809572255E-04 -0.5917817915E-04
-0.8319199363E-04  0.1845093626E-04
 0.1676232784E-04 -0.1332307590E-04
-0.9185468797E-05  0.1489348500E-04
-0.3322697956E-04 -0.2206503814E-04
-0.1684448962E-04 -0.1592595604E-04
-0.8331567767E-04 -0.5874949124E-04
-0.1968632849E-04  0.7126564529E-05
-0.4895630932E-04  0.2466412460E-05
 0.2778515148E-04  0.2278364784E-04
-0.3819667194E-04 -0.2469666072E-05
-0.4725447593E-04  0.9890190984E-05
-0.4510534017E-04  0.6260286870E-05
 0.1598048825E-04 -0.3519042031E-04
 0.1064378269E-02  0.1608736183E-03
-0.1896943110E-02 -0.4132750328E-03
-0.1497022801E-02 -0.1619081783E-03
-0.2232607474E-02 -0.2008431742E-03
 0.1085522280E-04  0.6323440319E-04
 0.8626566611E-04  0.1078855071E-03
 0.5441501696E-04 -0.1466065385E-04
-0.1155022750E-04 -0.8268519457E-04
 0.1153429069E-03  0.1187797572E-03
 0.1539665768E-03  0.1973168409E-03
 0.1501560752E-03  0.1434713831E-03
-0.7207573282E-04 -0.1815504880E-03
 0.5149403442E-04  0.1570696488E-03
 0.1484604891E-03  0.1599110511E-03
 0.1045525204E-03 -0.5633904117E-04
-0.4590982071E-04 -0.9155766083E-04
-0.7898010782E-04 -0.1611457529E-03
-0.3765697107E-04 -0.1422198850E-03
-0.5742347940E-04 -0.9136470812E-04
 0.1179741924E-03  0.7318980084E-04
 0.2042258714E-03  0.2781329199E-03
 0.1904719379E-03  0.2335489512E-03
-0.1103044528E-03 -0.2000624255E-03
 0.2560238908E-04  0.1014782119E-03
-0.1462146098E-03 -0.5260053180E-04
-0.1646857716E-03 -0.1733570515E-03
-0.2034390472E-03 -0.2940921858E-03
 0.9157464858E-04  0.2354877615E-03
 0.1220735119E-03  0.1386644536E-03
 0.9339702742E-04 -0.9066488238E-04
-0.1001579075E-03 -0.4498812012E-04
 0.5362757823E-04  0.1651652339E-04
-0.8072718744E-04 -0.3334452488E-04
-0.4022153851E-04 -0.1973779076E-04
-0.1290763240E-03  0.1191683272E-04
 0.7914785047E-04  0.1510059353E-03
-0.4173846717E-04  0.2585929235E-04
-0.5774590549E-04 -0.2848662632E-04
-0.8383212265E-04 -0.1323378230E-05
-0.8718021564E-04  0.1329535255E-04
-0.1456714125E-03 -0.2913444924E-04
-0.1575234379E-03 -0.2715719948E-05
 0.3871068632E-04 -0.9597401534E-05
-0.1560699198E-03  0.1071907242E-04
-0.1477064194E-03 -0.4158916806E-04
-0.1656197935E-03 -0.7744330635E-04
 0.3976704168E-04  0.2197120628E-04
-0.1296875490E-03 -0.1100172601E-03
-0.9378597706E-04 -0.1202717193E-03
-0.1127705081E-03 -0.7248954683E-04
 0.1407111018E-03  0.4140476520E-04
-0.1501667856E-03 -0.1889718277E-03
-0.1005262418E-03 -0.1758059834E-03
-0.1064718163E-03 -0.2331514279E-03
 0.1917659822E-03  0.1938485620E-03
 0.1684692631E-03  0.1185821848E-03
 0.1631243518E-03  0.1340434344E-03
 0.1246445437E-03  0.8131704092E-04
-0.1312145239E-03 -0.1237397488E-03
-0.5745469270E-04 -0.9487580076E-04
-0.5960688600E-04 -0.2172569801E-03
-0.4089203462E-04 -0.1480319375E-03
-0.3138918303E-05 -0.1596399310E-03
 0.9797125351E-04  0.1566128027E-03
-0.3088131823E-04 -0.1054006160E-03
-0.1480109229E-05 -0.9262141698E-04
-0.9593576923E-05 -0.5120682397E-04
 0.5459980487E-04  0.4398078513E-04
 0.7534916434E-04 -0.9959608080E-04
 0.3501961706E-04 -0.6586101246E-04
 0.1071852319E-03 -0.6574045626E-04
-0.3902901863E-04  0.5927635260E-04
 0.3135136377E-04  0.6008685701E-04
 0.3692204338E-04  0.1075450735E-03
 0.7181161329E-04  0.9425475567E-04
-0.7071311553E-05 -0.1056886591E-03
 0.4127757711E-03 -0.4319952898E-04
 0.2103395933E-03 -0.4968151936E-04
 0.1317024015E-03 -0.1057408038E-03
-0.2801471078E-03  0.3031951544E-04
-0.1119088129E-02 -0.2747607272E-03
-0.5325243487E-03 -0.2419892847E-03
-0.1576971831E-02 -0.3082922259E-03
 0.4740764585E-03  0.1840704976E-03
-0.1924910677E-03  0.6395052824E-04
 0.5144195380E-04  0.7847143111E-04
 0.3610270816E-03  0.2212195432E-03
 0.1888760587E-03 -0.9377055370E-04
-0.1483734948E-03  0.4953033545E-04
 0.1391412266E-03  0.1931311893E-03
-0.1195256370E-03  0.1146859913E-03
 0.2227835347E-03 -0.2205819208E-04
 0.4239612580E-04  0.1813206806E-03
 0.1336696864E-03  0.2450123798E-03
-0.4515501151E-04 -0.3334010394E-04
 0.7653180679E-04  0.4836184428E-04
-0.1756459963E-04  0.2227716518E-04
-0.8062039614E-04  0.4979435002E-04
 0.5493713087E-04 -0.4507397172E-04
 0.5426156077E-04 -0.2863282984E-04
-0.1297373899E-03  0.7849634229E-04
-0.2148155168E-03  0.1147681911E-03
-0.2998809206E-03  0.1252454521E-03
 0.1381001580E-03 -0.4639350420E-04
-0.1975732372E-03  0.8422435461E-04
-0.3105838390E-03  0.5321304903E-04
 0.4340942134E-03 -0.2723472692E-03
 0.2675773935E-03 -0.4682740189E-04
 0.2376748486E-03 -0.6185704516E-04
 0.2519782309E-03 -0.9469960946E-04
 0.7421299541E-04 -0.3676258271E-04
-0.2142063963E-03  0.1148381268E-03
-0.3729525188E-03  0.1655894722E-03
-0.5322252987E-03  0.1373165659E-03
-0.7060737075E-03  0.1346266973E-03
 0.4032217832E-03 -0.4904602513E-04
-0.7209704311E-03 -0.1277493505E-03
-0.4003752036E-03 -0.3154041297E-03
-0.2394152323E-04 -0.4866408380E-03
 0.6408182712E-03  0.9168570825E-04
-0.3008234379E-03 -0.3451226269E-03
 0.7051443175E-03  0.6842329248E-05
-0.6182838719E-03  0.1046102546E-03
-0.7291377286E-03 -0.3806535635E-04
 0.1110432045E-02 -0.5940771768E-03
 0.1777860728E-02 -0.4188168553E-03
 0.2107242444E-02 -0.5973707146E-04
-0.8842810331E-03  0.1412103883E-03
 0.3541589818E-03  0.1881514396E-03
-0.6899085100E-03  0.3004019687E-03
-0.1497629000E-02 -0.5629153172E-04
 0.1483207744E-03 -0.9850128942E-04
 0.3496766528E-03 -0.7184970823E-03
-0.1265964414E-02 -0.2558015887E-03
 0.1705958599E-02 -0.7895852613E-03
 0.1677844094E-02  0.3442428909E-03
 0.1098478239E-02 -0.6294222517E-03
-0.1970751212E-04  0.1273256497E-03
 0.4307499959E-03 -0.5475167782E-03
 0.5509072328E-03 -0.4671427874E-03
 0.9341600065E-03  0.1525967758E-03
-0.2089057058E-03  0.4670134053E-04
-0.8525104933E-03  0.2904975952E-04
 0.1632620657E-03 -0.9336437939E-04
-0.8490217114E-03 -0.4201842433E-04
-0.1316590062E-02 -0.1531273751E-03
-0.9364713656E-03 -0.1442997260E-03
 0.7832961064E-03  0.6238298886E-04
 0.3873464755E-03  0.2209715825E-03
-0.4803086043E-03 -0.1118187771E-03
-0.2706013336E-03 -0.7538068153E-04
 0.3669279029E-03  0.4316983914E-04
 0.4285739406E-03  0.4293563212E-04
 0.7372020343E-03  0.1035106859E-03
 0.8225727991E-03  0.8336904081E-05
-0.8773065182E-03 -0.1082822110E-03
 0.7333702654E-03  0.5142429545E-05
 0.2300525433E-03 -0.5699829392E-04
-0.4645303611E-03 -0.1776145833E-03
-0.6043767285E-03  0.6706398229E-04
-0.6168232734E-03 -0.1046116483E-03
-0.6608848375E-03 -0.5175154629E-04
-0.6131850113E-03 -0.1547750441E-04
 0.7364849702E-03  0.2460067624E-04
-0.1215266314E-02 -0.1634722663E-03
-0.8660245091E-03  0.1747940962E-03
-0.4900941260E-03  0.2852413702E-03
 0.1730383850E-02 -0.4538167894E-03
 0.1393228181E-02 -0.1065555509E-03
 0.1046471587E-02  0.7664569008E-04
 0.1639328431E-03  0.6654821372E-04
-0.8541276836E-03 -0.1294381863E-03
 0.4092770936E-03  0.2613935377E-03
 0.5070686690E-03  0.1378101379E-03
 0.7265367527E-03  0.1045950594E-03
-0.3899385106E-03 -0.2578074391E-03
 0.6881070846E-03  0.8641457204E-04
 0.5056385878E-03 -0.4844312875E-05
 0.2617580962E-03 -0.3895467507E-04
-0.4628659969E-03  0.1356990273E-03
 0.5447038217E-03 -0.1075947782E-04
 0.3145184198E-03 -0.5836165268E-04
 0.2382524865E-03 -0.5036704996E-04
-0.4726499650E-03  0.1597252378E-03
-0.4885026643E-03  0.1174431137E-03
-0.6876007242E-03  0.4402784564E-04
-0.5439710992E-03 -0.7724275040E-04
 0.5827177179E-03  0.3329991620E-04
-0.6520565373E-03 -0.1488594461E-03
-0.2013032120E-03 -0.3685160021E-03
 0.8008818520E-03 -0.2652766207E-03
 0.3061853959E-03  0.2336701918E-03
 0.1464827927E-03 -0.3495864632E-03
 0.4977318154E-03 -0.5566260577E-03
 0.8342546641E-03 -0.4758135120E-03
-0.4439064115E-04  0.3449167613E-03
-0.1253238546E-03 -0.5185657179E-03
 0.8113960902E-03 -0.3964231093E-03
-0.3021471590E-03  0.2888750392E-03
-0.6892013218E-03  0.2942938334E-03
-0.3060074333E-03  0.3131077728E-03
-0.4248013636E-03  0.2559890508E-03
-0.9079357459E-04  0.1945935157E-03
 0.6425855225E-03 -0.1985501063E-03
 0.1418308411E-06 -0.3035308587E-07
 0.4067352028E-07  0.2440320394E-07
-0.4971125067E-07  0.1241157478E-06
 0.8107528292E-07 -0.1977145498E-08
 0.3902401151E-07  0.7487079805E-08
 0.2930738773E-07  0.1280653610E-07
-0.2861401853E-08  0.1899997733E-07
 0.5975614217E-07 -0.1320475954E-07
-0.4909598369E-07 -0.3587734956E-07
-0.2024796949E-07  0.4773995134E-07
 0.6604038232E-08  0.9591621473E-07
 0.3093053572E-07 -0.3734468453E-08
 0.5233406420E-07 -0.1247767248E-07
 0.1019088519E-06 -0.4030226953E-07
 0.5361998355E-07 -0.9274802365E-08
 0.1492310141E-07  0.2003925689E-07
 0.1376545624E-08  0.8759946156E-08
-0.5581889913E-07  0.1526144731E-07
 0.9548329986E-07 -0.4123279195E-07
-0.9266471513E-07  0.3449101212E-08
-0.1346970414E-06  0.1823346331E-07
 0.1006713738E-06 -0.3736876894E-07
 0.8320383450E-07 -0.5919190730E-07
-0.2458909318E-07 -0.1211865332E-07
 0.5322347023E-07 -0.4456778137E-08
 0.4170406486E-07 -0.1085157293E-07
-0.3616309090E-07  0.1257923887E-07
 0.5793469110E-07  0.7850592619E-09
-0.8354068543E-07  0.3902828182E-07
-0.1388334416E-06  0.6348338032E-07
 0.2869157285E-06 -0.6297719302E-07
 0.3445612082E-07 -0.1754671093E-08
-0.2353704573E-06  0.1097467609E-06
 0.5525234515E-06 -0.5448675895E-07
 0.3188143372E-06 -0.1033978223E-06
 0.4269802309E-06 -0.1021027242E-06
 0.4416968586E-07 -0.4274223290E-08
 0.3019944116E-08 -0.1455050853E-07
 0.7908889331E-07  0.1039907209E-07
 0.1222611394E-06 -0.2174811331E-07
 0.1999346264E-08 -0.5645268744E-08
 0.2021404898E-07 -0.6462978956E-08
 0.9990193579E-08  0.4606395882E-08
-0.4576960451E-07  0.2018782196E-08
-0.3299871455E-07 -0.1196046844E-07
 0.6153434555E-08 -0.3686286297E-07
 0.2342562517E-07  0.8791192604E-08
 0.3462928104E-07 -0.9252345660E-08
 0.2756163187E-07 -0.1618606770E-07
 0.4462339093E-07 -0.1555032992E-07
-0.1477257531E-07  0.1400258950E-07
 0.7168605140E-08  0.1992405632E-07
-0.1798644622E-07  0.1003196664E-07
 0.3549436341E-07 -0.1929974920E-08
-0.7093070034E-08 -0.9185979767E-08
 0.2534529339E-04 -0.2609208811E-04
 0.2791836555E-04 -0.9965707677E-04
 0.1324034267E-03 -0.4040923709E-04
-0.2061579791E-03  0.1091546017E-03
-0.1339640400E-05  0.3581071351E-06
-0.6068025396E-05  0.2045193500E-05
 0.1485383270E-05 -0.5263245684E-06
 0.6870522829E-05 -0.2122305485E-05
-0.4911373621E-05  0.3429586884E-05
-0.1629087627E-05  0.1445154931E-05
-0.1939601669E-05  0.1604557913E-05
 0.1105740511E-05 -0.9263555715E-06
 0.1337517092E-05 -0.1020233364E-05
-0.2195570136E-05  0.1611197823E-05
-0.1164150121E-05  0.3814172422E-06
 0.1452074756E-05 -0.9353181254E-06
 0.1337915815E-05 -0.1063825552E-05
 0.7055686611E-05 -0.4359816375E-05
 0.4595892028E-05 -0.3088482095E-05
-0.6187972747E-05  0.4005122975E-05
 0.1117816153E-05 -0.1131719615E-05
 0.5365659550E-05 -0.4843338659E-05
 0.4595890619E-05 -0.4182470479E-05
-0.6704048716E-05  0.6332611674E-05
 0.1901048398E-04 -0.1312886030E-04
 0.7424032818E-04 -0.3096933048E-04
 0.4350512700E-04 -0.2503007692E-04
-0.7132555735E-04  0.5106375080E-04
 0.1111955136E-04 -0.8925755993E-05
 0.3330318363E-04 -0.2178748603E-04
 0.5574859800E-04 -0.4057458417E-04
-0.3653884326E-04  0.2776644111E-04
-0.4584426334E-04  0.3422548345E-04
-0.1642176969E-04  0.1404356628E-04
-0.2109530825E-04  0.1803005303E-04
 0.1419285104E-04 -0.1095751483E-04
-0.4254915158E-05  0.3426792456E-05
 0.7944589980E-06  0.7665666376E-06
-0.1378407938E-04  0.1168158208E-04
 0.7218871297E-05 -0.5392678684E-05
-0.5131693718E-05  0.4605032201E-05
 0.6342632947E-06  0.1932652617E-06
-0.7295991003E-06  0.8913973871E-06
-0.1940526000E-07  0.1912958078E-06
-0.5881436875E-05  0.5486949057E-05
-0.1122596710E-05  0.1161532773E-05
-0.1678290659E-05  0.1695694561E-05
 0.6056173449E-06 -0.6207892586E-06
 0.2313522731E-06 -0.2515055395E-06
 0.4173887017E-05 -0.3801025297E-05
 0.8773897693E-05 -0.8794505279E-05
-0.5581335694E-05  0.5168446172E-05
-0.1252861521E-03  0.8238568285E-04
-0.3147787239E-04  0.2624700844E-04
-0.4959497304E-04  0.3790604810E-04
 0.2951841427E-04 -0.1652734741E-04
-0.8027188049E-05  0.7627282657E-05
-0.2230937440E-05  0.2264560269E-05
-0.2552004432E-05  0.2607672981E-05
 0.1610958634E-05 -0.1633506551E-05
 0.1748191901E-05 -0.1777322964E-05
 0.6903947246E-05 -0.6275453442E-05
 0.6388326763E-05 -0.5471606438E-05
-0.1000395333E-04  0.9347472956E-05
 0.5397555427E-06 -0.4816500466E-06
 0.3716456405E-05 -0.2731588293E-05
 0.3183765921E-05 -0.2537332882E-05
-0.4100090996E-05  0.3119289353E-05
 0.5355493872E-05 -0.1953997666E-05
 0.1823919873E-05 -0.5564347399E-06
 0.1756701977E-05 -0.4404865713E-06
-0.6615592576E-06  0.2682539573E-06
 0.4051273277E-05 -0.1870183271E-05
 0.1670516725E-05 -0.4354855754E-06
 0.1148980831E-05 -0.3157000064E-06
-0.9284163758E-06  0.3103957027E-06
-0.1026961746E-05  0.3464794401E-06
-0.3681148043E-05  0.1725724187E-05
-0.4349172347E-05  0.1810953643E-05
 0.4537674152E-05 -0.1889817036E-05
 0.2083512019E-06 -0.3787565601E-07
-0.4552416452E-06  0.1895208186E-06
-0.3304752161E-05  0.1631522846E-05
 0.4165299173E-06 -0.3344184043E-06
-0.3625423158E-05  0.3004513656E-05
 0.1249123772E-07  0.3638113228E-09
-0.1001701547E-05  0.9469771471E-06
-0.2549404139E-06  0.2968673367E-06
-0.2126786802E-06  0.1042826495E-06
 0.5574126036E-04  0.4056689161E-04
 0.3330048890E-04  0.2178420066E-04
 0.1111764650E-04  0.8923667139E-05
-0.3653545787E-04 -0.2776280693E-04
 0.4350326004E-04  0.2502694735E-04
 0.7424163153E-04  0.3096662539E-04
 0.1900979233E-04  0.1312723875E-04
-0.7132483386E-04 -0.5106122922E-04
 0.4595091723E-05  0.4181428359E-05
 0.5365010563E-05  0.4842355373E-05
 0.1117793908E-05  0.1131457610E-05
-0.6703154186E-05 -0.6331402125E-05
-0.2109402328E-04 -0.1802822981E-04
-0.1641987184E-04 -0.1404134819E-04
-0.4584150701E-04 -0.3422195934E-04
 0.1419139918E-04  0.1095560914E-04
-0.1162708171E-05 -0.3814049517E-06
-0.2193917842E-05 -0.1610385994E-05
 0.1336449028E-05  0.1019454320E-05
 0.1451064158E-05  0.9350353786E-06
-0.1938024824E-05 -0.1603612913E-05
-0.1627751357E-05 -0.1444262136E-05
-0.4907626028E-05 -0.3427631236E-05
 0.1104227498E-05  0.9260993144E-06
 0.1487320511E-05  0.5257736660E-06
-0.6063891309E-05 -0.2044413479E-05
-0.1338549490E-05 -0.3581463085E-06
 0.6865898304E-05  0.2121056444E-05
 0.4591705042E-05  0.3086877254E-05
 0.7048287895E-05  0.4357558531E-05
 0.1336229211E-05  0.1063521685E-05
-0.6183406807E-05 -0.4002724844E-05
-0.1678259608E-05 -0.1695175397E-05
-0.1122826634E-05 -0.1161107423E-05
-0.5880386924E-05 -0.5485562919E-05
 0.6057895500E-06  0.6206886205E-06
-0.7300123538E-06 -0.8909710720E-06
 0.6344048835E-06 -0.1936306116E-06
-0.5129517950E-05 -0.4602783573E-05
-0.1893232354E-07 -0.1912642581E-06
-0.1378161814E-04 -0.1167890935E-04
 0.7937851280E-06 -0.7669478053E-06
-0.4252169859E-05 -0.3424411396E-05
 0.7217403600E-05  0.5391210767E-05
 0.8772122015E-05  0.8791848154E-05
 0.4173054560E-05  0.3799968129E-05
 0.2316969503E-06  0.2514606632E-06
-0.5580225180E-05 -0.5166883334E-05
 0.1324138798E-03  0.4040738877E-04
 0.2790472049E-04  0.9968322725E-04
 0.2534554839E-04  0.2609476266E-04
-0.2061711484E-03 -0.1091615432E-03
 0.5528399594E-06  0.5443979945E-07
-0.2348238513E-06 -0.1097706494E-06
 0.3459501717E-07  0.1709528173E-08
 0.3183737795E-06  0.1031874155E-06
-0.1382981564E-06 -0.6350655613E-07
-0.8309100331E-07 -0.3913601786E-07
 0.5818654449E-07 -0.8913441353E-09
 0.2863967090E-06  0.6292373397E-07
 0.4173462312E-07  0.1093596713E-07
 0.5333927616E-07  0.4388983136E-08
-0.2453077720E-07  0.1210090712E-07
-0.3623053026E-07 -0.1251000052E-07
 0.2800722474E-08  0.1461092620E-07
 0.4400786507E-07  0.4218692656E-08
 0.4264380882E-06  0.1019366806E-06
 0.7932955038E-07 -0.1045260470E-07
-0.1344145305E-06 -0.1831004867E-07
-0.9247404982E-07 -0.3562934037E-08
 0.1004262666E-06  0.3738828433E-07
-0.5560230487E-07 -0.1548220555E-07
 0.1565885136E-08 -0.8888780096E-08
 0.9539700606E-07  0.4121251108E-07
 0.8305760115E-07  0.5922702325E-07
 0.6606439159E-08 -0.9597937854E-07
-0.2023348359E-07 -0.4793294543E-07
-0.4914558297E-07  0.3586220685E-07
 0.3089718444E-07  0.3869681851E-08
-0.2772986006E-08 -0.1916116372E-07
 0.2947732259E-07 -0.1291313535E-07
 0.3910490858E-07 -0.7564088408E-08
 0.5965108239E-07  0.1323087295E-07
-0.4973046211E-07 -0.1243461485E-06
 0.4069222392E-07 -0.2449220607E-07
 0.1416611392E-06  0.3029969355E-07
 0.8107341262E-07  0.1964027445E-08
 0.5357782408E-07  0.9311694556E-08
 0.1019127916E-06  0.4048756006E-07
 0.5229433084E-07  0.1258446866E-07
 0.1493846586E-07 -0.2019394244E-07
 0.4447737440E-07  0.1561258420E-07
 0.2747589008E-07  0.1634532187E-07
 0.3450402987E-07  0.9449800192E-08
-0.1463118867E-07 -0.1418306900E-07
 0.6092445413E-08  0.3705968542E-07
-0.3306853059E-07  0.1214122558E-07
-0.4589976447E-07 -0.1895934613E-08
 0.2345580567E-07 -0.8910069325E-08
 0.1998591261E-07  0.6624989204E-08
 0.1747496358E-08  0.5773527947E-08
 0.1218458893E-06  0.2180145584E-07
 0.1021278137E-07 -0.4731556217E-08
 0.3562040329E-07  0.1793645590E-08
-0.1787121693E-07 -0.1018326521E-07
 0.7238749174E-08 -0.2009135084E-07
-0.7231198672E-08  0.9370637335E-08
 0.2082506028E-06  0.3785039360E-07
 0.1147845615E-05  0.3152286750E-06
 0.1668915253E-05  0.4347750031E-06
 0.4047362841E-05  0.1868563614E-05
-0.9272460885E-06 -0.3101560551E-06
 0.1754951709E-05  0.4396543874E-06
 0.1821921601E-05  0.5555197433E-06
 0.5350840888E-05  0.1952499599E-05
-0.6597182765E-06 -0.2680426473E-06
 0.3180687836E-05  0.2536062205E-05
 0.3712960644E-05  0.2730243714E-05
 0.5386810423E-06  0.4815385587E-06
-0.4096858488E-05 -0.3117443778E-05
-0.4345325275E-05 -0.1809922198E-05
-0.3677497714E-05 -0.1724538373E-05
-0.1025353753E-05 -0.3462561860E-06
 0.4533485374E-05  0.1888257531E-05
-0.2551759906E-05 -0.2607196908E-05
-0.2230735739E-05 -0.2263991254E-05
-0.8026579165E-05 -0.7626361752E-05
 0.1610796995E-05  0.1633119341E-05
-0.4959752334E-04 -0.3790706843E-04
-0.3147791217E-04 -0.2624618793E-04
-0.1252902109E-03 -0.8238606610E-04
 0.2951973920E-04  0.1652629394E-04
 0.6388006516E-05  0.5470825984E-05
 0.6904014754E-05  0.6275102960E-05
 0.1747960464E-05  0.1777030115E-05
-0.1000386228E-04 -0.9347047830E-05
-0.1000780023E-05 -0.9463437874E-06
 0.1250853166E-07  0.3311169479E-10
-0.3622536691E-05 -0.3002632916E-05
-0.2554790357E-06 -0.2967856825E-06
-0.3301089360E-05 -0.1630337826E-05
-0.4549312962E-06 -0.1896029936E-06
 0.4163900481E-06  0.3341681243E-06
-0.2130481991E-06 -0.1037804486E-06
-0.2705598603E-03  0.7538984899E-04
-0.4803341637E-03  0.1118330770E-03
 0.3872796668E-03 -0.2209652244E-03
 0.3669383633E-03 -0.4318365835E-04
-0.9365717292E-03  0.1443404580E-03
-0.1316823773E-02  0.1532200890E-03
-0.8492126452E-03  0.4206225389E-04
 0.7834625524E-03 -0.6242479750E-04
-0.8525154740E-03 -0.2900695906E-04
-0.2090247739E-03 -0.4669398717E-04
 0.9342181259E-03 -0.1526613825E-03
 0.1633755806E-03  0.9336189343E-04
 0.8227182692E-03 -0.8364549980E-05
 0.7373206509E-03 -0.1035312024E-03
 0.4286495619E-03 -0.4295215498E-04
-0.8774336923E-03  0.1083075778E-03
-0.1498072086E-02  0.5643609789E-04
-0.6902644439E-03 -0.3003328915E-03
 0.3539391664E-03 -0.1881324895E-03
 0.1486952631E-03  0.9847183080E-04
 0.2107338691E-02  0.5971989063E-04
 0.1778144198E-02  0.4188741893E-03
 0.1110689854E-02  0.5941225260E-03
-0.8844835304E-03 -0.1412577657E-03
 0.1706178167E-02  0.7896733205E-03
-0.1265966247E-02  0.2557943974E-03
 0.3499438535E-03  0.7186594678E-03
 0.1677955171E-02 -0.3442524841E-03
-0.2377345049E-04  0.4866942924E-03
-0.4003177430E-03  0.3154499914E-03
-0.7209155476E-03  0.1277736148E-03
 0.6407930801E-03 -0.9170909786E-04
-0.7060769249E-03 -0.1346244073E-03
-0.5322536532E-03 -0.1373341550E-03
-0.3729632989E-03 -0.1655910574E-03
 0.4032508417E-03  0.4904122363E-04
-0.6183794538E-03 -0.1045557810E-03
 0.7051758736E-03 -0.6852104678E-05
-0.3008679785E-03  0.3452278008E-03
-0.7291600491E-03  0.3805363284E-04
 0.4308231253E-03  0.5475828423E-03
-0.1983573053E-04 -0.1273740434E-03
 0.1098652560E-02  0.6294729255E-03
 0.5510995333E-03  0.4672389563E-03
 0.4340840315E-03  0.2723344498E-03
-0.3105557823E-03 -0.5319217527E-04
-0.1975744623E-03 -0.8421305190E-04
 0.2675573456E-03  0.4681177452E-04
-0.2998699620E-03 -0.1252323780E-03
-0.2148156552E-03 -0.1147634217E-03
-0.1297334499E-03 -0.7849030716E-04
 0.1380984971E-03  0.4638762180E-04
 0.5494160795E-04  0.4507726925E-04
-0.8061400143E-04 -0.4978757842E-04
-0.1756659575E-04 -0.2227665739E-04
 0.5425772890E-04  0.2862884553E-04
 0.7420770961E-04  0.3675711065E-04
 0.2519554667E-03  0.9468165361E-04
 0.2376671230E-03  0.6184606362E-04
-0.2141951026E-03 -0.1148268773E-03
 0.2382583602E-03  0.5036119177E-04
 0.3145107471E-03  0.5834971886E-04
 0.5447046740E-03  0.1074737973E-04
-0.4726418428E-03 -0.1597131431E-03
 0.2617283744E-03  0.3893798282E-04
 0.5055517774E-03  0.4813261622E-05
 0.6880358646E-03 -0.8644145649E-04
-0.4627934649E-03 -0.1356644057E-03
 0.7264958139E-03 -0.1046140822E-03
 0.5069734629E-03 -0.1378332529E-03
 0.4091514117E-03 -0.2614158826E-03
-0.3898104017E-03  0.2578408452E-03
-0.5438811317E-03  0.7727623225E-04
-0.6875538346E-03 -0.4400322122E-04
-0.4884657219E-03 -0.1174177395E-03
 0.5826822678E-03 -0.3332049404E-04
-0.4902851535E-03 -0.2852554956E-03
-0.8661636571E-03 -0.1747745081E-03
-0.1215323353E-02  0.1634795588E-03
 0.1730574561E-02  0.4537754437E-03
-0.6131072710E-03  0.1550641290E-04
-0.6607391803E-03  0.5176093881E-04
-0.6166917473E-03  0.1046183439E-03
 0.7363402377E-03 -0.2461823778E-04
-0.4643044225E-03  0.1776046413E-03
 0.2302832104E-03  0.5697726388E-04
 0.7337099683E-03 -0.5200185649E-05
-0.6046666251E-03 -0.6701663185E-04
 0.1637462838E-03 -0.6655257444E-04
 0.1046351485E-02 -0.7666912207E-04
 0.1393173691E-02  0.1065041317E-03
-0.8540067944E-03  0.1294511973E-03
-0.3022926620E-03 -0.2889041559E-03
 0.8114304165E-03  0.3963465570E-03
-0.1251565128E-03  0.5185215957E-03
-0.6892428132E-03 -0.2942423398E-03
 0.8344408851E-03  0.4757886281E-03
 0.4979406650E-03  0.5566408640E-03
 0.1466382022E-03  0.3496057848E-03
-0.4455824477E-04 -0.3449229199E-03
 0.8007879258E-03  0.2652125248E-03
-0.2012075902E-03  0.3685295192E-03
-0.6520013054E-03  0.1488845340E-03
 0.3060946728E-03 -0.2336906155E-03
-0.9089903059E-04 -0.1946029456E-03
-0.4249728032E-03 -0.2559870451E-03
-0.3061999864E-03 -0.3130909689E-03
 0.6427489238E-03  0.1985586859E-03
-0.5775990054E-04  0.2846976498E-04
-0.4178114524E-04 -0.2586749294E-04
 0.7914760679E-04 -0.1510149940E-03
-0.8382148353E-04  0.1318914992E-05
-0.4028194618E-04  0.1970952550E-04
-0.8085032068E-04  0.3328697759E-04
 0.5356842305E-04 -0.1656097747E-04
-0.1290357271E-03 -0.1193202380E-04
 0.9338850415E-04  0.9065475096E-04
 0.1220823179E-03 -0.1387182668E-03
 0.9157826690E-04 -0.2354881479E-03
-0.1001573049E-03  0.4502612267E-04
-0.1575356133E-03  0.2741417973E-05
-0.1456793767E-03  0.2915205759E-04
-0.8715090947E-04 -0.1330213814E-04
 0.3868353667E-04  0.9566785114E-05
-0.1463732794E-03  0.5249499790E-04
 0.2528853711E-04 -0.1016184592E-03
-0.1646692946E-03  0.1731108579E-03
 0.1906493422E-03 -0.2337020367E-03
 0.2045167906E-03 -0.2781434026E-03
-0.1103693427E-03  0.2002266125E-03
-0.2037142737E-03  0.2944233859E-03
 0.1045463144E-03  0.5631642754E-04
 0.1484701921E-03 -0.1599149789E-03
 0.5148286789E-04 -0.1570227248E-03
-0.4589355143E-04  0.9159022907E-04
 0.1501624287E-03 -0.1434805383E-03
 0.1539282343E-03 -0.1972964337E-03
 0.1152886071E-03 -0.1187560166E-03
-0.7204337228E-04  0.1815440583E-03
 0.5439618392E-04  0.1464424766E-04
 0.8623265414E-04 -0.1078583039E-03
 0.1085689177E-04 -0.6321452191E-04
-0.1154348362E-04  0.8266793994E-04
-0.5740420216E-04  0.9134862032E-04
-0.3764632605E-04  0.1422162967E-03
-0.7896170064E-04  0.1611637675E-03
 0.1179536599E-03 -0.7319258349E-04
-0.1064493232E-03  0.2332801975E-03
-0.1005191599E-03  0.1759076620E-03
-0.1502147947E-03  0.1892076565E-03
 0.1919181735E-03 -0.1939053784E-03
-0.1127693509E-03  0.7254856289E-04
-0.9378156128E-04  0.1203349320E-03
-0.1297051609E-03  0.1100783803E-03
 0.1407472677E-03 -0.4143546594E-04
-0.1656447121E-03  0.7755156116E-04
-0.1477225038E-03  0.4163442706E-04
-0.1560276182E-03 -0.1075433155E-04
 0.3962485344E-04 -0.2204096695E-04
 0.1246647771E-03 -0.8137397380E-04
 0.1632008183E-03 -0.1341393250E-03
 0.1685346732E-03 -0.1186308703E-03
-0.1312376648E-03  0.1238592928E-03
-0.1497349278E-02  0.1621906997E-03
-0.1897358670E-02  0.4134996581E-03
 0.1064811472E-02 -0.1609862311E-03
-0.2233216121E-02  0.2011368024E-03
 0.1372519329E-04  0.7171667517E-07
 0.2874121479E-04 -0.4774144581E-04
-0.2176531468E-04 -0.8472252010E-05
 0.1542500789E-04  0.4798564248E-04
-0.1507479754E-04 -0.3465798206E-04
-0.7683399776E-04 -0.3284398183E-04
-0.3987966376E-04 -0.1593993145E-04
 0.5653897642E-04  0.4804642762E-04
-0.1922132468E-04  0.2040981988E-05
-0.8868779214E-05  0.1604697634E-05
-0.2965482406E-04  0.1645557878E-04
 0.2390347491E-04  0.1656935130E-04
 0.2769715293E-04  0.1617978249E-04
 0.3873572577E-04  0.4480648233E-04
 0.1684731447E-04  0.4419261574E-04
-0.1178167757E-05 -0.6463618425E-05
-0.1545613507E-03 -0.3331027781E-04
-0.1299808971E-03 -0.5783845667E-04
-0.7712937685E-04 -0.3454854096E-04
 0.6350820950E-04  0.8887660706E-04
 0.2319444511E-03 -0.1248145544E-03
 0.8304677363E-03 -0.1587604397E-03
 0.5070869608E-03 -0.1216753029E-03
-0.9110981917E-03  0.2304048867E-03
 0.5620208505E-04 -0.3178333408E-04
 0.3505733413E-03 -0.9656944434E-04
 0.2882614995E-03 -0.7575620852E-04
-0.3636409728E-03  0.9836577996E-04
-0.5096895501E-03  0.1616460806E-03
-0.1466160933E-03  0.9868666197E-04
-0.2485822932E-03  0.1615892809E-03
 0.1117918686E-03 -0.7854651836E-04
-0.4900761098E-04 -0.2443657177E-05
-0.1966151749E-04 -0.7138364910E-05
-0.8327451273E-04  0.5873988275E-04
 0.2773914546E-04 -0.2277289878E-04
-0.3324528837E-04  0.2208598097E-04
-0.9174702838E-05 -0.1489428664E-04
 0.1678918755E-04  0.1331105252E-04
-0.1685795922E-04  0.1593383062E-04
 0.2816645404E-04  0.5916286240E-04
 0.5529238905E-04  0.3404214947E-04
 0.1021594058E-03  0.5683133520E-04
-0.8325841308E-04 -0.1843063728E-04
-0.4514255414E-04 -0.6259093263E-05
-0.4732491318E-04 -0.9878769860E-05
-0.3827448459E-04  0.2472270063E-05
 0.1604659475E-04  0.3518761372E-04
-0.1577225364E-02  0.3084709302E-03
-0.5325670955E-03  0.2420794219E-03
-0.1119297955E-02  0.2750035370E-03
 0.4741329477E-03 -0.1841620489E-03
 0.1317612371E-03  0.1057409339E-03
 0.2104633621E-03  0.4963437651E-04
 0.4129005315E-03  0.4315089588E-04
-0.2803144056E-03 -0.3026742324E-04
 0.3609364731E-03 -0.2212220279E-03
 0.5145350243E-04 -0.7840484432E-04
-0.1926266599E-03 -0.6395862351E-04
 0.1887921582E-03  0.9386857539E-04
 0.1072909021E-03  0.6567995409E-04
 0.3506558383E-04  0.6581524048E-04
 0.7546375528E-04  0.9948724271E-04
-0.3908690514E-04 -0.5923342208E-04
-0.9587122929E-05  0.5117714168E-04
-0.1478372391E-05  0.9259563052E-04
-0.3086706377E-04  0.1053500293E-03
 0.5458820449E-04 -0.4396267015E-04
-0.3070562651E-05  0.1594901512E-03
-0.4085906267E-04  0.1479549342E-03
-0.5954097623E-04  0.2171567469E-03
 0.9785879816E-04 -0.1565614573E-03
 0.7177057397E-04 -0.9422069649E-04
 0.3686487228E-04 -0.1074977631E-03
 0.3133225515E-04 -0.6006226730E-04
-0.7040817961E-05  0.1056191268E-03
-0.5718541015E-04  0.9464079020E-04
 0.1335726326E-03 -0.2449150490E-03
 0.4219878666E-04 -0.1812469395E-03
-0.4505649192E-04  0.3320412444E-04
-0.1197188631E-03 -0.1146071016E-03
 0.1391304568E-03 -0.1931720832E-03
-0.1485155805E-03 -0.4946328988E-04
 0.2230156891E-03  0.2191454216E-04
 0.7662690173E-04 -0.4845605111E-04
-0.9898564051E-04 -0.8975734081E-04
 0.3570592841E-05 -0.2927914474E-03
-0.5637284485E-03 -0.3025714111E-03
-0.6198527881E-04  0.1673049668E-03
-0.1219706984E-02  0.4546605120E-04
 0.6034426237E-03 -0.3740857573E-03
 0.5365217108E-03 -0.4514345842E-03
 0.1472320459E-02  0.3357557520E-04
 0.3465291302E-03 -0.2066246508E-03
-0.3448360820E-03 -0.3624696541E-03
-0.1276721071E-02 -0.1225974792E-03
-0.8736212777E-03  0.3935474808E-03
 0.4524078209E-03  0.4629571061E-03
-0.2304779757E-03  0.3587503668E-03
 0.6683750281E-03  0.3118776125E-03
-0.5539183076E-03 -0.3309414911E-03
 0.5023576657E-04  0.5172199070E-04
 0.8913920582E-04  0.3492856223E-04
-0.1757568623E-03 -0.7010434713E-06
-0.1515557888E-03 -0.7812380950E-04
 0.3594645066E-03  0.2763922629E-04
-0.1047697874E-02  0.8436598772E-04
-0.2051038490E-03  0.1897964144E-03
-0.8454397721E-03  0.3422893358E-04
-0.6252754166E-03 -0.8161914656E-04
 0.2103742233E-03  0.2228702405E-03
-0.8712292966E-03 -0.1453238782E-03
 0.8545443901E-03  0.2333179716E-03
 0.3489288112E-03  0.1721225877E-03
 0.2777303855E-03  0.5540724326E-04
-0.3625465967E-03 -0.3106927991E-04
-0.2709157925E-03 -0.4039925659E-04
-0.1545736701E-02  0.1312711756E-03
-0.1157998065E-02  0.6344845246E-05
-0.1268904848E-02  0.1578892152E-03
 0.8989775440E-03 -0.7277731956E-04
-0.5684634854E-03  0.1641298213E-04
-0.2139300654E-04 -0.1173637714E-03
 0.1754021208E-03  0.3205272931E-03
 0.3871074711E-03 -0.3478735107E-04
-0.5544381843E-03  0.3485333665E-03
-0.9888983309E-03 -0.5131750401E-04
 0.1478858356E-02  0.6692760255E-03
 0.4487381200E-03 -0.3211720907E-03
 0.1018706307E-02  0.1255886350E-03
 0.1068592179E-02 -0.8961401779E-04
 0.5579487576E-03 -0.2412476204E-04
-0.1281702838E-02 -0.8818135528E-04
-0.1257770940E-03  0.1523186917E-03
 0.1170418207E-02  0.5877042405E-03
 0.1206188056E-03  0.3249478409E-03
 0.1746579492E-03  0.3000292431E-03
 0.1188958713E-03 -0.1336935829E-03
-0.7506306195E-04 -0.1633184398E-03
 0.1782250446E-03  0.1985855338E-03
 0.1273554423E-03  0.2006055395E-03
 0.1078909598E-03  0.1342321925E-03
-0.1327615755E-03 -0.1986885252E-03
-0.1544923231E-03  0.6583753104E-04
-0.6455445357E-04 -0.5465467927E-04
-0.1638500762E-03 -0.9311815669E-04
-0.1927889952E-03  0.8508631244E-04
 0.1812157725E-04  0.5109903033E-05
-0.9205270987E-04 -0.8118059635E-04
-0.5466914473E-04 -0.5610629523E-04
-0.1281864678E-03  0.6334830721E-04
-0.1648557878E-03  0.9182429655E-04
-0.1408673613E-03 -0.4559443748E-04
-0.1402393057E-03 -0.1068364535E-03
-0.2885017900E-04  0.9435335997E-05
 0.9875190589E-04  0.2353004898E-03
-0.6720872069E-04  0.1754646597E-04
-0.5237657480E-04 -0.5817912880E-04
-0.9633113153E-04  0.1619935482E-04
-0.9790310602E-04  0.5375576987E-04
-0.1811269985E-03 -0.1324445897E-04
-0.1718778277E-03  0.1065208877E-04
 0.2575558791E-04 -0.3501111427E-04
-0.1430012336E-03 -0.1702279020E-03
-0.1475734996E-03 -0.1916137373E-03
-0.1423232878E-03 -0.1290838102E-03
 0.1659431012E-03  0.7604456658E-04
 0.1468637339E-03  0.4093761499E-03
 0.1030235225E-03  0.2229557428E-03
 0.9981480330E-04 -0.1888508229E-03
-0.1233881224E-03 -0.6952127314E-04
-0.2313255203E-03 -0.3747480752E-03
-0.1439032704E-03 -0.3085896565E-03
-0.1101424710E-03 -0.2814840765E-03
-0.1114730605E-03 -0.3701482912E-03
 0.1898863713E-03  0.3182415454E-03
-0.4175610068E-04 -0.1658850400E-03
 0.1860041022E-03  0.4612158358E-03
 0.9663016022E-04  0.3782610153E-03
-0.8004308736E-04 -0.2877452221E-03
-0.1059805181E-03 -0.2755616636E-03
-0.9517570820E-04 -0.2582043766E-03
-0.9642967429E-04 -0.1681259791E-03
 0.1750631354E-03  0.1453785940E-03
-0.5472630070E-04 -0.2121661200E-03
-0.4333579171E-04 -0.2106233608E-03
-0.4282717829E-04 -0.1224686475E-03
 0.1137884900E-03  0.1157184207E-03
 0.7361905094E-04  0.1959102346E-03
 0.1279620531E-03  0.2470336599E-03
 0.8039916081E-04 -0.5047143821E-04
-0.3201210549E-04 -0.1643709719E-03
 0.2640625918E-04 -0.2090666774E-05
 0.8232543743E-04 -0.2314748028E-03
 0.3876625317E-04 -0.1703451259E-03
 0.1051053242E-03 -0.1670756474E-03
 0.9990035088E-05  0.1823013792E-03
 0.4317911101E-03  0.2072072763E-03
 0.3631663739E-03 -0.5545127691E-04
 0.4837562129E-03  0.7382229986E-04
-0.4231775760E-03  0.1012075347E-03
-0.6710504075E-04  0.1734907864E-03
-0.6280039575E-04  0.2622646081E-03
-0.1109625925E-03  0.2919451194E-03
 0.1535690525E-03 -0.9330299464E-04
 0.6904101088E-04  0.1620254155E-03
 0.6028151015E-04  0.2499367502E-03
 0.1131369880E-03  0.2111843067E-03
-0.1048731980E-04 -0.2214082638E-03
-0.1270819400E-05  0.3614966695E-03
 0.1095785514E-03  0.4242162012E-03
-0.5242844932E-04 -0.9395192660E-04
 0.1541629408E-03  0.2293198121E-03
 0.1720044257E-03  0.3465238086E-03
 0.1834436919E-03  0.2606262554E-03
-0.8403001864E-04 -0.3044955777E-03
-0.5942147845E-04 -0.3449147659E-03
-0.4864987680E-04 -0.2623633275E-03
 0.9142442779E-05 -0.2807604212E-03
 0.1144579204E-03  0.3043744059E-03
 0.8023790308E-03  0.1592716048E-03
 0.4511576554E-03 -0.3177870708E-06
 0.4554496892E-03  0.4073837889E-04
-0.4669066605E-03 -0.4421874951E-04
 0.1961729072E-03 -0.3585086481E-04
 0.5724244693E-04 -0.2602232049E-05
-0.1380400400E-03 -0.1113325030E-03
-0.1590710274E-03 -0.6080774429E-04
 0.1330519665E-03  0.3144840948E-04
 0.1776849957E-03  0.2289656345E-04
-0.3441220362E-03 -0.7155922358E-04
-0.1854105567E-03 -0.5227546117E-04
-0.3709175466E-03 -0.1054695573E-04
-0.4172694474E-03 -0.5173104478E-04
-0.2676011890E-03  0.4996577414E-04
 0.3690516963E-03 -0.5904499764E-04
-0.2142883666E-03  0.5996435073E-04
-0.1642108602E-03  0.5884044924E-04
-0.6060716547E-04  0.1337700852E-03
 0.1984507732E-03 -0.1284878488E-03
-0.2342115960E-03  0.4650655062E-04
-0.3602125266E-03  0.1077215491E-04
-0.1810927521E-03  0.9038735689E-04
 0.3393193159E-03 -0.4759923618E-04
-0.2673918202E-04  0.9565352970E-04
-0.3113354368E-04  0.1247045379E-03
 0.2013200103E-04  0.1313675770E-03
 0.7597696736E-04 -0.1347170333E-03
 0.2038120951E-03 -0.1029956906E-03
 0.1416513806E-03 -0.9089745269E-04
 0.2394454556E-03 -0.7874880666E-04
-0.9659537141E-04  0.9311740514E-04
 0.2426314733E-04  0.1076133174E-03
 0.6465636443E-04  0.1742136981E-03
 0.3456573943E-04 -0.6440372579E-05
 0.1725419800E-04 -0.1307233228E-03
 0.6659528442E-05 -0.1348128731E-03
 0.3218653001E-04 -0.1632923344E-03
 0.1194667734E-04 -0.6459840840E-04
 0.4826469317E-04  0.6519460763E-04
 0.6188185208E-04 -0.8262762964E-04
-0.6117898651E-06 -0.8492899297E-04
-0.2088162253E-04 -0.1236827723E-03
-0.2191000621E-06  0.3070835786E-04
 0.2528796484E-05  0.5914742694E-04
 0.4431110887E-05  0.1051568749E-03
-0.4937074983E-05  0.1196912673E-04
 0.3275938782E-04 -0.9873728487E-04
-0.1873212630E-03  0.1004876072E-03
-0.2093695140E-03 -0.1382429496E-03
 0.6828454922E-03 -0.4270204931E-03
 0.2552214128E-03  0.2325315250E-04
-0.1912772558E-03 -0.1122228708E-03
-0.1487593051E-03 -0.8050092787E-04
-0.1906161776E-03 -0.9390408748E-04
 0.1537456808E-03  0.5121936559E-04
-0.3736243930E-03 -0.2256993678E-04
-0.1620150428E-03 -0.2191516565E-03
 0.5310325806E-03 -0.2910436270E-03
 0.2205186126E-03  0.6683277119E-04
 0.2109439905E-03  0.5502899739E-04
 0.4663291321E-03  0.3511887273E-03
 0.1953313303E-03  0.8780453789E-04
-0.2398973840E-03 -0.3352945913E-04
 0.9107141265E-03 -0.3228807508E-04
 0.7565946564E-03 -0.1288736923E-04
-0.1034231779E-02  0.5334966497E-03
-0.7100393894E-03  0.2930148279E-04
 0.1095670516E-02 -0.1996669531E-03
 0.1265741264E-02 -0.1564912165E-03
 0.1374065760E-02 -0.5284388530E-04
-0.1087937703E-02  0.1305273282E-03
 0.1720591219E-02  0.2579213524E-03
 0.6743580472E-03  0.3843668237E-03
-0.1598509179E-02  0.5371359614E-03
-0.7379639139E-03 -0.2924690853E-03
-0.1637070296E-02  0.2770209540E-04
-0.1397510794E-02  0.1716392823E-03
-0.5822067019E-03  0.6284486829E-04
 0.1318489736E-02 -0.2042642228E-03
 0.4520380012E-03 -0.2545867000E-03
-0.6735182507E-03  0.1664679379E-03
 0.3089155736E-03 -0.1448976634E-03
 0.8718420672E-03 -0.2063227644E-03
-0.7509900820E-03  0.1194685983E-03
-0.6961096398E-03  0.1534525961E-03
-0.2167809247E-03  0.4563056654E-04
 0.6784514640E-03 -0.2433640874E-03
 0.1814405001E-03 -0.6776487995E-04
-0.1975337805E-03  0.5081372122E-04
 0.1145936942E-03 -0.1986846106E-04
 0.2762412186E-03 -0.8044419473E-04
 0.4281994923E-03 -0.1317010945E-03
 0.5192874444E-03 -0.1411329745E-03
 0.7700941716E-03 -0.1838683041E-03
-0.4081637754E-03  0.9238879414E-04
 0.7786231339E-04 -0.7230230622E-05
-0.3085778426E-04 -0.2168858715E-04
 0.5399040410E-04 -0.1624611468E-04
 0.5881850274E-04 -0.7790086995E-05
 0.8458683285E-05  0.1355549653E-04
 0.4120875374E-04  0.2881279595E-03
 0.6181958767E-04  0.3867538643E-04
-0.2675140059E-04 -0.6565175332E-04
 0.2910446611E-04 -0.5179130294E-04
 0.9062775770E-04 -0.1239881556E-04
-0.1260285675E-04 -0.9037887144E-04
-0.7973773762E-04 -0.3047769300E-04
-0.5008915009E-04 -0.8038187100E-04
 0.1513462729E-06 -0.1525062321E-04
 0.9493277505E-05 -0.4160289154E-04
 0.1176867560E-04 -0.1793467165E-04
-0.2759289068E-03 -0.1696986790E-03
 0.3852659143E-04 -0.1221679708E-03
 0.2484086638E-04  0.2486623029E-04
-0.1151296169E-04  0.6099739064E-04
 0.1187706025E-03 -0.4664853204E-04
 0.1469142907E-03 -0.3176659273E-04
 0.2391772009E-03 -0.6368924527E-04
-0.1109011158E-03  0.4303156649E-05
 0.1716875629E-03 -0.1315756148E-03
 0.2960412142E-03 -0.4898857949E-04
-0.4215688086E-03  0.2587021125E-03
-0.2495080149E-03  0.3955576432E-04
-0.2149905971E-03  0.3216693681E-04
-0.2800267514E-03  0.1008080840E-03
-0.6469350560E-04  0.1015255606E-04
 0.2108021413E-03 -0.1013114118E-03
-0.5199101734E-07  0.1547587834E-07
 0.6292515122E-09  0.1496400555E-07
 0.9671965089E-07  0.3020745243E-07
-0.7675907472E-08 -0.2563730467E-08
 0.1269441355E-07  0.9086346264E-08
 0.7004396535E-09  0.9784531952E-08
-0.5804481845E-08  0.1561573983E-07
 0.1365834764E-07 -0.8891495678E-08
-0.3021144061E-08  0.9108921204E-08
 0.7005853435E-07  0.2239664980E-07
-0.3963351553E-07  0.1638670024E-07
 0.1821911368E-10 -0.6474119833E-08
-0.5766114601E-08  0.1733983388E-07
-0.3726268976E-07  0.1565799092E-07
-0.2514824627E-07  0.1147378268E-07
 0.2273713444E-07 -0.1482481473E-07
 0.2639049099E-07 -0.1224837953E-07
 0.1148216866E-07 -0.1162694823E-07
 0.6181152977E-08 -0.7280774727E-08
-0.1581859159E-07  0.1391161401E-07
-0.1159795923E-06  0.2864049766E-07
-0.3087791356E-07  0.9248263227E-08
 0.1465503937E-06 -0.2381819776E-07
-0.1066280004E-07 -0.2443952422E-08
 0.9426113998E-08 -0.1301102330E-07
-0.4130835080E-07 -0.8682011996E-08
 0.6083014966E-08 -0.1991841917E-07
 0.1189980478E-07  0.1190437108E-07
 0.5920804790E-08 -0.1294924811E-07
-0.1713432146E-07 -0.1759771295E-07
 0.3945820410E-08 -0.9671342883E-08
 0.2339396124E-07  0.1617169234E-07
-0.9193966567E-07  0.1846121494E-07
-0.2304363881E-07  0.2570465636E-07
 0.1170259267E-06  0.1966778450E-07
-0.7843852781E-08 -0.6654222230E-08
 0.2379593645E-06 -0.2663356955E-06
 0.6217453692E-06 -0.4019921331E-06
 0.3565227595E-05 -0.5779172472E-06
 0.1649776578E-05 -0.6911574477E-06
-0.2354663650E-05  0.2137511713E-05
 0.1925907425E-04  0.8786804014E-06
 0.6594128116E-04  0.1005222722E-04
 0.3129712783E-04  0.3482861807E-05
-0.3770444936E-04  0.1588635619E-04
 0.3716367331E-05 -0.1316167890E-05
 0.1304681320E-04 -0.1470393710E-05
 0.1585854124E-04 -0.6459137794E-05
-0.9205160071E-05  0.6683771829E-05
-0.1749024010E-04  0.1002188634E-04
-0.4882780074E-05  0.3885241434E-05
-0.1082388057E-04  0.7466150590E-05
 0.7938145623E-05 -0.5474206141E-06
 0.1287322430E-03  0.2550109278E-04
 0.8571445544E-04 -0.8127326269E-05
 0.1415815078E-03  0.3803181420E-04
-0.1453677039E-03 -0.2219465610E-04
-0.4921688028E-04 -0.1138847708E-03
-0.4707534963E-04 -0.1239243446E-03
 0.1983316037E-03  0.5649908398E-04
-0.1863634349E-03 -0.6863454140E-04
 0.1689678692E-03  0.4321580638E-04
 0.2327648802E-03  0.5189483196E-04
 0.4142977655E-03  0.1504427019E-03
-0.2238112086E-03  0.1590410790E-04
-0.2313930715E-03 -0.6605098041E-04
-0.1786708145E-03 -0.3356492815E-04
-0.2262945449E-03 -0.5175765601E-04
 0.1936893199E-03  0.6984558568E-04
-0.9008578498E-04  0.8621523947E-04
-0.5798805510E-04  0.7022962665E-04
-0.1273927176E-03 -0.6017590644E-05
 0.1442288878E-03 -0.4861540806E-05
-0.7002793806E-04  0.6191487209E-04
-0.6380083102E-05  0.1284770834E-04
-0.2678986237E-04  0.1271940532E-04
 0.2540597071E-04 -0.4567115677E-05
-0.1074731323E-03  0.7346625994E-05
-0.4842137770E-04  0.1451356609E-04
-0.9008184647E-04  0.1121373292E-04
 0.8180279683E-04  0.1879338727E-04
 0.4238208862E-04  0.3088227914E-05
 0.9616844878E-04  0.1248682931E-04
 0.1248961194E-03  0.8251895012E-05
-0.7165317444E-04  0.2531319276E-04
-0.6199586897E-04 -0.3336578897E-04
-0.1343937927E-03  0.4921536437E-05
 0.2137654551E-03  0.7345748294E-04
-0.6658041501E-04  0.1460445819E-04
-0.2143984161E-04  0.1127555365E-04
 0.1559058812E-05 -0.1337477308E-04
-0.4597966068E-05  0.3626081299E-05
-0.8263818422E-06  0.8253339754E-06
 0.5946408960E-06 -0.5181520091E-06
 0.2213389270E-05 -0.2542868020E-05
-0.2380190535E-04 -0.5109600994E-04
-0.1698187414E-04  0.1627647801E-04
-0.2376728001E-06  0.8689226195E-06
-0.3067506094E-05  0.2792904272E-05
 0.2258477343E-05 -0.1306943268E-05
-0.3440659869E-05  0.3542474433E-05
 0.3140546874E-07  0.9162997742E-07
-0.6140764532E-06  0.6722033132E-06
 0.4333082954E-06 -0.4396016962E-06
-0.1318200532E-05  0.1302450286E-05
-0.5167186832E-06  0.5624897746E-06
-0.5967621001E-06  0.6324776005E-06
 0.4609671889E-06 -0.4206756214E-06
 0.4548117883E-06 -0.4821384695E-06
 0.9747654844E-06 -0.7545330320E-06
 0.1922678951E-05 -0.2068945596E-05
-0.9766976586E-06  0.1020002120E-05
-0.2665296810E-06  0.2964313495E-06
-0.3401896636E-07  0.2276578293E-07
-0.3921419672E-07  0.3078677702E-07
-0.5364761429E-08  0.8879373171E-08
 0.1994562680E-06 -0.2594730509E-06
 0.5871618611E-06 -0.5629804764E-06
 0.5524092058E-06 -0.5355032824E-06
-0.6526196685E-06  0.6025829752E-06
-0.9252504338E-08 -0.6232358619E-07
-0.6443603748E-06  0.6000573945E-06
-0.2597685816E-06  0.2947103155E-06
-0.2998882369E-06  0.3345299490E-06
 0.1704100567E-06 -0.2259121978E-06
 0.7055387858E-06 -0.4735478244E-06
 0.8121772338E-06 -0.2467037552E-06
 0.4941830189E-06 -0.2068144062E-06
-0.4662479857E-06  0.2112107410E-06
 0.2310336224E-06 -0.4116934323E-07
 0.2010584141E-07 -0.5849597966E-08
 0.5325442255E-07 -0.1782399912E-07
-0.6466003502E-08  0.5662571732E-08
-0.1350763238E-06  0.2611665558E-07
-0.2886471848E-06  0.4482858651E-07
 0.4364822076E-06 -0.8919276573E-07
 0.1567172889E-06 -0.5393065402E-07
 0.5911038861E-07 -0.3341688065E-07
 0.9714985845E-07 -0.3028813804E-07
 0.5934775233E-07 -0.1782565283E-07
 0.6830291904E-07 -0.1798623935E-07
-0.6404054620E-07  0.1758208601E-07
 0.9416262390E-07 -0.2047905479E-07
-0.7877670555E-07  0.2095165656E-07
-0.8902834266E-07  0.3028502467E-07
 0.3755311389E-07 -0.2530707128E-07
-0.4399683010E-07  0.1299134688E-07
-0.1272283323E-06  0.3691058735E-07
-0.1819007529E-06  0.4081591702E-07
 0.1623629729E-06 -0.3950942871E-07
-0.1332861566E-06  0.7511857152E-07
-0.4264408738E-06  0.2928126091E-06
 0.9366829237E-07 -0.8176567215E-07
-0.3586083545E-06  0.1656503452E-06
-0.5352225790E-06  0.3635214805E-06
-0.6329925283E-06  0.4337363217E-06
 0.6312936986E-06 -0.4152901035E-06
 0.5582904507E-06 -0.3637207001E-06
 0.3741292599E-06 -0.1608426195E-06
 0.2375189773E-06 -0.1073516666E-06
-0.2548326403E-06  0.1222816477E-06
 0.3607080264E-06 -0.1856733218E-06
-0.8349276864E-06  0.5396740462E-06
 0.2587018992E-08  0.1075757828E-06
 0.8995776403E-06 -0.5574140069E-06
-0.7530173518E-06  0.6856430875E-06
-0.3158596702E-06  0.3452907284E-06
-0.3065448913E-06  0.3275521244E-06
 0.2086172248E-06 -0.2612442813E-06
-0.3582346171E-07  0.4570253212E-07
 0.1866678633E-06 -0.1932027414E-06
 0.1617778503E-06 -0.1766427964E-06
-0.2261235073E-06  0.2491478470E-06
-0.4766654360E-07  0.5412354901E-07
 0.1512693582E-06 -0.1696337000E-06
 0.3791759199E-06 -0.5278516827E-06
-0.2280351689E-06  0.2530365216E-06
-0.2193282811E-06  0.2421070871E-06
 0.3421119219E-08 -0.1738269584E-07
-0.1165593003E-07 -0.4684395930E-08
-0.4709037812E-07  0.5549709576E-07
-0.1007298567E-05  0.1081490611E-05
 0.1823757350E-07 -0.9462510022E-08
 0.7680984290E-08 -0.9646642638E-08
-0.3368193467E-07  0.4113772625E-07
 0.1726317992E-06 -0.2190990818E-06
 0.1090014090E-05 -0.1015839487E-05
 0.7174112644E-06 -0.6656165752E-06
-0.9582437110E-06  0.8598959723E-06
 0.2491344265E-06 -0.2417450561E-06
-0.2790614968E-06  0.2851978822E-06
-0.1988647200E-06  0.1460424263E-06
 0.1582695528E-06 -0.1742611021E-06
 0.4143944214E-03 -0.1504688513E-03
 0.2328485246E-03 -0.5188072115E-04
 0.1690189082E-03 -0.4320737255E-04
-0.2238634945E-03 -0.1593210641E-04
 0.1984216158E-03 -0.5648278050E-04
-0.4714053324E-04  0.1240331794E-03
-0.4927613859E-04  0.1140010059E-03
-0.1864336039E-03  0.6862596752E-04
 0.1416307485E-03 -0.3802309048E-04
 0.8574645562E-04  0.8156244071E-05
 0.1287680901E-03 -0.2548722826E-04
-0.1454133200E-03  0.2218064799E-04
-0.2263602581E-03  0.5174984622E-04
-0.1787235959E-03  0.3354256150E-04
-0.2314702270E-03  0.6603056269E-04
 0.1937608249E-03 -0.6982864639E-04
 0.1586142101E-04  0.6458835321E-05
 0.1305027921E-04  0.1470701517E-05
 0.3717025116E-05  0.1316084605E-05
-0.9206323027E-05 -0.6684777839E-05
 0.3130604835E-04 -0.3482167188E-05
 0.6595888652E-04 -0.1004818800E-04
 0.1926381091E-04 -0.8780619808E-06
-0.3771178592E-04 -0.1589207456E-04
 0.1650014542E-05  0.6910902598E-06
 0.3565922914E-05  0.5779150997E-06
 0.6217648388E-06  0.4019104937E-06
-0.2354844630E-05 -0.2137683111E-05
-0.1082543399E-04 -0.7467620578E-05
-0.4883388393E-05 -0.3885792784E-05
-0.1749330595E-04 -0.1002471095E-04
 0.7939984579E-05  0.5475501243E-06
-0.9010284584E-04 -0.1122551007E-04
-0.4843229748E-04 -0.1452148883E-04
-0.1074993595E-03 -0.7363648657E-05
 0.8182723318E-04 -0.1878966441E-04
-0.2679426651E-04 -0.1272309495E-04
-0.6379537948E-05 -0.1285110895E-04
-0.7003920241E-04 -0.6192095690E-04
 0.2541256205E-04  0.4564880161E-05
-0.1274224136E-03  0.5999732595E-05
-0.5798408278E-04 -0.7025336649E-04
-0.9011689202E-04 -0.8621754909E-04
 0.1442676611E-03  0.4847382213E-05
 0.1249242875E-03 -0.8258172938E-05
 0.9619794177E-04 -0.1248248766E-04
 0.4239410103E-04 -0.3087542178E-05
-0.7166665216E-04 -0.2532316399E-04
 0.2378974567E-06  0.2662749927E-06
-0.8263673532E-06 -0.8253035540E-06
-0.4598360119E-05 -0.3626476605E-05
 0.5945526813E-06  0.5182236475E-06
-0.2144273527E-04 -0.1127819193E-04
-0.6659179060E-04 -0.1461379086E-04
 0.1549492468E-05  0.1339023116E-04
 0.2212271913E-05  0.2544868118E-05
-0.1344152061E-03 -0.4937045942E-05
-0.6203631058E-04  0.3336888474E-04
 0.2137601792E-03 -0.7340642921E-04
-0.2383887337E-04  0.5115391395E-04
 0.1467489014E-06  0.2380302770E-07
-0.3065942786E-07 -0.9344007104E-08
-0.1158006484E-06 -0.2863540846E-07
-0.1082164047E-07  0.2499016871E-08
-0.2493090151E-07 -0.1158858209E-07
-0.3706709978E-07 -0.1577913421E-07
-0.5565146739E-08 -0.1747406315E-07
 0.2250480597E-07  0.1494462164E-07
-0.3945632832E-07 -0.1649710494E-07
 0.7028734782E-07 -0.2247193221E-07
-0.2815841026E-08 -0.9153834393E-08
-0.1441278845E-09  0.6500747001E-08
-0.5600240290E-08 -0.1572172006E-07
 0.9192452823E-09 -0.9829855417E-08
 0.1287662528E-07 -0.9130022215E-08
 0.1345779036E-07  0.8907263414E-08
 0.5981162095E-08  0.7304116788E-08
 0.1128722858E-07  0.1171129313E-07
 0.2618432903E-07  0.1233817576E-07
-0.1561318344E-07 -0.1402010929E-07
 0.9678656537E-07 -0.3027855519E-07
 0.7835633259E-09 -0.1500891601E-07
-0.5186388311E-07 -0.1549198785E-07
-0.7773273804E-08  0.2565112309E-08
 0.3770242826E-08  0.9687574117E-08
-0.1727255657E-07  0.1769795815E-07
 0.5747350021E-08  0.1302047181E-07
 0.2356960744E-07 -0.1626985781E-07
 0.5896597789E-08  0.2004059866E-07
-0.4149671674E-07  0.8840587036E-08
 0.9180952768E-08  0.1311327344E-07
 0.1209722964E-07 -0.1201407465E-07
 0.1171263499E-06 -0.1974330464E-07
-0.2286707050E-07 -0.2585896532E-07
-0.9176105551E-07 -0.1846030230E-07
-0.7936517961E-08  0.6748486149E-08
 0.9400082209E-07  0.2046370560E-07
 0.6802486235E-07  0.1808298032E-07
 0.5902683481E-07  0.1791113868E-07
 0.9683672372E-07  0.3034814468E-07
-0.6378251525E-07 -0.1766007948E-07
 0.5900248174E-07  0.3343558182E-07
-0.8878104263E-07 -0.3033644651E-07
-0.7850409973E-07 -0.2106008672E-07
 0.3738467088E-07  0.2531580369E-07
 0.5289265916E-07  0.1787467437E-07
 0.1970781274E-07  0.5839935317E-08
 0.2303839890E-06  0.4110199443E-07
-0.6089415327E-08 -0.5694122126E-08
 0.4933594233E-06  0.2065047494E-06
 0.8104470294E-06  0.2463051825E-06
 0.7047905547E-06  0.4732141603E-06
-0.4654335315E-06 -0.2109432891E-06
 0.4370216666E-06  0.8913021645E-07
-0.2881484366E-06 -0.4480332234E-07
-0.1348117435E-06 -0.2612568000E-07
 0.1561295369E-06  0.5380649032E-07
-0.9268195550E-08  0.6247840474E-07
 0.5518942241E-06  0.5352610918E-06
 0.5865854476E-06  0.5627179217E-06
 0.1992088149E-06  0.2594071088E-06
-0.6520913704E-06 -0.6022304744E-06
-0.3923665074E-07 -0.3076817787E-07
-0.3405371147E-07 -0.2272391285E-07
-0.2664902833E-06 -0.2963608331E-06
-0.5353821506E-08 -0.8881821686E-08
-0.2996876065E-06 -0.3343650605E-06
-0.2596490000E-06 -0.2946053395E-06
-0.6438598263E-06 -0.5997255077E-06
 0.1702424784E-06  0.2258724705E-06
-0.6323058889E-06 -0.4334252682E-06
-0.5346171248E-06 -0.3632291601E-06
-0.3580146573E-06 -0.1654820001E-06
 0.6306091799E-06  0.4149632361E-06
-0.4259328243E-06 -0.2925907175E-06
-0.1330626845E-06 -0.7510350423E-07
 0.9364175595E-07  0.8181142911E-07
-0.1814801648E-06 -0.4079458387E-07
-0.1269102904E-06 -0.3692867666E-07
-0.4369781432E-07 -0.1305587672E-07
 0.1618959109E-06  0.3951551567E-07
 0.2371291054E-06  0.1072717556E-06
 0.3735422207E-06  0.1606549966E-06
 0.5577003114E-06  0.3634366317E-06
-0.2544179270E-06 -0.1221759680E-06
-0.5967257690E-06 -0.6324132450E-06
-0.5166674062E-06 -0.5624013172E-06
-0.1318246492E-05 -0.1302469901E-05
 0.4609418434E-06  0.4205883871E-06
-0.6139762499E-06 -0.6720570425E-06
 0.3136068244E-07 -0.9163541028E-07
-0.3440610835E-05 -0.3542400641E-05
 0.4332575807E-06  0.4395012682E-06
-0.3067649090E-05 -0.2793006070E-05
-0.2377284728E-06 -0.8690715792E-06
-0.1698360302E-04 -0.1627784356E-04
 0.2258752593E-05  0.1306775478E-05
 0.1922759462E-05  0.2068777895E-05
 0.9748190869E-06  0.7544658383E-06
 0.4547580779E-06  0.4820248947E-06
-0.9766905301E-06 -0.1019949910E-05
 0.3792004677E-06  0.5277357205E-06
 0.1512618319E-06  0.1695920902E-06
-0.4758612646E-07 -0.5409432361E-07
-0.2280243341E-06 -0.2529509846E-06
 0.1617600886E-06  0.1765875634E-06
 0.1866384920E-06  0.1931361856E-06
-0.3577752059E-07 -0.4568572179E-07
-0.2260899092E-06 -0.2490674686E-06
-0.3062705845E-06 -0.3273360267E-06
-0.3156116483E-06 -0.3450907471E-06
-0.7524240402E-06 -0.6852520165E-06
 0.2083213489E-06  0.2611663297E-06
-0.1171727005E-07  0.4715312110E-08
 0.3333919840E-08  0.1740168291E-07
-0.2193054740E-06 -0.2420312232E-06
-0.4702326312E-07 -0.5546307355E-07
 0.3017910372E-08 -0.1078590338E-06
-0.8341694950E-06 -0.5393955837E-06
 0.3602104953E-06  0.1854666711E-06
 0.8988996444E-06  0.5571182200E-06
 0.7167286239E-06  0.6652979896E-06
 0.1088682977E-05  0.1015423603E-05
 0.1723262119E-06  0.2190262373E-06
-0.9575194112E-06 -0.8593853390E-06
 0.7580302096E-08  0.9670160934E-08
 0.1830085656E-07  0.9384063748E-08
-0.1007136827E-05 -0.1081283316E-05
-0.3359478215E-07 -0.4111165767E-07
-0.1986057912E-06 -0.1460625249E-06
-0.2787796864E-06 -0.2849960677E-06
 0.2489118652E-06  0.2415899178E-06
 0.1580944486E-06  0.1741731260E-06
-0.1598752000E-02 -0.5372618861E-03
 0.6746457913E-03 -0.3844356551E-03
 0.1720870439E-02 -0.2579285713E-03
-0.7382285058E-03  0.2925191016E-03
 0.1374546780E-02  0.5281891336E-04
 0.1266239652E-02  0.1565345390E-03
 0.1096051520E-02  0.1997084538E-03
-0.1088438179E-02 -0.1305340419E-03
-0.1034339953E-02 -0.5336259172E-03
 0.7568020739E-03  0.1290775526E-04
 0.9108429349E-03  0.3230881177E-04
-0.7102449204E-03 -0.2930563115E-04
-0.5824984998E-03 -0.6284985299E-04
-0.1397914174E-02 -0.1716271176E-03
-0.1637586080E-02 -0.2765167725E-04
 0.1318829995E-02  0.2042224902E-03
 0.5310107484E-03  0.2910976323E-03
-0.1621051560E-03  0.2191869778E-03
-0.3736493579E-03  0.2251885334E-04
 0.2205977629E-03 -0.6686311696E-04
-0.1907026495E-03  0.9393198716E-04
-0.1488223381E-03  0.8049331512E-04
-0.1913722567E-03  0.1122321573E-03
 0.1538269730E-03 -0.5121875536E-04
 0.6828458977E-03  0.4270810460E-03
-0.2094502270E-03  0.1382244316E-03
-0.1873201877E-03 -0.1005458755E-03
 0.2553084519E-03 -0.2328580989E-04
 0.1954180985E-03 -0.8779275217E-04
 0.4664633036E-03 -0.3512235975E-03
 0.2110402848E-03 -0.5503646427E-04
-0.2399799220E-03  0.3352970232E-04
-0.1261983124E-04  0.9041948028E-04
 0.9068778865E-04  0.1238416353E-04
 0.2911758901E-04  0.5178324044E-04
-0.7977897783E-04  0.3048019917E-04
 0.6187698260E-04 -0.3869700294E-04
 0.4126972380E-04 -0.2881398541E-03
 0.8484817084E-05 -0.1359863310E-04
-0.2678984963E-04  0.6571317517E-04
 0.5401493006E-04  0.1620501325E-04
-0.3086981725E-04  0.2165323045E-04
 0.7790175113E-04  0.7177270107E-05
 0.5883858887E-04  0.7809159112E-05
 0.9480729815E-05  0.4165177105E-04
 0.1409923876E-06  0.1526010534E-04
-0.5014567838E-04  0.8042679443E-04
 0.1179327097E-04  0.1790411221E-04
 0.1146492050E-03  0.1981811876E-04
-0.1976474834E-03 -0.5086065939E-04
 0.1815241645E-03  0.6773103003E-04
 0.2763548787E-03  0.8049573564E-04
-0.2169094489E-03 -0.4567169289E-04
-0.6963490759E-03 -0.1534809278E-03
-0.7512462027E-03 -0.1194918915E-03
 0.6786436950E-03  0.2434216578E-03
 0.3090532834E-03  0.1449050690E-03
-0.6738394050E-03 -0.1665115394E-03
 0.4522764492E-03  0.2546607607E-03
 0.8721636891E-03  0.2063958436E-03
 0.7703576410E-03  0.1839308246E-03
 0.5194828273E-03  0.1412015853E-03
 0.4283705533E-03  0.1317693982E-03
-0.4083613131E-03 -0.9243300589E-04
-0.4216182100E-03 -0.2587597484E-03
 0.2961449989E-03  0.4905579022E-04
 0.1717258006E-03  0.1315962898E-03
-0.2496026473E-03 -0.3956415571E-04
 0.2392732929E-03  0.6374933289E-04
 0.1469732097E-03  0.3179963526E-04
 0.1188075498E-03  0.4670144817E-04
-0.1109571387E-03 -0.4344916750E-05
 0.2481548696E-04 -0.2485813257E-04
 0.3851593497E-04  0.1222393052E-03
-0.2759513961E-03  0.1696935213E-03
-0.1150829006E-04 -0.6100889285E-04
-0.6471222326E-04 -0.1019915654E-04
-0.2800980388E-03 -0.1008212665E-03
-0.2150759516E-03 -0.3221574659E-04
 0.2108617686E-03  0.1013952405E-03
-0.5250536899E-04  0.5803368874E-04
-0.6750803615E-04 -0.1743707549E-04
 0.9874727446E-04 -0.2352245139E-03
-0.9627267824E-04 -0.1629073011E-04
-0.5497734009E-04  0.5609251208E-04
-0.9249368251E-04  0.8116113958E-04
 0.1769949562E-04 -0.5081338532E-05
-0.1279802602E-03 -0.6353700972E-04
-0.1643684233E-03  0.9315114001E-04
-0.6504514281E-04  0.5417661315E-04
-0.1552179878E-03 -0.6569780649E-04
-0.1927464029E-03 -0.8551487657E-04
 0.1075293018E-03 -0.1343391297E-03
 0.1265601626E-03 -0.2008149486E-03
 0.1782228736E-03 -0.1989923455E-03
-0.1329433275E-03  0.1987635494E-03
-0.1403360718E-03  0.1063362399E-03
-0.1408743887E-03  0.4531005341E-04
-0.1646595103E-03 -0.9216764471E-04
-0.2950023181E-04 -0.9350145402E-05
 0.1190029229E-03  0.1338767518E-03
 0.1750394441E-03 -0.3006013132E-03
 0.1207048473E-03 -0.3250821867E-03
-0.7512726288E-04  0.1637445959E-03
-0.1426225070E-03  0.1294305958E-03
-0.1477918496E-03  0.1919415663E-03
-0.1431290493E-03  0.1702378576E-03
 0.1660063828E-03 -0.7614456264E-04
-0.1718930998E-03 -0.1072067811E-04
-0.1812222048E-03  0.1307216957E-04
-0.9771280718E-04 -0.5391097206E-04
 0.2546098486E-04  0.3499198317E-04
 0.9970316137E-04  0.1889358341E-03
 0.1027505695E-03 -0.2231680156E-03
 0.1470070816E-03 -0.4098170085E-03
-0.1235195065E-03  0.6954354056E-04
-0.1260772956E-03 -0.1523359813E-03
-0.8705855107E-03  0.1449119658E-03
 0.2112515761E-03 -0.2231098523E-03
-0.6252131975E-03  0.8140350901E-04
 0.8545518372E-03 -0.2330103394E-03
-0.2044293132E-03 -0.1898633066E-03
-0.1048844287E-02 -0.8449607282E-04
 0.3596378162E-03 -0.2787483477E-04
-0.8456919881E-03 -0.3396168976E-04
-0.1759234407E-03  0.5733349256E-06
 0.8920326851E-04 -0.3508797038E-04
 0.5020813325E-04 -0.5184653920E-04
-0.1515017946E-03  0.7833043382E-04
-0.3625569974E-03  0.3134682658E-04
 0.2779763095E-03 -0.5518673044E-04
 0.3495637611E-03 -0.1719062237E-03
-0.2711494713E-03  0.4023452040E-04
-0.1277665389E-02  0.1224827261E-03
-0.3440919106E-03  0.3626435863E-03
 0.3464554709E-03  0.2068020752E-03
-0.8735210836E-03 -0.3937697845E-03
 0.5372293251E-03  0.4516333902E-03
 0.6038590600E-03  0.3742567160E-03
-0.1220416312E-02 -0.4545335593E-04
 0.1473051095E-02 -0.3360365261E-04
-0.5640387671E-03  0.3027268662E-03
 0.3261525943E-05  0.2929235693E-03
-0.9907142484E-04  0.8981786067E-04
-0.6182694971E-04 -0.1673948360E-03
 0.6690088457E-03 -0.3120417052E-03
-0.2302522412E-03 -0.3589185651E-03
 0.4533146383E-03 -0.4632574802E-03
-0.5546699770E-03  0.3312377090E-03
 0.1479324117E-02 -0.6694245564E-03
-0.9891731325E-03  0.5144594085E-04
-0.5546120376E-03 -0.3485023077E-03
 0.4489464249E-03  0.3212155577E-03
 0.1754593655E-03 -0.3205513832E-03
-0.2145167113E-04  0.1174271713E-03
-0.5687630313E-03 -0.1618196750E-04
 0.3873310960E-03  0.3467205857E-04
-0.1269445874E-02 -0.1577844132E-03
-0.1158691679E-02 -0.6059845557E-05
-0.1546692814E-02 -0.1310686383E-03
 0.8995757142E-03  0.7264153927E-04
 0.5583403953E-03  0.2395115654E-04
 0.1069160788E-02  0.8952788909E-04
 0.1019306718E-02 -0.1257452899E-03
-0.1282337555E-02  0.8839546781E-04
 0.1168984325E-02 -0.5875877378E-03
-0.3441539865E-03  0.7167459576E-04
 0.1775633259E-03 -0.2291826363E-04
 0.1330378993E-03 -0.3127774099E-04
-0.1854505613E-03  0.5225523470E-04
-0.1381634653E-03  0.1114357195E-03
 0.5726024114E-04  0.2572696293E-05
 0.1961704534E-03  0.3588858245E-04
-0.1591514641E-03  0.6083372786E-04
 0.4552986863E-03 -0.4047078152E-04
 0.4509730404E-03  0.4316637826E-06
 0.8016656072E-03 -0.1589700536E-03
-0.4667630931E-03  0.4404800255E-04
-0.2676677258E-03 -0.5002318072E-04
-0.4171960381E-03  0.5161465025E-04
-0.3710270686E-03  0.1049296144E-04
 0.3689649502E-03  0.5919602115E-04
 0.4834535980E-03 -0.7403112483E-04
 0.3641178238E-03  0.5398087986E-04
 0.4320623748E-03 -0.2082109630E-03
-0.4244706975E-03 -0.1000783272E-03
 0.1059212423E-03  0.1652165126E-03
 0.3892278557E-04  0.1693558201E-03
 0.8223354385E-04  0.2300882013E-03
 0.9797367071E-05 -0.1814188651E-03
 0.2751205845E-04  0.1195580970E-05
-0.1103322950E-03 -0.2902629557E-03
-0.6410944311E-04 -0.2604557440E-03
-0.6846767008E-04 -0.1720504221E-03
 0.1553450545E-03  0.9003973244E-04
-0.4268926464E-04  0.1220574914E-03
-0.4324463564E-04  0.2102946051E-03
-0.5470986442E-04  0.2121080615E-03
 0.1137146849E-03 -0.1155417458E-03
-0.9648526819E-04  0.1686253131E-03
-0.9517748293E-04  0.2587951743E-03
-0.1061907145E-03  0.2764361106E-03
 0.1755206832E-03 -0.1456314143E-03
 0.8045252325E-04  0.5036029503E-04
 0.1281764079E-03 -0.2468517478E-03
 0.7355282955E-04 -0.1954824438E-03
-0.3196857283E-04  0.1644856857E-03
-0.4315544752E-04  0.1681759432E-03
-0.1117401473E-03  0.3719563064E-03
-0.1103577535E-03  0.2823949535E-03
-0.1440175641E-03  0.3087214500E-03
 0.1896707144E-03 -0.3191871976E-03
-0.2314949328E-03  0.3739139960E-03
 0.9508972379E-04 -0.3789423282E-03
 0.1848868971E-03 -0.4634264880E-03
-0.8106860717E-04  0.2883927342E-03
 0.1839817480E-03 -0.2612897930E-03
 0.1730325357E-03 -0.3476659444E-03
 0.1548333805E-03 -0.2296471602E-03
-0.8427247336E-04  0.3059395175E-03
 0.1112876079E-03 -0.4260066021E-03
 0.8070805396E-06 -0.3610143767E-03
-0.5201539715E-04  0.9446296658E-04
 0.1133966038E-03 -0.2109493371E-03
 0.6054998749E-04 -0.2492518047E-03
 0.6890954567E-04 -0.1615327106E-03
-0.1049615479E-04  0.2209856756E-03
 0.8732614705E-05  0.2814468234E-03
-0.4883037507E-04  0.2631188525E-03
-0.5986950021E-04  0.3474242765E-03
 0.1156527260E-03 -0.3045920008E-03
 0.3453173989E-04  0.6347037113E-05
 0.6445439232E-04 -0.1738016497E-03
 0.2425995196E-04 -0.1074649190E-03
 0.1729951766E-04  0.1303706776E-03
 0.1991043597E-04 -0.1309203891E-03
-0.3170239151E-04 -0.1240965869E-03
-0.2698304609E-04 -0.9540465523E-04
 0.7631619451E-04  0.1339121942E-03
-0.1818432143E-03 -0.8988863345E-04
-0.3603589341E-03 -0.1072947669E-04
-0.2344710338E-03 -0.4644978716E-04
 0.3393956483E-03  0.4736275026E-04
-0.6073974629E-04 -0.1337048145E-03
-0.1644382183E-03 -0.5879901208E-04
-0.2145141208E-03 -0.5987522818E-04
 0.1985929503E-03  0.1284336228E-03
 0.2395948837E-03  0.7862394836E-04
 0.1418766152E-03  0.9061994261E-04
 0.2042840924E-03  0.1023302612E-03
-0.9695260573E-04 -0.9291101618E-04
-0.2095013123E-04  0.1237123895E-03
-0.5346975770E-06  0.8491514997E-04
 0.6196260741E-04  0.8250065816E-04
-0.2464678072E-06 -0.3067261691E-04
 0.1205601231E-04  0.6430096707E-04
 0.3228587729E-04  0.1628946416E-03
 0.6800695282E-05  0.1342112027E-03
 0.4812630909E-04 -0.6500487424E-04
-0.4936573935E-05 -0.1198088820E-04
 0.4319719948E-05 -0.1050480734E-03
 0.2549663379E-05 -0.5913450265E-04
 0.3280931374E-04  0.9861358769E-04
-0.6126078787E-03  0.1324595666E-03
-0.2718002838E-03  0.6529333426E-04
-0.5363796278E-03  0.9170131037E-04
 0.4889061549E-03 -0.1504631741E-03
-0.2841081508E-03  0.7296296628E-04
-0.2291836939E-03  0.5440243076E-04
-0.3251664827E-03  0.7599367269E-04
 0.3296144729E-03 -0.9618054304E-04
-0.4981857693E-03  0.9577787178E-04
-0.4390732926E-03  0.9387317161E-04
-0.5906572609E-03  0.9663531582E-04
 0.5752440766E-03 -0.1278374137E-03
 0.4437043650E-03 -0.1138853131E-03
 0.5130849642E-03 -0.1088221984E-03
 0.3787519965E-03 -0.1018456969E-03
-0.3882023311E-03  0.7805324326E-04
-0.1792685044E-03  0.3645466985E-04
-0.1255635203E-03  0.2542512085E-04
-0.1859988110E-03  0.4637991449E-04
 0.2060204518E-03 -0.5713640975E-04
 0.3896232735E-04 -0.6364618472E-05
 0.7317638438E-04 -0.2648179538E-04
 0.2051845346E-03 -0.5296171358E-04
 0.1383233314E-03 -0.2976277614E-04
 0.5262646696E-04 -0.1414015859E-04
-0.6850844337E-03  0.1061941743E-03
-0.5510933983E-03  0.1252235434E-03
-0.7478615862E-03  0.1309820397E-03
 0.7823786957E-03 -0.1639839113E-03
 0.1475362635E-03 -0.7577512568E-04
 0.2623821775E-03 -0.1741214992E-03
 0.8203820387E-03 -0.1411479120E-03
 0.6089402662E-03 -0.1389037228E-03
 0.2035956610E-03 -0.1185901126E-03
 0.4339969080E-03 -0.1133268774E-03
 0.3008239427E-03 -0.8185317214E-04
 0.1038270388E-03 -0.4605438063E-04
 0.5870132586E-03 -0.1518677894E-03
 0.6728639198E-03 -0.1410275487E-03
 0.5085334637E-03 -0.1318775894E-03
-0.5107770316E-03  0.1024370688E-03
 0.2982120551E-03 -0.8772033593E-04
 0.3741688601E-03 -0.1065285879E-03
 0.2660645997E-03 -0.7733034508E-04
-0.2589337458E-03  0.5887848724E-04
-0.3674168870E-03  0.8396747721E-04
-0.2719349801E-03  0.7246970439E-04
-0.3922642510E-03  0.1009740758E-03
 0.4237530540E-03 -0.1221678557E-03
-0.1373903792E-03  0.3735919719E-04
-0.4114764109E-03 -0.7357728969E-04
-0.1453503727E-03  0.8552069391E-04
 0.3547425867E-03 -0.2069869456E-04
 0.9740687117E-04  0.3686693983E-04
-0.1150788312E-03  0.7895436998E-04
-0.6147601764E-04  0.3717441845E-04
 0.6546634770E-04 -0.1013493541E-03
 0.1552606096E-03 -0.1746988531E-04
-0.1145444523E-04 -0.2260872136E-03
-0.2114157535E-03 -0.1890913774E-03
 0.6284788106E-05  0.8123703926E-04
-0.5245021295E-03 -0.1540379914E-03
-0.8039598044E-03 -0.2635839654E-03
-0.4850818856E-03 -0.1192674414E-03
 0.6682665805E-03  0.1989058494E-03
 0.2324347941E-03  0.1999471177E-03
-0.3948426578E-03 -0.2490826010E-04
-0.2777541621E-03  0.1731739268E-03
-0.4771281497E-03  0.1139113410E-03
 0.4940178804E-03  0.1584981020E-03
 0.1039494344E-02  0.6860084838E-03
 0.8041051468E-03  0.2338216042E-03
 0.1099998765E-02  0.4792387192E-03
-0.8923103638E-03 -0.2114474044E-03
-0.2501755023E-04  0.2471790551E-03
-0.7083577784E-04  0.2276205012E-03
 0.7889503999E-05  0.2675212392E-03
 0.1489165208E-03 -0.2401941820E-03
-0.6851656721E-04  0.1953392679E-03
-0.1483202427E-03  0.2124822430E-03
-0.4231932682E-04  0.2550135569E-03
 0.1716961205E-03 -0.2030738494E-03
-0.8582418659E-06  0.1712739642E-03
 0.2788264134E-05  0.2240860861E-03
 0.3499989076E-04  0.2045040371E-03
 0.5757363508E-04 -0.2052456506E-03
 0.1324902311E-03 -0.2289500307E-03
 0.9371141883E-04 -0.1770843743E-03
 0.1571332059E-03 -0.2024921323E-03
-0.1403193036E-04  0.2244965060E-03
 0.4051905140E-03 -0.4936241542E-04
 0.2481616979E-03 -0.1479809850E-03
 0.3452312890E-03 -0.2983628873E-04
-0.1980977140E-03  0.1056823457E-03
 0.1481956518E-03 -0.1475813291E-03
 0.3505720099E-04 -0.6916716983E-04
 0.1145216838E-03 -0.1146174970E-04
-0.9124709351E-04 -0.1619970369E-04
 0.4902196490E-03  0.6186505445E-04
 0.3452114138E-03  0.8287938309E-05
 0.5112401815E-03  0.8888082233E-04
-0.2959668157E-03 -0.4279936853E-04
-0.1818889002E-03  0.1621129543E-04
-0.2394033691E-03 -0.1605575473E-05
-0.1428868604E-03  0.9480860423E-04
 0.2658020939E-03 -0.8098612482E-04
 0.6782855435E-04  0.2276688528E-03
 0.9107228847E-04  0.3346931512E-03
 0.1169021717E-03  0.2948320877E-03
 0.5343877677E-05 -0.3121611044E-03
 0.7490578761E-04  0.5030527170E-03
 0.2910659646E-04  0.6975451676E-03
 0.1416542327E-03  0.5700663047E-03
 0.9934588711E-05 -0.5683662184E-03
 0.1467731827E-03  0.3029577042E-03
 0.1762182769E-03  0.4182632703E-03
 0.1571074402E-03  0.3380820364E-03
-0.5003765270E-04 -0.3916502925E-03
-0.2033632067E-04 -0.5065571874E-03
-0.2454525034E-04 -0.3592624656E-03
 0.1849118426E-04 -0.4440830076E-03
 0.1491768323E-03  0.3914623352E-03
 0.1206351677E-03  0.2174348556E-03
 0.5601708830E-04  0.1214693915E-03
 0.5411858830E-04  0.7276836020E-04
-0.9116281235E-04 -0.1247899766E-03
-0.1190329775E-03 -0.8853801687E-04
-0.3312910541E-03 -0.2840752563E-03
-0.1628952994E-03 -0.2664451509E-03
-0.1456648993E-03  0.2105457300E-03
-0.1310300020E-04 -0.1664927545E-03
-0.1168558441E-03 -0.1726213962E-03
-0.1108340337E-03 -0.3334498766E-03
-0.1063450290E-03  0.1886854599E-03
-0.1203921111E-03  0.1791810565E-03
-0.1000853197E-03  0.6938202978E-04
-0.1010545108E-03  0.3090292993E-04
-0.3585632448E-04 -0.1187796814E-03
-0.2959322007E-03 -0.1705906849E-03
-0.9790709240E-04 -0.4281606095E-04
-0.2360548503E-03 -0.4190058096E-03
-0.2640542449E-03  0.9408689597E-04
-0.7112464221E-04 -0.2351877926E-03
-0.7194763834E-04 -0.3008859440E-03
-0.5043263138E-04 -0.4399372391E-03
 0.1455807677E-03  0.3239218309E-03
-0.8116710213E-04 -0.4567258396E-03
-0.4226025271E-04 -0.5666301475E-03
 0.1107358076E-04 -0.3219565890E-03
 0.2411261869E-04  0.7310173565E-03
 0.1240608003E-03  0.5053988813E-03
-0.1162052999E-03  0.4965641767E-03
 0.1780379009E-04  0.2540593046E-03
-0.7489235310E-04 -0.3498276974E-03
 0.6520730801E-05 -0.1867985591E-03
 0.7568891143E-04 -0.4656706977E-03
-0.1748923797E-04 -0.8567029742E-04
-0.7982162841E-04  0.5689730386E-03
 0.6145094690E-04 -0.3616216875E-03
 0.3470989582E-04 -0.2436985149E-03
 0.9684930095E-04 -0.2820606701E-03
 0.4048563988E-04  0.2676323226E-03
 0.8057612340E-04  0.4662670792E-04
 0.2116216909E-03 -0.2737786705E-03
 0.2398792893E-03 -0.5348904719E-04
-0.2471725251E-03  0.3405172817E-03
-0.4121179162E-04  0.3233056652E-03
-0.2039883370E-03  0.4609450775E-03
-0.2028566814E-05  0.4124092856E-03
 0.1546660236E-03 -0.3587653654E-03
 0.4540457984E-03  0.2975270307E-03
-0.2405750167E-03  0.3145874766E-03
 0.1244278532E-02  0.6013904346E-03
 0.1106366689E-02  0.5395566397E-03
 0.4720068702E-03  0.1915077624E-03
 0.8900881752E-03  0.3512291680E-03
 0.6378700054E-03  0.1771269881E-03
 0.7260940321E-03  0.2357780937E-03
-0.6786703586E-03 -0.2346205929E-03
 0.6369484477E-03  0.3220807441E-03
 0.6055085359E-03  0.2300038231E-03
 0.1279019932E-03  0.1630718874E-03
-0.4837420900E-03 -0.2015061129E-03
-0.7142166149E-03 -0.2537535235E-03
-0.8194840851E-03 -0.3065868293E-03
-0.8901461597E-03 -0.3414325537E-03
 0.9775821421E-03  0.4016026042E-03
 0.4458972229E-03  0.1355502636E-03
 0.3167549285E-03  0.1286803221E-03
 0.3352047832E-03  0.1491940134E-03
-0.3925085949E-03 -0.1767035780E-03
 0.2322083156E-03  0.1396363558E-03
 0.2593200051E-03 -0.3387769005E-05
-0.4644623481E-03 -0.1295912426E-03
-0.1182888791E-03 -0.3838494132E-04
 0.7246301661E-04 -0.1794424961E-03
-0.3924410438E-03 -0.1134071543E-03
-0.5088258058E-03 -0.1131805328E-03
 0.2377340146E-03  0.3713798032E-04
-0.2253643059E-03  0.9993518122E-04
-0.2584698019E-04  0.8618213205E-04
-0.4505410214E-03  0.5423722164E-04
 0.1135413099E-03 -0.7722939447E-04
 0.3632713503E-04  0.1074803907E-03
 0.3728465439E-03 -0.2865885015E-04
-0.4746322249E-03 -0.1611282391E-04
-0.8109656843E-04 -0.2862586345E-04
-0.4218565123E-03  0.1251576065E-03
 0.1938230093E-03 -0.1627259169E-03
-0.1939435248E-04  0.2812455473E-03
 0.3516854945E-03 -0.8019821584E-04
 0.2126526657E-03  0.2030228827E-04
 0.1845225404E-03 -0.1492615398E-04
 0.1027760820E-03 -0.3764918595E-04
-0.2586975790E-03 -0.3204310656E-05
-0.3345357870E-03 -0.6048394315E-04
-0.3710417408E-03 -0.8913827943E-04
-0.1860099342E-03 -0.4574504657E-04
 0.3108809249E-03  0.5328490025E-04
-0.2398091913E-03 -0.1105291690E-03
-0.1549819503E-03 -0.1234565521E-03
-0.4715693573E-03 -0.1731048910E-03
 0.2547964666E-03  0.1366694796E-03
-0.4385648347E-03 -0.1428555062E-03
-0.5733921159E-03 -0.1948469722E-03
-0.5236636339E-03 -0.1628638176E-03
 0.5329809451E-03  0.1575824319E-03
 0.5070973548E-03  0.1774811152E-03
 0.4158679050E-03  0.1378928201E-03
 0.2750169292E-03  0.1117373704E-03
-0.3913565258E-03 -0.1405783106E-03
 0.1149064235E-02  0.5407156307E-04
 0.1034685553E-02 -0.9126754458E-04
 0.2890027018E-03 -0.2337250631E-03
 0.1032483226E-02  0.1766615318E-03
 0.7558562465E-03  0.3480623131E-03
 0.9671878723E-03  0.1195217865E-03
-0.1057599716E-02 -0.1797555260E-03
 0.9856344594E-03 -0.1328337500E-03
 0.9745777147E-03 -0.3516070780E-04
 0.8394133372E-03 -0.1170685039E-03
-0.8769303835E-03  0.7209728255E-04
-0.1034549085E-02 -0.1679890846E-04
-0.9581140393E-03  0.9615165785E-04
-0.1117941845E-02 -0.1011668602E-04
 0.1125792227E-02 -0.2809865394E-04
-0.1481991659E-03  0.3992818830E-03
-0.3957889044E-03  0.3225536247E-03
-0.3173018269E-04  0.3120552635E-03
 0.1568849267E-04 -0.3455076436E-03
-0.4161405885E-03  0.3222732351E-03
-0.3929401700E-03 -0.9787882549E-04
 0.7103796601E-03  0.4769762658E-03
 0.3715167885E-03 -0.2776493213E-03
 0.1496569203E-03  0.3613935140E-03
-0.8415814591E-03  0.2229730503E-03
 0.1000078362E-02  0.3106649152E-03
-0.1938093427E-03 -0.2988236399E-03
 0.2703303012E-03 -0.1522786953E-03
 0.2654547716E-03 -0.2436537523E-03
-0.2354201406E-04 -0.2722236413E-03
-0.3595610435E-03  0.1543349196E-03
 0.7168220172E-03 -0.1036559861E-03
 0.7338814428E-03 -0.4703905536E-04
 0.5956601264E-03 -0.9849209018E-04
-0.6417285028E-03  0.5963674466E-04
 0.5447151543E-03  0.1219677737E-03
-0.7727897681E-03  0.3573800709E-03
 0.7867234629E-03  0.9695075222E-04
-0.5729510562E-03 -0.7628787200E-04
 0.4699519648E-03 -0.1171467876E-04
-0.5238997564E-03  0.2858153986E-03
 0.4881759297E-03 -0.4387546921E-05
-0.4574036753E-03  0.3947292760E-04
-0.8181604901E-03  0.9608886812E-04
-0.3990893954E-03  0.5149926382E-04
-0.8405972095E-03  0.3502202944E-04
 0.7053852856E-03 -0.1281771911E-03
-0.8250676885E-03 -0.6079484373E-04
-0.4230478111E-03 -0.6028353704E-04
-0.1005172474E-02 -0.1663871724E-03
 0.7225485859E-03  0.3240512129E-04
-0.7373742378E-03  0.2898108854E-04
-0.7391179393E-03  0.7314666546E-04
-0.8887352414E-03  0.1840393043E-05
 0.8268683314E-03 -0.4944748980E-04
-0.7107581632E-03 -0.1940780987E-03
-0.9196018080E-03 -0.1195465230E-03
-0.7791454941E-03 -0.2959496434E-03
 0.7119911013E-03  0.2413654385E-03
 0.8625390591E-03  0.7800156200E-04
 0.7194218963E-03  0.1807533539E-03
 0.7165913810E-03  0.3778690504E-04
-0.8215745495E-03 -0.9947506460E-04
 0.7620062190E-03 -0.2047841124E-05
 0.6735308961E-03 -0.1213265835E-03
 0.5095487253E-03 -0.9523163821E-04
-0.8354329491E-03  0.2460626363E-04
 0.4139962438E-03 -0.2519919852E-03
 0.1748271404E-03 -0.3810376259E-03
 0.6332815541E-03 -0.2903173640E-03
-0.7301288829E-03  0.3479906336E-03
 0.4665885704E-03 -0.7917972244E-04
 0.7174308246E-03 -0.1601428164E-03
 0.3393726902E-03 -0.9918480954E-04
-0.7554102400E-03  0.1111344174E-03
-0.9786935302E-03  0.2294782060E-03
-0.7485690711E-03  0.1324288083E-03
-0.8210362824E-03  0.2099792828E-03
 0.6679656931E-03 -0.1792328716E-03
-0.2771244292E-03 -0.4441617909E-03
-0.1020229872E-02 -0.1874822647E-03
-0.8025068000E-04 -0.4480780739E-03
 0.9089142019E-04  0.5151429911E-03
 0.2247458406E-03 -0.2730487962E-03
-0.8528845730E-03 -0.5241455288E-04
-0.3187155770E-03  0.6327882265E-03
 0.9836181547E-03  0.2959872610E-03
-0.8123901484E-04 -0.2288429892E-03
 0.6012209728E-04 -0.1334022474E-03
 0.3878796888E-03 -0.1244793187E-03
-0.3641683687E-03 -0.1966502169E-03
-0.1846305197E-03  0.2174691035E-03
-0.9031161613E-03  0.3587331919E-03
 0.4695847946E-03  0.2639048624E-03
 0.4803046765E-03  0.3805376650E-03
-0.6872059351E-03  0.2670382184E-03
-0.7283241959E-04  0.3505100543E-03
-0.1549984310E-02  0.3766859656E-03
-0.1302945963E-02  0.5989141705E-03
-0.1293947987E-02  0.1960318944E-03
-0.1126527205E-02  0.2366970996E-03
-0.5911101585E-03  0.1334567353E-03
-0.1134144809E-02  0.2214682348E-03
 0.6688560318E-03 -0.1553761397E-03
-0.8563173325E-03  0.5581601402E-03
-0.1062850359E-02  0.3915764936E-03
-0.4593898557E-03  0.4776258065E-03
 0.4008001146E-03 -0.4348185798E-03
 0.8445784355E-03 -0.2931594343E-03
 0.6879504428E-03 -0.3844527832E-03
 0.9109378023E-03 -0.2105357250E-03
-0.1437047144E-02  0.4102272926E-03
 0.4062112556E-04  0.7570101589E-04
-0.1158297415E-03  0.3848450675E-05
-0.1404105624E-03  0.1312481602E-03
-0.8586643089E-04 -0.1437459094E-03
-0.1174996298E-03 -0.9932314892E-04
-0.1618479599E-03 -0.2590310655E-03
-0.1283055765E-03 -0.1439294666E-03
 0.1327063751E-03  0.1113463356E-03
 0.1434591712E-03  0.5167101845E-03
 0.1773194014E-04  0.1900460223E-03
-0.9629013975E-06 -0.1843554919E-03
-0.8846590871E-04 -0.6940420043E-04
-0.9159583570E-04 -0.3642511118E-03
-0.1183052505E-03 -0.3430688996E-03
-0.8960809979E-04 -0.2319292698E-03
 0.1816813618E-03  0.1973810035E-03
-0.4667848961E-04 -0.2977825435E-03
-0.6893777936E-04 -0.2888442113E-03
-0.5196441504E-04 -0.1747559447E-03
 0.1293627993E-03  0.1702487936E-03
 0.1364408273E-03  0.3372802027E-03
 0.1176360081E-03  0.3520584317E-03
 0.7559454634E-04 -0.1192008222E-03
-0.3824860441E-04 -0.2211187283E-03
 0.1699270831E-03  0.4994628583E-03
 0.1362795883E-03  0.4180831146E-03
 0.1027021916E-03 -0.2473798702E-03
-0.7882577463E-04 -0.2238357665E-03
-0.2642965840E-05 -0.1973410827E-03
-0.1265965989E-04 -0.2357702497E-03
-0.3044331586E-04 -0.1145468204E-03
 0.7063251094E-04  0.1204555851E-03
 0.4032346292E-04 -0.1762089909E-03
 0.4096994148E-05 -0.2409227392E-03
-0.5148454068E-04 -0.2502220861E-03
 0.5746006635E-04  0.1480438415E-03
 0.9657373657E-04  0.2009386657E-03
-0.3583007152E-05  0.2292417051E-03
 0.2258884362E-04 -0.6638740263E-05
 0.1649166820E-05 -0.1568684050E-03
 0.1076053449E-03  0.2440667304E-03
 0.5268171117E-04  0.2655498804E-03
 0.3896240535E-04 -0.4407860575E-04
 0.5273884210E-05 -0.1743902795E-03
-0.3242321966E-04 -0.1127485688E-04
-0.6372835614E-05 -0.1037822445E-04
 0.1603216543E-04 -0.7873456221E-05
 0.5399806763E-05  0.6786237169E-05
 0.2295735852E-05  0.3549651914E-05
 0.6225751917E-05  0.1031629373E-04
 0.3314428557E-05  0.1112153194E-04
-0.7659238184E-05 -0.8654739494E-05
-0.7159568422E-06 -0.1086854590E-04
-0.2291862136E-05  0.1507404121E-04
-0.2792825122E-04  0.2465079435E-04
-0.5389441775E-05 -0.8318341166E-05
-0.5903984962E-05 -0.8774498196E-05
-0.1460046333E-04  0.4698514515E-05
-0.4851333721E-05 -0.2428535138E-05
 0.3608161700E-07  0.1958958364E-05
 0.8083569305E-05  0.1213446810E-04
 0.9382754640E-05  0.9934561368E-05
 0.6969017441E-05  0.1513388752E-04
-0.9043925110E-05 -0.1210993504E-04
 0.9587261335E-05  0.7446342496E-05
 0.9132222478E-05  0.9568220575E-05
 0.2218871614E-05  0.1602327754E-05
 0.5530770643E-05  0.1809538713E-04
 0.7618225338E-05  0.1494611697E-04
 0.5673556469E-05  0.2012679868E-04
-0.7228313166E-05 -0.1713970450E-04
-0.8450041471E-05 -0.9581497446E-05
-0.8191794511E-05 -0.1429150891E-04
-0.8762270127E-05 -0.7799364612E-05
 0.8507318661E-05  0.1220476962E-04
 0.1723074610E-04 -0.6756027292E-05
 0.1359010241E-05  0.2632362257E-04
-0.5085451069E-04  0.3318537764E-04
-0.6717876153E-05 -0.1616411714E-04
 0.3657417300E-05  0.2183313718E-04
 0.5954351273E-05  0.2209037683E-04
 0.1412119634E-04  0.1703973571E-04
-0.4917471255E-05 -0.2249677931E-04
 0.3118287796E-04 -0.3566471186E-05
 0.1775494807E-04  0.2322709202E-04
-0.6235035539E-04  0.3616223474E-04
-0.1938206398E-04 -0.1304704486E-04
-0.1451307124E-04 -0.1616714944E-04
-0.3063795412E-04 -0.4296643239E-04
-0.2307347003E-05 -0.2167556491E-04
 0.1638877913E-04  0.7883977238E-05
-0.5198982480E-05 -0.2058858490E-04
-0.4257124028E-05 -0.1973434762E-04
-0.5280607281E-05 -0.1820822670E-04
 0.3987161035E-05  0.2096012297E-04
-0.5551474414E-05 -0.1731158975E-04
-0.1556442538E-04 -0.3772297863E-04
-0.3083622215E-05 -0.1608343476E-04
 0.5069361602E-05  0.1178896510E-04
-0.7123281505E-05 -0.1499945192E-04
-0.6576694888E-05 -0.1324874101E-04
-0.8432523265E-05 -0.1182520883E-04
 0.5330673496E-05  0.1511977957E-04
 0.1613198584E-05  0.1788578030E-04
 0.3811794939E-05  0.1937142620E-04
 0.4183464575E-05  0.1938488766E-04
-0.4249319928E-05 -0.1824499804E-04
 0.5044232456E-04 -0.1807648792E-05
 0.4665751784E-04  0.1445986898E-04
-0.7888662858E-04  0.4303266113E-04
-0.4309302163E-04 -0.6105113981E-05
 0.4740080888E-04  0.1718991887E-05
 0.5394610217E-04  0.1985148563E-05
 0.7954561579E-04 -0.1062933702E-04
-0.4720808977E-04 -0.7566627931E-05
 0.8477123497E-04 -0.4309363841E-05
 0.9883755689E-04 -0.2312968789E-05
-0.1129163079E-03  0.6271421595E-04
-0.8777971974E-04  0.8908241537E-05
-0.7778828097E-04  0.6977553652E-05
-0.1135164301E-03 -0.3607776127E-05
-0.3614818321E-04 -0.5730556913E-05
 0.7484761104E-04 -0.2396009290E-04
 0.5782315387E-04  0.1277445457E-05
 0.6268857918E-04 -0.5663172436E-07
 0.8789085572E-04 -0.1108083576E-04
-0.5539229266E-04 -0.7788504116E-05
 0.6099840089E-04 -0.7455810883E-07
 0.9248953290E-04 -0.1236938721E-04
 0.2963706907E-04 -0.1645410042E-05
 0.1286460308E-03 -0.2796662561E-04
 0.1405823241E-03 -0.3204189701E-04
 0.1874366616E-03 -0.5015527254E-04
-0.1229995148E-03  0.1701155212E-04
-0.8418893800E-04  0.9582985016E-05
-0.8322374462E-04  0.2883388348E-05
-0.5562362795E-04 -0.1622080743E-05
 0.9462680935E-04 -0.1351635469E-04
 0.1511888292E-03 -0.1392256534E-04
 0.1894842877E-03 -0.2433319381E-04
-0.1835469036E-03  0.1063415288E-03
-0.1697623161E-03  0.3017301332E-04
 0.2087579255E-03 -0.6014043834E-04
 0.2392686315E-03 -0.6723929892E-04
 0.3028852722E-03 -0.8265303367E-04
-0.2082702466E-03  0.4512356137E-04
 0.2757575731E-03 -0.2325760971E-04
 0.3229299692E-03 -0.4131895829E-04
-0.3138889793E-03  0.1829092740E-03
-0.2975451056E-03  0.5282963371E-04
-0.3021962006E-03  0.6871828382E-04
-0.3851341649E-03  0.9011761025E-04
-0.1565466420E-03  0.3931780945E-04
 0.2863360317E-03 -0.1068348093E-03
-0.1635431053E-03  0.3341861057E-04
-0.1478114532E-03  0.3345785169E-04
-0.1117452179E-03  0.1618099298E-04
 0.1699071273E-03 -0.4620549961E-04
-0.1580171140E-03  0.3228436676E-04
-0.2130110049E-03  0.3824826807E-04
-0.7932450898E-04  0.1318161307E-04
 0.1491117504E-03 -0.5868341422E-04
-0.7756546785E-04  0.2879535589E-05
-0.7128522398E-04  0.5569439369E-05
-0.5036477802E-04 -0.6852214755E-05
 0.8106009739E-04 -0.1124332985E-04
 0.1037090724E-03 -0.2276328015E-04
 0.1184026212E-03 -0.2437876348E-04
 0.1607729914E-03 -0.4072186236E-04
-0.1038107837E-03  0.1263022531E-04
 0.2248700079E-04  0.7004097974E-06
-0.3639545574E-04 -0.9100275690E-05
-0.3589828317E-04 -0.1448553033E-04
-0.2338208664E-04 -0.1353617742E-04
 0.4068436855E-04  0.8791082002E-05
 0.8148828597E-05  0.4368579651E-05
 0.2601089909E-04  0.1300944663E-04
 0.4010605882E-04  0.8118102994E-05
 0.6306030887E-05  0.9172918004E-05
-0.3328021010E-04 -0.1368059509E-04
-0.3114231641E-04 -0.1091496595E-04
-0.1966971945E-04 -0.1838595177E-04
 0.3512794631E-04  0.8931412587E-05
-0.3598488963E-04 -0.8711058099E-05
-0.5650699135E-04 -0.3002292189E-04
-0.1301573666E-04 -0.1631174610E-04
 0.3508251247E-04 -0.3323356439E-05
-0.1204056073E-04 -0.2083686042E-04
-0.1097192493E-04 -0.1879548413E-04
-0.6330539704E-05 -0.2182066514E-04
 0.1227081109E-04  0.1882933229E-04
 0.1783905833E-04  0.1523634663E-04
 0.2112372189E-04  0.1620063083E-04
 0.3632554437E-04  0.7671030732E-05
-0.1831134203E-04 -0.1850612434E-04
 0.7278642426E-05  0.4864404829E-06
-0.8342940767E-05 -0.1421627405E-04
-0.7143984206E-05 -0.1954686878E-04
-0.7979462444E-05 -0.1195206951E-04
 0.7827500654E-05  0.1713000578E-04
 0.3743198665E-05  0.1103090086E-05
 0.8702896791E-05  0.1205639780E-04
 0.9254784953E-05  0.1424901423E-04
 0.5586629877E-05  0.5258265354E-06
 0.7709368485E-05  0.2077080400E-04
 0.1026769908E-04  0.1822676720E-04
 0.1380093062E-04  0.1920240368E-04
-0.9059106798E-05 -0.2116930674E-04
 0.1168799774E-04  0.1550895313E-04
 0.1700506791E-04  0.1525681813E-04
 0.8307941650E-05  0.1578516380E-05
 0.2293683704E-04  0.1584553662E-04
 0.2570344405E-04  0.1452526292E-04
 0.3771124854E-04  0.9928527533E-05
-0.2262661938E-04 -0.1896882796E-04
-0.1520149065E-04 -0.1553920993E-04
-0.1403513682E-04 -0.2081632759E-04
-0.1038302862E-04 -0.1562182456E-04
 0.1598593557E-04  0.1734964634E-04
-0.1430927009E-07  0.1261698955E-08
-0.7485571390E-08  0.5997903802E-08
-0.1396681606E-07  0.5587345074E-08
 0.1585327906E-07 -0.2334648989E-08
-0.3503041930E-08  0.4912359371E-08
-0.4432397396E-08  0.3352697954E-08
-0.6549704156E-08  0.5476746361E-08
 0.1576911233E-08 -0.3895558882E-08
-0.9413819044E-08  0.5289220836E-08
-0.9691316140E-08  0.6632758235E-08
-0.1301607236E-07  0.8931415995E-08
 0.6518856617E-08 -0.5767091864E-08
 0.4168525608E-08 -0.5252163331E-08
 0.7876545547E-08 -0.5081508125E-08
 0.5536548316E-09 -0.4407806465E-08
-0.7322457537E-08  0.6435620649E-08
-0.1208039919E-07  0.9503356387E-08
-0.1339801923E-07  0.1084478231E-07
-0.1848137680E-07  0.1090811827E-07
 0.1440433955E-07 -0.1137687404E-07
-0.1873396339E-07  0.1696007627E-07
-0.6101829235E-07  0.2938804460E-07
-0.6291158104E-07  0.3695998252E-07
 0.8505741918E-07 -0.3333730666E-07
-0.3855292065E-07  0.2188653572E-07
-0.7550126325E-07  0.4447259405E-07
-0.9013199770E-07  0.5748588552E-07
 0.1111333599E-06 -0.5476791835E-07
 0.1010087254E-06 -0.4492763783E-07
 0.4471496309E-07 -0.2189276640E-07
 0.3225808390E-07 -0.1733646206E-07
-0.2772529761E-07  0.1745982395E-07
 0.4788603315E-07 -0.1033267028E-07
 0.2039459582E-07 -0.1151462005E-07
 0.1143517367E-07 -0.6009355451E-08
-0.1801432914E-07  0.1043047694E-07
 0.1113564509E-07 -0.8876066235E-08
 0.7905282348E-08 -0.8094086371E-08
 0.7169482569E-08 -0.5936298153E-08
-0.1057223811E-07  0.8793549948E-08
 0.5259821608E-08 -0.4695422226E-08
 0.6704074049E-08 -0.3738110013E-08
 0.5741229137E-08 -0.3039483809E-08
-0.6137094212E-08  0.4906467350E-08
-0.8487706478E-08  0.6908163493E-08
-0.9146330604E-08  0.6270102352E-08
-0.1016465860E-07  0.9900657965E-08
 0.8628280324E-08 -0.5866177444E-08
 0.7525017864E-05  0.4312365851E-05
-0.1487006190E-06  0.1223935017E-06
-0.1196055365E-06  0.1218624715E-06
-0.1016000642E-06  0.1074349449E-06
 0.9073916024E-07 -0.1114325787E-06
-0.6853640987E-07  0.9007007748E-07
-0.1074442496E-07  0.4016248922E-07
-0.1835842695E-07  0.3711174190E-07
 0.3399450383E-09 -0.3711118126E-07
-0.4239892203E-07  0.5522067616E-07
-0.2267250131E-07  0.3677872834E-07
-0.3378797959E-07  0.4861027818E-07
 0.1249888434E-07 -0.3170414484E-07
 0.7856299729E-08 -0.3334625498E-07
 0.3292943891E-07 -0.6700846031E-07
 0.4087951237E-07 -0.8585993181E-07
-0.5632744841E-07  0.7260888502E-07
 0.7412742034E-07  0.8333288817E-08
 0.4619698118E-06  0.4089844464E-07
 0.1839292702E-06  0.1542192276E-07
-0.2657844378E-06  0.1939889936E-06
 0.2464414922E-05  0.4706289368E-06
 0.9186041239E-05  0.2884365071E-05
 0.4147432809E-05  0.1339440722E-05
-0.4843362375E-05  0.1748198327E-05
 0.3527643537E-06  0.4726804921E-07
 0.1585324212E-05  0.3867907624E-06
 0.6230122768E-06  0.9756277257E-07
-0.7484343301E-06  0.4071737971E-06
-0.1909746461E-05  0.8542436441E-06
-0.4679896989E-06  0.3041627057E-06
-0.1303873950E-05  0.8134234864E-06
 0.9799994380E-06  0.2057657018E-06
-0.1334006065E-07  0.2065235055E-07
 0.1734697539E-07 -0.7943827016E-08
 0.1584718071E-07 -0.6893076690E-08
-0.1115628961E-07  0.8448164990E-08
 0.5901249555E-07 -0.1013416215E-07
 0.2326055608E-06  0.1734312973E-08
 0.2717532930E-06 -0.1211750960E-06
-0.1391587359E-06  0.1058052034E-06
-0.3116901683E-06  0.3526968445E-06
-0.1970417953E-08  0.9513455083E-08
-0.4061851092E-07  0.3373147035E-07
 0.3004224948E-07 -0.7931735615E-08
-0.3050683938E-06  0.2006578999E-06
-0.7186394857E-07  0.5259232692E-07
-0.1748318243E-06  0.1211531739E-06
 0.1327540081E-06  0.1400926705E-08
-0.2292461364E-07  0.1525624011E-07
-0.2037797872E-07  0.8792812559E-08
-0.2228744311E-07  0.1277524069E-07
 0.1231691280E-07 -0.3986903705E-08
-0.1010881593E-06  0.7186261540E-07
-0.2826101315E-07  0.1274507436E-07
-0.5387255217E-07  0.2577212722E-07
 0.3380137162E-07  0.3741406692E-08
 0.1781325070E-07 -0.1977457931E-08
 0.7420996750E-07 -0.6582473787E-08
 0.3681911741E-07 -0.1286245473E-07
-0.4578774838E-07  0.3290089628E-07
-0.9649352524E-05  0.1357271797E-05
-0.2892552057E-05  0.1371999530E-05
 0.2574405843E-05  0.7829435784E-06
-0.6113457934E-06  0.4017132934E-06
-0.1166496597E-06  0.6850075459E-07
 0.6074766039E-07 -0.3009005870E-07
 0.5451371041E-06  0.3344332344E-07
-0.1829077996E-07 -0.3168328538E-07
 0.4867911212E-07 -0.1125220414E-06
-0.6085979822E-07 -0.3403473518E-07
-0.7694082997E-07  0.1155967854E-06
 0.1173882923E-06 -0.1304226847E-06
 0.1591513898E-06 -0.1122738855E-06
 0.1709190430E-06 -0.1035256368E-06
-0.1363312726E-06  0.1034453848E-06
 0.6103290930E-08 -0.6527746482E-07
 0.2016243816E-06 -0.9657481151E-07
 0.7229691498E-07 -0.9062282463E-08
-0.1470852476E-06  0.8260060110E-07
-0.1377399286E-06  0.8946322009E-07
-0.1490844684E-06  0.1610452708E-06
-0.1357390507E-06  0.1324439532E-06
 0.1622248119E-06 -0.1616702695E-06
-0.6460821978E-07 -0.1377780875E-07
-0.6682894164E-05  0.1293732151E-05
-0.5131179735E-05 -0.4882190769E-06
 0.6851355931E-06 -0.2231834772E-05
 0.1507262654E-06 -0.1232739317E-05
-0.4706477501E-05  0.8184409715E-06
-0.4437749410E-05 -0.6085290413E-05
 0.1552365005E-06  0.1702037888E-05
-0.3409647268E-05 -0.5037987552E-07
 0.3479206706E-05  0.2390993567E-05
 0.1462695915E-05 -0.1930021523E-05
-0.2838636396E-05  0.3190184782E-06
 0.1160970363E-05  0.3769062968E-06
 0.1312745000E-05  0.1681714400E-05
-0.7664553404E-05 -0.7393242013E-05
-0.8520315600E-05 -0.7079923534E-05
-0.9104366218E-05 -0.1078128044E-04
 0.9406878353E-05  0.8563468012E-05
 0.9546302531E-05  0.6151935665E-05
 0.8827409594E-05  0.5717404295E-05
 0.1034159032E-05  0.1234199534E-05
 0.2440976432E-05  0.5622123457E-05
-0.3304888917E-05 -0.1336306459E-05
 0.3961046598E-05  0.1091294786E-04
-0.6322600104E-05 -0.1083390735E-04
-0.7585775341E-05 -0.5278530937E-05
-0.8809601280E-05 -0.8871743388E-05
-0.7027739259E-05 -0.2914848930E-05
 0.5096133306E-05  0.4522349421E-05
 0.4681577766E-05  0.1601103989E-04
-0.1971258650E-05  0.6377837374E-05
-0.2385093834E-05  0.7894394120E-04
-0.1203715041E-04 -0.1744062309E-04
-0.1492575464E-05 -0.5563525419E-05
-0.6235387433E-05 -0.1896267881E-04
 0.1955163540E-05 -0.3349881600E-05
-0.4332051075E-05  0.4437272623E-05
 0.8033467407E-05  0.9410778790E-05
 0.6141558876E-05  0.6275598183E-05
 0.8242336653E-05  0.8022643743E-05
-0.8282902945E-05 -0.1003377549E-04
 0.1199522493E-05  0.2529730730E-05
-0.5481971864E-05 -0.4122761313E-05
 0.1472255959E-05  0.5287771657E-05
-0.3311513657E-05 -0.5518844091E-05
 0.7514545024E-05  0.5792391600E-05
 0.5899558555E-05  0.5292599580E-05
 0.1128396400E-05 -0.5260407640E-06
-0.5634480925E-05 -0.8455610769E-05
-0.6481599824E-05 -0.8321207926E-05
-0.6223190355E-05 -0.9013483765E-05
 0.5484569174E-05  0.7639862782E-05
 0.7810509803E-04 -0.6630041628E-04
-0.7510382744E-04 -0.1312839275E-05
-0.2191288221E-04 -0.4267235095E-04
 0.3967379054E-04  0.2142854184E-04
 0.1284974689E-03 -0.1077967291E-03
-0.6577124107E-04  0.9037816344E-06
-0.5322357565E-04 -0.7290632409E-04
 0.6689232678E-04  0.4171892918E-04
-0.1893345378E-04 -0.2744853085E-04
-0.2998770788E-04 -0.4456946926E-04
-0.1596402495E-04 -0.2234159779E-04
 0.1291348470E-04  0.2119259855E-04
 0.3029216559E-04  0.3244785162E-04
 0.1568333936E-04  0.2467314890E-04
 0.4003243409E-04  0.1586850491E-03
-0.3394957663E-04 -0.3671535411E-04
 0.1279852601E-03 -0.1221274968E-03
-0.2743312033E-03 -0.1191020293E-03
-0.3504919023E-04 -0.4962246883E-04
 0.6142906220E-04  0.1200531340E-04
-0.1532630110E-04 -0.1448746395E-04
-0.2842987091E-04 -0.3673136108E-04
-0.8809327023E-05 -0.1212556078E-04
 0.3156737957E-05  0.1574979480E-04
-0.3990538255E-04 -0.5838285743E-04
-0.3121826924E-04 -0.5392694071E-04
-0.3350443688E-04 -0.4808616726E-04
 0.3435755419E-04  0.4955302147E-04
-0.3555201135E-05 -0.9524153614E-05
-0.1528173744E-04 -0.2439143418E-04
 0.1433795688E-05 -0.1359013987E-04
-0.4235363224E-05  0.4310621764E-05
 0.1066538809E-04  0.2460066369E-04
-0.2211340215E-05  0.8894883844E-05
 0.1404214710E-04  0.3435016366E-04
-0.2057216181E-04 -0.3103581330E-04
 0.4134237440E-04  0.4158676208E-04
 0.3785700333E-04  0.6659395207E-04
-0.7197676091E-05  0.1555376266E-03
-0.1612418949E-04 -0.5346906673E-04
 0.2016190567E-04  0.3569188548E-04
 0.1087306250E-04  0.1493709891E-04
 0.3122374496E-04  0.2874787685E-04
-0.3861520395E-04 -0.3689204471E-04
 0.9556026466E-04  0.5640366488E-04
 0.6308000315E-04  0.2942355994E-04
 0.1190877978E-03  0.6723082043E-04
-0.1019104133E-03 -0.4142114002E-04
-0.8878466532E-04 -0.6474741244E-04
-0.1364482533E-03 -0.9932627399E-04
-0.6859112593E-04 -0.7491635855E-04
 0.5969581424E-04  0.7270161264E-04
 0.3871031445E-05 -0.1231082053E-04
-0.1064705307E-04  0.1744920917E-04
-0.1932122944E-04 -0.4228875075E-05
 0.3274171363E-04  0.2352714766E-05
-0.1326450873E-05  0.1312150323E-05
-0.1302846442E-06  0.3212728941E-06
-0.5442831154E-06  0.3484676719E-06
 0.6404398281E-06 -0.8585247356E-07
-0.1784187113E-04 -0.3629074437E-05
-0.8782514334E-05 -0.1090671081E-06
-0.1648812949E-04 -0.3799462971E-05
 0.1661948500E-04  0.7236059411E-05
-0.3492181782E-05  0.8941650662E-06
-0.1128263804E-05  0.4971891809E-06
-0.2610025379E-05  0.8237723455E-06
 0.2311923410E-05  0.5742313560E-06
-0.1416637128E-04 -0.3156730428E-05
-0.5896472347E-05  0.8079190863E-06
-0.1246857113E-04 -0.2754182003E-06
 0.1229860360E-04  0.5496458922E-05
 0.5540143123E-05  0.1922998053E-05
 0.1472771251E-04  0.6646310522E-05
 0.7138357956E-05  0.2403023709E-05
-0.7311206055E-05  0.2905258192E-06
 0.1069070729E-05  0.1356327936E-06
 0.2947090652E-05  0.7484521816E-06
 0.2947648346E-05  0.5961944280E-06
-0.1584377794E-05  0.5301516686E-06
 0.9191173085E-05  0.2753749727E-05
 0.1678443765E-04  0.7059559809E-05
 0.1963851847E-04  0.1011671151E-04
-0.1046110610E-04 -0.3627944261E-06
-0.3642693706E-05  0.2198137700E-05
-0.1756872997E-05  0.3532158067E-05
-0.4564867530E-05  0.1037206327E-05
 0.6594552473E-05  0.8083919706E-07
-0.9219962699E-05 -0.7102435765E-05
-0.2217331998E-04 -0.3089655589E-05
 0.4133094369E-04  0.2601281592E-04
 0.2094479552E-04  0.9690477020E-05
 0.1821061750E-04  0.1089775051E-04
 0.2489648203E-04  0.1404278505E-04
-0.2190043371E-04 -0.1169801956E-04
 0.9252025843E-05  0.4603662508E-05
 0.9120430230E-05  0.1259275580E-04
 0.5320967208E-04  0.4047651998E-04
-0.4982843466E-04 -0.3493783072E-04
 0.3122764241E-04  0.1760024209E-04
 0.5004643372E-04  0.3461624744E-04
 0.3289522834E-04  0.1783336016E-04
-0.2972226147E-04 -0.1504803420E-04
-0.4375088770E-04 -0.3091066651E-04
-0.2899399890E-04 -0.1395374275E-04
-0.4495669409E-04 -0.1413392234E-04
 0.4307087245E-04  0.2889430073E-04
 0.9666574898E-06  0.1065650629E-04
-0.2703889069E-05  0.6581756668E-05
 0.3411447687E-04  0.3830513001E-04
-0.3803464820E-04 -0.4848451776E-04
-0.4529010064E-05  0.3198599774E-05
-0.4253527579E-05  0.2003357313E-05
 0.5145063628E-05  0.1377445116E-04
-0.9965738532E-05 -0.2378412118E-04
 0.4080859959E-04  0.5084813005E-04
 0.2927443719E-04  0.4147169000E-04
 0.4058694609E-04  0.4795633809E-04
-0.3887927401E-04 -0.5102325992E-04
-0.3018677941E-04 -0.3871706399E-04
-0.3957132224E-04 -0.4952080304E-04
-0.2405424671E-04 -0.3755733183E-04
 0.1892611462E-04  0.2752023648E-04
 0.3568620853E-04  0.1710384678E-04
 0.5005083183E-04  0.3288950689E-04
 0.6315065759E-04  0.5284644739E-04
-0.3379226725E-04 -0.1374783209E-04
 0.6711560019E-04  0.4703761069E-04
 0.3516548989E-04  0.4028526830E-04
 0.1125027847E-03  0.1647510853E-03
-0.6678854066E-04 -0.5320621452E-04
 0.6096669473E-04 -0.7959397459E-04
-0.3200312200E-04  0.4352256107E-04
-0.5007135328E-04 -0.3714861177E-04
 0.8991425376E-04  0.1728908194E-04
-0.4692987811E-04 -0.5103191287E-04
-0.5804667202E-04 -0.5505733740E-04
-0.4877040029E-04 -0.5770387580E-04
 0.4889783855E-04  0.4976059834E-04
-0.4843445451E-04 -0.3242682503E-04
-0.3076882387E-04 -0.1593423658E-04
-0.4545716518E-04 -0.3425453795E-04
 0.5094856406E-04  0.3448012488E-04
-0.5121234117E-04 -0.5529769097E-04
-0.5449778273E-04 -0.4774216134E-04
-0.5099374856E-04 -0.5240164061E-04
 0.5068943972E-04  0.4391077958E-04
 0.6086089849E-04  0.4972952188E-04
 0.5469676637E-04  0.5394275180E-04
 0.6239405857E-04  0.4801769815E-04
-0.5642573269E-04 -0.5218944381E-04
 0.1365921400E-07 -0.2400657992E-07
-0.1419575603E-07 -0.1447863020E-07
 0.2955924547E-07 -0.5281428275E-07
-0.3088010423E-07  0.3752001397E-07
 0.5804189477E-07 -0.8319027967E-07
 0.2331538300E-06 -0.2045439364E-06
 0.1741250247E-06 -0.1329436714E-06
-0.1757073701E-06  0.1493533308E-06
 0.9640309694E-07 -0.9797877665E-07
-0.7995416291E-07  0.8452451143E-07
-0.6013571740E-07  0.8333679896E-07
 0.5164830851E-07 -0.5872785741E-07
 0.1202588405E-06 -0.6538594584E-07
 0.8606120386E-07 -0.5002095691E-07
 0.5923969391E-07 -0.2846512504E-07
-0.4950642017E-07  0.2940688248E-07
 0.1794089222E-07 -0.1452119536E-07
-0.1370789634E-08 -0.1155394300E-07
 0.7468991329E-08 -0.9771802974E-08
-0.8749867605E-08  0.9645851371E-08
-0.5485830054E-07  0.1798405831E-07
-0.2963887080E-07  0.1429779374E-07
 0.2571602380E-07  0.3284671319E-08
 0.3557925945E-07 -0.1645285681E-07
 0.4115487882E-08 -0.9006333383E-08
-0.1220022184E-07 -0.7743105220E-08
 0.2828490563E-08 -0.4624160194E-08
-0.3436040144E-08  0.9621656079E-08
 0.5114715552E-08 -0.5324569362E-08
-0.8322341786E-07 -0.1609156580E-07
 0.5097942207E-07  0.2211797963E-08
-0.1991296793E-07  0.1352348518E-08
-0.8373516162E-07  0.1944875334E-07
-0.1696516136E-07  0.4703988999E-08
 0.6550190359E-07 -0.1863281798E-08
-0.1568900280E-07  0.1514043318E-08
-0.6913742132E-07  0.1842178503E-07
-0.2009621715E-07  0.1115600709E-07
 0.2502857521E-07  0.1080428427E-08
 0.1979862406E-07 -0.9424758309E-08
 0.6698488364E-07 -0.3591574098E-07
-0.1175268837E-06  0.7535436536E-07
 0.9413244322E-08  0.4607555595E-07
 0.1379930084E-06 -0.8306721530E-07
-0.2373857397E-05 -0.7893475832E-04
-0.1971394482E-05 -0.6377086714E-05
 0.4681285900E-05 -0.1600853408E-04
-0.1204051113E-04  0.1744129482E-04
-0.7026256201E-05  0.2915039332E-05
-0.8801747000E-05  0.8870339311E-05
-0.7582178134E-05  0.5278986435E-05
 0.5094624607E-05 -0.4527026242E-05
 0.3953417959E-05 -0.1090883131E-04
-0.3307765614E-05  0.1338416739E-05
 0.2429666288E-05 -0.5617637022E-05
-0.6312709400E-05  0.1082387416E-04
 0.1958539848E-05  0.3342339141E-05
-0.6231356383E-05  0.1895627885E-04
-0.1490035425E-05  0.5557817390E-05
-0.4334146934E-05 -0.4434891554E-05
-0.9089877405E-05  0.1077687042E-04
-0.8499683309E-05  0.7068768483E-05
-0.7646914694E-05  0.7383740133E-05
 0.9390875240E-05 -0.8553528156E-05
 0.1294153265E-05 -0.1661089784E-05
 0.1144284952E-05 -0.3600538366E-06
 0.8812429530E-05 -0.5708287528E-05
 0.9529084114E-05 -0.6142865959E-05
 0.1016746813E-05 -0.1215651817E-05
 0.1429946636E-06 -0.1697322261E-05
-0.4436697814E-05  0.6086418457E-05
-0.4715801836E-05 -0.8118529188E-06
-0.3397905603E-05  0.3831558253E-07
 0.1348725556E-06  0.1248444330E-05
-0.5135730374E-05  0.4940337966E-06
-0.6683108970E-05 -0.1304144518E-05
 0.6837471298E-06  0.2242566745E-05
 0.1470649371E-05  0.1922939880E-05
 0.3477683777E-05 -0.2387374683E-05
-0.2847432497E-05 -0.3094171311E-06
 0.5891000283E-05 -0.5285024808E-05
 0.7502220175E-05 -0.5783469060E-05
 0.1112244115E-05  0.5418049917E-06
 0.1473112033E-05 -0.5291554058E-05
-0.5469624834E-05  0.4110674233E-05
 0.1202540392E-05 -0.2537178298E-05
-0.3313422650E-05  0.5520680368E-05
 0.8229723075E-05 -0.8015380876E-05
 0.6137406099E-05 -0.6278518799E-05
 0.8024603514E-05 -0.9410069097E-05
-0.8271827380E-05  0.1003104185E-04
-0.6217357656E-05  0.9012714253E-05
-0.6467583423E-05  0.8313867345E-05
-0.5625393792E-05  0.8451769976E-05
 0.5477228415E-05 -0.7636917903E-05
 0.2717600299E-06  0.1210996202E-06
 0.2325691219E-06 -0.1745512903E-08
 0.5900605713E-07  0.1011571732E-07
-0.1391480513E-06 -0.1057708846E-06
 0.1585291062E-07  0.6899685820E-08
 0.1734222370E-07  0.7931087357E-08
-0.1332873718E-07 -0.2065348331E-07
-0.1115667095E-07 -0.8431604827E-08
-0.4061213219E-07 -0.3371256755E-07
-0.1966338396E-08 -0.9512280939E-08
-0.3116252652E-06 -0.3526321207E-06
 0.3004464409E-07  0.7920982474E-08
 0.6228512236E-06 -0.9755591040E-07
 0.1584450422E-05 -0.3866884268E-06
 0.3526075542E-06 -0.4727302795E-07
-0.7483294712E-06 -0.4069817792E-06
 0.4143888037E-05 -0.1339155114E-05
 0.9173397232E-05 -0.2883377616E-05
 0.2461599607E-05 -0.4702943718E-06
-0.4840852108E-05 -0.1745628981E-05
 0.1838180089E-06 -0.1544701658E-07
 0.4615251060E-06 -0.4086564416E-07
 0.7405365438E-07 -0.8362625081E-08
-0.2657339767E-06 -0.1939024534E-06
-0.1303504334E-05 -0.8129659649E-06
-0.4679068639E-06 -0.3040185436E-06
-0.1909169890E-05 -0.8534621093E-06
 0.9793180235E-06 -0.2057259748E-06
-0.3376685766E-07 -0.4861361887E-07
-0.2266301688E-07 -0.3678466156E-07
-0.4236071583E-07 -0.5520052870E-07
 0.1247917442E-07  0.3172710203E-07
-0.1835854441E-07 -0.3712630056E-07
-0.1076242741E-07 -0.4018994465E-07
-0.6851193731E-07 -0.9006428814E-07
 0.3351965505E-09  0.3716146334E-07
-0.1015213678E-06 -0.1073886300E-06
-0.1195349548E-06 -0.1218266685E-06
-0.1485944423E-06 -0.1223443098E-06
 0.9065383612E-07  0.1114193364E-06
 0.4082693548E-07  0.8588666552E-07
 0.3287227709E-07  0.6702226653E-07
 0.7842612924E-08  0.3338084856E-07
-0.5629246043E-07 -0.7259273151E-07
-0.5385405863E-07 -0.2572010696E-07
-0.2824825730E-07 -0.1270139546E-07
-0.1010665277E-06 -0.7181213802E-07
 0.3377368138E-07 -0.3774125533E-08
-0.2227833677E-07 -0.1273719857E-07
-0.2038239359E-07 -0.8753111566E-08
-0.2292070604E-07 -0.1523307211E-07
 0.1230753752E-07  0.3963591712E-08
-0.1748120237E-06 -0.1211037282E-06
-0.7185719956E-07 -0.5256713830E-07
-0.3050506732E-06 -0.2006089773E-06
 0.1327192707E-06 -0.1415233421E-08
 0.3680595441E-07  0.1284107720E-07
 0.7417517908E-07  0.6555850548E-08
 0.1779842483E-07  0.1949779776E-08
-0.4577583198E-07 -0.3286617393E-07
 0.7561915738E-05 -0.4363191142E-05
-0.9005085113E-07 -0.5745543304E-07
-0.7543956366E-07 -0.4445508102E-07
-0.3851506844E-07 -0.2188428594E-07
 0.1110685248E-06  0.5472509346E-07
-0.6287335546E-07 -0.3697004029E-07
-0.6101988598E-07 -0.2942141638E-07
-0.1872753935E-07 -0.1700202817E-07
 0.8503141837E-07  0.3334953467E-07
-0.1846745257E-07 -0.1093277677E-07
-0.1339103008E-07 -0.1088472080E-07
-0.1206179327E-07 -0.9541407931E-08
 0.1438724245E-07  0.1141287886E-07
 0.3224201541E-07  0.1736410862E-07
 0.4468131356E-07  0.2189852486E-07
 0.1009621202E-06  0.4491204348E-07
-0.2770591753E-07 -0.1747842683E-07
-0.1298388110E-07 -0.8970055231E-08
-0.9660155572E-08 -0.6662938062E-08
-0.9364168803E-08 -0.5313559037E-08
 0.6485048990E-08  0.5794629441E-08
-0.6517662315E-08 -0.5499289676E-08
-0.4412154899E-08 -0.3362180146E-08
-0.3457029417E-08 -0.4919388581E-08
 0.1544257026E-08  0.3903075733E-08
-0.1388415804E-07 -0.5596039153E-08
-0.7395596282E-08 -0.6000876694E-08
-0.1419078091E-07 -0.1258886586E-08
 0.1578049294E-07  0.2332000350E-08
 0.4991212444E-09  0.4412474544E-08
 0.7829218263E-08  0.5094145163E-08
 0.4137603573E-08  0.5271490738E-08
-0.7266132799E-08 -0.6452293451E-08
 0.5714465649E-08  0.3032868691E-08
 0.6682853751E-08  0.3760229667E-08
 0.5247542210E-08  0.4692482781E-08
-0.6110671375E-08 -0.4931443899E-08
 0.7153003813E-08  0.5966292875E-08
 0.7885500375E-08  0.8131888363E-08
 0.1112843797E-07  0.8913406911E-08
-0.1055605966E-07 -0.8834180896E-08
 0.1143765869E-07  0.6012638228E-08
 0.2039235559E-07  0.1154672072E-07
 0.4789668589E-07  0.1033862436E-07
-0.1802022711E-07 -0.1047011026E-07
-0.1015779567E-07 -0.9944451000E-08
-0.9136697812E-08 -0.6304014393E-08
-0.8467563502E-08 -0.6941990721E-08
 0.8622822312E-08  0.5895664189E-08
 0.7235068070E-07  0.9083118778E-08
 0.2015945967E-06  0.9655402560E-07
 0.6159717757E-08  0.6537129327E-07
-0.1470510965E-06 -0.8259288155E-07
 0.1708600600E-06  0.1034824378E-06
 0.1590730389E-06  0.1122192974E-06
 0.1173214577E-06  0.1304168442E-06
-0.1362372034E-06 -0.1034039594E-06
-0.6089342161E-07  0.3409453672E-07
 0.4864293652E-07  0.1125732822E-06
-0.1828186683E-07  0.3174421674E-07
-0.7693150718E-07 -0.1156197304E-06
-0.1356794294E-06 -0.1324157389E-06
-0.1490330494E-06 -0.1610293120E-06
-0.1376655217E-06 -0.8943422784E-07
 0.1621871907E-06  0.1616797102E-06
-0.1166331161E-06 -0.6843803432E-07
-0.6112072140E-06 -0.4014703495E-06
 0.6086603726E-07  0.2984831437E-07
-0.2891397040E-05 -0.1370360254E-05
-0.9642482094E-05 -0.1349352677E-05
 0.2582369441E-05 -0.7945089205E-06
 0.5462425121E-06 -0.3518118319E-07
-0.6466825775E-07  0.1374842954E-07
-0.2214836262E-04  0.3111515282E-05
-0.9175099816E-05  0.7098713502E-05
 0.4126301405E-04 -0.2601995496E-04
-0.1245710280E-04  0.2842224046E-06
-0.5893427353E-05 -0.8045595517E-06
-0.1415527690E-04  0.3166001391E-05
 0.1228540957E-04 -0.5495515068E-05
-0.2609349432E-05 -0.8228713474E-06
-0.1128181609E-05 -0.4969806020E-06
-0.3491584977E-05 -0.8934045072E-06
 0.2311049709E-05 -0.5740532494E-06
-0.1647850006E-04  0.3806942291E-05
-0.8780306380E-05  0.1116027920E-06
-0.1783439318E-04  0.3634000989E-05
 0.1660970650E-04 -0.7234272298E-05
 0.7135215635E-05 -0.2402529836E-05
 0.1471602372E-04 -0.6645245232E-05
 0.5536439166E-05 -0.1922596415E-05
-0.7308227809E-05 -0.2873352938E-06
-0.5442757051E-06 -0.3484372287E-06
-0.1302491682E-06 -0.3214041227E-06
-0.1326346927E-05 -0.1311982058E-05
 0.6405355993E-06  0.8581819493E-07
-0.1931624106E-04  0.4229717149E-05
-0.1064108220E-04 -0.1745921869E-04
 0.3876023829E-05  0.1232112760E-04
 0.3274246963E-04 -0.2350688502E-05
 0.1964036763E-04 -0.1011911704E-04
 0.1677646890E-04 -0.7056625195E-05
 0.9189532216E-05 -0.2753224462E-05
-0.1046040764E-04  0.3649397722E-06
 0.2948071240E-05 -0.5966039978E-06
 0.2946320984E-05 -0.7481511614E-06
 0.1069013249E-05 -0.1356380529E-06
-0.1584392861E-05 -0.5299193010E-06
-0.4564550909E-05 -0.1036995764E-05
-0.1756182403E-05 -0.3533817343E-05
-0.3641806891E-05 -0.2196256374E-05
 0.6595342948E-05 -0.8075975618E-07
 0.1448312423E-05  0.1360499369E-04
-0.1523024703E-04  0.2435532243E-04
-0.3530480633E-05  0.9503710399E-05
-0.4257635962E-05 -0.4295772474E-05
-0.3344057096E-04  0.4805229994E-04
-0.3117081600E-04  0.5391759856E-04
-0.3985864465E-04  0.5836082499E-04
 0.3430031554E-04 -0.4953615987E-04
-0.8782729371E-05  0.1210432472E-04
-0.2839149195E-04  0.3670993903E-04
-0.1530188772E-04  0.1447071468E-04
 0.3132086687E-05 -0.1574056415E-04
 0.1400120438E-04 -0.3433592125E-04
-0.2235282744E-05 -0.8880420472E-05
 0.1061657324E-04 -0.2457931770E-04
-0.2052611069E-04  0.3100249836E-04
-0.3501565154E-04  0.4961831667E-04
-0.2743194908E-03  0.1191000766E-03
 0.1279908398E-03  0.1221455828E-03
 0.6140996362E-04 -0.1200620411E-04
-0.1594599064E-04  0.2232870339E-04
-0.2997838260E-04  0.4456263487E-04
-0.1892371770E-04  0.2743963640E-04
 0.1289932431E-04 -0.2118474953E-04
-0.5322430768E-04  0.7289197033E-04
-0.6572719175E-04 -0.9811094171E-06
 0.1284952437E-03  0.1078420969E-03
 0.6691286624E-04 -0.4172273872E-04
-0.2191351037E-04  0.4266318388E-04
-0.7506044881E-04  0.1243818838E-05
 0.7809953171E-04  0.6632191969E-04
 0.3968330175E-04 -0.2142665927E-04
 0.4005843860E-04 -0.1586956749E-03
 0.1567878544E-04 -0.2466761663E-04
 0.3029085400E-04 -0.3244116820E-04
-0.3395676041E-04  0.3671790894E-04
 0.1191197616E-03 -0.6724854541E-04
 0.6306967696E-04 -0.2941262055E-04
 0.9555053809E-04 -0.5638248188E-04
-0.1019121188E-03  0.4141319811E-04
 0.3120268878E-04 -0.2873971915E-04
 0.1085090280E-04 -0.1493023349E-04
 0.2012851333E-04 -0.3568091907E-04
-0.3858778724E-04  0.3687774036E-04
-0.7214858476E-05 -0.1555390636E-03
 0.3781189365E-04 -0.6657763927E-04
 0.4130556174E-04 -0.4157791496E-04
-0.1610644259E-04  0.5346729897E-04
-0.6855186177E-04  0.7489968127E-04
-0.1364504532E-03  0.9933694492E-04
-0.8876477046E-04  0.6473826047E-04
 0.5966274783E-04 -0.7268911145E-04
 0.1124818762E-03 -0.1647510073E-03
 0.3512076518E-04 -0.4027506923E-04
 0.6708089794E-04 -0.4702798468E-04
-0.6676428161E-04  0.5321116081E-04
 0.6314976621E-04 -0.5285244285E-04
 0.5001908479E-04 -0.3287915842E-04
 0.3567360661E-04 -0.1710019143E-04
-0.3378515994E-04  0.1375481292E-04
-0.5004887256E-04  0.3714599798E-04
-0.3197737897E-04 -0.4355565621E-04
 0.6097777976E-04  0.7961700387E-04
 0.8990575159E-04 -0.1727882644E-04
 0.4052324143E-04 -0.4794656155E-04
 0.2920150405E-04 -0.4145034472E-04
 0.4072164130E-04 -0.5083170899E-04
-0.3880526079E-04  0.5099954862E-04
 0.5093411387E-05 -0.1374980394E-04
-0.4251742541E-05 -0.2022716889E-05
-0.4504994708E-05 -0.3247889967E-05
-0.9926351012E-05  0.2379170967E-04
 0.3400516533E-04 -0.3827789506E-04
-0.2645654707E-05 -0.6676623294E-05
 0.1064652718E-05 -0.1080206724E-04
-0.3794170005E-04  0.4848797642E-04
-0.2398575035E-04  0.3755965337E-04
-0.3947398414E-04  0.4948038877E-04
-0.3010824040E-04  0.3867256555E-04
 0.1884203624E-04 -0.2748987153E-04
 0.3287385873E-04 -0.1783053531E-04
 0.4999574617E-04 -0.3461305677E-04
 0.3120051565E-04 -0.1759855433E-04
-0.2969977465E-04  0.1506045663E-04
 0.5311505423E-04 -0.4046694064E-04
 0.9247901213E-05 -0.1276892717E-04
 0.9312424985E-05 -0.4709032764E-05
-0.4975185465E-04  0.3494934489E-04
 0.2486275011E-04 -0.1404079025E-04
 0.1816558362E-04 -0.1090988349E-04
 0.2090890676E-04 -0.9691005551E-05
-0.2186650662E-04  0.1171559062E-04
-0.4489980457E-04  0.1413716968E-04
-0.2896605096E-04  0.1396959023E-04
-0.4369684224E-04  0.3092312735E-04
 0.4300704522E-04 -0.2889015505E-04
-0.5089306517E-04  0.5241259359E-04
-0.5441533874E-04  0.4774083583E-04
-0.5111095327E-04  0.5527377868E-04
 0.5057309118E-04 -0.4389183074E-04
-0.4541426941E-04  0.3426704070E-04
-0.3075301604E-04  0.1594305712E-04
-0.4840264691E-04  0.3243488040E-04
 0.5090822697E-04 -0.3447362359E-04
-0.4869481105E-04  0.5769465791E-04
-0.5800294624E-04  0.5506281989E-04
-0.4687875121E-04  0.5103045145E-04
 0.4883313168E-04 -0.4975131057E-04
 0.6233736343E-04 -0.4801076825E-04
 0.5460731227E-04 -0.5393290371E-04
 0.6078580074E-04 -0.4972354643E-04
-0.5636189691E-04  0.5219486426E-04
 0.5092031576E-07 -0.2223164849E-08
-0.8338402499E-07  0.1612276981E-07
 0.5035581509E-08  0.5331406805E-08
-0.1983262516E-07 -0.1363104285E-08
 0.2760244507E-08  0.4649276624E-08
-0.1231962927E-07  0.7806241281E-08
 0.4063511787E-08  0.9045554278E-08
-0.3371324505E-08 -0.9661427923E-08
 0.6557004558E-07  0.1845178757E-08
-0.1688351161E-07 -0.4731693854E-08
-0.8355944190E-07 -0.1944118940E-07
-0.1577661249E-07 -0.1496406304E-08
 0.7434369338E-08  0.9814296815E-08
-0.1459154765E-08  0.1160965976E-07
 0.1790045767E-07  0.1454862037E-07
-0.8717492779E-08 -0.9675891980E-08
 0.5918282687E-07  0.2844494085E-07
 0.8588203456E-07  0.4998456813E-07
 0.1201829236E-06  0.6533223929E-07
-0.4944736897E-07 -0.2939094782E-07
 0.2577069314E-07 -0.3315253854E-08
-0.2960973730E-07 -0.1431137353E-07
-0.5481324574E-07 -0.1798731663E-07
 0.3552704871E-07  0.1646600950E-07
 0.2508058048E-07 -0.1101607227E-08
-0.2005323063E-07 -0.1120012391E-07
-0.6902701661E-07 -0.1840978837E-07
 0.1975444786E-07  0.9465922455E-08
 0.1740373481E-06  0.1328741647E-06
 0.2329296853E-06  0.2044541427E-06
 0.5795257579E-07  0.8317245310E-07
-0.1755965448E-06 -0.1492842119E-06
 0.2950748019E-07  0.5281788207E-07
-0.1427280394E-07  0.1450973614E-07
 0.1364737128E-07  0.2401687765E-07
-0.3085460361E-07 -0.3750048074E-07
-0.6006416884E-07 -0.8341951431E-07
-0.7987503608E-07 -0.8447424224E-07
 0.9631990522E-07  0.9796372110E-07
 0.5160449736E-07  0.5869778930E-07
 0.9502291644E-08 -0.4618657459E-07
-0.1174381773E-06 -0.7532434269E-07
 0.6690265842E-07  0.3587646865E-07
 0.1379072862E-06  0.8302245501E-07
-0.3138765003E-03 -0.1830117299E-03
 0.3230468174E-03  0.4137812892E-04
 0.2757046131E-03  0.2335207003E-04
-0.2976512814E-03 -0.5286708962E-04
 0.3029224232E-03  0.8271737120E-04
 0.2392316578E-03  0.6729439458E-04
 0.2087817864E-03  0.6018087247E-04
-0.2082486055E-03 -0.4517014458E-04
-0.1835326954E-03 -0.1063869760E-03
 0.1895396335E-03  0.2437065050E-04
 0.1511477378E-03  0.1398636506E-04
-0.1698152822E-03 -0.3019470981E-04
-0.1565899544E-03 -0.3934821033E-04
-0.3853195702E-03 -0.9014875126E-04
-0.3022314502E-03 -0.6875453839E-04
 0.2864116893E-03  0.1068707689E-03
 0.1873470298E-03  0.5020146277E-04
 0.1404668658E-03  0.3208294199E-04
 0.1285782742E-03  0.2800067879E-04
-0.1228955322E-03 -0.1705725584E-04
 0.9239059423E-04  0.1238774570E-04
 0.6092362358E-04  0.8863560350E-07
 0.2956891062E-04  0.1685067804E-05
 0.8783809289E-04  0.1110746574E-04
 0.6262173511E-04  0.8566156997E-07
 0.5778155991E-04 -0.1256474098E-05
-0.5533103051E-04  0.7759596992E-05
-0.5553567906E-04  0.1583552360E-05
-0.8314502848E-04 -0.2919065404E-05
-0.8407419601E-04 -0.9629337286E-05
 0.9454017523E-04  0.1355036652E-04
-0.1129070302E-03 -0.6273512731E-04
 0.9886319936E-04  0.2334564189E-05
 0.8474082819E-04  0.4354191937E-05
-0.8780642973E-04 -0.8919327312E-05
 0.7954658747E-04  0.1064597644E-04
 0.5392680873E-04 -0.1970325659E-05
 0.4740154296E-04 -0.1709742801E-05
-0.4719426835E-04  0.7551163532E-05
-0.7888188550E-04 -0.4304476887E-04
 0.4666797583E-04 -0.1444862543E-04
 0.5041863700E-04  0.1840630017E-05
-0.4310589477E-04  0.6101619263E-05
-0.3615595173E-04  0.5721655732E-05
-0.1135751109E-03  0.3596841373E-05
-0.7779255558E-04 -0.6992195122E-05
 0.7486742477E-04  0.2396836696E-04
-0.5032971575E-04  0.6831485203E-05
-0.7127230056E-04 -0.5588083479E-05
-0.7752115125E-04 -0.2906351055E-05
 0.8103873511E-04  0.1126295532E-04
-0.7934402938E-04 -0.1319914629E-04
-0.2131155278E-03 -0.3827136288E-04
-0.1580314823E-03 -0.3230823837E-04
 0.1491499669E-03  0.5870214468E-04
-0.1116899046E-03 -0.1621560691E-04
-0.1477961173E-03 -0.3349119940E-04
-0.1634698814E-03 -0.3346520518E-04
 0.1698771330E-03  0.4624342132E-04
 0.1607839259E-03  0.4075424943E-04
 0.1183762954E-03  0.2440617130E-04
 0.1037169130E-03  0.2278298145E-04
-0.1037939908E-03 -0.1265652083E-04
-0.6234946171E-04 -0.3617215729E-04
 0.1775768205E-04 -0.2322189663E-04
 0.3116486986E-04  0.3590297518E-05
-0.1938777415E-04  0.1304849335E-04
 0.1411633534E-04 -0.1703580583E-04
 0.5942469992E-05 -0.2208571712E-04
 0.3653805870E-05 -0.2183244706E-04
-0.4907519209E-05  0.2249039616E-04
-0.5085716217E-04 -0.3319547070E-04
 0.1357936727E-05 -0.2632209282E-04
 0.1722117091E-04  0.6767488718E-05
-0.6719897946E-05  0.1616923559E-04
-0.2306644391E-05  0.2167444230E-04
-0.3065400487E-04  0.4297838499E-04
-0.1450966623E-04  0.1616273715E-04
 0.1639299024E-04 -0.7884663440E-05
 0.5655678982E-05 -0.2011777180E-04
 0.7595263940E-05 -0.1493091692E-04
 0.5514882436E-05 -0.1808810516E-04
-0.7206934666E-05  0.1713003314E-04
 0.9110859054E-05 -0.9559121595E-05
 0.9567968576E-05 -0.7437297403E-05
 0.2198644231E-05 -0.1579407091E-05
 0.6954875382E-05 -0.1512829960E-04
 0.9364156277E-05 -0.9922654185E-05
 0.8071712846E-05 -0.1213115680E-04
-0.9026747281E-05  0.1210382221E-04
-0.8739009753E-05  0.7786707697E-05
-0.8172558421E-05  0.1428375926E-04
-0.8424230215E-05  0.9567166681E-05
 0.8486581770E-05 -0.1219118809E-04
-0.2793725635E-04 -0.2466456432E-04
-0.2292715996E-05 -0.1507544418E-04
-0.7127176180E-06  0.1086273687E-04
-0.5391821026E-05  0.8325447293E-05
 0.3312346527E-05 -0.1112358561E-04
 0.6220617710E-05 -0.1031852792E-04
 0.2295280780E-05 -0.3553660477E-05
-0.7654515448E-05  0.8653207090E-05
 0.1602340831E-04  0.7871338850E-05
-0.6373465697E-05  0.1037343784E-04
-0.3240224571E-04  0.1124150137E-04
 0.5401241170E-05 -0.6780161775E-05
-0.4850213928E-05  0.2428946355E-05
-0.1459863116E-04 -0.4679858667E-05
-0.5901593486E-05  0.8773141816E-05
 0.3540760045E-07 -0.1959866101E-05
-0.8421985627E-05  0.1182249804E-04
-0.6570924782E-05  0.1324636401E-04
-0.7110462161E-05  0.1499492156E-04
 0.5323680735E-05 -0.1512010970E-04
-0.3082476901E-05  0.1608316558E-04
-0.1556960567E-04  0.3774215671E-04
-0.5547422098E-05  0.1730878817E-04
 0.5070901730E-05 -0.1179083331E-04
-0.5266370755E-05  0.1820234543E-04
-0.4248946263E-05  0.1972985292E-04
-0.5182820741E-05  0.2058102476E-04
 0.3977021456E-05 -0.2095710840E-04
 0.4178924430E-05 -0.1938391469E-04
 0.3802616032E-05 -0.1936977138E-04
 0.1610716019E-05 -0.1788748541E-04
-0.4241225589E-05  0.1824065364E-04
 0.3720935693E-05 -0.1077676618E-05
-0.7950862834E-05  0.1193581340E-04
-0.7120155396E-05  0.1953530560E-04
-0.8310609197E-05  0.1419776065E-04
 0.7801901268E-05 -0.1711326639E-04
 0.7251217421E-05 -0.4545008357E-06
 0.9227964453E-05 -0.1424001516E-04
 0.8679203400E-05 -0.1204731321E-04
 0.5561988934E-05 -0.4975432376E-06
-0.6312660878E-05  0.2181160800E-04
-0.1096221120E-04  0.1878878048E-04
-0.1201959412E-04  0.2082568580E-04
 0.1225813732E-04 -0.1882317737E-04
-0.1301773781E-04  0.1630791737E-04
-0.5653872353E-04  0.3002440635E-04
-0.3598393373E-04  0.8702856933E-05
 0.3509220160E-04  0.3325665697E-05
-0.1964562340E-04  0.1837255241E-04
-0.3113111547E-04  0.1090414133E-04
-0.3325085079E-04  0.1366381407E-04
 0.3511185012E-04 -0.8920550494E-05
 0.3632224141E-04 -0.7662616803E-05
 0.2110888859E-04 -0.1619215537E-04
 0.1783658563E-04 -0.1523248416E-04
-0.1829964726E-04  0.1849654740E-04
 0.8115374080E-05 -0.4326838331E-05
-0.2332690245E-04  0.1350810177E-04
-0.3584985119E-04  0.1446199031E-04
-0.3632638898E-04  0.9067596422E-05
 0.4063171539E-04 -0.8765804303E-05
 0.2243321179E-04 -0.6579125343E-06
 0.4004734456E-04 -0.8106600234E-05
 0.2596445629E-04 -0.1299942053E-04
 0.6270080654E-05 -0.9125297443E-05
 0.3767743579E-04 -0.9911109943E-05
 0.2566119551E-04 -0.1450282946E-04
 0.2290920663E-04 -0.1583113310E-04
-0.2258741694E-04  0.1894906974E-04
 0.1696738571E-04 -0.1524759475E-04
 0.1165671170E-04 -0.1550001875E-04
 0.8277478578E-05 -0.1542075214E-05
 0.1377749463E-04 -0.1918997253E-04
 0.1023832906E-04 -0.1820841670E-04
 0.7689274400E-05 -0.2076033992E-04
-0.9031705986E-05  0.2115533814E-04
-0.1034546357E-04  0.1560065786E-04
-0.1400287580E-04  0.2079989716E-04
-0.1515645450E-04  0.1551490620E-04
 0.1595125913E-04 -0.1732950479E-04
-0.1112826663E-03  0.3331266198E-03
-0.1168826252E-03  0.1728665553E-03
-0.1331544966E-04  0.1665381692E-03
-0.1061153132E-03 -0.1885042757E-03
-0.1627874232E-03  0.2668631333E-03
-0.3311084384E-03  0.2847729294E-03
-0.1187800612E-03  0.8941702836E-04
-0.1457154184E-03 -0.2105956890E-03
 0.5387320694E-04 -0.7230438527E-04
 0.5598012561E-04 -0.1207185265E-03
 0.1202380259E-03 -0.2168561118E-03
-0.9110663137E-04  0.1242023703E-03
-0.1010369344E-03 -0.3127213948E-04
-0.9999186719E-04 -0.6954230215E-04
-0.1203853027E-03 -0.1792088569E-03
-0.3589040531E-04  0.1192049474E-03
 0.1562940770E-03 -0.3376531606E-03
 0.1754766953E-03 -0.4171769382E-03
 0.1452118896E-03 -0.3037794183E-03
-0.4999131935E-04  0.3899910169E-03
 0.1423432088E-03 -0.5666204913E-03
 0.3463605291E-04 -0.6885835812E-03
 0.7247828845E-04 -0.5015941167E-03
 0.9012922477E-05  0.5616754749E-03
 0.1145459562E-03 -0.2989453688E-03
 0.8553870400E-04 -0.3420670348E-03
 0.6648544028E-04 -0.2345197436E-03
 0.6590879408E-05  0.3160943530E-03
 0.2002130531E-04  0.4403278425E-03
-0.2387502378E-04  0.3582531647E-03
-0.2043773630E-04  0.5032042041E-03
 0.1467215646E-03 -0.3923225967E-03
 0.1118857737E-04  0.3217062409E-03
-0.4283836650E-04  0.5636329705E-03
-0.8088875465E-04  0.4572254631E-03
 0.2686933343E-04 -0.7260595791E-03
-0.5063770983E-04  0.4381093834E-03
-0.7195506265E-04  0.2997789165E-03
-0.7116498726E-04  0.2342858923E-03
 0.1454143167E-03 -0.3228524554E-03
-0.2359499806E-03  0.4194885055E-03
-0.9789185596E-04  0.4213647838E-04
-0.2959490717E-03  0.1709918981E-03
-0.2634335788E-03 -0.9232496904E-04
 0.1833697220E-04 -0.2525344330E-03
-0.1149304337E-03 -0.4936768937E-03
 0.1249463923E-03 -0.5029368140E-03
-0.7502250011E-04  0.3484114944E-03
 0.3710365561E-04 -0.2105641610E-03
 0.4025696824E-05 -0.2339552261E-03
 0.3132404681E-05 -0.1709023217E-03
 0.5377045372E-04  0.2165734197E-03
-0.7038280259E-04 -0.2777705774E-03
-0.2982041172E-03 -0.2285794096E-03
-0.9334393631E-04 -0.1908790117E-03
 0.2626749688E-03  0.2117524172E-03
 0.8370964888E-05 -0.2606531020E-03
-0.7456311262E-04 -0.2189849414E-03
-0.2718682614E-04 -0.2418488358E-03
 0.1534367008E-03  0.2308456233E-03
 0.1735244509E-03  0.1927822447E-03
 0.9103254103E-04  0.1769043421E-03
 0.1246165144E-03  0.2448280190E-03
-0.1316771343E-04 -0.2194329792E-03
-0.2750793856E-04 -0.3496690936E-03
-0.1640017301E-03 -0.2803203738E-03
-0.3528981132E-03  0.4091414931E-04
 0.4358170248E-03 -0.4738207148E-04
 0.2286842518E-03 -0.1981966196E-03
-0.4754931355E-03  0.1258459510E-03
-0.8004013331E-03  0.2678227361E-03
-0.5200414551E-03  0.1580991207E-03
 0.6660395211E-03 -0.2078070384E-03
 0.1103122898E-02 -0.4819363556E-03
 0.7958961656E-03 -0.2412854432E-03
 0.1007460023E-02 -0.6696906901E-03
-0.8412031014E-03  0.1968957118E-03
-0.6162472115E-04 -0.3662759184E-04
-0.1153862470E-03 -0.7764529783E-04
 0.9736408272E-04 -0.3712808232E-04
 0.6600516348E-04  0.9929523608E-04
-0.1439037919E-03 -0.8447450051E-04
-0.4078555328E-03  0.7539155405E-04
-0.1365198341E-03 -0.3706835359E-04
 0.3536375801E-03  0.1915243836E-04
-0.2115134550E-03  0.1889198467E-03
-0.1127325736E-04  0.2249181645E-03
 0.1548744018E-03  0.1624737403E-04
 0.6425015874E-05 -0.8080211827E-04
 0.5092455706E-03 -0.9632464666E-04
 0.3436992077E-03 -0.1381469905E-04
 0.4871423664E-03 -0.8453642108E-04
-0.2900717318E-03  0.4681598854E-04
 0.1151216198E-03  0.6672534297E-05
 0.3617431749E-04  0.6487925400E-04
 0.1453224392E-03  0.1431465223E-03
-0.9197705002E-04  0.1887660828E-04
 0.3448578220E-03 -0.4461037242E-04
 0.2208589406E-03  0.1312544326E-03
 0.3560863091E-03 -0.5366946069E-04
-0.2005723463E-03 -0.6591160710E-04
-0.1380563906E-03 -0.8453825641E-04
-0.2317210197E-03  0.1479446840E-04
-0.1808959332E-03 -0.1262998209E-04
 0.2645392489E-03  0.5956473151E-04
 0.1590628504E-03 -0.1575319750E-03
 0.1911644431E-03  0.3070820817E-03
-0.2676404102E-04 -0.9273825069E-05
-0.2432649725E-03 -0.3897999169E-03
 0.9136932138E-04  0.3063878758E-03
 0.3441813568E-04  0.2549483746E-03
 0.6325355299E-04  0.3694950554E-03
 0.3649144518E-04 -0.2820118740E-03
-0.2632942033E-04  0.8471685106E-04
 0.7590129036E-04  0.4541751678E-03
 0.6372642226E-05  0.1837946517E-03
-0.7119939581E-04 -0.5564656425E-03
-0.1385459569E-04 -0.4256689337E-03
-0.1713685146E-03 -0.4687016134E-03
-0.5998341265E-04 -0.3551678491E-03
 0.1296101905E-03  0.3801124001E-03
 0.2618395952E-03  0.1738740046E-03
 0.1472381225E-03  0.7567250587E-04
-0.7471231857E-03 -0.1312558311E-03
-0.5505457060E-03 -0.1254047744E-03
-0.6846473934E-03 -0.1064294935E-03
 0.7818956363E-03  0.1642316113E-03
 0.6084300409E-03  0.1390480416E-03
 0.8196959911E-03  0.1413953558E-03
 0.2031852605E-03  0.1184161616E-03
 0.7302120999E-04  0.2647416266E-04
 0.3887522941E-04  0.6396414591E-05
-0.1857902701E-03 -0.4645136770E-04
-0.1254104895E-03 -0.2548197635E-04
-0.1791287673E-03 -0.3651391211E-04
 0.2058636428E-03  0.5718794334E-04
 0.1381891364E-03  0.2978774731E-04
 0.2049981914E-03  0.5299750726E-04
 0.5251177282E-04  0.1415733629E-04
-0.5904796233E-03 -0.9681500798E-04
-0.4389177366E-03 -0.9399920921E-04
-0.4982017934E-03 -0.9589671282E-04
 0.5752448139E-03  0.1280166086E-03
-0.3250401632E-03 -0.7608260989E-04
-0.2290887879E-03 -0.5446562203E-04
-0.2840922620E-03 -0.7302534457E-04
 0.3295764127E-03  0.9626127712E-04
-0.5364731587E-03 -0.9175362597E-04
-0.2718978139E-03 -0.6534298623E-04
-0.6129459362E-03 -0.1324904483E-03
 0.4890715345E-03  0.1505264592E-03
 0.3788220867E-03  0.1019291870E-03
 0.5132053657E-03  0.1089476880E-03
 0.4436702877E-03  0.1140062491E-03
-0.3881835767E-03 -0.7813940361E-04
 0.2659464504E-03  0.7739482231E-04
 0.3740147072E-03  0.1066247236E-03
 0.2979966747E-03  0.8778931856E-04
-0.2587428481E-03 -0.5895864846E-04
 0.5083449391E-03  0.1320240761E-03
 0.6726591195E-03  0.1412547263E-03
 0.5866260193E-03  0.1520215017E-03
-0.5104322138E-03 -0.1025973384E-03
 0.3005619952E-03  0.8190703054E-04
 0.4336286565E-03  0.1134128607E-03
 0.1036128295E-03  0.4600763493E-04
-0.3918657980E-03 -0.1011000191E-03
-0.2716473938E-03 -0.7256251124E-04
-0.3671577139E-03 -0.8407851442E-04
 0.4234599980E-03  0.1222672795E-03
 0.4881345005E-03  0.4525257548E-05
-0.5239250202E-03 -0.2860277595E-03
 0.4701965912E-03  0.1178906036E-04
-0.4576218952E-03 -0.3952916586E-04
 0.7868194668E-03 -0.9679889667E-04
-0.7729415766E-03 -0.3577312702E-03
 0.5452020066E-03 -0.1219349119E-03
-0.5734078808E-03  0.7625360742E-04
 0.5958784471E-03  0.9865007797E-04
 0.7342570461E-03  0.4723730969E-04
 0.7169040177E-03  0.1039088798E-03
-0.6417959739E-03 -0.5978731577E-04
-0.8408971861E-03 -0.3507490832E-04
-0.3993186604E-03 -0.5157431180E-04
-0.8187742939E-03 -0.9609742457E-04
 0.7057710601E-03  0.1282689901E-03
 0.1000566946E-02 -0.3105910844E-03
-0.8420426204E-03 -0.2233218958E-03
 0.1505517652E-03 -0.3616955868E-03
-0.1947738183E-03  0.2990989911E-03
 0.7113272432E-03 -0.4773401460E-03
-0.3933008398E-03  0.9816421430E-04
-0.4158137199E-03 -0.3225870380E-03
 0.3712729592E-03  0.2780786968E-03
-0.3056966212E-04 -0.3123800113E-03
-0.3951173143E-03 -0.3230358387E-03
-0.1470914772E-03 -0.3996853017E-03
 0.1449738486E-04  0.3458991234E-03
-0.2464603976E-04  0.2726387948E-03
 0.2646179924E-03  0.2439323593E-03
 0.2693524920E-03  0.1526115167E-03
-0.3589141691E-03 -0.1545988175E-03
 0.8392445111E-03  0.1174067064E-03
 0.9745204010E-03  0.3562424750E-04
 0.9850828024E-03  0.1332285649E-03
-0.8764144188E-03 -0.7244362033E-04
 0.9673201342E-03 -0.1189687534E-03
 0.7565836953E-03 -0.3475006653E-03
 0.1031933164E-02 -0.1759357849E-03
-0.1057169220E-02  0.1791651232E-03
 0.1033815046E-02  0.9167885771E-04
 0.1148035279E-02 -0.5347279132E-04
 0.2883414951E-03  0.2334383662E-03
-0.1116799197E-02  0.9509184380E-05
-0.9571572756E-03 -0.9657147864E-04
-0.1033996726E-02  0.1631671056E-04
 0.1125245674E-02  0.2868311581E-04
-0.7795525334E-03  0.2955143111E-03
-0.9196727981E-03  0.1191561669E-03
-0.7114105684E-03  0.1938482484E-03
 0.7127671352E-03 -0.2410153225E-03
-0.8886693353E-03 -0.2167074845E-05
-0.7389643512E-03 -0.7339578651E-04
-0.7376048602E-03 -0.2916960274E-04
 0.8271191784E-03  0.4977391165E-04
-0.1005991033E-02  0.1664026577E-03
-0.4236279501E-03  0.6022086342E-04
-0.8262384939E-03  0.6085254910E-04
 0.7232874097E-03 -0.3234999977E-04
 0.7171795696E-03 -0.3760073339E-04
 0.7202003316E-03 -0.1806032035E-03
 0.8630027056E-03 -0.7765267676E-04
-0.8220160924E-03  0.9929911606E-04
-0.1890881773E-04 -0.2815084903E-03
 0.1940292984E-03  0.1630320141E-03
-0.4219427319E-03 -0.1252029580E-03
 0.3519225465E-03  0.8021328844E-04
-0.4746167914E-03  0.1617179133E-04
 0.3730255027E-03  0.2840298602E-04
 0.3656932884E-04 -0.1080974099E-03
-0.8117129291E-04  0.2862844856E-04
-0.4510958807E-03 -0.5431702032E-04
-0.2588876383E-04 -0.8663716777E-04
-0.2263763015E-03 -0.1004000612E-03
 0.1143162412E-03  0.7707246200E-04
 0.1030899666E-03  0.3758603705E-04
 0.1848365361E-03  0.1466206290E-04
 0.2128778755E-03 -0.2049433340E-04
-0.2586434750E-03  0.3346586865E-05
-0.4639335830E-03  0.1296101246E-03
 0.2590305798E-03  0.3355128315E-05
 0.2324443268E-03 -0.1404054344E-03
-0.1182406377E-03  0.3858204699E-04
 0.3351214517E-03 -0.1507674440E-03
 0.3162273939E-03 -0.1292429428E-03
 0.4452998680E-03 -0.1388557916E-03
-0.3907831863E-03  0.1775926817E-03
-0.5075617269E-03  0.1131992632E-03
-0.3915863926E-03  0.1137834506E-03
 0.7222977053E-04  0.1793244778E-03
 0.2376565469E-03 -0.3746316537E-04
 0.1261176596E-03 -0.1636250294E-03
 0.6048205456E-03 -0.2318574659E-03
 0.6344919211E-03 -0.3212186361E-03
-0.4829129498E-03  0.2020619404E-03
 0.7271253171E-03 -0.2401610831E-03
 0.6376515462E-03 -0.1829631758E-03
 0.8919604588E-03 -0.3565766043E-03
-0.6777925454E-03  0.2383341931E-03
 0.1104836171E-02 -0.5354535458E-03
 0.1244817015E-02 -0.5958995617E-03
 0.4694377170E-03 -0.1925903996E-03
-0.8935936920E-03  0.3436185484E-03
-0.8205933493E-03  0.3068467287E-03
-0.7147194971E-03  0.2558560562E-03
 0.9767203594E-03 -0.4019950981E-03
-0.5218275755E-03  0.1651865281E-03
-0.5730110817E-03  0.1969746087E-03
-0.4379977911E-03  0.1439361329E-03
 0.5335830316E-03 -0.1609026329E-03
-0.4711881018E-03  0.1742679504E-03
-0.1538672828E-03  0.1236594543E-03
-0.2394505724E-03  0.1109283484E-03
 0.2545519484E-03 -0.1379759941E-03
-0.1861199385E-03  0.4615830321E-04
-0.3711744652E-03  0.8956241244E-04
-0.3348134668E-03  0.6057984232E-04
 0.3118079173E-03 -0.5373456698E-04
 0.2756011844E-03 -0.1129544842E-03
 0.4167261977E-03 -0.1393652529E-03
 0.5078817563E-03 -0.1801137143E-03
-0.3912891388E-03  0.1415392556E-03
 0.4685934140E-03 -0.2649787164E-03
-0.9017212356E-03 -0.3582841634E-03
-0.3637506886E-03  0.1963753556E-03
 0.3889895712E-03  0.1243063667E-03
 0.6172206100E-04  0.1333479977E-03
-0.1875086224E-03 -0.2167896125E-03
-0.6892457811E-03 -0.2660899315E-03
 0.4782118138E-03 -0.3781620677E-03
-0.7232959856E-04 -0.3508451704E-03
-0.8532067437E-03  0.5284926021E-04
 0.2242289441E-03  0.2728620265E-03
-0.7944283690E-04  0.4473949230E-03
-0.1018625345E-02  0.1865962041E-03
-0.2770042885E-03  0.4439344857E-03
 0.9104732075E-04 -0.5148528538E-03
 0.9826036982E-03 -0.2951281773E-03
-0.3196071819E-03 -0.6323938206E-03
-0.8131573708E-04  0.2289711135E-03
 0.3407792035E-03  0.9906697464E-04
 0.7185395019E-03  0.1601802415E-03
 0.4673934644E-03  0.7901590032E-04
-0.7566475318E-03 -0.1114129802E-03
 0.6335294822E-03  0.2905627638E-03
 0.1740273651E-03  0.3813059417E-03
 0.4135635027E-03  0.2523205924E-03
-0.7300607568E-03 -0.3485948478E-03
 0.5098368931E-03  0.9507104374E-04
 0.6737072974E-03  0.1213643763E-03
 0.7622898144E-03  0.1881766876E-05
-0.8358724092E-03 -0.2440603452E-04
-0.8213221620E-03 -0.2102885883E-03
-0.7491660994E-03 -0.1325403062E-03
-0.9795417638E-03 -0.2299594564E-03
 0.6684216288E-03  0.1793184400E-03
-0.4591202571E-03 -0.4780125578E-03
-0.1063607034E-02 -0.3922627764E-03
-0.8569539282E-03 -0.5583038137E-03
 0.4009409790E-03  0.4347922747E-03
-0.1135915327E-02 -0.2220244098E-03
-0.5932444776E-03 -0.1337521258E-03
-0.1129146491E-02 -0.2366680933E-03
 0.6705229821E-03  0.1553367708E-03
-0.1304358010E-02 -0.5988073226E-03
-0.1551809535E-02 -0.3765233711E-03
-0.1293145925E-02 -0.1953409621E-03
 0.9121904048E-03  0.2103575844E-03
 0.6889642588E-03  0.3840016194E-03
 0.8456549452E-03  0.2932313534E-03
-0.1438822044E-02 -0.4105831440E-03
-0.5065217327E-04  0.2458283387E-03
 0.4236988380E-05  0.2381206860E-03
 0.3975902228E-04  0.1725177775E-03
 0.5717597295E-04 -0.1452558045E-03
-0.3197605362E-04  0.1168280721E-03
-0.1403141444E-04  0.2393480761E-03
-0.4205566429E-05  0.2047677138E-03
 0.7364803380E-04 -0.1217446457E-03
 0.2328498188E-04  0.6006686744E-05
-0.1852612529E-05 -0.2259682029E-03
 0.9622892983E-04 -0.1983131206E-03
 0.1476759068E-05  0.1560947086E-03
-0.5235245087E-04  0.1799651697E-03
-0.6939485183E-04  0.2936140907E-03
-0.4628562862E-04  0.3003557602E-03
 0.1294667043E-03 -0.1734755289E-03
-0.8947752649E-04  0.2317830536E-03
-0.1185971313E-03  0.3429595876E-03
-0.9147286940E-04  0.3631808874E-03
 0.1805739211E-03 -0.1977754485E-03
 0.7526114604E-04  0.1202930207E-03
 0.1162017162E-03 -0.3557021968E-03
 0.1368193179E-03 -0.3413355212E-03
-0.3840725124E-04  0.2224541037E-03
-0.1281721652E-03  0.1433397531E-03
-0.1618437257E-03  0.2581694705E-03
-0.1173490258E-03  0.9879081479E-04
 0.1321311622E-03 -0.1109963403E-03
-0.1402531231E-03 -0.1310599943E-03
-0.1157030386E-03 -0.4319092043E-05
 0.4068491067E-04 -0.7460037346E-04
-0.8602934944E-04  0.1436884845E-03
-0.9962891640E-06  0.1840718115E-03
 0.1745933144E-04 -0.1895021652E-03
 0.1432852681E-03 -0.5162839372E-03
-0.8845136331E-04  0.6900825120E-04
 0.1025396587E-03  0.2474452217E-03
 0.1353605984E-03 -0.4179817291E-03
 0.1699639866E-03 -0.5012775776E-03
-0.7895292340E-04  0.2232842134E-03
 0.3866913892E-04  0.4476377924E-04
 0.5406853084E-04 -0.2701351826E-03
 0.1083675488E-03 -0.2434459624E-03
 0.4939908547E-05  0.1786122140E-03
-0.3623030785E-04 -0.1594846414E-04
-0.1285164508E-04 -0.5789742427E-05
-0.2085001678E-04 -0.3202676349E-05
 0.2134520369E-04 -0.1303221412E-05
-0.5497999737E-04 -0.9766578785E-05
-0.2067786253E-04 -0.3190742680E-05
-0.3303763657E-04  0.5538131229E-06
 0.3318810264E-04 -0.6774758412E-05
 0.2540565644E-04  0.7367639534E-05
-0.3778577104E-04  0.1756045694E-04
 0.2321222829E-04  0.3401660565E-05
-0.2414086559E-04 -0.1426449905E-05
-0.8259970293E-04 -0.4896173906E-06
-0.3265324067E-04  0.1008359850E-05
-0.5174585145E-04  0.6340980219E-05
 0.5129285294E-04 -0.1497488392E-04
-0.1232231877E-03  0.1228534581E-04
-0.5074494413E-04  0.7080208045E-05
-0.8042603699E-04  0.1463902572E-04
 0.7903093945E-04 -0.2669960092E-04
 0.6168562691E-04 -0.1207874456E-05
-0.6061146896E-04  0.2917163939E-04
 0.4504029792E-04  0.1943180064E-05
-0.5690538756E-04  0.7019765551E-05
 0.3999969614E-04  0.3896024954E-05
-0.4687628266E-04  0.2193919241E-04
 0.3186934375E-04  0.3110530751E-05
-0.3721997641E-04  0.1999446409E-05
-0.1819150406E-03  0.2831283168E-04
-0.7760196101E-04  0.1511934858E-04
-0.1241605877E-03  0.2555393983E-04
 0.1209662829E-03 -0.4259621101E-04
-0.2636172609E-03  0.4536428892E-04
-0.1161399576E-03  0.2432746446E-04
-0.1891364074E-03  0.3786341211E-04
 0.1822935029E-03 -0.6206378460E-04
 0.1385994129E-03 -0.1435373877E-04
-0.1172570516E-03  0.6139656986E-04
 0.9878200194E-04 -0.3440809914E-05
-0.1288015682E-03  0.2156045856E-04
-0.3692225962E-03  0.5759706475E-04
-0.1676944768E-03  0.3185509129E-04
-0.2806804664E-03  0.4701889890E-04
 0.2660909539E-03 -0.8146045921E-04
-0.4892263058E-03  0.5349233617E-04
-0.2284280439E-03  0.3107948734E-04
-0.3979997528E-03  0.4262357589E-04
 0.3677829494E-03 -0.9147102008E-04
 0.2710927920E-03 -0.7514599798E-05
-0.2526360821E-03  0.1359221841E-03
 0.2330673121E-03  0.3338710125E-06
-0.2610831587E-03  0.2495222452E-04
 0.1988151683E-03 -0.1703205669E-04
-0.1719294153E-03  0.9246045429E-04
 0.1516248841E-03 -0.5133741154E-05
-0.1874425680E-03  0.2756403889E-04
 0.9346258003E-04 -0.7765258809E-05
-0.8235350216E-04  0.4135229545E-04
 0.6568780702E-04 -0.3572145330E-06
-0.8621252278E-04  0.1378539781E-04
-0.1134897201E-04 -0.6457460623E-05
-0.7935718924E-05 -0.7753814300E-05
-0.1063293258E-04 -0.7438664041E-05
 0.1145852545E-04  0.6309326889E-05
-0.5686000697E-05 -0.8278788076E-05
-0.4043827665E-05 -0.8570069460E-05
-0.5356347581E-05 -0.8822960749E-05
 0.5756282178E-05  0.8034456320E-05
-0.9746587646E-05 -0.8000480539E-05
-0.7040738094E-05 -0.8880822616E-05
-0.9312323736E-05 -0.8728200340E-05
 0.1003805872E-04  0.7584051327E-05
 0.7613940434E-05  0.7977588116E-05
 0.1075651387E-04  0.7095709344E-05
 0.8102711677E-05  0.7552631015E-05
-0.7455543445E-05 -0.8313770530E-05
-0.3221100872E-05 -0.8547404776E-05
-0.3199212152E-05 -0.8164960558E-05
-0.3979547044E-05 -0.8776302537E-05
 0.3442767324E-05  0.7619783601E-05
-0.4017159055E-05 -0.7463043187E-05
-0.5565051678E-05 -0.6287134993E-05
-0.6444420343E-05 -0.7405542432E-05
 0.4586524139E-05  0.5549661532E-05
-0.5622333193E-05 -0.8696482072E-05
-0.7170120409E-05 -0.7495258726E-05
-0.8633796362E-05 -0.8780112768E-05
 0.6429490661E-05  0.6426773647E-05
 0.5263079474E-05  0.5808992648E-05
 0.4436284603E-05  0.7062273712E-05
 0.3547120531E-05  0.6697199607E-05
-0.4699894755E-05 -0.8120557943E-05
-0.9410815126E-05 -0.9329190206E-05
-0.8086562843E-05 -0.9711610108E-05
-0.1051033734E-04 -0.9746211464E-05
 0.1017974953E-04  0.7725892039E-05
-0.8287378331E-05 -0.9420802179E-05
-0.9633851893E-05 -0.8184592517E-05
-0.1213188643E-04 -0.9523816820E-05
 0.9545496195E-05  0.6494636906E-05
-0.1300645737E-04 -0.9543031517E-05
-0.1393059208E-04 -0.8480828934E-05
-0.1797371278E-04 -0.9755261560E-05
 0.1486957761E-04  0.5740262391E-05
 0.1157722612E-04  0.5899598853E-05
 0.1169789047E-04  0.6856286416E-05
 0.8996575823E-05  0.7393555604E-05
-0.1032488458E-04 -0.9752538615E-05
 0.7617756714E-05  0.6249496997E-05
 0.7074607517E-05  0.7407471242E-05
 0.5531874533E-05  0.7458861763E-05
-0.6769418093E-05 -0.9265815112E-05
 0.7716427455E-05  0.8020988575E-05
 0.9773977176E-05  0.7873321399E-05
 0.7359627201E-05  0.8201531128E-05
-0.7157530435E-05 -0.9446128610E-05
 0.4482062345E-05  0.7930488389E-05
 0.5553912895E-05  0.8241036418E-05
 0.4165096588E-05  0.8090831199E-05
-0.4179185448E-05 -0.8993770607E-05
-0.5460665117E-05 -0.9305688027E-05
-0.4976677338E-05 -0.9233347086E-05
-0.6336177295E-05 -0.9635596438E-05
 0.5879977201E-05  0.8124923039E-05
-0.7825206857E-05 -0.5326626445E-05
-0.1327340856E-04 -0.1098050568E-04
-0.1741132594E-04 -0.1477053446E-04
 0.1136801692E-04  0.1949774774E-06
 0.3357730447E-04 -0.2112881674E-04
 0.1753381577E-04  0.1084633467E-04
-0.2392660857E-04 -0.6433995033E-05
-0.2111588700E-04 -0.1796818516E-04
-0.3347178456E-04 -0.3747176163E-04
 0.3666885682E-04 -0.5356721999E-05
 0.2015179200E-04  0.3739911657E-05
 0.2107190572E-04  0.3231287043E-05
 0.1539524104E-04  0.5042436473E-05
-0.2126437610E-04 -0.9834337122E-05
 0.1567173856E-04  0.3236377522E-05
 0.1425168367E-04  0.4568144281E-05
 0.1075212641E-04  0.5467148949E-05
-0.1550957781E-04 -0.9144639492E-05
-0.1651284471E-04 -0.6966839670E-05
-0.1685307773E-04 -0.1878028169E-04
-0.2368572736E-04 -0.3671851394E-04
 0.2603274408E-04 -0.3170581686E-05
 0.4375514554E-04 -0.2921467132E-04
 0.2534982493E-04  0.1913826479E-04
 0.1245640630E-04  0.3078203764E-05
 0.1012106566E-04  0.4993281198E-05
 0.7863168189E-05  0.5260071039E-05
-0.1178838325E-04 -0.8055684018E-05
 0.9529174696E-05  0.3320450615E-05
 0.7552029332E-05  0.4618230349E-05
 0.6048580187E-05  0.4389776286E-05
-0.9082766303E-05 -0.6402585024E-05
-0.9534379785E-05 -0.6536799910E-05
-0.1669209931E-04 -0.1851841958E-04
-0.2097595620E-04 -0.2927387662E-04
 0.1549394307E-04 -0.9507885717E-06
-0.1195288242E-04 -0.6830728208E-05
-0.1601158859E-04 -0.1865489842E-04
-0.1890039832E-04 -0.3608999420E-04
 0.1968964555E-04 -0.1899286749E-05
-0.3439183480E-03  0.3929346488E-04
-0.3086175692E-03  0.4065637773E-04
-0.3697772957E-03  0.3017156921E-04
 0.3697342999E-03 -0.4986517959E-04
-0.2710705071E-03  0.4107293336E-04
-0.2302632237E-03  0.3595288452E-04
-0.2856542164E-03  0.3687352784E-04
 0.2933628586E-03 -0.5261793136E-04
-0.3918273131E-03  0.2422385907E-04
-0.3494045621E-03  0.3028658524E-04
-0.4211280449E-03  0.1079818839E-04
 0.4186954880E-03 -0.3716913321E-04
 0.3540662089E-03 -0.5018133660E-04
 0.3940641972E-03 -0.4442983456E-04
 0.3338825873E-03 -0.5350434500E-04
-0.3288034242E-03  0.3700098019E-04
-0.1925006759E-03  0.2761328692E-04
-0.1617031829E-03  0.1807067908E-04
-0.2061338318E-03  0.2210530417E-04
 0.2109576244E-03 -0.3821613673E-04
-0.1393807502E-03  0.9231675262E-05
-0.1278816878E-03  0.3834463460E-05
-0.1640346495E-03  0.3304426289E-05
 0.1544005176E-03 -0.2386135956E-04
-0.2293277250E-03  0.1446706413E-04
-0.2141312849E-03  0.7352617624E-05
-0.2685942558E-03  0.3798699987E-05
 0.2530260084E-03 -0.3496991801E-04
 0.2031634174E-03 -0.3087850512E-04
 0.2273263353E-03 -0.3644595902E-04
 0.1793757556E-03 -0.3043806467E-04
-0.1805191228E-03  0.1270460763E-04
-0.4516477639E-03 -0.8486149169E-05
-0.4061731530E-03 -0.1036364040E-05
-0.4848327181E-03 -0.3549136157E-04
 0.4753167654E-03 -0.3692479692E-05
-0.3703374339E-03 -0.1016455043E-05
-0.3484430567E-03 -0.7243265634E-05
-0.4338971009E-03 -0.2093312088E-04
 0.4074361024E-03 -0.2598509003E-04
-0.5240071939E-03 -0.7224235024E-04
-0.5106626814E-03 -0.6457716875E-04
-0.5741121390E-03 -0.1110334722E-03
 0.5348439017E-03  0.5328024713E-04
 0.4717258275E-03  0.4716358329E-05
 0.5038625834E-03  0.2311926534E-04
 0.4334992098E-03 -0.1678347746E-04
-0.4480658850E-03 -0.2633199332E-04
 0.3258285901E-03 -0.3408349706E-04
 0.3612363647E-03 -0.3477191428E-04
 0.2886559460E-03 -0.4000653914E-04
-0.2943454222E-03  0.1105866508E-04
 0.4023523973E-03 -0.3205113629E-04
 0.4468775749E-03 -0.2346556172E-04
 0.3761912977E-03 -0.4348883272E-04
-0.3749128814E-03  0.1772945248E-04
 0.2657801979E-03 -0.4365781864E-04
 0.3098364053E-03 -0.4919962059E-04
 0.2505834501E-03 -0.4651250931E-04
-0.2429847052E-03  0.3103796567E-04
-0.3041039064E-03  0.2932568745E-04
-0.2623162216E-03  0.2302022964E-04
-0.3304555293E-03  0.1699795208E-04
 0.3310592867E-03 -0.4346594320E-04
-0.1272448222E-03  0.1365614890E-05
-0.1160406983E-03 -0.4911715088E-04
-0.1929991275E-03 -0.7241386210E-04
 0.1694653481E-03 -0.2697137672E-04
-0.6563901350E-03 -0.1584985363E-03
-0.7160595735E-03 -0.2405475111E-03
-0.6901353780E-03 -0.1630907569E-03
 0.6277568806E-03  0.1052584118E-03
-0.5481858886E-03 -0.1510230381E-04
 0.5555855066E-03  0.1108131753E-03
 0.5016434355E-03  0.9912924189E-04
 0.9303374393E-03 -0.5097709655E-04
 0.6312318897E-04 -0.8908050069E-05
 0.6493895590E-03  0.6980507771E-04
 0.5803174366E-03  0.8458346251E-04
 0.5185480122E-03  0.2903053434E-04
-0.5964545841E-03 -0.9711228480E-04
 0.6001295021E-03 -0.2426337601E-04
 0.4781079014E-03 -0.9671131073E-05
 0.3949450955E-03 -0.3317044094E-04
-0.4396662721E-03 -0.1773653293E-04
-0.5440705273E-03 -0.6366528753E-04
-0.5883265329E-03 -0.1724665449E-03
-0.6040234555E-03 -0.2038726517E-03
 0.5255301130E-03  0.6789425336E-05
 0.3619119202E-03 -0.4141466724E-04
 0.2861041854E-03 -0.2554192000E-04
 0.2498959942E-03 -0.3571158347E-04
-0.2785715900E-03  0.2548831529E-05
 0.1735527208E-03 -0.1803022547E-04
 0.1785232667E-03 -0.2267653817E-04
 0.1438587729E-03 -0.1985782582E-04
-0.1637381992E-03 -0.3314531684E-05
-0.2004708316E-03 -0.3409553370E-05
-0.2232200624E-03 -0.9189526214E-04
-0.3048300638E-03 -0.1141791089E-03
 0.2293814214E-03 -0.2427831245E-04
-0.3295468435E-03 -0.2230919748E-04
-0.4412450440E-03 -0.1656377484E-03
-0.4646453433E-03 -0.1869729642E-03
 0.3099097806E-03 -0.7221570485E-05
 0.9025479846E-04 -0.4654142233E-05
 0.1148589261E-03 -0.1563336374E-04
 0.8710414563E-04 -0.8667720471E-05
-0.1020864414E-03 -0.8226004265E-05
 0.4947997421E-04  0.2830842963E-05
 0.7577213341E-04 -0.8311714691E-05
 0.5364369292E-04 -0.1255243246E-05
-0.6665453951E-04 -0.1229596651E-04
-0.8238023018E-04  0.5987205492E-06
-0.6340895155E-04 -0.2472393500E-04
-0.1262440026E-03 -0.5168101020E-04
 0.1228091237E-03 -0.2428857674E-04
 0.3585325825E-04  0.3883983203E-05
 0.5102389200E-04 -0.4115014204E-05
 0.3482853048E-04  0.2185656901E-05
-0.4396195796E-04 -0.1107942499E-04
 0.2667874461E-04  0.4115289605E-05
 0.3233593225E-04  0.6423729098E-06
 0.2285678433E-04  0.4085001724E-05
-0.3011325125E-04 -0.1047339175E-04
-0.3579555371E-04 -0.4846054914E-05
-0.2830505231E-04 -0.1667859674E-04
-0.5086877572E-04 -0.3935639027E-04
 0.5486960067E-04 -0.1005534272E-04
-0.5546279334E-04 -0.1497409803E-05
-0.4018342389E-04 -0.1582212257E-04
-0.8326525316E-04 -0.4360223901E-04
 0.8730208563E-04 -0.1927611523E-04
 0.1215742974E-03 -0.1823792161E-04
 0.1390054405E-03 -0.2327675276E-04
 0.1088030355E-03 -0.1649730203E-04
-0.1094566369E-03  0.4773513918E-05
 0.1664815315E-03 -0.3085515694E-04
 0.2006013195E-03 -0.3974970114E-04
 0.1591804361E-03 -0.3170331803E-04
-0.1519608637E-03  0.2178331633E-04
 0.1020582347E-03 -0.1632561814E-04
 0.1255676724E-03 -0.2384439600E-04
 0.9869297779E-04 -0.1692892873E-04
-0.9391157582E-04  0.9973989283E-05
-0.1194255257E-03  0.1566022721E-04
-0.9883705344E-04  0.7714809837E-05
-0.1262409378E-03  0.1252474129E-04
 0.1302818174E-03 -0.2308766893E-04
 0.2395795416E-03 -0.4799208350E-04
 0.2804897626E-03 -0.5344915158E-04
 0.2297982750E-03 -0.4852016728E-04
-0.2214503363E-03  0.3791065467E-04
 0.3181145012E-03 -0.5146455858E-04
 0.3641003841E-03 -0.4703592135E-04
 0.2911906874E-03 -0.5087106221E-04
-0.2967518067E-03  0.3453635431E-04
 0.2219740423E-03 -0.4634749770E-04
 0.2653870932E-03 -0.5137776760E-04
 0.2056636882E-03 -0.4549896873E-04
-0.2069104415E-03  0.3391891136E-04
-0.2485712928E-03  0.4477063801E-04
-0.2123672229E-03  0.3871746055E-04
-0.2613214758E-03  0.4138419625E-04
 0.2674560819E-03 -0.5447097719E-04
 0.9707070635E-04 -0.1800156588E-04
 0.1210505374E-03 -0.2593207326E-04
 0.9579534144E-04 -0.1913440799E-04
-0.9092822803E-04  0.1381611402E-04
 0.1474391892E-03 -0.3260891646E-04
 0.1824255040E-03 -0.4092925316E-04
 0.1382284886E-03 -0.3256548392E-04
-0.1379714394E-03  0.2443275722E-04
 0.9516711590E-04 -0.1911905357E-04
 0.1211070132E-03 -0.2727936609E-04
 0.9019060664E-04 -0.1963217114E-04
-0.8964960322E-04  0.1404692091E-04
-0.1117685492E-03  0.2322159705E-04
-0.8976580864E-04  0.1521687883E-04
-0.1139151717E-03  0.2062011053E-04
 0.1187553251E-03 -0.2742094382E-04
-0.1696318737E-03  0.3553068029E-04
-0.1399250601E-03  0.2701918935E-04
-0.1755009008E-03  0.3288056850E-04
 0.1816632878E-03 -0.4234965463E-04
-0.1144225821E-03  0.1983551937E-04
-0.9169721911E-04  0.1222715562E-04
-0.1162810190E-03  0.1795043975E-04
 0.1227457991E-03 -0.2500688325E-04
-0.1788410762E-03  0.3281379620E-04
-0.1466660762E-03  0.2450233160E-04
-0.1845228390E-03  0.3088129898E-04
 0.1932798391E-03 -0.4093223721E-04
 0.1546125475E-03 -0.3261193149E-04
 0.1878354281E-03 -0.4129688249E-04
 0.1505460580E-03 -0.3344736178E-04
-0.1436247061E-03  0.2593216582E-04
 0.1826360465E-04  0.4647960898E-05
 0.1960192504E-04  0.5182464691E-05
 0.1500990417E-04  0.6390460939E-05
-0.1641736242E-04 -0.9577329374E-05
 0.2286493720E-04  0.4753500747E-05
 0.2870973875E-04  0.2935142222E-05
 0.2210938755E-04  0.4859109900E-05
-0.2113949250E-04 -0.7321742952E-05
 0.1336819170E-04  0.7078920966E-05
 0.1695690846E-04  0.6254874072E-05
 0.1288228319E-04  0.7256410788E-05
-0.1236812771E-04 -0.8991207015E-05
-0.1621753833E-04 -0.8312685840E-05
-0.1356684556E-04 -0.9393687499E-05
-0.1768137919E-04 -0.8939946380E-05
 0.1756701408E-04  0.6154904218E-05
 0.3693128958E-04 -0.9018575374E-07
 0.4778338711E-04 -0.4295412816E-05
 0.3735080427E-04 -0.9649575161E-06
-0.3510290882E-04 -0.1519558004E-05
 0.6055563992E-04 -0.8644027213E-05
 0.7894896259E-04 -0.1534927870E-04
 0.5790643117E-04 -0.9355912652E-05
-0.5745835168E-04  0.5584577371E-05
 0.3820069007E-04 -0.1353340944E-05
 0.5104334624E-04 -0.6431084183E-05
 0.3676267052E-04 -0.2054893928E-05
-0.3647569994E-04 -0.4860508010E-06
-0.4624267125E-04  0.4450812587E-05
-0.3553802504E-04 -0.3493835335E-06
-0.4576091872E-04  0.2412703308E-05
 0.4822964649E-04 -0.5704483411E-05
 0.1317088479E-04  0.6961837491E-05
 0.1800434734E-04  0.5253701148E-05
 0.1375604099E-04  0.6392315401E-05
-0.1271758461E-04 -0.7539745670E-05
 0.2381323781E-04  0.3360863656E-05
 0.3278979423E-04 -0.3111411949E-06
 0.2302989452E-04  0.2766945414E-05
-0.2287554747E-04 -0.4465807896E-05
 0.1460748288E-04  0.6082259525E-05
 0.2086816079E-04  0.3579135766E-05
 0.1416068248E-04  0.5649486198E-05
-0.1413810615E-04 -0.6763066815E-05
-0.1835514086E-04 -0.4542892620E-05
-0.1330028183E-04 -0.6770491158E-05
-0.1755203102E-04 -0.5865485836E-05
 0.1878502870E-04  0.4250838548E-05
-0.2930725606E-04 -0.1059801829E-05
-0.2192345461E-04 -0.4456123248E-05
-0.2854909208E-04 -0.2733462179E-05
 0.3030457060E-04  0.4362936166E-06
-0.1649634870E-04 -0.6590991893E-05
-0.1220260299E-04 -0.8268032299E-05
-0.1602119570E-04 -0.7514607500E-05
 0.1719197947E-04  0.5864630738E-05
-0.2741735011E-04 -0.3613671838E-05
-0.2081801300E-04 -0.6348677676E-05
-0.2700786469E-04 -0.4781484410E-05
 0.2879164048E-04  0.2392002654E-05
 0.2231734300E-04  0.4440980636E-05
 0.2958131089E-04  0.1641524726E-05
 0.2288863970E-04  0.3732271272E-05
-0.2133787329E-04 -0.5422824965E-05
-0.7225741495E-04  0.1247926092E-04
-0.5677440975E-04  0.6038638445E-05
-0.7256505287E-04  0.1009551382E-04
 0.7605729152E-04 -0.1484662205E-04
-0.4467877571E-04  0.1398854407E-05
-0.3467153335E-04 -0.2674110179E-05
-0.4446194032E-04 -0.5428641457E-07
 0.4716374321E-04 -0.3390406472E-05
-0.7188417893E-04  0.9049900094E-05
-0.5666622103E-04  0.3276319664E-05
-0.7227427422E-04  0.7286559800E-05
 0.7646495008E-04 -0.1227608562E-04
 0.6011959204E-04 -0.7290559202E-05
 0.7643004006E-04 -0.1329632641E-04
 0.6007929651E-04 -0.8332874440E-05
-0.5678616574E-04  0.4685550435E-05
-0.2740913744E-04 -0.5842858246E-05
-0.2275016136E-04 -0.7956533927E-05
-0.2942632381E-04 -0.6756612077E-05
 0.2968521645E-04  0.2925119099E-05
-0.2095329470E-04 -0.8824130251E-05
-0.2097819744E-04 -0.8143365550E-05
-0.2752139827E-04 -0.9323963331E-05
 0.2382695669E-04  0.3945390867E-05
-0.3388355228E-04 -0.6784720088E-05
-0.3234519905E-04 -0.6865994564E-05
-0.4305385603E-04 -0.7858125618E-05
 0.3848951546E-04  0.5154627233E-06
 0.2929459211E-04  0.2109318830E-05
 0.3254063722E-04  0.1842025737E-05
 0.2507260982E-04  0.4074996802E-05
-0.2646655565E-04 -0.8410841345E-05
-0.7373660955E-04  0.5361288637E-05
-0.6097521691E-04 -0.1009339286E-06
-0.7774853131E-04  0.3106692400E-05
 0.7990365962E-04 -0.1057367231E-04
-0.5397839872E-04 -0.3533752908E-05
-0.5033045858E-04 -0.4381302962E-05
-0.6647533665E-04 -0.6417418021E-05
 0.6014943173E-04 -0.4241017583E-05
-0.8589930891E-04  0.1863964543E-05
-0.7900208221E-04 -0.9015705270E-06
-0.1028172321E-03 -0.1448345297E-05
 0.9553610833E-04 -0.1259437103E-04
 0.7487496203E-04 -0.8152564750E-05
 0.8522547713E-04 -0.1125174994E-04
 0.6676652482E-04 -0.6227429512E-05
-0.6795911391E-04 -0.2193842058E-05
 0.4657248070E-04 -0.2275848346E-05
 0.5253785139E-04 -0.3472765491E-05
 0.4100982697E-04 -0.9209764822E-07
-0.4237861360E-04 -0.5850527031E-05
 0.6245081025E-04 -0.6169866708E-05
 0.7745136037E-04 -0.1122486440E-04
 0.6056308696E-04 -0.6476389158E-05
-0.5777566185E-04  0.1519838360E-05
 0.3804488653E-04  0.4979668735E-06
 0.4735551977E-04 -0.2642998682E-05
 0.3690557497E-04  0.4933423558E-06
-0.3524499297E-04 -0.3957470308E-05
-0.4518199767E-04 -0.1471283957E-05
-0.3742562463E-04 -0.4906083648E-05
-0.4795146177E-04 -0.2909377016E-05
 0.4878809445E-04 -0.2461354687E-05
-0.5009740137E-03 -0.1293401722E-03
-0.4999250094E-03 -0.1719771954E-03
-0.2381773875E-03 -0.6735831988E-04
 0.4683043867E-03  0.1273707989E-03
 0.8979424149E-04 -0.2156628791E-03
-0.3438714419E-03 -0.1363207856E-03
-0.3340510522E-03 -0.5905362588E-04
 0.1835350184E-03  0.4291366942E-04
 0.2602206062E-03  0.1781847969E-03
 0.1733570460E-03 -0.3437644311E-04
-0.4041936069E-03 -0.1194723209E-03
-0.1181517026E-03 -0.3812998983E-04
-0.4937445998E-03 -0.2120670343E-03
-0.5848582674E-03 -0.2463200230E-03
-0.5414511503E-03 -0.2590276394E-03
 0.5722414874E-03  0.2427827386E-03
-0.6579189643E-03 -0.2539835778E-03
-0.6976113055E-03 -0.2435486242E-03
-0.8046274311E-03 -0.3285853529E-03
 0.7291211133E-03  0.2765405854E-03
-0.6010593251E-03 -0.3106077538E-03
-0.7679659566E-03 -0.3738977951E-03
-0.6267615090E-03 -0.3544868317E-03
 0.6755964176E-03  0.3353434101E-03
 0.7539025224E-03  0.3348194700E-03
 0.6276075416E-03  0.2900800827E-03
 0.6554773388E-03  0.2710063691E-03
-0.6743706111E-03 -0.3042192137E-03
-0.6586379956E-03 -0.2115427702E-03
-0.5005997240E-03 -0.1670166423E-03
-0.9421896127E-03 -0.2946547230E-03
 0.6793421559E-03  0.1977825340E-03
-0.2011851275E-03 -0.1340871889E-03
 0.2033934685E-03 -0.1404424498E-03
-0.5574793703E-03 -0.1765486869E-03
 0.4545701817E-04  0.4097128055E-04
-0.1323261476E-02 -0.4107747618E-03
-0.1329041520E-02 -0.3277149431E-03
-0.1844600096E-02 -0.5713594032E-03
 0.1286260643E-02  0.3519383556E-03
 0.7401035663E-03  0.1452263909E-03
 0.9417184090E-03  0.2688778783E-03
 0.4515543317E-03  0.1184498695E-03
-0.8388590378E-03 -0.2347968486E-03
-0.6132338105E-03 -0.3825932693E-03
-0.8785835792E-03 -0.5137898497E-03
-0.5495346661E-03 -0.3656613830E-03
 0.7003466142E-03  0.3658583800E-03
-0.1281651275E-02 -0.6549026070E-03
-0.1857374236E-02 -0.7688723173E-03
-0.1368784362E-02 -0.7253255005E-03
 0.1339843095E-02  0.6030890359E-03
-0.4270077902E-03 -0.2517618333E-03
-0.7151387281E-03 -0.3969539741E-03
-0.2539182055E-03  0.4347439720E-04
 0.5604624623E-03 -0.1970805829E-04
 0.9422730550E-03  0.3770239119E-03
 0.6518609094E-03  0.2674358250E-03
 0.9631268261E-03  0.4902676681E-03
-0.8485954288E-03 -0.5272197574E-03
 0.1505937494E-02  0.5622962982E-03
 0.1199597768E-02  0.5510377884E-03
 0.1210988968E-02  0.4469705318E-03
-0.1486945779E-02 -0.5902286448E-03
 0.9228806097E-03  0.4701009170E-03
 0.7043707774E-03  0.3705997352E-03
 0.8467774667E-03  0.4054866084E-03
-0.8418609841E-03 -0.4487572214E-03
 0.9623019981E-03  0.3399576537E-03
 0.8785780839E-03  0.3569493378E-03
 0.7536637141E-03  0.2537246815E-03
-0.9101353233E-03 -0.3280694254E-03
-0.9659765699E-03 -0.4231775243E-03
-0.1170762046E-02 -0.4418805960E-03
-0.1131794318E-02 -0.5366014473E-03
 0.1037993373E-02  0.4527875324E-03
 0.6057895250E-03 -0.1790582195E-03
 0.8881231596E-03 -0.1812887496E-03
 0.3178500067E-03 -0.1244664910E-03
-0.9914874338E-03 -0.7684331689E-04
 0.1192429063E-02 -0.5445576426E-04
 0.1086496889E-02  0.1154080449E-03
-0.1365399709E-02  0.2229036994E-03
-0.1171473533E-03 -0.1509868307E-04
 0.1317666346E-02  0.3466135490E-04
 0.5079302033E-03  0.1251016472E-03
-0.4219100293E-03 -0.5347921109E-03
-0.1205770484E-02 -0.8894849594E-04
-0.7899994834E-03 -0.2977934235E-03
-0.1326427723E-02 -0.2096532973E-03
 0.7861122725E-03 -0.3600564914E-04
 0.1697888696E-02  0.1183596881E-02
-0.8454064573E-04  0.6354851699E-03
-0.1541836816E-03  0.1137161075E-02
-0.2125985986E-04  0.1634089636E-02
 0.4586090341E-03 -0.1815387857E-02
-0.4369416908E-03  0.2187543751E-02
-0.1480792981E-02  0.4481302381E-02
-0.1898994829E-03  0.6785165391E-02
 0.1163294243E-02 -0.7810826265E-02
-0.1935107460E-03  0.2968195906E-02
-0.6117520676E-03  0.5802077364E-02
-0.6440729632E-03  0.4099554061E-02
 0.1353483001E-02 -0.5375996013E-02
 0.1336685178E-02 -0.7284187818E-02
 0.7255860464E-03 -0.3569490530E-02
 0.6824447385E-03 -0.3591723536E-02
-0.3186248469E-04  0.3180367385E-02
-0.5192572088E-02  0.9373556256E-02
-0.2351759407E-01  0.2105085487E-01
-0.6556424794E-02  0.4517367216E-01
 0.6175598251E-02 -0.5393504170E-01
-0.3615317201E-01  0.4183212970E-01
-0.1287822696E+00 -0.1066226992E-01
-0.1063044856E-01 -0.3336319574E-01
 0.5180778684E-01  0.9225387435E-02
 0.6093690637E-01 -0.5595675352E-01
 0.3109856089E-01 -0.9442798648E-01
 0.4358602788E-01 -0.4780488072E-01
-0.8394342149E-01  0.1589304198E+00
-0.1262935514E-02  0.3940788187E-02
-0.3087700663E-02  0.4484113886E-02
-0.1603791285E-02  0.1876268680E-02
 0.2546900902E-02 -0.3530410515E-02
-0.5787384340E-02  0.6983629009E-03
-0.3264529807E-02 -0.1441606632E-01
-0.1325015420E-02 -0.6763028763E-02
 0.4915130668E-02  0.7797322355E-02
-0.1210739076E-02 -0.7886943876E-03
-0.6616492558E-03 -0.3502379035E-02
-0.3816484019E-03 -0.1978457958E-02
 0.6275031226E-03  0.2416093841E-02
 0.1731821094E-02  0.4262072975E-02
 0.1951067270E-02  0.2577571199E-03
 0.4332418580E-02 -0.1000976296E-02
-0.2534986131E-02 -0.7170335236E-03
 0.1503086580E-01  0.1335453445E-01
 0.9584976663E-02 -0.6399199232E-02
 0.2025576335E-01 -0.2694197386E-01
-0.1417908798E-01  0.8140622862E-02
 0.4573736584E-02 -0.8136988037E-02
 0.2148279043E-02 -0.5802251441E-02
 0.2929333653E-02 -0.1013485866E-01
-0.1948837260E-02  0.7056846644E-02
 0.8521830111E-02 -0.3865129147E-01
 0.3001550359E-02 -0.1610225849E-01
 0.2382406372E-02 -0.1908792845E-01
-0.1044202964E-02  0.1623445945E-01
-0.2293544565E-02  0.1191876541E-01
-0.9186015780E-02  0.2471796880E-01
-0.5770442022E-02  0.1074833540E-01
 0.7320063590E-02 -0.1857096310E-01
 0.1160247939E-01 -0.9917178340E-02
 0.5010930017E-02 -0.1258973070E-01
 0.7502395606E-02 -0.5508063660E-02
-0.1327419292E-01  0.7319691766E-03
 0.5522055714E-02 -0.1224268095E-02
 0.1313870800E-02  0.6017356578E-04
-0.5062077512E-02  0.2593725818E-03
-0.1258883604E-01 -0.8423853854E-03
-0.2339229974E-01  0.3520706392E-03
 0.1794746550E-01  0.9279737703E-02
 0.2308216530E-02 -0.5305829940E-02
 0.1173165629E-02 -0.2405560993E-02
 0.2410848805E-02 -0.8129935586E-03
-0.2355831954E-02  0.2713353559E-03
 0.6897947139E-03 -0.1195608300E-02
 0.4620895596E-03 -0.6490249668E-03
 0.8411911222E-03 -0.6087928402E-04
-0.4614719389E-03  0.5729308937E-04
 0.2173940115E-02  0.4063719697E-03
 0.1418696371E-02  0.4672438436E-03
 0.1833694057E-02  0.6232451684E-03
-0.2247150277E-02 -0.9238781304E-03
-0.1306088011E-02 -0.5952862503E-03
-0.2513407458E-02 -0.8238832260E-03
-0.9906347842E-03  0.1098248198E-03
 0.1373532061E-02 -0.2313418533E-03
 0.8719753613E-03 -0.7886637747E-03
 0.1393911328E-02 -0.3229729346E-03
 0.1804237990E-03 -0.4169095563E-03
-0.1493026574E-02 -0.8386527882E-04
 0.1753719339E-02  0.1053629575E-03
 0.1747572357E-02  0.4294139694E-03
 0.1152854399E-02  0.1500080164E-03
-0.2060945301E-02 -0.4586540220E-03
-0.2454264289E-03 -0.1643955462E-03
 0.3198912850E-03 -0.7421386325E-05
-0.4842982491E-03 -0.1598990210E-04
-0.1327303860E-03 -0.1478086018E-03
-0.1105429425E-02 -0.2209091322E-03
-0.6724790139E-03 -0.1196621536E-03
-0.1961510952E-02 -0.2793065918E-03
 0.7497474315E-03 -0.1305973223E-03
-0.2575406126E-02 -0.7940064226E-03
-0.3251506815E-02 -0.6909928667E-03
-0.3605996214E-02 -0.1040220924E-02
 0.2350544066E-02  0.3995991226E-03
-0.3558316909E-02 -0.5530361068E-03
-0.2670029463E-02 -0.7180032957E-03
-0.7116203541E-02 -0.8232995982E-03
 0.2156128045E-02 -0.1163442154E-02
-0.4846112855E-02 -0.1000708433E-02
-0.8820934012E-02 -0.1083671160E-02
-0.5747355225E-02  0.6365979085E-03
 0.4342971600E-02 -0.2536098470E-02
 0.4413743789E-02 -0.1456220070E-02
 0.3241233232E-02 -0.1180704334E-03
 0.2602790515E-02 -0.2190227984E-03
-0.5389474059E-02 -0.9957319106E-03
 0.2087542579E-03  0.6420679379E-03
 0.3270429709E-04  0.5998372858E-03
 0.1614249764E-04 -0.3109428872E-03
-0.1092158428E-04 -0.3502022673E-03
 0.2927502068E-04  0.4547474768E-03
-0.2703922248E-04  0.5433343372E-03
 0.1515172086E-04  0.4194453183E-03
 0.8428854952E-04 -0.5120558455E-03
 0.2187140634E-03  0.8495347907E-03
 0.9080391135E-06  0.5270481679E-03
 0.4841495679E-04 -0.4883416047E-03
-0.5261837182E-04 -0.2186334626E-03
-0.1498825722E-04 -0.4291991122E-03
-0.8842510759E-04 -0.4678653681E-03
-0.2328522569E-04 -0.3580323583E-03
 0.1222468715E-03  0.2645878680E-03
-0.1248736243E-03  0.4643724152E-03
-0.2588906919E-03  0.1593253794E-03
-0.1488981489E-03  0.7420292079E-04
 0.1737360842E-03 -0.1794339168E-03
-0.3524753037E-03 -0.4557075925E-03
-0.2433320532E-03 -0.1200477437E-02
-0.1668733647E-03 -0.7723172616E-03
 0.5072834391E-04  0.9194833446E-03
-0.1327853924E-03 -0.2407559611E-03
-0.1212328092E-03 -0.5216170059E-03
-0.9232184012E-04 -0.3669051506E-03
-0.4258406016E-04  0.4279390820E-03
-0.1574326228E-04  0.6132772881E-03
 0.5801473875E-04  0.2444549260E-03
 0.1701311371E-03  0.3192639458E-03
-0.2103850092E-03 -0.3298296874E-03
 0.1836606906E-03  0.7551634512E-03
-0.6015855300E-04  0.2211627590E-03
 0.8037328432E-04 -0.4804993998E-03
-0.8149745022E-04  0.8346922262E-05
-0.5650393606E-04 -0.1447150628E-03
-0.7681554616E-04 -0.2658468861E-03
-0.6405876361E-04 -0.2007670981E-03
-0.6794013055E-04  0.2430308380E-03
 0.8850897218E-04  0.3384556354E-03
-0.1132555676E-03 -0.7270095439E-04
 0.3142642759E-04 -0.1678868264E-03
-0.5926866524E-04  0.1231704277E-03
-0.7917258141E-04  0.2284925767E-03
-0.1412646585E-03  0.1854085227E-03
-0.1173262837E-03  0.1545683660E-03
-0.1938521045E-04 -0.1913705264E-03
-0.5381262743E-04  0.3122193375E-03
-0.3550031120E-04  0.1506967778E-03
-0.1750642957E-06  0.1893579699E-03
-0.8576924950E-04 -0.1792751066E-03
-0.6121884403E-04 -0.5664111025E-04
-0.1245557439E-03 -0.1229766679E-03
-0.6611443683E-04 -0.9576832368E-04
 0.5515583629E-04 -0.5428704197E-05
 0.7224695961E-04 -0.9666823546E-04
 0.4681942877E-04 -0.2765263525E-03
 0.1318451130E-03 -0.4339706834E-03
-0.6001430553E-04  0.2925222702E-03
-0.2110611286E-04  0.1658967967E-03
-0.8828171193E-04  0.3983908658E-04
-0.4693331628E-04  0.4912113979E-04
 0.7251865091E-05 -0.5191143683E-04
 0.2141635059E-03  0.1449512806E-02
 0.3994891173E-03  0.4050363187E-03
 0.8857814022E-03  0.4538921830E-03
-0.6292400903E-03 -0.6215847338E-03
 0.3584169255E-03 -0.3536994059E-03
 0.2575830932E-03 -0.6831856771E-03
 0.4676453886E-03 -0.1107425455E-02
-0.2315541460E-03  0.7510765404E-03
 0.1352605505E-02 -0.1571488345E-02
 0.8170891925E-03 -0.1867750633E-02
 0.1371790451E-02 -0.3262247605E-02
-0.7414498472E-03  0.2198663161E-02
-0.4187160590E-03  0.1260325270E-02
-0.8463360403E-03  0.8030954838E-03
-0.4606463508E-03  0.3533806989E-03
 0.7036927026E-03 -0.7288493798E-03
 0.1693151189E-03 -0.7238153561E-03
 0.9578609045E-04 -0.6012898236E-03
 0.1821559286E-03 -0.8346523608E-03
 0.5992096445E-05  0.6515167383E-03
 0.2071295604E-04 -0.5390446975E-03
-0.4420321980E-04 -0.5132852301E-03
-0.2273595707E-05 -0.3659297783E-03
 0.1202925701E-03  0.3164523747E-03
 0.1856859526E-03 -0.7983897351E-03
 0.1136315325E-03 -0.5239492346E-03
 0.1776390411E-03 -0.6568486450E-03
-0.6359098506E-05  0.5519613754E-03
 0.1589755360E-04  0.4321622416E-03
 0.5860022010E-05  0.6524529780E-03
 0.4716219346E-04  0.5371503696E-03
 0.1132425049E-03 -0.6265627898E-03
 0.1080319250E-02 -0.3623221097E-02
 0.5978298904E-03 -0.2182714759E-02
 0.7228803837E-03 -0.2910792629E-02
-0.2322780635E-03  0.2340736435E-02
 0.3632243688E-03 -0.1313852812E-02
 0.2379024972E-03 -0.8021401909E-03
 0.2866485628E-03 -0.9505733647E-03
-0.6220264475E-04  0.8111570381E-03
 0.4546164472E-03 -0.1877692563E-02
 0.3118327719E-03 -0.1050463411E-02
 0.3340082897E-03 -0.9917958449E-03
-0.3322334838E-04  0.9057897349E-03
-0.6027258584E-04  0.9174483875E-03
-0.8860457950E-04  0.1606100692E-02
-0.1041780501E-03  0.1358264204E-02
 0.4356341670E-03 -0.1631713376E-02
-0.3971813275E-04  0.6770098184E-03
-0.7190204937E-04  0.1079898997E-02
-0.2807022529E-04  0.8404011586E-03
 0.2708406332E-03 -0.1027527892E-02
-0.1724093353E-03  0.1728347210E-02
-0.4677109139E-03  0.2711209818E-02
-0.2868677886E-03  0.1767983849E-02
 0.7504032052E-03 -0.2377734314E-02
-0.3689929466E-04  0.9011811480E-03
-0.1574064281E-03  0.1164741233E-02
-0.7492544662E-04  0.7841320695E-03
 0.2935028489E-03 -0.1051442399E-02
 0.4815706358E-03 -0.1566755586E-02
 0.2914058102E-03 -0.1150021637E-02
 0.4350927227E-03 -0.1588464703E-02
-0.9611356244E-04  0.1249637106E-02
 0.3378561283E-03 -0.3813819053E-03
 0.2602060137E-03 -0.2424401307E-03
 0.4019102377E-03 -0.1578156216E-04
-0.1670815555E-03  0.4226006312E-04
 0.2072949317E-03 -0.1706514615E-03
 0.1698210979E-03 -0.1407075269E-03
 0.2406491602E-03 -0.3624739097E-04
-0.1101877694E-03  0.5327914042E-04
 0.4730942624E-03  0.1769507694E-03
 0.3600611699E-03  0.1102445521E-03
 0.5227948333E-03  0.2601876939E-03
-0.3751933657E-03 -0.2452125212E-03
-0.2051763819E-03 -0.8754148813E-04
-0.2817318809E-03 -0.1526571519E-03
-0.1272994230E-03  0.4656628394E-04
 0.3049443068E-03 -0.2325100322E-04
 0.1029130984E-03 -0.1134826191E-03
-0.3838357550E-04 -0.5445895979E-04
 0.6364572238E-04  0.1594613153E-04
-0.6526829147E-04 -0.3175717033E-04
 0.1162302528E-03  0.2040176617E-04
-0.1627738681E-04 -0.2805158483E-03
-0.2078744252E-03 -0.1330211645E-03
 0.5301085045E-04  0.8143556125E-04
 0.1615883932E-03  0.2166527240E-04
-0.1200279073E-03  0.4609677606E-04
-0.7387968433E-04  0.5223764221E-04
 0.3466159353E-04 -0.9234692030E-04
 0.5409889047E-03  0.2775571980E-03
 0.4204294120E-03  0.1992810891E-03
 0.5329925209E-03  0.2613604967E-03
-0.4769134353E-03 -0.2690719985E-03
 0.2958465327E-03  0.1791761186E-03
 0.1822963687E-03  0.1589903490E-03
 0.2603933000E-03  0.1841011284E-03
-0.2754425356E-03 -0.1968997570E-03
 0.5129627189E-03  0.2411478208E-03
 0.4320492409E-03  0.1886252706E-03
 0.4831811421E-03  0.2063691074E-03
-0.4206427606E-03 -0.2046184392E-03
-0.3759709988E-03 -0.1833114388E-03
-0.4728148445E-03 -0.2491773984E-03
-0.3777563208E-03 -0.2008610158E-03
 0.4156971571E-03  0.2001734311E-03
-0.6266196813E-04  0.2665081282E-04
-0.2744238550E-03 -0.1115646060E-03
-0.8281368403E-04  0.5218374177E-04
 0.2648210925E-03  0.2546392637E-04
-0.3360210302E-03 -0.1888879153E-03
-0.4427474541E-03 -0.2744485310E-03
-0.2659811444E-03 -0.1582956561E-03
 0.4051458659E-03  0.1808309912E-03
-0.1429472389E-03 -0.2774019704E-04
-0.1638962955E-03 -0.5097083936E-04
-0.1083097914E-03  0.5156018359E-04
 0.1870848005E-03 -0.4391399519E-04
 0.2860539588E-03  0.6701447071E-04
 0.2389221485E-03  0.4365981345E-04
 0.3339609713E-03  0.1259090383E-03
-0.1794847653E-03 -0.8936226904E-04
 0.3368458372E-04  0.2556463305E-03
-0.6374650228E-04  0.1958585729E-03
 0.1553601172E-04  0.2773482381E-03
 0.1294024193E-03 -0.2291126486E-03
 0.1218691780E-03  0.2103210088E-03
-0.7547292321E-04  0.2338626262E-03
-0.4171093242E-04  0.1925810572E-04
 0.4434781072E-04 -0.1855416771E-03
 0.5450755407E-04 -0.1758021355E-03
 0.3960553678E-04 -0.3289728409E-03
-0.1062607014E-03 -0.2310132628E-03
 0.8160115056E-04  0.1773945942E-03
-0.5687943644E-04  0.1593699945E-03
-0.5930048130E-04  0.1821468087E-03
-0.3379834808E-04  0.2425736316E-03
 0.1602082010E-03 -0.2433291732E-03
-0.6377093727E-04  0.2490694707E-03
-0.6891193307E-04  0.3819911921E-03
-0.4076530132E-04  0.5371807759E-03
 0.2541417462E-03 -0.5791569824E-03
-0.4343713328E-04  0.3501563918E-03
-0.4959693775E-04  0.5523266431E-03
-0.4598656534E-04  0.5032693158E-03
 0.2006877021E-03 -0.5772495093E-03
 0.2260968859E-03 -0.6210951016E-03
 0.1698755645E-03 -0.3869001007E-03
 0.1986398017E-03 -0.3604943364E-03
-0.4081876359E-04  0.3420834131E-03
 0.1729809424E-03  0.2756505816E-03
-0.4364796526E-04  0.2956130533E-03
-0.4822411523E-04 -0.3864110145E-04
 0.6431109225E-04 -0.2144186601E-03
-0.3012951754E-04  0.2813404601E-03
-0.3030989109E-04  0.4379988219E-03
 0.1006690675E-04  0.3929827022E-03
 0.1185256452E-03 -0.4341481000E-03
 0.1832597210E-03  0.4137215768E-03
 0.2580354778E-05  0.4449213613E-03
-0.1382065934E-04 -0.1333342297E-03
 0.3077820491E-04 -0.2988269121E-03
 0.4262510481E-04 -0.3872858474E-03
-0.4296781895E-05 -0.3846962387E-03
 0.8373836538E-05 -0.2378497059E-03
 0.7621206127E-04  0.2311052934E-03
 0.1656893129E-03 -0.5045895807E-03
 0.1121245865E-03 -0.3182982989E-03
 0.1449633638E-03 -0.3641803142E-03
-0.3817900967E-04  0.3237629726E-03
 0.4915052829E-04 -0.2298383158E-03
 0.2855226076E-04 -0.2865530601E-03
-0.5885323892E-05 -0.1368041470E-03
 0.3748322345E-04  0.1505511651E-03
 0.1328116822E-03 -0.2578093679E-03
 0.1057751168E-03 -0.1839062298E-03
 0.1394918996E-03 -0.1874237522E-03
-0.1942230293E-04  0.2120580856E-03
-0.4648398926E-04  0.1761439733E-03
-0.4067347534E-04  0.2397071900E-03
-0.2649073948E-04  0.2361188454E-03
 0.1020499597E-03 -0.2469340147E-03
-0.7491683636E-03  0.2499315643E-03
-0.1111839309E-02 -0.1266166252E-03
-0.1636687290E-02 -0.4828404764E-04
 0.1531195825E-02 -0.2348660886E-03
-0.1282314630E-02  0.4139559276E-04
-0.1050037932E-02  0.6562949771E-04
-0.1382952900E-02  0.1637925935E-03
 0.1018739543E-02 -0.2256049363E-03
-0.1595170155E-02  0.2613038320E-03
-0.1592316318E-02  0.2854987887E-03
-0.1403422408E-02  0.4566867259E-03
 0.1087686936E-02 -0.2684481406E-03
 0.1193893063E-02 -0.2243098469E-03
 0.1209747057E-02 -0.1338514172E-03
 0.1089497146E-02 -0.2109356339E-03
-0.1454117316E-02  0.1292415972E-03
 0.1620622996E-03  0.2885893261E-03
 0.9276658048E-03  0.1934868021E-03
-0.9841837458E-03 -0.2756733219E-03
-0.1848481124E-03  0.3864185758E-03
-0.6311049335E-03  0.5208391419E-03
 0.5878504756E-04  0.4127862578E-03
-0.1123364474E-03 -0.3952559350E-03
 0.7284450301E-03  0.1480550851E-03
 0.4820663815E-03  0.2652883304E-03
 0.6306064885E-03  0.1555704317E-03
-0.6831552078E-03 -0.2030146246E-03
-0.5233287022E-03 -0.2870306211E-03
-0.7919479838E-03 -0.2128222349E-03
-0.5016819862E-03 -0.3640509014E-03
 0.4005257742E-03  0.3141873634E-03
 0.6597037609E-03 -0.3579432533E-03
 0.1355976398E-03 -0.2874059459E-03
 0.8353284474E-03 -0.1877804172E-03
-0.1112766050E-02  0.4229146892E-03
-0.3492141654E-03 -0.1607610478E-03
 0.1644219120E-02 -0.2164741837E-04
-0.1437861567E-02  0.2279174259E-03
-0.4326508424E-03  0.2970917394E-03
 0.5315847588E-03 -0.1682009664E-03
-0.6109109274E-03  0.4705157430E-04
-0.1392389830E-03  0.5026685615E-04
-0.7126693909E-03  0.7125213232E-04
 0.4130589079E-03 -0.1150469629E-03
 0.2361042691E-03  0.8925395427E-04
 0.4688786793E-03  0.1431313328E-03
 0.5728204326E-04  0.6776755182E-04
-0.2573757016E-03 -0.1184706057E-03
-0.8060111343E-03  0.9352242348E-04
-0.4211486082E-03  0.5647024375E-04
-0.8714280360E-03  0.1229547091E-03
 0.6469822162E-03 -0.8795479882E-04
 0.2109461409E-03 -0.7416112783E-04
 0.5541864322E-03 -0.9390528576E-04
 0.3871815855E-04 -0.9834666782E-04
-0.2885521494E-03  0.5022721694E-04
 0.5739099233E-03  0.1882201784E-03
 0.5903301504E-03  0.2126719855E-03
 0.4125956124E-03  0.1391142554E-03
-0.5209921625E-03 -0.1806982285E-03
 0.5572611762E-03  0.2178056572E-03
 0.5156390399E-03  0.1971874013E-03
 0.4548348256E-03  0.1671002302E-03
-0.4903537063E-03 -0.1932758776E-03
 0.2633117036E-03  0.1045355103E-03
 0.3256466550E-03  0.1222936173E-03
 0.1235530419E-03  0.7277927627E-04
-0.2434742376E-03 -0.9607528990E-04
-0.4017996169E-03 -0.1500059622E-03
-0.3772608345E-03 -0.1345913777E-03
-0.5199957936E-03 -0.1939916780E-03
 0.4584363295E-03  0.1598091942E-03
-0.8939082554E-03  0.1567187746E-03
-0.6098191052E-03  0.9460179513E-04
-0.8723999751E-03  0.1875291752E-03
 0.6986173102E-03 -0.1155602238E-03
-0.3521062459E-03  0.6545142952E-04
-0.1659970978E-03  0.6528641397E-04
-0.4395325703E-03  0.6322846930E-04
 0.2743010250E-03 -0.4730361961E-04
-0.8122747742E-03  0.2159272093E-03
-0.6519229947E-03  0.1521866912E-03
-0.7562846345E-03  0.2111074241E-03
 0.6295972547E-03 -0.1589349587E-03
 0.4927305378E-03 -0.8070080989E-04
 0.6690907943E-03 -0.1354691459E-03
 0.4816079741E-03 -0.7285494983E-04
-0.6542350012E-03  0.1154981027E-03
 0.7303530292E-05 -0.6259058534E-04
 0.1821461499E-03 -0.5337529680E-04
-0.1142352347E-03 -0.7997153425E-04
-0.2590747555E-04  0.6249828810E-04
 0.4263825364E-03 -0.6374012448E-04
 0.6938042443E-03 -0.9674214740E-04
 0.3383280738E-03 -0.6318464691E-04
-0.5316055216E-03  0.7192562423E-04
-0.2657962634E-03 -0.1098739010E-03
-0.7318660802E-04 -0.8530981393E-04
-0.4402647194E-03 -0.1521149841E-03
 0.2879809354E-03  0.1041167436E-03
-0.1009621510E-03  0.5744738791E-04
 0.1247531910E-03  0.7890263853E-04
-0.2395541053E-03  0.5665971903E-04
 0.7267327844E-04 -0.6453496373E-04
 0.5900923169E-03  0.1277345728E-03
 0.5530612567E-03  0.1833593367E-03
 0.5644848478E-03  0.8745339631E-04
-0.5815709406E-03 -0.1299479733E-03
 0.4668430836E-03  0.2450070590E-03
 0.3235434599E-03  0.3064661385E-03
 0.5081275847E-03  0.1849680180E-03
-0.5221215147E-03 -0.2013237961E-03
 0.5412134999E-03  0.4910114215E-04
 0.5513987727E-03  0.8612918924E-04
 0.5134928275E-03  0.1737497826E-04
-0.5247293415E-03 -0.5303336101E-04
-0.5649379086E-03 -0.1174007238E-03
-0.5533691223E-03 -0.8849035796E-04
-0.5708943967E-03 -0.1594597015E-03
 0.5610411503E-03  0.1314725863E-03
 0.1229935638E-03  0.3552187388E-03
-0.1157819721E-03  0.3762552328E-03
 0.2329376862E-03  0.2915426175E-03
-0.2514022995E-03 -0.2874277859E-03
-0.5106225411E-03  0.3739180427E-03
-0.5610316059E-03  0.3191119723E-03
-0.4147503957E-03  0.3230014011E-03
 0.3363538949E-03 -0.3112366945E-03
 0.3068413786E-03  0.2432160039E-03
 0.1976518639E-03  0.2795859410E-03
 0.2846959541E-03  0.1824613670E-03
-0.3676587421E-03 -0.2272199876E-03
-0.1481960116E-03 -0.2426136366E-03
-0.3170135698E-03 -0.2427174209E-03
-0.4201839518E-04 -0.3035761131E-03
 0.2943980618E-04  0.3143956193E-03
 0.4822456769E-03 -0.5539216367E-05
 0.4962184735E-03  0.2308249748E-04
 0.4486082652E-03 -0.2142221306E-04
-0.4582847455E-03 -0.5791069881E-05
 0.4780412784E-03  0.6564553359E-04
 0.4583073976E-03  0.1092893120E-03
 0.4194280001E-03  0.3756072549E-04
-0.4713025690E-03 -0.7790039419E-04
 0.4217050665E-03 -0.2676300878E-04
 0.4531176134E-03 -0.4568848568E-05
 0.3790021598E-03 -0.3270013320E-04
-0.3978900586E-03  0.7746007825E-05
-0.4346115396E-03 -0.4854460719E-05
-0.4204621334E-03  0.9525388879E-05
-0.4797865153E-03 -0.3210059436E-04
 0.4594074608E-03  0.1021137689E-05
-0.4459265668E-03 -0.1152908044E-03
-0.4952025089E-03 -0.8871062308E-04
-0.4726825072E-03 -0.1690081159E-03
 0.4310272880E-03  0.1367495572E-03
-0.5121041370E-03 -0.5258997880E-04
-0.4921640753E-03 -0.2544625443E-04
-0.5450223305E-03 -0.8234272915E-04
 0.5267039948E-03  0.4942002644E-04
-0.4562189078E-03 -0.2037789535E-03
-0.5367679782E-03 -0.1584456893E-03
-0.4173437194E-03 -0.2480263467E-03
 0.3982496206E-03  0.2418738630E-03
 0.5170180157E-03  0.1345274939E-03
 0.4342636362E-03  0.1882852759E-03
 0.4998972478E-03  0.9245714823E-04
-0.5285640034E-03 -0.1229994165E-03
 0.5205979892E-03 -0.2203528014E-03
 0.4579503289E-03 -0.3020642032E-03
 0.6587542635E-03 -0.2275210166E-03
-0.7600304829E-03  0.3096957920E-03
 0.1251267537E-03 -0.3335122491E-03
-0.1307774420E-03 -0.3287353127E-03
 0.3658418646E-03 -0.3562798465E-03
-0.3419281005E-03  0.4324574914E-03
 0.7785092677E-03 -0.2067135201E-03
 0.7893099014E-03 -0.2869346170E-03
 0.8744502462E-03 -0.1822067930E-03
-0.1048486482E-02  0.2887678445E-03
-0.9126122416E-03  0.4080682226E-03
-0.9104011679E-03  0.3094585593E-03
-0.7016985021E-03  0.3934689170E-03
 0.6136082156E-03 -0.3015032621E-03
-0.3356312813E-03 -0.2956701147E-03
-0.4757897849E-03 -0.2502898034E-03
-0.2002557586E-03 -0.3463076196E-03
 0.1933255203E-03  0.3784314868E-03
-0.5628339249E-03 -0.2074031993E-03
-0.6214878162E-03 -0.1761908346E-03
-0.5426068689E-03 -0.2520380778E-03
 0.5262475963E-03  0.2329969979E-03
 0.4100361202E-05 -0.3908698881E-03
-0.2696944690E-03 -0.3501533812E-03
 0.2758295444E-03 -0.4244823851E-03
-0.2790921561E-03  0.5120616731E-03
 0.2492901401E-03  0.3662509055E-03
-0.3284772157E-05  0.4512927019E-03
 0.3831523314E-03  0.3094173655E-03
-0.3916058357E-03 -0.3019395674E-03
 0.9338906126E-03 -0.1590761513E-03
 0.1080237918E-02 -0.2441346722E-03
 0.9390422627E-03 -0.1467241450E-03
-0.1201484088E-02  0.2165645536E-03
 0.1075802281E-02 -0.3234793168E-03
 0.8944877896E-03 -0.3629319499E-03
 0.1188793393E-02 -0.2821176542E-03
-0.1524903101E-02  0.4276306496E-03
 0.8842902144E-03 -0.1508638075E-03
 0.1112371418E-02 -0.2164862545E-03
 0.7754664362E-03 -0.1714888843E-03
-0.1118548730E-02  0.1253320523E-03
-0.1466989364E-02  0.2544242515E-03
-0.1185224996E-02  0.1707151303E-03
-0.1442744915E-02  0.3346409934E-03
 0.1138347793E-02 -0.2259066071E-03
-0.1143153845E-02  0.5718925262E-03
-0.1320078782E-02  0.4990628083E-03
-0.6712561928E-03  0.5535742438E-03
 0.7024837003E-03 -0.4086796589E-03
-0.1316206997E-02  0.3847960940E-03
-0.1152600214E-02  0.2576178234E-03
-0.1127207806E-02  0.4041634811E-03
 0.9515167933E-03 -0.2669329235E-03
-0.3065547569E-03  0.4958218597E-03
-0.6605779655E-03  0.4858179508E-03
-0.5335188320E-04  0.4239547755E-03
 0.5207010165E-04 -0.3712444336E-03
 0.6615653949E-03 -0.3567578131E-03
 0.3348543470E-03 -0.3975344111E-03
 0.8799127483E-03 -0.3475968611E-03
-0.1043184514E-02  0.5095289718E-03
 0.3556364666E-03  0.2068824585E-03
 0.3082136751E-03  0.3270618977E-04
-0.5457416662E-03 -0.1191306769E-03
-0.3301941766E-03 -0.7845120671E-04
 0.3406693906E-03  0.2847302423E-04
-0.3606482439E-03  0.1865094145E-03
 0.3501687576E-03  0.2540794337E-04
-0.3373493681E-03  0.1167864207E-05
-0.5820969961E-03  0.1671977100E-04
-0.2809579280E-03  0.1031957392E-04
-0.5256468861E-03  0.3232696412E-05
 0.4586486522E-03 -0.7502162747E-04
-0.5553752475E-03 -0.6879389158E-04
-0.2843551753E-03 -0.4857809201E-04
-0.6061252077E-03 -0.1019191863E-03
 0.4571632728E-03 -0.7103790160E-05
 0.3725799573E-03  0.1125090615E-03
-0.4802919693E-03  0.2220805267E-03
 0.5022569521E-03  0.9270473154E-04
-0.3842898217E-03 -0.6505104788E-04
-0.2840415038E-03 -0.1919240144E-03
-0.1644615737E-03 -0.1536548369E-03
-0.4407030838E-03 -0.2525167020E-03
 0.1973364205E-03  0.1190162897E-03
 0.5839918641E-03 -0.2006887317E-03
 0.3840189072E-03 -0.2237688270E-03
 0.3547953314E-03 -0.2614514835E-03
-0.6293050371E-03  0.1696168775E-03
 0.4109336402E-04  0.4067505606E-03
-0.3690339321E-03  0.1441340108E-04
 0.5918149857E-03  0.3897183647E-03
-0.7195297524E-04 -0.3225047235E-03
 0.3054160102E-03  0.2584415404E-03
-0.5398807271E-03  0.1887267347E-03
 0.6429962114E-03  0.2248533698E-03
-0.3405735253E-03 -0.1935807658E-03
 0.7902469954E-03 -0.6917871908E-04
 0.4821051011E-03 -0.1040639942E-03
 0.6612777928E-03 -0.1008447729E-03
-0.7735165584E-03  0.6839688136E-04
 0.3394173205E-03 -0.3166002631E-04
 0.1010000507E-03 -0.4716723110E-05
 0.3677054870E-03 -0.2313439258E-04
-0.3018630969E-03  0.2494159943E-04
-0.3592161529E-03  0.1451847548E-03
 0.6016921833E-03 -0.2773173090E-03
-0.4870749089E-03  0.2001310373E-03
 0.3501079124E-03 -0.4797260102E-04
-0.2191532615E-03 -0.9422030924E-04
-0.3598152903E-03 -0.4841995834E-04
-0.7398923793E-04 -0.6417113728E-04
 0.2433631319E-03  0.8326833420E-04
-0.5142735739E-03 -0.1500120775E-03
-0.5648320554E-03 -0.1456651047E-03
-0.3025696335E-03 -0.1099657678E-03
 0.4976447924E-03  0.1433364017E-03
 0.2772823956E-03  0.1583220234E-03
 0.5486421184E-03 -0.2763425361E-06
-0.7864224762E-03 -0.1512577365E-03
-0.2711651341E-03 -0.1431521537E-04
-0.3236086448E-05  0.9164444912E-04
 0.7266589026E-03 -0.1415966754E-03
-0.8507921336E-03 -0.6191451290E-04
-0.4164792499E-06  0.3357441248E-04
-0.4260844681E-03  0.3338901216E-03
 0.1243584952E-03 -0.2287453655E-03
 0.1555936780E-03  0.4266585771E-03
 0.4171014669E-03 -0.2409443735E-03
 0.6725126012E-05  0.1239860008E-05
 0.2519203204E-05  0.2808993011E-05
-0.8403817811E-05  0.5393419891E-05
-0.4267334156E-05 -0.9662186225E-06
 0.2076835042E-05  0.1942138484E-05
 0.1924054881E-05  0.1985169864E-05
 0.2539499179E-05  0.2095878978E-05
-0.2101295824E-05 -0.1987537628E-05
 0.1529517408E-05  0.2231018028E-05
 0.1208686970E-05  0.2685134243E-05
 0.1646055115E-05  0.2563704756E-05
-0.1389947721E-05 -0.2275661637E-05
 0.2071998156E-05  0.2800351164E-05
 0.2002096198E-05  0.2805047181E-05
 0.2582879662E-05  0.3058387385E-05
-0.2197058830E-05 -0.2832395064E-05
-0.1882386076E-05 -0.2341462754E-05
-0.2233332765E-05 -0.2222738412E-05
-0.1725556990E-05 -0.1962070790E-05
 0.2005182366E-05  0.2180818495E-05
 0.9853301475E-06  0.3108838303E-05
 0.9617664735E-06  0.3357598140E-05
 0.1088682596E-05  0.3406726514E-05
-0.1003046586E-05 -0.3257520564E-05
 0.1211785588E-05  0.3330264905E-05
 0.1825670371E-05  0.2967197896E-05
 0.1363724706E-05  0.3531460328E-05
-0.1642900369E-05 -0.3823487136E-05
 0.1165557870E-05  0.3775066466E-05
 0.1185737458E-05  0.3935292941E-05
 0.1231025438E-05  0.4197362441E-05
-0.1236719005E-05 -0.3965199002E-05
-0.1302713953E-05 -0.3950368498E-05
-0.1128696512E-05 -0.3580543862E-05
-0.1152012096E-05 -0.3654313171E-05
 0.1080985398E-05  0.3624103846E-05
 0.2001722373E-05  0.3940397629E-05
 0.2022028340E-05  0.3925778206E-05
 0.2657635843E-05  0.4235922117E-05
-0.2231973734E-05 -0.3974180623E-05
 0.1693610567E-05  0.4075847872E-05
 0.1433423934E-05  0.4415479802E-05
 0.1780725314E-05  0.4660831017E-05
-0.1662595779E-05 -0.4152203751E-05
 0.2008054440E-05  0.5230534417E-05
 0.2096657199E-05  0.5201762723E-05
 0.2954954806E-05  0.5432317185E-05
-0.2303970435E-05 -0.5282854784E-05
-0.2069714873E-05 -0.4528185582E-05
-0.2373726438E-05 -0.4357652349E-05
-0.1932411464E-05 -0.3886827398E-05
 0.2090600784E-05  0.4324855919E-05
-0.1383865365E-05 -0.3986109290E-05
-0.1624223325E-05 -0.3563496139E-05
-0.1308660272E-05 -0.3503553708E-05
 0.1405085440E-05  0.3871387674E-05
-0.1999371191E-05 -0.3312515866E-05
-0.2311326362E-05 -0.3172846188E-05
-0.1865542947E-05 -0.2776552375E-05
 0.2053599087E-05  0.3134228649E-05
-0.1224105351E-05 -0.3090322760E-05
-0.1487411333E-05 -0.2619490735E-05
-0.1105549847E-05 -0.2741514382E-05
 0.1294658305E-05  0.2996287535E-05
 0.1646311608E-05  0.3004736890E-05
 0.1359376009E-05  0.3414206525E-05
 0.1731770623E-05  0.3494839018E-05
-0.1568972364E-05 -0.3072953062E-05
 0.2909207450E-05  0.2397248314E-05
 0.4677123310E-05  0.1647073343E-05
 0.3190379474E-05  0.2353180322E-05
-0.4037661969E-05 -0.3279044949E-05
 0.7549172331E-05  0.4293956210E-06
 0.7458903891E-05  0.2112196528E-05
-0.3368937568E-05 -0.4765084190E-05
 0.3525875421E-05  0.2448780902E-05
 0.5553590954E-05  0.1734319751E-05
 0.3868555663E-05  0.2537131195E-05
-0.4858284812E-05 -0.3453027714E-05
-0.6862265621E-05 -0.2882646717E-05
-0.4287597636E-05 -0.3104248833E-05
-0.5857458613E-05 -0.2319198636E-05
 0.4915928476E-05  0.1739674166E-05
 0.4227011974E-05  0.2770007982E-05
 0.6455299516E-05  0.2169843275E-05
 0.4724902129E-05  0.2849749742E-05
-0.5755645794E-05 -0.3801119835E-05
 0.1184080492E-04  0.3964495541E-05
 0.1739475744E-04 -0.4771620064E-05
 0.4992807729E-05  0.3348569251E-05
 0.7645012410E-05  0.2845918065E-05
 0.5922898978E-05  0.3548693875E-05
-0.6962191781E-05 -0.4547752540E-05
-0.1268917955E-04 -0.5773466379E-05
-0.6296410666E-05 -0.4016392686E-05
-0.1054414426E-04 -0.4398591582E-05
 0.7738912773E-05  0.1528635592E-05
-0.5202517487E-05  0.8985149267E-07
-0.8886238652E-05 -0.3699057574E-05
-0.5197724016E-05 -0.3446426881E-05
-0.7322685054E-05 -0.2701677561E-05
 0.5928949697E-05  0.1897050907E-05
-0.2617193850E-05 -0.1645309773E-05
 0.8674288391E-05  0.1520460103E-05
 0.9538025683E-05  0.3031533925E-05
-0.3570611570E-05 -0.7340718854E-06
 0.2332515064E-05  0.6430432958E-05
 0.2465386782E-05  0.6401697766E-05
 0.3760468175E-05  0.6417563659E-05
-0.2642718329E-05 -0.6533624979E-05
 0.2081621130E-05  0.6436145292E-05
 0.1782924702E-05  0.6618719174E-05
 0.2515343346E-05  0.6890020251E-05
-0.1982335446E-05 -0.6571092368E-05
 0.3286981244E-05  0.7310153847E-05
 0.3423671620E-05  0.7296107008E-05
 0.5390905773E-05  0.6951210342E-05
-0.3524894319E-05 -0.7487676141E-05
-0.2770186459E-05 -0.6899371760E-05
-0.3198650926E-05 -0.6621470637E-05
-0.2291879330E-05 -0.6372905278E-05
 0.2931577286E-05  0.6574552985E-05
 0.1616441462E-05  0.6649085312E-05
 0.1797082302E-05  0.6398612802E-05
 0.1925175047E-05  0.7069771343E-05
-0.1746296286E-05 -0.7028422794E-05
 0.2495721993E-05  0.5786371588E-05
 0.3899655414E-05  0.4887666073E-05
 0.2949088855E-05  0.6185545003E-05
-0.3446793375E-05 -0.6815191886E-05
 0.2408323150E-05  0.7453428377E-05
 0.2670019705E-05  0.7197652086E-05
 0.3153193732E-05  0.7801633051E-05
-0.2518153586E-05 -0.8047880972E-05
-0.2640117292E-05 -0.7607280209E-05
-0.2039820904E-05 -0.7540512840E-05
-0.2251513746E-05 -0.7058953994E-05
 0.2138087246E-05  0.6792311985E-05
 0.5186869768E-05  0.7618725924E-05
 0.5329971134E-05  0.7666394750E-05
 0.8238205553E-05  0.6810026391E-05
-0.5305416724E-05 -0.7943889927E-05
 0.4745224740E-05  0.7719940224E-05
 0.4349508615E-05  0.7979296188E-05
 0.6329329496E-05  0.7702635165E-05
-0.4359936262E-05 -0.8175785911E-05
 0.8496635992E-05  0.7139603926E-05
 0.8798681214E-05  0.7370644217E-05
 0.1314410078E-04  0.5788259068E-05
-0.8604839053E-05 -0.7819332342E-05
-0.6391062371E-05 -0.7903202045E-05
-0.6986552643E-05 -0.7237338333E-05
-0.4757446120E-05 -0.7810561058E-05
 0.6906103156E-05  0.7149754447E-05
-0.3108707189E-05 -0.8219240395E-05
-0.3381502845E-05 -0.7855080025E-05
-0.2416179068E-05 -0.7788099852E-05
 0.3314355896E-05  0.7729847016E-05
-0.3977973204E-05 -0.7633466259E-05
-0.4521787551E-05 -0.7228786545E-05
-0.3074519308E-05 -0.7307334192E-05
 0.4323667646E-05  0.7171712159E-05
-0.1990473360E-05 -0.7325141830E-05
-0.2259863138E-05 -0.7053268869E-05
-0.1711822351E-05 -0.6808356319E-05
 0.2093264175E-05  0.7048337179E-05
 0.2939113931E-05  0.7300664988E-05
 0.2580639648E-05  0.7457691695E-05
 0.3804212104E-05  0.7543295122E-05
-0.2705776603E-05 -0.7530907472E-05
-0.4973182014E-05 -0.5895110832E-05
-0.3093111959E-05 -0.6342224542E-05
-0.4479839596E-05 -0.5217418091E-05
 0.3581512331E-05  0.4586477062E-05
-0.2033557193E-05 -0.6572585759E-05
-0.1587514786E-05 -0.6501290611E-05
-0.1893222465E-05 -0.6051096222E-05
 0.1613156461E-05  0.5998293146E-05
-0.4090561370E-05 -0.4907114953E-05
-0.2621076653E-05 -0.5399536724E-05
-0.3741268889E-05 -0.4500621428E-05
 0.2970718336E-05  0.3936083779E-05
 0.2063460704E-05  0.5071718012E-05
 0.3202295762E-05  0.4195399192E-05
 0.2255070176E-05  0.5435342048E-05
-0.2836996047E-05 -0.5842518495E-05
-0.1580179800E-05 -0.6260235126E-05
-0.1820547836E-05 -0.5969125141E-05
-0.1494504913E-05 -0.5673420942E-05
 0.1605863876E-05  0.6079256663E-05
-0.2243577056E-05 -0.5800415319E-05
-0.2581022210E-05 -0.5585364969E-05
-0.2003488886E-05 -0.5159234497E-05
 0.2290455774E-05  0.5547940951E-05
-0.1463660936E-05 -0.5088908371E-05
-0.1690449013E-05 -0.4737919672E-05
-0.1420302721E-05 -0.4515606666E-05
 0.1462151548E-05  0.4956106143E-05
 0.1764462001E-05  0.5291247494E-05
 0.1508065622E-05  0.5545693274E-05
 0.1954490690E-05  0.5863965476E-05
-0.1735269617E-05 -0.5385034850E-05
-0.3421325093E-05 -0.4239063055E-05
-0.2216481080E-05 -0.4601217315E-05
-0.3088073961E-05 -0.3951079315E-05
 0.2477755258E-05  0.3413564121E-05
-0.1562851451E-05 -0.4653326755E-05
-0.1321125646E-05 -0.4396579013E-05
-0.1437120442E-05 -0.4277280991E-05
 0.1276153352E-05  0.4289358227E-05
-0.2811051070E-05 -0.3822983412E-05
-0.1825251976E-05 -0.4042067946E-05
-0.2540873395E-05 -0.3634316236E-05
 0.2029257768E-05  0.3113038805E-05
 0.1510823189E-05  0.3771019556E-05
 0.2251299691E-05  0.3208443537E-05
 0.1654899164E-05  0.4024337835E-05
-0.2022851925E-05 -0.4316630044E-05
 0.1272050126E-05  0.4667243386E-05
 0.1355965770E-05  0.4681625772E-05
 0.1317368069E-05  0.5165021798E-05
-0.1388850048E-05 -0.4881334582E-05
 0.1796417144E-05  0.4348548210E-05
 0.2717701561E-05  0.3639146801E-05
 0.1932732588E-05  0.4703065255E-05
-0.2431421613E-05 -0.4987276111E-05
 0.1362211191E-05  0.5680317033E-05
 0.1501491342E-05  0.5560855647E-05
 0.1457621581E-05  0.6182140836E-05
-0.1502597092E-05 -0.5952872917E-05
-0.1787340785E-05 -0.5555446335E-05
-0.1443639203E-05 -0.5402353988E-05
-0.1678790119E-05 -0.5074268011E-05
 0.1427921926E-05  0.5114468247E-05
 0.1747390823E-04  0.3208150679E-05
 0.1570553055E-04  0.9404393956E-05
-0.3148217890E-04  0.1479186341E-04
-0.1554134792E-04 -0.3532613344E-05
-0.1296939265E-04 -0.5392488383E-05
-0.2364647374E-04 -0.1966397548E-04
-0.7825518703E-05 -0.7176057213E-05
 0.1365647747E-04  0.2120138839E-05
-0.7951857362E-05 -0.6417924057E-05
-0.1504810729E-04 -0.2137023750E-04
-0.4920348314E-05 -0.7553021103E-05
 0.8765454258E-05  0.4138066585E-05
 0.1392398526E-04  0.3018384349E-05
 0.9302788405E-05  0.1033573723E-04
-0.2703399836E-04  0.1294184463E-04
-0.9937756937E-05 -0.4657534121E-05
-0.5100790312E-05 -0.6650173851E-05
-0.9347747485E-05 -0.2130986367E-04
-0.3253231588E-05 -0.7208839079E-05
 0.5738418344E-05  0.4902317808E-05
-0.3479500181E-05 -0.6209269301E-05
-0.5898743717E-05 -0.2008977498E-04
-0.2453476112E-05 -0.6309553441E-05
 0.3946055479E-05  0.4854206999E-05
 0.1085628286E-04  0.2553351769E-05
 0.3491490770E-05  0.9708974695E-05
-0.1571560206E-04  0.7852382627E-05
-0.5500193139E-05 -0.4891818478E-05
 0.1216238716E-04  0.2758152919E-05
 0.5643366853E-05  0.1037462288E-04
-0.1282177632E-04  0.3967279072E-05
-0.7140449962E-05 -0.5051942449E-05
-0.2658417957E-05 -0.5307730110E-05
-0.4078324007E-05 -0.1811656805E-04
-0.2229045587E-05 -0.5091802953E-05
 0.3038941334E-05  0.4272552228E-05
-0.2333324520E-05 -0.4194926758E-05
-0.3279038072E-05 -0.1575287768E-04
-0.2285086744E-05 -0.3785600636E-05
 0.2673032404E-05  0.3387097839E-05
 0.8744997402E-05  0.2020674531E-05
 0.2120954474E-05  0.6938516615E-05
-0.1503782156E-04  0.9560605219E-05
-0.4305334504E-05 -0.3374472151E-05
-0.2222262578E-05 -0.3092040060E-05
-0.3051958006E-05 -0.1340635295E-04
-0.2390376592E-05 -0.2631427019E-05
 0.2592154166E-05  0.2434759538E-05
-0.2146797383E-05 -0.2188241129E-05
-0.3002498806E-05 -0.1139478898E-04
-0.2411231841E-05 -0.1761212316E-05
 0.2580228522E-05  0.1600920575E-05
 0.7253195732E-05  0.1486171131E-05
 0.2415568669E-05  0.3898542237E-05
-0.1053337484E-04  0.6922629503E-05
-0.4313813997E-05 -0.1574393684E-05
 0.7918925571E-05  0.1747071696E-05
 0.2214551757E-05  0.5322703289E-05
-0.1293160021E-04  0.8499402581E-05
-0.4273369538E-05 -0.2415084706E-05
 0.9725945334E-05  0.2300130156E-05
 0.2428887085E-05  0.8481093199E-05
-0.1620626170E-04  0.9535027888E-05
-0.4624646101E-05 -0.4258631534E-05
-0.5569153313E-08  0.2364797028E-08
-0.2423064124E-09  0.1132807357E-08
 0.1730433879E-08  0.2127927174E-08
 0.1820574399E-08 -0.6354789761E-09
 0.3829302396E-09  0.1075667778E-08
 0.4499185884E-09  0.1901636200E-08
-0.2058835217E-08  0.1888556979E-08
 0.2646423734E-08 -0.1397665474E-08
-0.5627873609E-08  0.2806458993E-08
-0.3622407703E-08  0.2690730338E-08
-0.6308861941E-09  0.4437050140E-08
 0.4647502533E-08 -0.1246600394E-08
 0.3339357825E-08 -0.1457236361E-08
 0.6536175840E-09 -0.2232467912E-08
 0.1010533061E-08 -0.1135907517E-08
-0.1969276529E-09  0.1645289290E-08
 0.9432695161E-09  0.3801682444E-08
 0.3219011923E-08  0.9623813216E-08
-0.1186081207E-07  0.6809535146E-08
 0.1508748866E-07 -0.5586355301E-08
 0.1398634641E-07  0.3041771763E-07
 0.7191365052E-07  0.1257749970E-06
-0.1356649503E-06  0.6842737893E-07
 0.2266577014E-06 -0.6450584351E-07
-0.4214572661E-07  0.1318394928E-07
-0.1438762230E-06  0.4364442382E-07
-0.1183934083E-06  0.2666895029E-07
 0.1750572321E-06 -0.2890484696E-07
 0.2177417254E-06 -0.4157046253E-07
 0.5280189858E-07 -0.1125106839E-07
 0.5048213189E-07 -0.1650273901E-07
-0.3429032887E-07  0.1954020824E-07
-0.7740364458E-08  0.4204146087E-08
-0.1148266017E-07  0.5969604295E-08
 0.5065362973E-09  0.6731432639E-08
 0.1073298663E-07 -0.3837752493E-08
-0.2696538404E-07  0.6559821260E-08
-0.9009191518E-07  0.1634516961E-07
-0.6964163914E-07  0.1123508091E-07
 0.9506664083E-07 -0.1483143534E-07
-0.1785692832E-07  0.1130574131E-07
-0.6433147661E-07  0.1590416433E-07
 0.3421507427E-07  0.1379727578E-07
 0.5327795082E-07 -0.1799854172E-07
 0.6874444777E-07 -0.1401522644E-07
 0.1473172451E-07 -0.1004694069E-07
 0.2351624968E-07 -0.6749076335E-08
-0.1097913348E-07  0.5982023958E-08
 0.1310303333E-06 -0.2025632810E-07
 0.3434881072E-07 -0.7283795954E-08
 0.4473156036E-07 -0.8749485702E-08
-0.3704792282E-07  0.8936096708E-08
 0.1162652506E-07 -0.3897830864E-08
 0.3641767989E-08 -0.5010058826E-08
 0.5451629745E-08 -0.2425635439E-08
-0.3562410545E-08  0.3443826367E-08
 0.1660126112E-07 -0.4056389564E-08
 0.6487736521E-08 -0.1971246221E-08
 0.5675760958E-08 -0.2442229590E-08
-0.4494515800E-08  0.3062673129E-08
-0.5466823674E-08  0.2799517525E-08
-0.1512551368E-07  0.5154840657E-08
-0.1348660234E-07  0.4583753125E-08
 0.1434293532E-07 -0.3594124687E-08
 0.5251745689E-06  0.7229867981E-06
 0.5470569690E-05  0.5730432742E-05
-0.4999912747E-05  0.1323742448E-05
 0.1008452665E-04 -0.2355408998E-05
 0.7383631435E-04  0.6171858080E-04
 0.1234167920E-02  0.9760416572E-03
-0.2301873074E-03  0.3780872028E-04
 0.7383104539E-03 -0.2925188423E-03
-0.1725517660E-04  0.2038829672E-05
-0.7652727303E-04  0.1131401073E-04
-0.2612078809E-04  0.4084673021E-05
 0.8432315917E-04 -0.3146150572E-04
 0.2514356653E-03 -0.8724085226E-04
 0.4314784792E-04 -0.8100587409E-05
 0.8477777822E-04 -0.2203240302E-04
-0.3556866121E-04  0.6297830455E-05
 0.5835522593E-01  0.5217589084E-01
 0.8406548409E-02 -0.9641233265E-02
 0.3808882588E-03  0.1034336843E-03
-0.1150651378E-01  0.1008866802E-01
 0.1009434935E-04  0.1732928227E-04
-0.3000195464E-04 -0.3515354324E-05
 0.8019918970E-04  0.7015306608E-04
 0.2069825115E-04  0.5798527667E-04
 0.3620340982E-04  0.6223055895E-04
-0.6817091132E-04 -0.9014865254E-04
-0.5630862145E-04 -0.4099994838E-04
-0.4260054334E-03 -0.2179772149E-03
-0.2848524340E-03 -0.4917353215E-04
 0.1016664007E-03  0.6075542396E-04
-0.2266306493E-04  0.1066913279E-04
-0.2482509733E-04  0.3024698917E-04
-0.9522669354E-05  0.1092591889E-04
 0.2420940646E-04 -0.5052575453E-04
 0.3509962562E-05  0.3191028397E-04
 0.2427250698E-04  0.3640074861E-04
 0.1170969502E-04  0.1859266154E-04
-0.2420710736E-04 -0.3292916639E-04
-0.1070027201E-05  0.6063045484E-05
 0.4926240061E-05  0.8652541093E-05
 0.1964801571E-05  0.3756156226E-05
-0.3551177256E-05 -0.6373179378E-05
-0.9731917501E-05 -0.1487248607E-04
 0.5754950157E-06 -0.1907858384E-04
-0.7053777188E-05 -0.4534480385E-04
-0.1193924356E-05  0.1468073060E-04
-0.4864874948E-04 -0.6759149104E-04
-0.4926071708E-04 -0.9783312713E-04
-0.1956198323E-03 -0.1858951187E-03
 0.2728073514E-04  0.5668402646E-04
 0.5637481338E-04 -0.1399749218E-03
 0.7836853387E-04 -0.6644109595E-04
 0.2814663164E-03 -0.2089576166E-03
-0.7502186029E-04  0.3123347319E-04
-0.5077468825E-03 -0.9582564974E-03
 0.1117804281E-02 -0.7115041854E-03
 0.4740143008E-02 -0.3062300320E-02
-0.1090857061E-02  0.2614098329E-03
-0.2744218272E-03  0.8986061279E-04
-0.4570956658E-04  0.1627650529E-03
-0.5307786426E-04  0.7805764052E-04
 0.5737325560E-04 -0.3724824637E-03
-0.6018984044E-05 -0.7203573922E-05
 0.5426243590E-06 -0.7067329801E-05
-0.1540696481E-05 -0.7697406119E-05
-0.1182110176E-05 -0.9570166621E-05
-0.2778903423E-05 -0.7046709312E-07
-0.2674591641E-05  0.5141562188E-05
 0.4521847626E-06  0.3558128371E-05
-0.1820272038E-05  0.4929775608E-05
-0.2754510854E-05 -0.8534186794E-05
-0.5211727086E-05 -0.8382413397E-05
-0.4883693572E-05 -0.7566823358E-05
-0.1094823809E-05 -0.6291282609E-05
 0.2002701283E-05  0.3090662391E-05
 0.4992148779E-05 -0.3049755968E-06
 0.7297036119E-05 -0.3893866053E-07
-0.3478660485E-05  0.7491928695E-05
-0.2652199839E-05 -0.3206330958E-06
-0.3710117345E-05  0.1285253022E-04
-0.6795001368E-06 -0.4591251780E-05
-0.1807105703E-05 -0.4291565728E-05
-0.1290921218E-05 -0.5800327381E-05
-0.2306502281E-05 -0.7515305354E-06
 0.1918830565E-07  0.4218762069E-05
-0.3695613896E-05  0.1607070304E-04
-0.3409847599E-05  0.7876906186E-05
-0.3584632192E-05  0.1797921840E-04
 0.7724784782E-06 -0.1244890574E-04
 0.3448931350E-06 -0.2228440228E-05
 0.1846208632E-06 -0.9101257300E-05
-0.2834438470E-06  0.1397454637E-05
-0.3138073666E-05  0.4320049319E-05
 0.2818336334E-06  0.5528044233E-05
-0.2605234088E-06  0.5835696058E-05
 0.1005726456E-05  0.4399700022E-05
-0.1033118550E-05 -0.7164027062E-05
-0.9317406287E-06  0.4979684928E-05
-0.1809488456E-05  0.9307355014E-06
-0.1088418543E-05  0.6648539136E-05
-0.1854503269E-05 -0.5706701027E-05
 0.4367179169E-05 -0.5475683008E-06
 0.1812080813E-05  0.2100962471E-05
 0.7955229689E-06 -0.3729805094E-05
-0.1282405894E-05 -0.8998647643E-05
-0.2505488173E-05 -0.7762115225E-05
-0.1178223940E-05 -0.7415991099E-05
 0.3628786740E-08  0.6007435285E-05
 0.2791148227E-05  0.3473072908E-05
 0.5740297023E-05  0.8142636091E-05
 0.3072674884E-05  0.3737445646E-05
-0.3367075593E-05 -0.3910895266E-05
 0.8351991232E-05  0.1593391082E-04
 0.8891606584E-05  0.2520832125E-04
 0.7645714198E-05  0.1547859121E-04
-0.6155581681E-05 -0.1937956075E-04
 0.3242500261E-05  0.4044870884E-05
 0.5766118818E-05  0.8789434821E-05
 0.3414943190E-05  0.4281971124E-05
-0.3253740954E-05 -0.4716645538E-05
-0.5043700756E-05 -0.1034779879E-04
-0.3264728818E-05 -0.4367233550E-05
-0.5238247982E-05 -0.1001666537E-04
 0.5668698853E-05  0.8492260567E-05
 0.7146269484E-05  0.3291653651E-04
 0.4410700522E-05  0.3620625406E-04
 0.6103926471E-05  0.2967994749E-04
-0.3132168293E-05 -0.3472645412E-04
 0.1004558979E-05  0.3350123846E-04
-0.1902990410E-05  0.2678768876E-04
 0.1693802818E-05  0.3164667284E-04
-0.9642990327E-06 -0.3146319953E-04
 0.5396361447E-05  0.2680764650E-04
 0.5701970312E-05  0.3144007258E-04
 0.4909987079E-05  0.2440381404E-04
-0.2576191111E-05 -0.2807413045E-04
-0.2880700038E-05 -0.3350789397E-04
-0.2838932147E-05 -0.3140754923E-04
-0.2034118559E-05 -0.3574143966E-04
 0.4603241432E-05  0.3336240307E-04
 0.3929472285E-05  0.4169817772E-05
 0.5129062898E-05  0.9576699248E-05
 0.5170518242E-05  0.9708094053E-05
-0.3378819116E-05 -0.5306633447E-05
 0.8702233543E-05  0.1359217958E-04
 0.7809469516E-06  0.1808428965E-04
 0.1026936721E-04  0.3502360925E-04
-0.7526477959E-05 -0.1761203438E-04
 0.1466111598E-04 -0.1285548320E-04
-0.6458213195E-05 -0.6292492390E-05
-0.6066446598E-05 -0.1108484819E-04
 0.6498547856E-05  0.5301011680E-05
-0.4652486890E-05 -0.2195239261E-04
-0.6160923170E-05 -0.1745030663E-04
-0.4665491837E-05 -0.2435974615E-04
 0.5988600083E-05  0.1987134770E-04
-0.5613050290E-05 -0.1051419318E-04
-0.3195225895E-05 -0.5055922391E-05
-0.5111136481E-05 -0.1057151371E-04
 0.6016787523E-05  0.9143748972E-05
-0.4835770175E-05 -0.2638474416E-04
-0.5838593654E-05 -0.1858319037E-04
-0.5165619077E-05 -0.2885100692E-04
 0.7646591686E-05  0.2322043981E-04
 0.7289198275E-05  0.1495643063E-04
 0.6883714876E-05  0.2140265815E-04
 0.7360785831E-05  0.1455462670E-04
-0.5963167711E-05 -0.1766479964E-04
 0.5214246553E-06 -0.2342162479E-04
-0.5404594584E-06 -0.3235850728E-04
 0.3245876697E-06 -0.2207815161E-04
-0.2324514479E-05  0.2707345317E-04
-0.1839870419E-05 -0.3846902005E-04
-0.3676404759E-05 -0.3853463182E-04
-0.2258123302E-05 -0.4158157501E-04
 0.4923274158E-05  0.3971408854E-04
-0.2786854837E-06 -0.1960565254E-04
-0.1365395817E-05 -0.3276343493E-04
-0.1440727317E-05 -0.1511176139E-04
-0.2927734703E-05  0.2497577497E-04
 0.6588536094E-06  0.3754548597E-04
-0.2645810161E-05  0.2675317992E-04
 0.6973990181E-06  0.3557897516E-04
-0.6419280386E-06 -0.3301590000E-04
-0.5992641144E-05 -0.3157960484E-04
-0.6941876648E-05 -0.2006755610E-04
-0.7472393860E-05 -0.3470073640E-04
 0.1080420940E-04  0.2730514858E-04
-0.5808287620E-05 -0.9540885859E-05
-0.3587260248E-05 -0.3854244061E-05
-0.7126077411E-05 -0.9659974763E-05
 0.5790178605E-05  0.7860404741E-05
-0.1019577997E-04 -0.3857822844E-04
-0.1239438784E-04 -0.2229338950E-04
-0.1745678256E-04 -0.4515868283E-04
 0.1786539086E-04  0.3201477680E-04
 0.1091561466E-04  0.1659927916E-04
 0.1364061855E-04  0.2952014867E-04
 0.9463024013E-05  0.1625852539E-04
-0.8529697480E-05 -0.2067616562E-04
-0.3161344465E-05 -0.8179826463E-05
-0.5242925378E-05 -0.2437537082E-04
-0.5156482133E-05 -0.5497154123E-06
-0.3122059349E-05  0.1217972294E-04
-0.8770430775E-05 -0.4655240959E-04
-0.1880080905E-04 -0.6383109144E-04
-0.1761475569E-04 -0.4313904986E-04
 0.1310130013E-04  0.5767779270E-04
-0.6055284248E-05  0.4213929045E-05
-0.1449894467E-04 -0.5239878196E-05
 0.8315379305E-06 -0.3906550435E-05
-0.4650634699E-05 -0.3142094904E-05
-0.7855097654E-06  0.2089886228E-04
-0.2366031466E-05  0.7465421566E-07
 0.9764301817E-07  0.3323883440E-04
-0.8985361244E-05 -0.1471831004E-04
 0.2196770380E-04  0.5305921195E-04
 0.9993406012E-05  0.5325387642E-04
 0.1548046674E-04  0.4616407480E-04
-0.9683201466E-05 -0.5459359869E-04
 0.5601588994E-06  0.3794970907E-04
-0.3161548642E-05  0.2046743265E-04
 0.6911036478E-06  0.3870091395E-04
-0.2842722077E-05 -0.3029775817E-04
 0.1150074983E-04  0.4087623404E-04
 0.6066862205E-05  0.4375914817E-04
 0.8864717373E-05  0.3658618198E-04
-0.4747067111E-05 -0.4296370357E-04
-0.3361564829E-05 -0.4460205567E-04
-0.6524300681E-05 -0.4819412966E-04
-0.5292123070E-05 -0.4669266995E-04
 0.7758836418E-05  0.4830677856E-04
 0.2663285669E-05 -0.2213534489E-05
-0.1380517755E-05 -0.1451531746E-05
-0.2229114118E-05 -0.2150327169E-05
 0.1722648280E-05  0.1418778604E-05
-0.2805250835E-07  0.4681031973E-07
-0.3317519519E-08 -0.2516892825E-07
-0.8181572492E-07 -0.2947587681E-07
 0.4337335598E-07  0.3930683665E-07
-0.1987976100E-05 -0.1929462309E-05
-0.9224262950E-06 -0.6082660230E-06
-0.1833357386E-05 -0.1715523636E-05
 0.1708528620E-05  0.1831563635E-05
-0.4235171033E-06 -0.1632050046E-06
-0.1486483582E-06 -0.8078717493E-07
-0.3328499634E-06 -0.2019504367E-06
 0.2484506705E-06  0.2457576048E-06
-0.1756734790E-05 -0.1456082370E-05
-0.7400312462E-06 -0.5346774160E-06
-0.1664522970E-05 -0.1456877116E-05
 0.1258617783E-05  0.1453876518E-05
 0.5429523591E-06  0.5811804179E-06
 0.1513271324E-05  0.1607036698E-05
 0.6927033717E-06  0.6392314831E-06
-0.8538019118E-06 -0.4916637393E-06
 0.1281593973E-06  0.9503627757E-07
 0.2830450950E-06  0.2908852838E-06
 0.2700282564E-06  0.2443466540E-06
-0.1960670010E-06 -0.7090316557E-07
 0.9115581122E-06  0.6808711832E-06
 0.1563142565E-05  0.2087212432E-05
 0.1517607375E-05  0.1810785048E-05
-0.1043267930E-05 -0.7882089899E-06
 0.1447689186E-06 -0.4987254329E-07
-0.1680505932E-06 -0.2161093433E-06
-0.5373116353E-06 -0.1747448239E-06
 0.3143409858E-06  0.2628480080E-06
-0.1272037509E-05 -0.2622918108E-05
 0.4018922092E-06 -0.2914590336E-05
 0.8762736377E-06 -0.7559351830E-05
-0.5103619334E-06  0.2370827860E-05
 0.8964381271E-06 -0.2426542654E-05
 0.8329486228E-06 -0.1331244283E-05
 0.2420088494E-05 -0.3200845883E-05
-0.9782963830E-06  0.5402772275E-06
 0.8626520496E-05 -0.1801670646E-04
 0.7349014608E-05 -0.8229901583E-05
 0.2336655772E-04 -0.2261899742E-04
-0.7412772054E-05  0.3734320960E-05
-0.2601807053E-05  0.1371077029E-05
-0.3417683015E-05  0.3879342296E-05
-0.1210408928E-05  0.1397988446E-05
 0.2842613263E-05 -0.6506067728E-05
 0.7336095548E-06 -0.5080340831E-06
 0.5246087889E-06 -0.1232494514E-06
 0.1012745758E-05 -0.2244147371E-06
-0.4010485215E-06  0.4780665706E-07
 0.2874718938E-06 -0.4078223521E-07
 0.6158948194E-07 -0.2562003695E-07
 0.1467154052E-06 -0.7622193465E-08
-0.6234709540E-07 -0.6820185159E-08
 0.7660778248E-06 -0.7647785525E-07
 0.2370990065E-06 -0.2117689497E-07
 0.3628461873E-06 -0.3850514733E-07
-0.1955823124E-06  0.2667709948E-07
-0.1268695127E-06  0.1335821703E-07
-0.3493627262E-06  0.3367841545E-07
-0.2279023348E-06  0.2228096403E-07
 0.4496149819E-06 -0.4734548143E-07
 0.2965451679E-04 -0.1210416652E-04
 0.9240837076E-05 -0.1627962623E-05
 0.2006863945E-04 -0.3541413252E-05
-0.7797811413E-05  0.7323576542E-06
 0.2369350769E-05 -0.2677530955E-06
 0.5508329713E-06 -0.6683163773E-07
 0.8169501298E-06 -0.1139226998E-06
-0.4522339823E-06  0.8798897556E-07
 0.6888604929E-05 -0.1061282320E-05
 0.1140188650E-05 -0.1905351960E-06
 0.1361325024E-05 -0.3392609785E-06
-0.7478544493E-06  0.2839875080E-06
-0.6397870285E-06  0.1610914924E-06
-0.3331357746E-05  0.5933606179E-06
-0.1937239388E-05  0.2638281899E-06
 0.4130583737E-05 -0.5301925663E-06
-0.2990063914E-06  0.4818534255E-07
-0.1078930700E-05  0.1223816665E-06
-0.6018916738E-06  0.6112944335E-07
 0.1342214022E-05 -0.1389185440E-06
-0.3527183456E-05  0.2974537538E-06
-0.9485635140E-05  0.1601143345E-05
-0.3672408729E-05  0.6698456442E-06
 0.1096412573E-04 -0.4970549999E-05
-0.7909816221E-06  0.7519434273E-07
-0.1512986614E-05  0.3030887947E-06
-0.6641368252E-06  0.1524361413E-06
 0.1724335305E-05 -0.1020579934E-05
 0.4250481902E-05 -0.2180712885E-05
 0.2053576595E-05 -0.4089512419E-06
 0.4306174781E-05 -0.7905941641E-06
-0.1637939849E-05  0.1382755192E-06
 0.1242477989E-07 -0.3170036080E-08
-0.2147390318E-06  0.4610173235E-07
 0.9418651087E-07  0.4153307353E-07
 0.1853569109E-06 -0.6999015237E-07
-0.2111099889E-06  0.2878345333E-07
-0.3145607171E-06  0.8671263958E-07
-0.1706721632E-06  0.5553611469E-07
 0.3319930666E-06 -0.2689140936E-06
-0.3407390204E-07 -0.3645230744E-07
-0.1526338744E-06  0.7848257463E-07
 0.5260330039E-07  0.6596872559E-07
 0.1471275136E-06 -0.1166089171E-06
 0.1851525842E-06 -0.1569196821E-06
 0.6940698195E-07 -0.8840211244E-07
 0.2800846162E-06 -0.4757101140E-07
-0.8832416290E-07 -0.3107697543E-07
-0.3961020224E-06  0.2362966604E-06
-0.4353691155E-06  0.5263109716E-06
-0.1621916874E-06  0.2135019662E-06
 0.2716581670E-06 -0.9496654178E-06
-0.1966672433E-06  0.9107383789E-06
 0.7727249335E-06  0.1552824325E-05
 0.3084448586E-06  0.6245136838E-06
-0.4758790845E-06 -0.1055273477E-05
-0.1469378706E-07  0.1448134712E-06
 0.1354741596E-06  0.2562066453E-06
 0.6364577682E-07  0.1080655409E-06
-0.8996878085E-07 -0.1754688198E-06
-0.1964384189E-06 -0.4257448503E-06
 0.2469460665E-07 -0.4450130189E-06
 0.1286918955E-06 -0.1124876784E-05
-0.6332644869E-07  0.3559417650E-06
-0.1053390507E-07 -0.1863855976E-07
-0.1835044749E-07  0.3593692452E-07
 0.1110468562E-07  0.2255736284E-07
 0.2224472138E-07 -0.3990804594E-07
 0.1102054409E-07  0.3309960380E-07
 0.2920063389E-07  0.5202045624E-07
 0.4091635423E-07  0.4945315653E-07
-0.3149883380E-07 -0.3928944499E-07
-0.8298839551E-08 -0.1388891609E-08
 0.4363176695E-07  0.1041441854E-07
-0.1221145569E-07 -0.3661915693E-07
 0.2404918319E-08  0.1822055561E-07
-0.4848542263E-07 -0.7769746277E-07
-0.1454013096E-07 -0.8084733077E-07
-0.7559842353E-08 -0.1846406542E-06
 0.4030942774E-08  0.6437272847E-07
 0.2592252830E-09 -0.8510356926E-07
-0.2996914834E-08 -0.1254789947E-06
 0.7183872719E-07 -0.1346986524E-06
-0.4749613805E-07  0.4263499483E-07
 0.7550840582E-07 -0.3955881485E-06
 0.1269624362E-06 -0.2807058125E-06
 0.3036547981E-06 -0.5924117684E-06
-0.1751006236E-06  0.1208177008E-06
-0.8817839211E-07  0.7610155758E-07
-0.6277526007E-07  0.9714720457E-07
-0.2576245839E-07  0.5101538815E-07
 0.1410915049E-07 -0.1774838326E-06
-0.4673472230E-06 -0.3832991097E-05
-0.5676329484E-07 -0.2819601812E-05
-0.2042358070E-05 -0.2801017084E-05
 0.3174626986E-05 -0.3807766854E-06
-0.4892129919E-05 -0.4920129037E-05
 0.5059113039E-05  0.6373075742E-06
-0.1308335689E-05 -0.3999869009E-05
-0.1487324934E-05 -0.3546931531E-05
-0.9806608810E-06 -0.4499222995E-05
 0.1106310990E-05  0.3366437150E-05
-0.1550330277E-05 -0.2849492162E-05
-0.1731556479E-05 -0.2346676575E-05
-0.1097436191E-05 -0.3559458461E-05
 0.1377289010E-05  0.2092511464E-05
-0.7754882823E-06 -0.4198334391E-05
-0.7968060113E-06 -0.3940487746E-05
-0.7474853993E-06 -0.3352312256E-05
 0.7004429761E-06  0.3865935133E-05
 0.8860286112E-06  0.3403405294E-05
 0.7842987048E-06  0.3976215227E-05
 0.1236017388E-05  0.2757018762E-05
-0.1040655517E-05 -0.4114901430E-05
 0.2480843907E-05  0.5999900561E-06
 0.2195798683E-05  0.7685776451E-06
 0.7084242451E-05 -0.2982380521E-05
-0.4788809612E-05 -0.3670528227E-05
 0.1875778734E-05  0.1560349164E-05
 0.1639188987E-05  0.1985344266E-05
 0.3002726481E-05  0.6517182932E-06
-0.2586113971E-05 -0.2703099676E-05
-0.5993373315E-06 -0.5876403060E-06
-0.3147610147E-05 -0.2360798798E-05
 0.4437935405E-05 -0.4679985387E-06
-0.8781647367E-06 -0.8825747181E-06
-0.2957729800E-05 -0.6774643887E-06
-0.3525674108E-05 -0.9906171533E-06
-0.2134721962E-05 -0.1523219987E-05
 0.2523457217E-05  0.2828035440E-06
-0.5146355705E-05 -0.1324443083E-05
-0.6296039489E-05 -0.4425352225E-05
-0.2373521447E-05 -0.1263152138E-05
 0.2863841371E-05  0.1510420785E-06
-0.1622148039E-05 -0.2330676415E-05
-0.1595656730E-05 -0.2263997886E-05
-0.1007931362E-05 -0.2840048795E-05
 0.1136004319E-05  0.2073803270E-05
 0.1835857133E-05  0.1092639199E-05
 0.1884280799E-05  0.1132761078E-05
 0.2885977053E-05 -0.1561275757E-06
-0.2431714093E-05 -0.1382717137E-05
 0.7768226437E-05  0.1578570078E-05
 0.7266243892E-05 -0.2751534254E-05
 0.3867039034E-05  0.4444159987E-06
 0.3997973206E-05 -0.9910689323E-06
-0.1369576489E-05 -0.4891247635E-06
-0.8908084120E-06 -0.2254532481E-05
-0.8763012689E-06 -0.2264770182E-05
-0.1137894724E-05 -0.1175020602E-05
 0.1004163928E-05  0.2259414840E-05
-0.9003628977E-06 -0.2261743520E-05
-0.9416448702E-06 -0.2322122077E-05
-0.9628575514E-06 -0.1503322543E-05
 0.9154175546E-06  0.2307667072E-05
-0.1400476384E-05 -0.3186168700E-06
-0.1173036955E-05 -0.6088140716E-06
-0.1581363501E-05  0.2512815753E-06
 0.1276580948E-05  0.6704721668E-06
 0.1027188487E-05  0.1563055973E-05
 0.1187453858E-05  0.1338423970E-05
 0.9715040848E-06  0.2263733113E-05
-0.1038517548E-05 -0.1327916328E-05
-0.9622456908E-06 -0.2440808397E-05
-0.9139429440E-06 -0.2591518434E-05
-0.8391799873E-06 -0.2014414958E-05
 0.7834061936E-06  0.2620579902E-05
-0.8048916808E-06 -0.2752379508E-05
-0.6649326417E-06 -0.2898352429E-05
-0.5164855780E-06 -0.2491916928E-05
 0.4772026638E-06  0.2939929080E-05
-0.7346307808E-06 -0.1589680001E-05
-0.5450297207E-06 -0.1837062607E-05
-0.7272682729E-06 -0.1080261558E-05
 0.5452261828E-06  0.2089239305E-05
 0.4478182894E-06  0.2660837534E-05
 0.6085658002E-06  0.2425696597E-05
 0.6448581521E-06  0.2799374640E-05
-0.6921565255E-06 -0.2271359568E-05
-0.1672824928E-05  0.7575128239E-06
-0.1230889019E-05  0.4297455154E-06
-0.1770916641E-05  0.1590626415E-05
 0.1253724885E-05 -0.1486622743E-06
-0.9390266556E-06  0.1908311615E-06
-0.1010420520E-05 -0.2016340760E-06
-0.1072492229E-05  0.1207104359E-05
 0.7074223700E-06  0.2383462010E-06
-0.2518716129E-05  0.4192859275E-05
-0.1050954562E-05  0.3334648570E-05
-0.4864633495E-05  0.7060192061E-05
 0.1660384306E-05 -0.3212021587E-05
 0.1147643887E-05 -0.9702091538E-06
 0.1404049817E-05 -0.1015877581E-05
 0.9305696850E-06  0.1604476883E-06
-0.1287022574E-05  0.1514590038E-05
 0.6850632288E-06  0.1327928461E-05
 0.6638739071E-06  0.9663646436E-06
 0.6389914955E-06  0.1778558374E-05
-0.8623254935E-06 -0.8176101779E-06
 0.9370566675E-06  0.6592711562E-06
 0.1272002693E-05  0.2596833613E-06
 0.1004445410E-05  0.1041382894E-05
-0.1229192138E-05 -0.1029419271E-06
 0.7372880224E-06  0.2118302007E-05
 0.8606985306E-06  0.1808524883E-05
 0.8656188059E-06  0.2438565727E-05
-0.9194986617E-06 -0.1743698069E-05
-0.9888431911E-06 -0.9084393487E-06
-0.8768469371E-06 -0.1266169277E-05
-0.9590298526E-06 -0.4356610781E-06
 0.7549724702E-06  0.1387833640E-05
 0.6903436696E-06  0.2756061276E-05
 0.8288726612E-06  0.2752843863E-05
 0.1226522698E-05  0.2163318335E-05
-0.1114029032E-05 -0.2843230234E-05
 0.9401006489E-06  0.2692568733E-05
 0.9865487413E-06  0.2668369891E-05
 0.1267246139E-05  0.2330151818E-05
-0.1155409068E-05 -0.2784601076E-05
 0.1820327288E-05  0.1355879769E-05
 0.1760361175E-05  0.1588629120E-05
 0.2569068745E-05  0.4966395420E-06
-0.2194985239E-05 -0.1955087621E-05
-0.1546187653E-05 -0.2578068206E-05
-0.1611382572E-05 -0.2509043281E-05
-0.1161716000E-05 -0.2794612512E-05
 0.1272327196E-05  0.2277511724E-05
 0.9684150696E-06  0.2680879209E-05
 0.9283298020E-06  0.2780956316E-05
 0.1092379654E-05  0.2702117890E-05
-0.9847432927E-06 -0.2882188416E-05
 0.8709214290E-06  0.2987922010E-05
 0.8090144839E-06  0.3207149373E-05
 0.8071152612E-06  0.3461052314E-05
-0.7689389605E-06 -0.3230719396E-05
 0.1277671068E-05  0.2372905754E-05
 0.1064076180E-05  0.2824901614E-05
 0.1647819835E-05  0.1626268132E-05
-0.1316436674E-05 -0.3072115881E-05
-0.8958025449E-06 -0.3566601485E-05
-0.1084695106E-05 -0.3216112379E-05
-0.8545104895E-06 -0.3039147573E-05
 0.9472575472E-06  0.3025670282E-05
 0.3055116504E-05  0.4430019119E-06
 0.3978057577E-05 -0.1229033574E-05
-0.8967515501E-06 -0.3934046673E-05
 0.3020619386E-05  0.1604204287E-06
 0.3130863174E-05 -0.6693487578E-07
-0.3247992288E-05 -0.4833120304E-05
-0.2219350532E-05 -0.3720489297E-05
-0.2107574840E-05 -0.2056934138E-05
-0.2296176964E-05 -0.1813924168E-05
-0.1594318745E-05 -0.2730919330E-05
 0.1878148679E-05  0.1385594788E-05
-0.2641687080E-05 -0.1178047577E-05
-0.2880183818E-05 -0.1500089273E-05
-0.1920559861E-05 -0.2068112014E-05
 0.2180423525E-05  0.8470010799E-06
-0.1294701249E-05 -0.2950317157E-05
-0.1406347585E-05 -0.2757594839E-05
-0.1085724030E-05 -0.2811264112E-05
 0.1182129191E-05  0.2492861914E-05
 0.1591971048E-05  0.1714385867E-05
 0.1491458136E-05  0.2044729969E-05
 0.2241493506E-05  0.8705690357E-06
-0.1839831125E-05 -0.2384280662E-05
-0.9614164767E-06 -0.3559648478E-05
-0.9195146367E-06 -0.1948757007E-06
-0.3278916154E-05 -0.1527473278E-05
 0.3503654854E-05  0.1152058529E-05
-0.2483572246E-05 -0.1478971396E-05
-0.4197572251E-05 -0.1672793821E-05
 0.4522990442E-05  0.2480663336E-05
-0.2287646958E-05 -0.1978667532E-05
-0.2351034608E-05 -0.1586715887E-05
-0.1541839190E-05 -0.2455273929E-05
 0.1810114652E-05  0.1325022739E-05
 0.2682761486E-05  0.9247362237E-06
 0.2769631771E-05  0.6347812526E-06
 0.4641239607E-05 -0.5308151202E-06
-0.3484689652E-05 -0.1027179878E-05
-0.3905276468E-05 -0.6960814248E-05
-0.3038420056E-05 -0.4486423239E-05
-0.4839133277E-05 -0.2376864608E-05
-0.5657179909E-05 -0.2774211166E-05
-0.3555408057E-05 -0.2999377146E-05
 0.4053154211E-05  0.1794132220E-05
 0.6281854717E-05  0.1473632100E-05
 0.6731139756E-05 -0.1419783061E-06
-0.3233084823E-05 -0.8366763138E-05
-0.1014989259E-05 -0.2806865742E-05
-0.1106053551E-05 -0.2761603371E-05
-0.6315799644E-06 -0.2861384264E-05
 0.7286004368E-06  0.2469108633E-05
-0.1243318538E-05 -0.2806889324E-05
-0.1386716709E-05 -0.2830184038E-05
-0.7852876604E-06 -0.2973344690E-05
 0.9103550440E-06  0.2439394280E-05
-0.4524703663E-06 -0.2677899523E-05
-0.4977369305E-06 -0.2776145337E-05
-0.4737851025E-06 -0.2317647440E-05
 0.4149281696E-06  0.2733335765E-05
 0.5268385319E-06  0.2765789493E-05
 0.4659950095E-06  0.2739803859E-05
 0.8076201018E-06  0.2455454485E-05
-0.6949174322E-06 -0.2905386391E-05
-0.1605237260E-05 -0.2997743243E-05
-0.1800927605E-05 -0.3152207257E-05
-0.1074546332E-05 -0.3219805553E-05
 0.1221601394E-05  0.2624451274E-05
-0.2039205443E-05 -0.3290134269E-05
-0.2297838826E-05 -0.3512306541E-05
-0.1439938994E-05 -0.3580683111E-05
 0.1610521488E-05  0.2864119279E-05
-0.8387814026E-06 -0.3196351108E-05
-0.9935284585E-06 -0.3406321165E-05
-0.8664292776E-06 -0.2987310224E-05
 0.8317849310E-06  0.3149272320E-05
 0.1051378854E-05  0.3135897980E-05
 0.8957598614E-06  0.3002395382E-05
 0.1415183001E-05  0.2699322818E-05
-0.1251264542E-05 -0.3399327691E-05
-0.6893115518E-06 -0.1897305555E-05
-0.7675690285E-06 -0.2062998661E-05
-0.1078844570E-05 -0.1547979475E-05
 0.9109728982E-06  0.2091959971E-05
-0.8639784644E-06 -0.2242027050E-05
-0.9894725656E-06 -0.2464221304E-05
-0.1279707758E-05 -0.1973528716E-05
 0.1110520199E-05  0.2422027960E-05
-0.1537823305E-05 -0.1421528707E-05
-0.1701408828E-05 -0.1674834773E-05
-0.2089392573E-05 -0.1558532396E-05
 0.1884441142E-05  0.1529516962E-05
 0.1488625260E-05  0.1948990202E-05
 0.1352857210E-05  0.1751619731E-05
 0.1005953716E-05  0.2249470717E-05
-0.1173183103E-05 -0.1756821759E-05
 0.8769695929E-06  0.2875575621E-05
 0.7587784241E-06  0.2706436548E-05
 0.7025661036E-06  0.2989668195E-05
-0.7321158757E-06 -0.2772488969E-05
 0.6566978877E-06  0.2583660486E-05
 0.5703833314E-06  0.2484368960E-05
 0.4829280200E-06  0.2800197390E-05
-0.5258257875E-06 -0.2456477142E-05
 0.7517507965E-06  0.2882362245E-05
 0.6260614776E-06  0.2801591531E-05
 0.1062708451E-05  0.2509197811E-05
-0.9154709658E-06 -0.3071153530E-05
-0.5796280825E-06 -0.2889326201E-05
-0.6956627578E-06 -0.3021785860E-05
-0.6137930975E-06 -0.2600253683E-05
 0.5819481310E-06  0.2874553644E-05
 0.2595546330E-05  0.2319917501E-05
 0.2346854643E-05  0.2298452239E-05
 0.3872520352E-05  0.1747651475E-05
-0.3355356113E-05 -0.3125203086E-05
 0.2065898104E-05  0.2109358186E-05
 0.1856303105E-05  0.2087642773E-05
 0.3155147535E-05  0.1523339223E-05
-0.2685209022E-05 -0.2746764133E-05
 0.5542321518E-05  0.9677880935E-06
 0.6042786359E-05 -0.4479088787E-06
-0.4589565518E-05 -0.1083940031E-04
-0.4028138250E-05 -0.2162903510E-05
-0.4769002576E-05 -0.2776231057E-05
-0.2917008996E-05 -0.2734294959E-05
 0.3314864851E-05  0.1775330162E-05
 0.1618816062E-05  0.1940969731E-05
 0.1469763243E-05  0.1857715179E-05
 0.2541200210E-05  0.1319310124E-05
-0.2128605184E-05 -0.2356302090E-05
 0.1305404738E-05  0.1928617910E-05
 0.1220351620E-05  0.1962062418E-05
 0.2095535319E-05  0.1240002471E-05
-0.1735713343E-05 -0.2359721427E-05
 0.3343696211E-05  0.8758415731E-06
 0.3644653367E-05 -0.1572410952E-06
 0.1040719305E-04 -0.6050719466E-05
-0.5367005809E-05 -0.1462404040E-05
-0.2897677991E-05 -0.1865062713E-05
-0.2944858085E-05 -0.1592737691E-05
-0.1917495089E-05 -0.2370985218E-05
 0.2185411981E-05  0.1222431037E-05
-0.7289792009E-05 -0.6114950142E-05
 0.9933760792E-05  0.5728241196E-05
-0.6291927509E-05 -0.7462710392E-05
-0.3550943481E-05 -0.2127930893E-05
-0.3800220739E-05 -0.2244407764E-05
-0.2397743720E-05 -0.2525220709E-05
 0.2680423548E-05  0.1567041753E-05
 0.4612468237E-05  0.6668971277E-06
 0.4985580364E-05 -0.3033800603E-06
 0.1515497623E-04 -0.1190735088E-04
-0.7684223021E-05 -0.7255049293E-05
-0.2146253132E-05 -0.2778973726E-05
-0.2358001840E-05  0.1294926619E-05
-0.2656708116E-05 -0.2449598828E-05
 0.3304826580E-05 -0.5248933219E-06
-0.2249541035E-05  0.1428035331E-05
-0.2003833342E-05  0.9728350767E-06
-0.3294620039E-05 -0.3552364420E-05
 0.2369006945E-05 -0.1775273954E-05
-0.2823569213E-05  0.1442341411E-05
-0.1860145079E-05  0.4215759003E-06
-0.2249751653E-05 -0.6216156151E-05
 0.2079600392E-05 -0.7253559172E-06
-0.4600924144E-05  0.2740665896E-05
 0.4975549843E-05 -0.4395300760E-06
 0.3177500522E-05 -0.1057057036E-05
-0.4531827771E-05  0.1390429922E-05
-0.1490674864E-05 -0.1009098012E-05
 0.2547557488E-05 -0.8478983922E-06
 0.2413722101E-05 -0.3152220501E-06
-0.2361911820E-05  0.2776361277E-06
-0.2322274453E-05  0.4465444780E-06
-0.1625185521E-05 -0.2545783538E-06
-0.1997095927E-05 -0.7475931831E-05
 0.2001832574E-05 -0.1556365017E-06
-0.2107459688E-05 -0.2543803096E-06
-0.1641925727E-05 -0.7156149085E-06
-0.2200707704E-05 -0.8179129939E-05
 0.2131669417E-05  0.2076681065E-06
-0.5742998935E-05  0.3680234593E-05
 0.5673124279E-05  0.5099995836E-06
 0.2185842439E-05  0.1049363793E-05
-0.3673155512E-05 -0.2117040302E-06
-0.2160986683E-05 -0.7245589838E-06
-0.1819943707E-05 -0.1090307778E-05
-0.2577707703E-05 -0.8856870791E-05
 0.2344420473E-05  0.5310855673E-06
-0.2315487003E-05 -0.1164608673E-05
-0.2014400920E-05 -0.1539311386E-05
-0.2877132652E-05 -0.9880320494E-05
 0.2511807743E-05  0.9707340169E-06
-0.6880868388E-05  0.4297906488E-05
 0.6296291549E-05  0.1004142186E-05
 0.2454909154E-05  0.2059005778E-05
-0.4081075771E-05 -0.6120272386E-06
-0.6050017833E-05  0.3771979546E-05
 0.5953921358E-05  0.7741458330E-06
 0.2279065829E-05  0.1543730441E-05
-0.3818882416E-05 -0.4263004880E-06
-0.5459799286E-05  0.3538880370E-05
 0.5386644840E-05  0.1303965089E-06
 0.2397330655E-05  0.2998869657E-06
-0.3837965092E-05  0.2835186934E-06
 0.2431043526E-05  0.1406205545E-05
 0.1977390775E-05  0.1354026229E-05
 0.1772188695E-05  0.1447263392E-05
-0.1937176364E-05 -0.1411400799E-05
 0.2247899949E-05  0.9303239809E-06
 0.1817444239E-05  0.9287828696E-06
 0.1600054802E-05  0.1054642642E-05
-0.1764409920E-05 -0.9712209745E-06
 0.1302249024E-05  0.1565716083E-05
 0.1186039098E-05  0.1415123458E-05
 0.8334467981E-06  0.1972593448E-05
-0.1011084221E-05 -0.1374034679E-05
-0.1377035447E-05 -0.1007734310E-05
-0.1508962389E-05 -0.1218808562E-05
-0.1903814754E-05 -0.1096747996E-05
 0.1711135972E-05  0.1096009507E-05
 0.2063251724E-05  0.5468837635E-06
 0.1731501407E-05  0.5085066109E-06
 0.1520846634E-05  0.6389826755E-06
-0.1702306717E-05 -0.5004112157E-06
 0.2019024683E-05  0.1022542757E-06
 0.1871835142E-05 -0.7963370589E-07
 0.1646601057E-05  0.8124942173E-07
-0.1860735555E-05  0.1212625006E-06
 0.1198508429E-05  0.7834835493E-06
 0.1245487277E-05  0.5256547587E-06
 0.8804529552E-06  0.1223638633E-05
-0.1089333473E-05 -0.4229129567E-06
-0.1474011946E-05  0.2803113052E-07
-0.1433208231E-05 -0.2831182211E-06
-0.1789251254E-05 -0.1790731194E-06
 0.1573471272E-05  0.2593315070E-06
 0.5225981393E-06  0.2380291255E-05
 0.5072139822E-06  0.2256950650E-05
 0.3841870487E-06  0.2665935822E-05
-0.4584728823E-06 -0.2172176445E-05
 0.5335370296E-06  0.2105579904E-05
 0.5772465046E-06  0.1938480628E-05
 0.4097833562E-06  0.2489294559E-05
-0.4954533089E-06 -0.1838699701E-05
 0.4355766341E-06  0.2725978654E-05
 0.4270825953E-06  0.2710013128E-05
 0.6810159997E-06  0.2535076270E-05
-0.5875523315E-06 -0.2826997197E-05
-0.4300306551E-06 -0.2474435173E-05
-0.4341653157E-06 -0.2575952740E-05
-0.4708065777E-06 -0.2009691829E-05
 0.3866196164E-06  0.2581413431E-05
-0.7315032338E-06 -0.1090790850E-05
-0.6899273508E-06 -0.1320384431E-05
-0.1022796493E-05 -0.6838637930E-06
 0.8174685275E-06  0.1439103421E-05
-0.6538265599E-06 -0.1535088747E-05
-0.6579329796E-06 -0.1728002899E-05
-0.9765933497E-06 -0.1163352890E-05
 0.7894782953E-06  0.1816914361E-05
-0.1338027540E-05 -0.5496190409E-06
-0.1391455883E-05 -0.8002785504E-06
-0.1762251922E-05 -0.6857748315E-06
 0.1566492147E-05  0.7217212463E-06
 0.1174093056E-05  0.1227149074E-05
 0.1128432241E-05  0.1033965616E-05
 0.7823360573E-06  0.1655596388E-05
-0.9819843264E-06 -0.9485996641E-06
 0.2219142947E-05 -0.5429563285E-06
 0.2274566045E-05 -0.9159825080E-06
 0.1907718364E-05 -0.5700671460E-06
-0.2136244892E-05  0.8197468715E-06
 0.2338697875E-05 -0.1138593085E-05
 0.1883233633E-05 -0.8461564695E-06
 0.1779434182E-05 -0.8999576264E-06
-0.1943712301E-05  0.9993387569E-06
 0.1452878761E-05 -0.1277791582E-06
 0.1406508687E-05 -0.2720634693E-06
 0.9968161547E-06  0.6380428400E-06
-0.1202253368E-05  0.3460662838E-06
-0.1628094180E-05  0.9477209757E-06
-0.1681495929E-05  0.7563566815E-06
-0.2089841840E-05  0.9293401891E-06
 0.1882720628E-05 -0.8430453190E-06
 0.3354318493E-05 -0.6238192431E-06
 0.3481716246E-05 -0.2319723865E-05
 0.2752662526E-05 -0.1195921483E-05
-0.3332608556E-05  0.7110806180E-06
-0.1302733432E-05 -0.3890357146E-05
 0.4407607672E-05 -0.4442427272E-05
 0.1550673185E-05 -0.2749103745E-05
-0.2186054459E-05  0.5475089155E-05
 0.1601892918E-05 -0.3609183277E-06
 0.8330692209E-06 -0.8751311098E-06
 0.9448307059E-06  0.6860451994E-06
-0.1427161970E-05  0.7570704047E-06
-0.1698039458E-05  0.3406889317E-05
-0.1767068887E-05  0.1656086428E-05
-0.1357103657E-05  0.3340001337E-05
 0.9786972789E-06 -0.2868946610E-05
 0.6107280726E-06  0.1516719906E-05
 0.5866644008E-06  0.1536679981E-05
 0.3101669221E-06  0.2338153277E-05
-0.3991998623E-06 -0.1322926178E-05
 0.5954076269E-06  0.1597879169E-05
 0.6566340840E-06  0.1568557792E-05
 0.4110342705E-06  0.2281629656E-05
-0.5377173293E-06 -0.1223566832E-05
 0.2089706065E-06  0.2863015849E-05
 0.2936336996E-06  0.2810920226E-05
 0.3411622532E-06  0.3002734527E-05
-0.3670316542E-06 -0.2657147280E-05
-0.3681144506E-06 -0.2016535892E-05
-0.2640955984E-06 -0.2126100207E-05
-0.4169039049E-06 -0.1292602367E-05
 0.3184516582E-06  0.2349988339E-05
-0.8856885191E-06 -0.3407771517E-06
-0.7417044323E-06 -0.3565207949E-06
-0.1269928401E-05  0.5868691862E-06
 0.1038384689E-05  0.6963353160E-06
-0.7243070948E-06 -0.3421260952E-06
-0.7582554056E-06 -0.3961971621E-06
-0.1216926923E-05  0.5397537114E-06
 0.1017476597E-05  0.5279598486E-06
-0.1845469371E-05  0.1489969221E-05
-0.1722872899E-05  0.1281529407E-05
-0.2163711685E-05  0.1200414457E-05
 0.2231861449E-05 -0.1275246575E-05
 0.1556715397E-05 -0.4880361686E-06
 0.1714242642E-05 -0.5114300910E-06
 0.1046098493E-05  0.5520156494E-06
-0.1220849645E-05  0.6388147592E-06
 0.1079448393E-05  0.2108378038E-05
 0.9667758243E-06  0.2203399896E-05
 0.1662235434E-05  0.1533316271E-05
-0.1377487951E-05 -0.2525604653E-05
 0.8432857077E-06  0.2343832725E-05
 0.7462232785E-06  0.2419250200E-05
 0.1359300501E-05  0.1834482318E-05
-0.1131550557E-05 -0.2718614656E-05
 0.2323899010E-05  0.1028615141E-05
 0.2352454007E-05  0.1047016902E-05
 0.4146936012E-05 -0.5393048575E-06
-0.2845638227E-05 -0.1260540673E-05
-0.1960718715E-05 -0.2255800159E-05
-0.1983223373E-05 -0.1934943712E-05
-0.1246587236E-05 -0.2664684317E-05
 0.1471021606E-05  0.1647551390E-05
 0.6546045108E-06  0.2511296539E-05
 0.5946680378E-06  0.2528442388E-05
 0.1165212589E-05  0.1965996247E-05
-0.9777237969E-06 -0.2768301737E-05
 0.5515848140E-06  0.2616661885E-05
 0.5879590643E-06  0.2717318082E-05
 0.1077001710E-05  0.1963684948E-05
-0.9262098729E-06 -0.2819906101E-05
 0.1841923944E-05  0.1230931069E-05
 0.1884674397E-05  0.9554987621E-06
 0.3608758860E-05 -0.3285579831E-06
-0.2552761438E-05 -0.1269685469E-05
-0.1549379181E-05 -0.2157224498E-05
-0.1626375007E-05 -0.2176478350E-05
-0.9015176833E-06 -0.2762636184E-05
 0.1075387491E-05  0.1862730677E-05
 0.1984713698E-05 -0.1045170489E-05
-0.6829232833E-05 -0.4817757668E-05
-0.3727064021E-05 -0.3907857670E-05
-0.2732979212E-05 -0.1789244682E-05
 0.3234387967E-05  0.5311434786E-06
-0.2195730582E-05 -0.5804783807E-05
-0.1807873212E-05 -0.2765832414E-05
-0.2916771158E-05 -0.1762798569E-05
 0.3282608138E-05  0.7012765228E-06
-0.1776241793E-05 -0.2368914770E-05
-0.1746634275E-05 -0.2165839611E-05
-0.1050542513E-05 -0.2803934505E-05
 0.1224373444E-05  0.1868253353E-05
 0.2031098466E-05  0.1243532227E-05
 0.2102695420E-05  0.1178837530E-05
 0.4030268734E-05 -0.6448979668E-06
-0.2590537101E-05 -0.1369930679E-05
-0.5417687468E-06 -0.2973720224E-05
-0.4754261912E-06 -0.2984352428E-05
-0.2751106750E-06 -0.2738118254E-05
 0.2762206535E-06  0.2983082935E-05
-0.4814017556E-06 -0.2957990927E-05
-0.5408428450E-06 -0.2942093410E-05
-0.2784374282E-06 -0.2730706412E-05
 0.3358882765E-06  0.2808736537E-05
-0.2335927228E-06 -0.2165507392E-05
-0.2489863538E-06 -0.2169146119E-05
-0.4196884674E-06 -0.1347317398E-05
 0.3406734506E-06  0.2300803586E-05
 0.2391443250E-06  0.2757169589E-05
 0.2022719382E-06  0.2830498096E-05
 0.2847984771E-06  0.2897959127E-05
-0.2497329462E-06 -0.2749627561E-05
-0.6234875398E-06 -0.2948852547E-05
-0.7040184692E-06 -0.2904096192E-05
-0.4126284439E-06 -0.2749949324E-05
 0.4764499270E-06  0.2703680411E-05
-0.8066332623E-06 -0.2877643124E-05
-0.9028622710E-06 -0.2817838563E-05
-0.5388905553E-06 -0.2797477391E-05
 0.6187420063E-06  0.2584140960E-05
-0.3886490403E-06 -0.2282439929E-05
-0.4184450015E-06 -0.2371010719E-05
-0.5100858947E-06 -0.1672778395E-05
 0.4297835870E-06  0.2394544728E-05
 0.4136631665E-06  0.2696919736E-05
 0.3862438962E-06  0.2685006409E-05
 0.5523960521E-06  0.2654623888E-05
-0.4796634467E-06 -0.2769253304E-05
-0.7654702546E-06 -0.4869741538E-06
-0.7792306735E-06 -0.5831874398E-06
-0.1198934610E-05  0.2088606348E-06
 0.1003694366E-05  0.7230941203E-06
-0.7844000632E-06 -0.7027541854E-06
-0.7739124835E-06 -0.8771657402E-06
-0.1154187382E-05 -0.1568985185E-06
 0.9503501001E-06  0.9989652241E-06
-0.1653869102E-05  0.5962349067E-06
-0.1615190019E-05  0.3180722748E-06
-0.2018862583E-05  0.4750123112E-06
 0.1782730494E-05 -0.3493397552E-06
 0.1371769879E-05  0.2505270055E-06
 0.1424335684E-05  0.2515525879E-07
 0.9976499058E-06  0.8382130155E-06
-0.1197876931E-05  0.4886646210E-07
 0.6249871044E-06  0.1777453870E-05
 0.6458463062E-06  0.1654323687E-05
 0.4306986764E-06  0.2321503548E-05
-0.5019507359E-06 -0.1536740658E-05
 0.6427627983E-06  0.1582973105E-05
 0.6246632189E-06  0.1543729732E-05
 0.3755070287E-06  0.2276278363E-05
-0.4439821374E-06 -0.1385541063E-05
 0.3431332416E-06  0.2687158457E-05
 0.2915953824E-06  0.2703518894E-05
 0.4047811367E-06  0.2765738668E-05
-0.3423180181E-06 -0.2730520312E-05
-0.2892367244E-06 -0.2177686627E-05
-0.3414652460E-06 -0.2214283289E-05
-0.4736124027E-06 -0.1442282218E-05
 0.4087316338E-06  0.2278941760E-05
 0.3093028348E-05 -0.6204363976E-05
-0.1343785337E-06 -0.8476932845E-05
 0.2279243643E-05 -0.3763549660E-05
-0.3202737631E-05  0.5241428153E-05
 0.9128918454E-05 -0.1091241516E-04
-0.6965801103E-05 -0.1310860618E-04
 0.2093906172E-05 -0.6484017607E-05
-0.1463783440E-05  0.6700307766E-05
 0.1457242420E-05 -0.1542387439E-05
 0.1474847023E-05 -0.2609537813E-05
 0.1475626573E-05 -0.7710475368E-06
-0.2165268812E-05  0.2208286068E-05
-0.2871263556E-05  0.5516022169E-05
-0.2255327518E-05  0.3833387217E-05
-0.6473232274E-05  0.1579595752E-04
 0.1256882598E-05 -0.4286270851E-05
 0.1899288044E-04 -0.1903488431E-04
-0.1836574431E-04 -0.1840372852E-04
 0.1247320269E-05 -0.1149890945E-04
 0.2868232680E-05  0.7913974903E-05
 0.3121797236E-04 -0.2925811693E-04
-0.3196792747E-04 -0.2145806460E-04
-0.1044804511E-05 -0.1856271742E-04
 0.1071618832E-04  0.7615856162E-05
 0.4068426168E-06 -0.8327686779E-05
 0.3560686530E-06 -0.1222578195E-04
 0.1210721070E-05 -0.7944706071E-05
-0.2315048790E-05  0.8816556478E-05
-0.1032639371E-05  0.1181881677E-04
-0.3291698251E-05  0.9564932289E-05
-0.9047842147E-05  0.4818365999E-04
-0.1224678569E-05 -0.1133833521E-04
 0.1507037989E-05 -0.3553648747E-06
 0.1631995796E-05 -0.1318227595E-05
 0.1464798375E-05  0.1661741240E-06
-0.1897710162E-05  0.7748470913E-06
 0.1602811338E-05 -0.2525711979E-05
 0.1551328842E-05 -0.4295358441E-05
 0.1452592809E-05 -0.1522587540E-05
-0.2255799394E-05  0.2765879576E-05
 0.1257943533E-05  0.1055161357E-05
 0.1227469876E-05  0.5957286771E-06
 0.9827268666E-06  0.2183757509E-05
-0.1242009314E-05 -0.9326060373E-06
-0.1740210359E-05  0.6868052785E-06
-0.1591503279E-05  0.6351653781E-07
-0.2086942631E-05  0.1571619235E-05
 0.1497030661E-05 -0.5191980229E-06
-0.2590613576E-05  0.5454495035E-05
-0.2457910972E-05  0.3586479048E-05
-0.2482425848E-05  0.6312660444E-05
 0.1423578262E-05 -0.5053447942E-05
-0.2320070036E-05  0.2264818506E-05
-0.2050573305E-05  0.1301764210E-05
-0.2317548719E-05  0.3081308073E-05
 0.1504439952E-05 -0.1756693231E-05
-0.2738261852E-05  0.7897904619E-05
-0.2945117865E-05  0.5818572441E-05
-0.8503922742E-05  0.3007137668E-04
 0.4789396556E-06 -0.6626730156E-05
 0.1214525483E-05 -0.3795811440E-05
 0.1375011525E-05 -0.6132353445E-05
 0.1613090097E-05 -0.3319330945E-05
-0.2568394321E-05  0.4494712599E-05
 0.4029815049E-04 -0.3725313983E-04
-0.4222972471E-04 -0.2001335182E-04
-0.5015740248E-05 -0.2453646082E-04
 0.2043688628E-04  0.4920783218E-05
 0.4346734038E-04 -0.3336707008E-04
-0.2888589380E-04 -0.2005800214E-04
-0.1064024641E-04 -0.2880372622E-04
 0.1669227746E-04  0.7466258368E-05
-0.4587748016E-05 -0.2248439907E-04
-0.5467551747E-05 -0.2608847921E-04
-0.2804236181E-05 -0.2341584426E-04
 0.2978089123E-05  0.2225313879E-04
 0.7040841386E-05  0.1986877627E-04
 0.9099640560E-06  0.2108933936E-04
 0.1911089897E-05  0.6792150017E-04
-0.6233790278E-05 -0.2204732595E-04
 0.3925967624E-04 -0.2250995467E-04
-0.3553648028E-04 -0.2976522388E-04
-0.1203992420E-05 -0.1984391519E-04
-0.3724883375E-05 -0.1703841548E-05
-0.2139068054E-05 -0.2409661498E-04
-0.4507815205E-05 -0.2990834910E-04
-0.7647462198E-06 -0.2452279283E-04
 0.1658278442E-06  0.2555228887E-04
-0.6794957728E-05 -0.3250498512E-04
-0.9152210713E-06 -0.2600149687E-04
-0.4109721016E-05 -0.3263916304E-04
 0.7586046580E-05  0.3083342141E-04
 0.5822486574E-07 -0.2451541781E-04
-0.1680866300E-05 -0.3082294868E-04
 0.4595737433E-06 -0.2419492257E-04
-0.1409272450E-05  0.2633148777E-04
 0.2548650137E-05  0.3024711275E-04
-0.7735767589E-06  0.2598545172E-04
 0.3431185891E-05  0.3010848636E-04
-0.2918223071E-05 -0.3010619848E-04
 0.6007270865E-05  0.1980995076E-04
 0.6193290636E-05  0.3455643754E-04
-0.1290227650E-04  0.5451739193E-04
 0.1644748963E-05 -0.2365886361E-04
 0.4253691803E-05  0.2729082989E-04
 0.1503262410E-05  0.2301824788E-04
 0.5933201254E-05  0.2414187115E-04
-0.7503714818E-05 -0.2755909617E-04
 0.2602842895E-04  0.3056614179E-04
 0.9881487132E-05  0.1902248829E-04
 0.2496659444E-04  0.1499138456E-04
-0.2347417186E-04 -0.3160549440E-04
-0.2092376655E-04 -0.3206119462E-04
-0.1805448637E-04 -0.3706362818E-04
-0.1110502653E-04 -0.3635451168E-04
 0.1640613455E-04  0.3331427935E-04
 0.7390846041E-06  0.3311886582E-05
 0.6800833756E-06  0.3200079522E-05
 0.6340305635E-06  0.4135725347E-05
-0.8056101236E-06 -0.3316405909E-05
 0.6622645816E-06  0.2711980184E-05
 0.7235601067E-06  0.1631811677E-05
 0.6092211485E-06  0.3921209929E-05
-0.1249150969E-05 -0.2249745193E-05
 0.7150938299E-06  0.4386340369E-05
 0.6633643912E-06  0.4678122445E-05
 0.9853907297E-06  0.3804519733E-05
-0.9455508258E-06 -0.4832092989E-05
-0.9453894201E-06 -0.4176902246E-05
-0.8171536698E-06 -0.4305417334E-05
-0.9634790071E-06 -0.3000950069E-05
 0.5990052208E-06  0.4206655537E-05
 0.8794319382E-06 -0.2950001965E-06
 0.1097718156E-05 -0.3423807015E-05
 0.7446713105E-06  0.1628966390E-05
-0.2298282241E-05  0.1419277469E-05
 0.1261631555E-05 -0.8158201135E-05
 0.1157136792E-05 -0.1486977976E-04
 0.8724012698E-06 -0.5501311641E-05
-0.3571908141E-05  0.1046579233E-04
 0.5102659507E-06  0.3635360270E-05
 0.4290792977E-06  0.1681346823E-05
 0.2932543808E-06  0.5182490183E-05
-0.1652575212E-05 -0.3388016775E-05
-0.2693621964E-05  0.2444074295E-05
-0.2008417863E-05 -0.8322704137E-06
-0.2989711007E-05  0.5035233864E-05
 0.8218194224E-06 -0.1035932401E-05
 0.1557390023E-05  0.2537870968E-05
 0.1370093830E-05  0.3393709313E-05
 0.2753972590E-05  0.6331857863E-06
-0.1698915978E-05 -0.3632255539E-05
 0.1103396185E-05  0.3874295651E-05
 0.7339466182E-06  0.4700573719E-05
 0.2643285083E-05  0.1615034836E-05
-0.1334541360E-05 -0.5219094139E-05
-0.2741562678E-05 -0.6917030761E-05
-0.1064178797E-05 -0.5498671138E-05
-0.1696832082E-05 -0.4446454255E-05
 0.2628512501E-05  0.1180517909E-05
-0.1071170452E-05 -0.6029548619E-05
-0.1104273831E-05 -0.5706972410E-05
-0.1266154682E-05 -0.4576540044E-05
 0.5531278863E-06  0.5161003880E-05
-0.1207360494E-05 -0.5281390623E-05
-0.1213105438E-05 -0.4651789919E-05
-0.1010761459E-05 -0.5054799755E-05
 0.8846181688E-06  0.4478412390E-05
-0.1508616336E-05 -0.2680703310E-05
-0.1171547917E-05 -0.3686757952E-05
-0.1694501547E-05 -0.8718368166E-06
 0.6663980982E-06  0.3138172359E-05
 0.6384238154E-06  0.4770924960E-05
 0.5932394106E-06  0.4490122200E-05
 0.7612007270E-06  0.4930946491E-05
-0.1100323940E-05 -0.5003850317E-05
-0.3415069280E-05  0.1912376853E-04
-0.3621576376E-05  0.1232605261E-04
-0.3112597868E-05  0.1983135792E-04
 0.1298584830E-05 -0.1654076271E-04
-0.3140043017E-05  0.7009093401E-05
-0.2441988961E-05  0.3197199956E-05
-0.3049137061E-05  0.8460020773E-05
 0.1156662891E-05 -0.5276401338E-05
-0.2519924920E-05  0.2024835762E-04
-0.2903292000E-05  0.1450725910E-04
-0.1437688120E-05  0.2009665221E-04
 0.3520126821E-06 -0.1813275768E-04
 0.1166180141E-05 -0.1147789608E-04
 0.1053160800E-05 -0.1756320890E-04
 0.1392589962E-05 -0.1011406679E-04
-0.3442551763E-05  0.1363595454E-04
-0.1812672723E-05  0.6770636246E-06
-0.1362916094E-05 -0.8646247915E-06
-0.1933122129E-05  0.2054428906E-05
 0.8298113118E-06  0.1069794404E-06
-0.1092428740E-05 -0.1719683069E-05
-0.9509973258E-06 -0.2121906685E-05
-0.1362756272E-05 -0.4525841884E-06
 0.9078608895E-06  0.1921675443E-05
-0.2132624947E-05  0.3349714754E-05
-0.1891802693E-05  0.1698320130E-05
-0.2360440129E-05  0.4500728866E-05
 0.1308208729E-05 -0.2945593137E-05
 0.1127794290E-05 -0.1560289724E-06
 0.1047785242E-05 -0.1452165922E-05
 0.8393874745E-06  0.1302377260E-05
-0.1575604412E-05  0.4613147360E-06
-0.2800595574E-06  0.1927190847E-04
-0.1228767348E-05  0.1527666393E-04
 0.1149969261E-05  0.1905289436E-04
-0.1436705620E-05 -0.1875181028E-04
-0.2132691373E-05  0.1124062379E-04
-0.2382446479E-05  0.8003036349E-05
-0.1532403877E-05  0.1187009618E-04
 0.5051230922E-06 -0.1075945572E-04
 0.2989024061E-05  0.1663652098E-04
-0.2123312260E-05  0.1526208405E-04
-0.5904881668E-05  0.6336926381E-04
-0.3954032339E-05 -0.1784246558E-04
-0.1682219563E-05 -0.1532770017E-04
-0.2125383168E-05 -0.1977051175E-04
-0.3296876781E-06 -0.1516383182E-04
-0.4347360826E-06  0.1543585738E-04
 0.1209771755E-05 -0.6570120622E-05
 0.9090576388E-06 -0.9838140549E-05
 0.1167782408E-05 -0.5165239517E-05
-0.2468892187E-05  0.7060644936E-05
 0.2089434649E-06 -0.1388960319E-04
-0.3667394587E-06 -0.1875993308E-04
 0.7704626359E-06 -0.1272779608E-04
-0.2139544813E-05  0.1505411632E-04
 0.1013862282E-05 -0.3554688435E-05
 0.1081453716E-05 -0.6824525475E-05
 0.9359794477E-06 -0.1973544888E-05
-0.2459095347E-05  0.4630376943E-05
-0.2777545747E-05  0.9611176008E-05
-0.2440988942E-05  0.5904735763E-05
-0.2426045521E-05  0.1054865662E-04
 0.9745210589E-06 -0.8320222265E-05
-0.2856169940E-05  0.9868129119E-05
-0.2001484929E-05  0.1529748800E-05
-0.2304250931E-05  0.1154111347E-05
 0.2500151070E-05 -0.9596779348E-06
-0.2558800480E-05  0.8844465696E-05
-0.1808094495E-05  0.1079960876E-05
-0.2150803926E-05  0.7131804097E-06
 0.2333771811E-05 -0.5192679801E-06
 0.2443590024E-05 -0.2049142338E-05
 0.6303240274E-05 -0.1017939093E-05
-0.6883717384E-05 -0.4283369441E-05
-0.4068132092E-05  0.6020020997E-06
-0.2183874288E-05  0.8166209847E-05
-0.1631113071E-05  0.7044046649E-06
-0.2098206723E-05  0.2421260397E-06
 0.2121973361E-05 -0.1949820009E-06
-0.1982027976E-05  0.7462397146E-05
-0.1615210310E-05  0.2425696568E-06
-0.2313650328E-05 -0.4594945189E-06
 0.1992908625E-05  0.1691373950E-06
 0.2176642618E-05 -0.1037802375E-05
 0.5679080590E-05 -0.5201988027E-06
-0.5744922435E-05 -0.3665025905E-05
-0.3662472341E-05  0.2016630911E-06
 0.2268874299E-05 -0.1533031336E-05
 0.5960371626E-05 -0.7860869112E-06
-0.6052585411E-05 -0.3757335542E-05
-0.3807137619E-05  0.4162935182E-06
-0.2235918885E-05  0.6202070860E-05
-0.1850697652E-05 -0.4341352981E-06
-0.2815207801E-05 -0.1455617464E-05
 0.2071248942E-05  0.7394071437E-06
-0.3281293473E-05  0.3537773588E-05
-0.1994816468E-05 -0.9856852152E-06
-0.2241771619E-05 -0.1441473650E-05
 0.2361455902E-05  0.1789534278E-05
 0.3169618522E-05  0.1069527052E-05
 0.4980048768E-05  0.4328018514E-06
-0.4602312484E-05 -0.2724599481E-05
-0.4522339023E-05 -0.1400142936E-05
-0.2649600763E-05  0.2443439066E-05
-0.2349969625E-05 -0.1306262827E-05
-0.2144099782E-05  0.2782695820E-05
 0.3301965075E-05  0.5290228539E-06
 0.2406685850E-05  0.3259081283E-06
 0.2551827694E-05  0.8482345949E-06
-0.1492782075E-05  0.1024455230E-05
-0.2353755881E-05 -0.2883314801E-06
 0.2388886103E-05 -0.2876581786E-06
 0.5391997713E-05 -0.1389190573E-06
-0.5461174852E-05 -0.3523016717E-05
-0.3828061663E-05 -0.2935217221E-06
-0.2077609946E-05  0.1549957656E-05
-0.1690853837E-05  0.1667237975E-05
-0.1527454546E-05  0.1413317394E-05
 0.1873332557E-05 -0.1521477099E-05
-0.1270290020E-05  0.1967245372E-05
-0.9815841306E-06  0.2459484000E-05
-0.8562997073E-06  0.2237043092E-05
 0.1101901109E-05 -0.2417088990E-05
-0.1069967619E-05  0.1541103523E-05
-0.7600834986E-06  0.2057812335E-05
-0.6819507856E-06  0.1891896961E-05
 0.9028027663E-06 -0.2086689845E-05
 0.9976038046E-06 -0.2244387143E-05
 0.1343203229E-05 -0.1744980850E-05
 0.1478753835E-05 -0.1942658682E-05
-0.1164115245E-05  0.1750262509E-05
-0.8600669985E-06  0.2983787055E-05
-0.9886219043E-06  0.3403599468E-05
-0.8339807031E-06  0.3193543216E-05
 0.8260586828E-06 -0.3146240415E-05
-0.1436287577E-05  0.3578380234E-05
-0.2295159331E-05  0.3510193670E-05
-0.2036571436E-05  0.3288017727E-05
 0.1607215620E-05 -0.2861916971E-05
-0.1071002819E-05  0.3217444966E-05
-0.1798323190E-05  0.3150108857E-05
-0.1602660307E-05  0.2995647440E-05
 0.1218376149E-05 -0.2622207289E-05
 0.1411922894E-05 -0.2697083687E-05
 0.8914288453E-06 -0.2999818673E-05
 0.1046964737E-05 -0.3133350412E-05
-0.1247670885E-05  0.3396998969E-05
-0.4678450284E-06  0.2313599657E-05
-0.4930876890E-06  0.2773153430E-05
-0.4477958339E-06  0.2674886834E-05
 0.4095081161E-06 -0.2730101969E-05
-0.7817840780E-06  0.2970957320E-05
-0.1384153797E-05  0.2828090344E-05
-0.1240740076E-05  0.2804825008E-05
 0.9071350601E-06 -0.2437091425E-05
-0.6279900546E-06  0.2859043965E-05
-0.1103431627E-05  0.2759572409E-05
-0.1012307353E-05  0.2804896236E-05
 0.7252940657E-06 -0.2466845684E-05
 0.8043742610E-06 -0.2453165927E-05
 0.4617187036E-06 -0.2737162538E-05
 0.5225915422E-06 -0.2763130980E-05
-0.6913828717E-06  0.2903010247E-05
 0.1059515179E-05 -0.2506924524E-05
 0.6218239631E-06 -0.2798934622E-05
 0.7474873867E-06 -0.2879747043E-05
-0.9119684364E-06  0.3068766548E-05
 0.4774901361E-06 -0.2796984445E-05
 0.5636543207E-06 -0.2480261575E-05
 0.6498707712E-06 -0.2579647474E-05
-0.5198496865E-06  0.2452533955E-05
 0.6969764707E-06 -0.2986573439E-05
 0.7518009899E-06 -0.2702523855E-05
 0.8698140665E-06 -0.2871783149E-05
-0.7259258408E-06  0.2768815471E-05
-0.6077287936E-06  0.2596433904E-05
-0.6909533232E-06  0.3018897694E-05
-0.5749665499E-06  0.2886373344E-05
 0.5764498601E-06 -0.2871386833E-05
-0.3553407488E-05  0.2997296227E-05
-0.5655451783E-05  0.2772114376E-05
-0.4837630858E-05  0.2374837751E-05
 0.4051194327E-05 -0.1792347611E-05
-0.3036989570E-05  0.4483771159E-05
-0.3903732542E-05  0.6957741550E-05
 0.6729824216E-05  0.1433451532E-06
 0.6279442077E-05 -0.1472108980E-05
-0.3231657883E-05  0.8363047331E-05
-0.1539874661E-05  0.2453515629E-05
-0.2349724481E-05  0.1585025456E-05
-0.2286265097E-05  0.1977055555E-05
 0.1808231792E-05 -0.1323229639E-05
-0.4196521450E-05  0.1671193758E-05
-0.2483047219E-05  0.1477259543E-05
 0.4521314574E-05 -0.2479503079E-05
-0.3277941656E-05  0.1526055245E-05
-0.9190040714E-06  0.1937308425E-06
-0.9609624465E-06  0.3557461250E-05
 0.3502292447E-05 -0.1151087994E-05
 0.4640909144E-05  0.5316620946E-06
 0.2768340141E-05 -0.6332372968E-06
 0.2681486224E-05 -0.9233996361E-06
-0.3483905635E-05  0.1025604605E-05
 0.1040722109E-04  0.6050811050E-05
 0.3643622962E-05  0.1587868819E-06
 0.3342319379E-05 -0.8745070275E-06
-0.5365973954E-05  0.1460342854E-05
 0.2093849258E-05 -0.1238224213E-05
 0.1217874371E-05 -0.1960030426E-05
 0.1302969309E-05 -0.1926608132E-05
-0.1733839822E-05  0.2357860575E-05
 0.2539565181E-05 -0.1317571609E-05
 0.1467374041E-05 -0.1855669371E-05
 0.1616445455E-05 -0.1938984098E-05
-0.2126786850E-05  0.2354377669E-05
-0.1915635537E-05  0.2369111877E-05
-0.2943587132E-05  0.1590980061E-05
-0.2896418841E-05  0.1863323215E-05
 0.2183611251E-05 -0.1220656179E-05
 0.6041730197E-05  0.4492626867E-06
 0.5540066503E-05 -0.9663633112E-06
-0.4587843783E-05  0.1083543225E-04
 0.3153381371E-05 -0.1521542194E-05
 0.1853931182E-05 -0.2085669055E-05
 0.2063475938E-05 -0.2107363669E-05
-0.2683324999E-05  0.2744819584E-05
 0.3870595096E-05 -0.1745788174E-05
 0.2344440154E-05 -0.2296503931E-05
 0.2593034000E-05 -0.2317913527E-05
-0.3353367583E-05  0.3123186034E-05
-0.2915096872E-05  0.2732298113E-05
-0.4767410100E-05  0.2774273941E-05
-0.4026805759E-05  0.2161024499E-05
 0.3313049177E-05 -0.1773627619E-05
-0.2395874418E-05  0.2523300673E-05
-0.3798813328E-05  0.2242604026E-05
-0.3549660554E-05  0.2126143427E-05
 0.2678618407E-05 -0.1565337601E-05
-0.6290286998E-05  0.7459854855E-05
-0.7288256696E-05  0.6112449779E-05
 0.9931388224E-05 -0.5726472449E-05
 0.1515529398E-04  0.1190628556E-04
 0.4984620442E-05  0.3049420046E-06
 0.4610578723E-05 -0.6654850174E-06
-0.7682709831E-05  0.7251682162E-05
-0.4854566162E-05 -0.7088290492E-05
-0.1044536139E-05 -0.3351222208E-05
-0.2513867093E-05 -0.4209956566E-05
 0.1655847036E-05  0.3227006940E-05
-0.1065996330E-05 -0.1217918895E-05
-0.1004032091E-05  0.1938289516E-06
-0.9329037780E-06 -0.1982520438E-06
 0.7014138996E-06 -0.2317250028E-06
-0.1765679870E-05 -0.1600119115E-05
-0.1225178395E-05 -0.4364587380E-06
-0.1667481063E-05 -0.7637841824E-06
 0.1248705988E-05  0.1541433296E-06
 0.9251434941E-06 -0.1545260841E-06
 0.1399224964E-05  0.1024080875E-05
 0.1142407271E-05  0.9787993412E-06
-0.1281367745E-05 -0.1525120871E-05
-0.7213708724E-06  0.1074913699E-05
-0.5399786753E-06  0.1833832489E-05
-0.7294114307E-06  0.1586405991E-05
 0.5397463590E-06 -0.2086126804E-05
-0.5123119648E-06  0.2490236383E-05
-0.6616150582E-06  0.2897566341E-05
-0.8014442097E-06  0.2751680037E-05
 0.4732897407E-06 -0.2938955478E-05
-0.8346991058E-06  0.2012668370E-05
-0.9103710412E-06  0.2590837663E-05
-0.9585796798E-06  0.2440092168E-05
 0.7792813127E-06 -0.2619802757E-05
 0.6408230254E-06 -0.2798507999E-05
 0.6037354387E-06 -0.2423988979E-05
 0.4431033712E-06 -0.2659087751E-05
-0.6878197359E-06  0.2269665175E-05
-0.1576096402E-05 -0.2557714005E-06
-0.1167893596E-05  0.6056012824E-06
-0.1395599659E-05  0.3152510558E-06
 0.1271644250E-05 -0.6678752165E-06
-0.9583382120E-06  0.1501423818E-05
-0.9379602237E-06  0.2321337040E-05
-0.8967200685E-06  0.2260857204E-05
 0.9113306354E-06 -0.2307032786E-05
-0.1133683440E-05  0.1172695577E-05
-0.8727302071E-06  0.2263750311E-05
-0.8873659342E-06  0.2253348320E-05
 0.1000410186E-05 -0.2258807196E-05
 0.9675311229E-06 -0.2263116438E-05
 0.1183015539E-05 -0.1336888309E-05
 0.1022479151E-05 -0.1561533014E-05
-0.1034091558E-05  0.1325846967E-05
 0.8614811246E-06 -0.2437874295E-05
 0.8558828415E-06 -0.1806973631E-05
 0.7324356000E-06 -0.2116677043E-05
-0.9149587923E-06  0.1741893410E-05
 0.9992058153E-06 -0.1038685174E-05
 0.1266879024E-05 -0.2558675445E-06
 0.9315839334E-06 -0.6551500169E-06
-0.1223613870E-05  0.9832414575E-07
 0.6335411677E-06 -0.1775564328E-05
 0.6581374565E-06 -0.9618862299E-06
 0.6791305677E-06 -0.1323171934E-05
-0.8564549818E-06  0.8124261521E-06
-0.9532574343E-06  0.4307675878E-06
-0.8715674273E-06  0.1262935118E-05
-0.9835868087E-06  0.9052493681E-06
 0.7495972961E-06 -0.1384991039E-05
-0.1005436173E-05  0.2839527283E-05
-0.1593924252E-05  0.2263341710E-05
-0.1620336388E-05  0.2330175332E-05
 0.1133629703E-05 -0.2072871082E-05
-0.2372488298E-05  0.1262248023E-05
-0.6295369843E-05  0.4423602024E-05
-0.5145619387E-05  0.1323060147E-05
 0.2862877426E-05 -0.1500208881E-06
-0.2133564814E-05  0.1522513297E-05
-0.3525051938E-05  0.9895845101E-06
-0.2957241648E-05  0.6764473064E-06
 0.2522407507E-05 -0.2818356277E-06
 0.2885024873E-05  0.1571329362E-06
 0.1882589283E-05 -0.1131749449E-05
 0.1834199013E-05 -0.1091555651E-05
-0.2430619126E-05  0.1381919030E-05
-0.8778521729E-06  0.8814501243E-06
 0.3997819280E-05  0.9918225586E-06
 0.3866351342E-05 -0.4437417185E-06
-0.1369523260E-05  0.4877318574E-06
 0.7265838184E-05  0.2751899162E-05
 0.7767418851E-05 -0.1577846499E-05
-0.7447865907E-06  0.3352242577E-05
-0.7947808378E-06  0.3940999397E-05
-0.7734617438E-06  0.4199078471E-05
 0.6979933246E-06 -0.3866417619E-05
-0.1096089284E-05  0.3559721252E-05
-0.1730827534E-05  0.2346295658E-05
-0.1549575728E-05  0.2849342647E-05
 0.1375971389E-05 -0.2091778074E-05
-0.9792236282E-06  0.4500241266E-05
-0.1486445215E-05  0.3547239829E-05
-0.1307410306E-05  0.4000581919E-05
 0.1104888468E-05 -0.3366351245E-05
 0.1234628955E-05 -0.2756506799E-05
 0.7823897132E-06 -0.3976592993E-05
 0.8840903885E-06 -0.3403367081E-05
-0.1039256101E-05  0.4115533528E-05
-0.4891621252E-05  0.4918526451E-05
 0.5058221993E-05 -0.6366923742E-06
-0.2042002097E-05  0.2800909396E-05
-0.5675076258E-07  0.2818048441E-05
-0.4672036015E-06  0.3831636135E-05
 0.3174454651E-05  0.3815216757E-06
 0.3002077904E-05 -0.6510447800E-06
 0.1638236703E-05 -0.1984775102E-05
 0.1874854933E-05 -0.1559507466E-05
-0.2585581710E-05  0.2702778154E-05
 0.7084185456E-05  0.2982877536E-05
 0.2195149917E-05 -0.7675333908E-06
 0.2480189448E-05 -0.5988792206E-06
-0.4788396296E-05  0.3669132289E-05
-0.3147125945E-05  0.2359997005E-05
-0.5992069398E-06  0.5867481361E-06
 0.4437558627E-05  0.4686177653E-06
 0.3130354453E-05  0.6814564290E-07
 0.3019842174E-05 -0.1592965077E-06
-0.3247455100E-05  0.4831129399E-05
 0.3978036026E-05  0.1230156660E-05
 0.3054134727E-05 -0.4421344120E-06
-0.8967217436E-06  0.3931769250E-05
-0.2219069929E-05  0.3718764095E-05
 0.1646613520E-05 -0.1625386625E-05
 0.1062201192E-05 -0.2824551573E-05
 0.1275818393E-05 -0.2372382639E-05
-0.1315130168E-05  0.3072079534E-05
 0.8046078730E-06 -0.3461204372E-05
 0.8059567475E-06 -0.3207261814E-05
 0.8677244724E-06 -0.2987881538E-05
-0.7661945224E-06  0.3230616934E-05
 0.1089822915E-05 -0.2701877619E-05
 0.9250492621E-06 -0.2780805532E-05
 0.9650614969E-06 -0.2680642560E-05
-0.9819483225E-06  0.2882027466E-05
-0.8517454828E-06  0.3039006764E-05
-0.1082706044E-05  0.3216192661E-05
-0.8938110654E-06  0.3566865695E-05
 0.9447348209E-06 -0.3025584593E-05
 0.2567887046E-05 -0.4955278325E-06
 0.1758506704E-05 -0.1587831799E-05
 0.1818478331E-05 -0.1354923615E-05
-0.2193740325E-05  0.1954553747E-05
 0.1264634184E-05 -0.2329652626E-05
 0.9831734468E-06 -0.2668020767E-05
 0.9367731909E-06 -0.2692101166E-05
-0.1152627938E-05  0.2784426269E-05
 0.1224041059E-05 -0.2162527557E-05
 0.8256341270E-06 -0.2752245791E-05
 0.6872026357E-06 -0.2755268802E-05
-0.1111420837E-05  0.2842890001E-05
-0.1159007102E-05  0.2794378480E-05
-0.1609464720E-05  0.2508735020E-05
-0.1544208785E-05  0.2577851240E-05
 0.1269770814E-05 -0.2276920420E-05
-0.1082904042E-05  0.2811107168E-05
-0.1404333618E-05  0.2757482608E-05
-0.1292700375E-05  0.2950277336E-05
 0.1179503627E-05 -0.2492500873E-05
-0.1919276656E-05  0.2067624070E-05
-0.2879499620E-05  0.1499295725E-05
-0.2641220444E-05  0.1177084735E-05
 0.2179230791E-05 -0.8460485719E-06
-0.1593007770E-05  0.2730700102E-05
-0.2295503242E-05  0.1813248614E-05
-0.2106883247E-05  0.2056349466E-05
 0.1876914777E-05 -0.1384646145E-05
 0.2240388548E-05 -0.8694189048E-06
 0.1489599200E-05 -0.2044052342E-05
 0.1590047561E-05 -0.1713603368E-05
-0.1838577939E-05  0.2383886575E-05
 0.1982618880E-05  0.1045537310E-05
 0.3608121712E-05  0.3296186653E-06
 0.1883162864E-05 -0.9543308144E-06
 0.1840368795E-05 -0.1229842152E-05
-0.2551751520E-05  0.1268667556E-05
 0.1074731663E-05 -0.1962574890E-05
 0.5849417343E-06 -0.2716320775E-05
 0.5486889539E-06 -0.2615452428E-05
-0.9238248463E-06  0.2819185163E-05
 0.1163116994E-05 -0.1964706253E-05
 0.5918917503E-06 -0.2527078167E-05
 0.6518592812E-06 -0.2509833683E-05
-0.9754706715E-06  0.2767192976E-05
-0.8992210426E-06  0.2761704927E-05
-0.1624717434E-05  0.2175492560E-05
-0.1547724640E-05  0.2156378912E-05
 0.1073214348E-05 -0.1861507689E-05
 0.4146419789E-05  0.5402601889E-06
 0.2351017824E-05 -0.1045504493E-05
 0.2322528745E-05 -0.1027223851E-05
-0.2844765497E-05  0.1259089894E-05
 0.1357272958E-05 -0.1832924706E-05
 0.7434848392E-06 -0.2417614437E-05
 0.8405812533E-06 -0.2342095678E-05
-0.1129367402E-05  0.2717186974E-05
 0.1660344005E-05 -0.1531592206E-05
 0.9641231381E-06 -0.2201517418E-05
 0.1076877731E-05 -0.2106438777E-05
-0.1375447256E-05  0.2523917460E-05
-0.1244452403E-05  0.2663139102E-05
-0.1981768353E-05  0.1933386460E-05
-0.1959183987E-05  0.2254386120E-05
 0.1468990864E-05 -0.1645851986E-05
-0.1048305185E-05  0.2802690287E-05
-0.1745041825E-05  0.2164531023E-05
-0.1774603271E-05  0.2367815979E-05
 0.1222244862E-05 -0.1866771628E-05
-0.2915689805E-05  0.1761541649E-05
-0.1807166059E-05  0.2764074446E-05
-0.2194905438E-05  0.5802214483E-05
 0.3281165738E-05 -0.7002488829E-06
-0.2731835875E-05  0.1788243322E-05
-0.3726218795E-05  0.3905890687E-05
-0.6828156582E-05  0.4815551831E-05
 0.3232962310E-05 -0.5300343743E-06
 0.4029671121E-05  0.6459337420E-06
 0.2101160603E-05 -0.1177483609E-05
 0.2029618566E-05 -0.1242248039E-05
-0.2589552505E-05  0.1368677223E-05
 0.3373758352E-06 -0.3001589073E-05
 0.2890681338E-06 -0.2809116960E-05
 0.2045268669E-06 -0.2861104799E-05
-0.3630018997E-06  0.2655408231E-05
 0.4056767044E-06 -0.2278524403E-05
 0.6505375748E-06 -0.1563581007E-05
 0.5894058448E-06 -0.1592986295E-05
-0.5319909693E-06  0.1218233028E-05
 0.3049949580E-06 -0.2335064753E-05
 0.5807183524E-06 -0.1531918602E-05
 0.6047116259E-06 -0.1512085001E-05
-0.3935824897E-06  0.1317770933E-05
-0.4112854169E-06  0.1287337355E-05
-0.2593172375E-06  0.2122878189E-05
-0.3632314945E-06  0.2013331383E-05
 0.3132269244E-06 -0.2346912104E-05
 0.9385076009E-06 -0.6790739631E-06
 0.8267998421E-06  0.8847056129E-06
 0.1595105988E-05  0.3707615179E-06
-0.1420237596E-05 -0.7687359455E-06
 0.1544983312E-05  0.2761647881E-05
 0.4401856593E-05  0.4456410802E-05
-0.1309472788E-05  0.3911153744E-05
-0.2175910775E-05 -0.5491876712E-05
 0.2743593549E-05  0.1209510455E-05
 0.3469083250E-05  0.2334455263E-05
 0.3346057954E-05  0.6346876381E-06
-0.3324453608E-05 -0.7209432316E-06
-0.1345825844E-05 -0.3363873467E-05
-0.1758180435E-05 -0.1672784113E-05
-0.1691396303E-05 -0.3423935143E-05
 0.9724534797E-06  0.2884271758E-05
 0.9898861072E-06 -0.6315900144E-06
 0.1398888206E-05  0.2807830604E-06
 0.1445143948E-05  0.1361582511E-06
-0.1194748135E-05 -0.3553137194E-06
 0.1771508918E-05  0.9106042309E-06
 0.1874902614E-05  0.8574933353E-06
 0.2330823484E-05  0.1149867588E-05
-0.1935593347E-05 -0.1011075734E-05
 0.1899512502E-05  0.5801597577E-06
 0.2265883299E-05  0.9278712505E-06
 0.2210956388E-05  0.5540744348E-06
-0.2127748884E-05 -0.8313650368E-06
-0.2081127776E-05 -0.9409703974E-06
-0.1673252281E-05 -0.7670736319E-06
-0.1619920292E-05 -0.9589387558E-06
 0.1874402314E-05  0.8536030158E-06
-0.2155521006E-05 -0.1211239855E-05
-0.1714996807E-05 -0.1293108446E-05
-0.1837558247E-05 -0.1503015003E-05
 0.2223698348E-05  0.1287173024E-05
-0.1209567083E-05 -0.5494593782E-06
-0.7516884533E-06  0.3889251233E-06
-0.7178588309E-06  0.3344876047E-06
 0.1010707827E-05 -0.5212215396E-06
-0.1262642143E-05 -0.5980861023E-06
-0.7352892756E-06  0.3485738345E-06
-0.8791289099E-06  0.3326219064E-06
 0.1031616803E-05 -0.6889816523E-06
 0.1039429163E-05 -0.5449545288E-06
 0.1706724927E-05  0.5214749395E-06
 0.1549400111E-05  0.4971751598E-06
-0.1213739412E-05 -0.6491487622E-06
 0.6776597398E-06 -0.2532878723E-05
 0.4227352862E-06 -0.2707504442E-05
 0.4312598769E-06 -0.2723395153E-05
-0.5838961075E-06  0.2824700495E-05
 0.4043984657E-06 -0.2486171661E-05
 0.5708367586E-06 -0.1934257201E-05
 0.5270525854E-06 -0.2101376762E-05
-0.4895580059E-06  0.1834421710E-05
 0.3787750571E-06 -0.2662717324E-05
 0.5006437374E-06 -0.2252755060E-05
 0.5159576314E-06 -0.2376132779E-05
-0.4525520681E-06  0.2168046863E-05
-0.4648902153E-06  0.2005488174E-05
-0.4294503359E-06  0.2572935113E-05
-0.4252775614E-06  0.2471418227E-05
 0.3812126076E-06 -0.2578233555E-05
 0.8731227769E-06 -0.1217806148E-05
 0.1237344733E-05 -0.5177909007E-06
 0.1190267127E-05 -0.7758783556E-06
-0.1081413147E-05  0.4148010170E-06
 0.1638148373E-05 -0.7156998936E-07
 0.1862835957E-05  0.9124351439E-07
 0.2010439989E-05 -0.9158969820E-07
-0.1852048511E-05 -0.1325146335E-06
 0.1511938462E-05 -0.6298116832E-06
 0.1721928030E-05 -0.4974358360E-06
 0.2053994580E-05 -0.5368933950E-06
-0.1693140656E-05  0.4897526485E-06
-0.1779896234E-05  0.1682572843E-06
-0.1424477255E-05  0.2734727636E-06
-0.1465329704E-05 -0.3812844878E-07
 0.1564532411E-05 -0.2496272676E-06
 0.8254899559E-06 -0.1967201166E-05
 0.1176972205E-05 -0.1408044640E-05
 0.1292977116E-05 -0.1558931432E-05
-0.1002488740E-05  0.1366889645E-05
 0.1590455140E-05 -0.1046058297E-05
 0.1807008860E-05 -0.9184093402E-06
 0.2237769808E-05 -0.9210852402E-06
-0.1754488733E-05  0.9613600705E-06
 0.1761820722E-05 -0.1439274047E-05
 0.1965969468E-05 -0.1344344186E-05
 0.2420019474E-05 -0.1397660294E-05
-0.1926414169E-05  0.1402398713E-05
-0.1892914973E-05  0.1087394429E-05
-0.1499089927E-05  0.1210479361E-05
-0.1367342320E-05  0.9988052602E-06
 0.1700816913E-05 -0.1087414726E-05
-0.1752214218E-05  0.6756299665E-06
-0.1382215762E-05  0.7912376464E-06
-0.1328938204E-05  0.5400395280E-06
 0.1556944777E-05 -0.7125519649E-06
-0.9681474960E-06  0.1155925691E-05
-0.6506925668E-06  0.1722429084E-05
-0.6466658219E-06  0.1529334303E-05
 0.7816698047E-06 -0.1811376624E-05
-0.1014699497E-05  0.6759624568E-06
-0.6828618378E-06  0.1314492793E-05
-0.7245011572E-06  0.1084722624E-05
 0.8099805774E-06 -0.1433358473E-05
 0.7747216305E-06 -0.1649973261E-05
 0.1119902522E-05 -0.1026482532E-05
 0.1165383131E-05 -0.1219938393E-05
-0.9737786933E-06  0.9409394594E-06
-0.2009871372E-05 -0.4862833409E-06
-0.1606730875E-05 -0.3282078468E-06
-0.1645384374E-05 -0.6068035881E-06
 0.1774139659E-05  0.3594780357E-06
-0.1146314873E-05  0.1485482425E-06
-0.7669946544E-06  0.8709351785E-06
-0.7775419324E-06  0.6963007084E-06
 0.9430984411E-06 -0.9929927867E-06
-0.1191245611E-05 -0.2177749347E-06
-0.7724585474E-06  0.5765065485E-06
-0.7587798722E-06  0.4800095595E-06
 0.9966145498E-06 -0.7168257665E-06
 0.9905027853E-06 -0.8321213390E-06
 0.1416412080E-05 -0.1692112015E-07
 0.1363810638E-05 -0.2425452045E-06
-0.1190128504E-05 -0.5746499461E-07
-0.5042167552E-06  0.1668404334E-05
-0.4136706851E-06  0.2367989759E-05
-0.3838815577E-06  0.2279396290E-05
 0.4244313049E-06 -0.2391473286E-05
-0.5351698989E-06  0.2795244016E-05
-0.9000946232E-06  0.2815948255E-05
-0.8037853154E-06  0.2875859093E-05
 0.6153105421E-06 -0.2582031364E-05
-0.4088542707E-06  0.2747828779E-05
-0.7011190165E-06  0.2902421123E-05
-0.6205587836E-06  0.2947298436E-05
 0.4729601907E-06 -0.2701812481E-05
 0.5489290577E-06 -0.2652638870E-05
 0.3818798874E-06 -0.2682694818E-05
 0.4092959307E-06 -0.2694513694E-05
-0.4759027902E-06  0.2767079439E-05
-0.4140268510E-06  0.1342325005E-05
-0.2442961123E-06  0.2165937626E-05
-0.2288734501E-06  0.2162271147E-05
 0.3354905631E-06 -0.2297705550E-05
-0.2746750412E-06  0.2728660684E-05
-0.5379004567E-06  0.2940646273E-05
-0.4784306643E-06  0.2956675852E-05
 0.3324067350E-06 -0.2807086060E-05
-0.2712004478E-06  0.2736263948E-05
-0.4723625954E-06  0.2983217201E-05
-0.5385821965E-06  0.2972773501E-05
 0.2725589637E-06 -0.2981738467E-05
 0.2812519386E-06 -0.2896427652E-05
 0.1979113090E-06 -0.2828457113E-05
 0.2348300008E-06 -0.2755034035E-05
-0.2459199313E-06  0.2747658693E-05
 0.4013067725E-06 -0.2763993739E-05
 0.2872887414E-06 -0.2701333830E-05
 0.3387998239E-06 -0.2684929773E-05
-0.3385569326E-06  0.2728433216E-05
 0.3702974133E-06 -0.2273202458E-05
 0.6185404755E-06 -0.1539215731E-05
 0.6365709789E-06 -0.1578575867E-05
-0.4382788484E-06  0.1380729240E-05
 0.4253967962E-06 -0.2318464821E-05
 0.6395866254E-06 -0.1650010526E-05
 0.6186623456E-06 -0.1773206005E-05
-0.4961346241E-06  0.1532245604E-05
-0.4678522963E-06  0.1437636496E-05
-0.3367307829E-06  0.2211192200E-05
-0.2845360277E-06  0.2174531885E-05
 0.4034783527E-06 -0.2275895321E-05
 0.1019147731E-04 -0.3500174651E-04
 0.7252998733E-06 -0.1810108038E-04
 0.8660498628E-05 -0.1359889152E-04
-0.7486567295E-05  0.1762741239E-04
 0.5142698233E-05 -0.9701658038E-05
 0.5102198632E-05 -0.9583880104E-05
 0.3915035723E-05 -0.4172575916E-05
-0.3365661020E-05  0.5316113673E-05
-0.6041447789E-05  0.1110162002E-04
-0.6484805468E-05  0.6330889276E-05
 0.1467897000E-04  0.1283371632E-04
 0.6462369502E-05 -0.5276354426E-05
 0.4846207557E-05 -0.2442087916E-04
 0.5636844840E-05 -0.3145640135E-04
 0.5334463891E-05 -0.2682474667E-04
-0.2513858757E-05  0.2809271052E-04
 0.1637699361E-05 -0.3165967574E-04
-0.1941075591E-05 -0.2679687820E-04
 0.9539892061E-06 -0.3351446149E-04
-0.9085531109E-06  0.3146557017E-04
 0.6044210608E-05 -0.2969833557E-04
 0.4352718193E-05 -0.3622375928E-04
 0.7089346948E-05 -0.3293605021E-04
-0.3073735790E-05  0.3474545250E-04
-0.1972718173E-05  0.3575188063E-04
-0.2778359390E-05  0.3142647004E-04
-0.2816232879E-05  0.3351903963E-04
 0.4541233678E-05 -0.3337904358E-04
 0.3401359573E-05 -0.4285273010E-05
 0.5743478812E-05 -0.8796658887E-05
 0.3230610005E-05 -0.4048277576E-05
-0.3242121175E-05  0.4726477052E-05
 0.7610375251E-05 -0.1549044129E-04
 0.8844441224E-05 -0.2522584981E-04
 0.8319351993E-05 -0.1594607321E-04
-0.6123207845E-05  0.1940138891E-04
 0.3062530373E-05 -0.3740788085E-05
 0.5722045741E-05 -0.8149436556E-05
 0.2782755029E-05 -0.3476247022E-05
-0.3359027290E-05  0.3919643173E-05
-0.5220354211E-05  0.1003231481E-04
-0.3254813966E-05  0.4376658609E-05
-0.5023458589E-05  0.1036385199E-04
 0.5648017287E-05 -0.8499310038E-05
-0.5118270297E-05  0.2887473098E-04
-0.5803589704E-05  0.1860449509E-04
-0.4786637535E-05  0.2640812988E-04
 0.7597281481E-05 -0.2323735736E-04
-0.5089197674E-05  0.1058781344E-04
-0.3182015194E-05  0.5065730479E-05
-0.5590352522E-05  0.1053091210E-04
 0.5992935388E-05 -0.9151217769E-05
-0.4615706319E-05  0.2438325543E-04
-0.6120515124E-05  0.1746866892E-04
-0.4603388789E-05  0.2197713697E-04
 0.5938334962E-05 -0.1988885622E-04
 0.7320377475E-05 -0.1456461396E-04
 0.6833244663E-05 -0.2141949830E-04
 0.7251409476E-05 -0.1496744978E-04
-0.5925620715E-05  0.1768501235E-04
-0.3604828622E-05 -0.1798321831E-04
-0.3417534693E-05 -0.7876318712E-05
-0.3710742089E-05 -0.1607230274E-04
 0.7924607611E-06  0.1244263979E-04
-0.2308025993E-05  0.7549962078E-06
-0.1290575312E-05  0.5804412491E-05
-0.1807657177E-05  0.4296527762E-05
 0.2073241019E-07 -0.4223887026E-05
-0.3720607484E-05 -0.1285103391E-04
-0.2654741387E-05  0.3261506761E-06
-0.3485137708E-05 -0.7486967294E-05
-0.6689091275E-06  0.4582105224E-05
-0.2786546160E-06 -0.1404544839E-05
 0.1997431502E-06  0.9093325497E-05
 0.3525496889E-06  0.2221724677E-05
-0.3142843945E-05 -0.4316931699E-05
-0.1094429009E-05  0.6293838580E-05
-0.4883304350E-05  0.7566281886E-05
-0.5211279063E-05  0.8382740301E-05
 0.2002107034E-05 -0.3090418483E-05
 0.7296449351E-05  0.3920205998E-07
 0.4991546508E-05  0.3050418202E-06
-0.2782275361E-05  0.7825464968E-07
-0.1182345228E-05  0.9575890887E-05
-0.1541990401E-05  0.7705767538E-05
-0.2671461202E-05 -0.5147625950E-05
 0.5434558422E-06  0.7067886719E-05
-0.6018271910E-05  0.7210618991E-05
-0.1819302803E-05 -0.4931444284E-05
 0.4520954238E-06 -0.3558407691E-05
-0.2753180194E-05  0.8537195778E-05
 0.1811678951E-05 -0.2100730112E-05
 0.4366863067E-05  0.5477871977E-06
 0.7957747081E-06  0.3729463161E-05
-0.1087683044E-05 -0.6651836717E-05
-0.1802963140E-05 -0.9395864550E-06
-0.9293008585E-06 -0.4985702372E-05
-0.1855532285E-05  0.5713446586E-05
 0.1005161022E-05 -0.4400142937E-05
-0.2601157280E-06 -0.5839488245E-05
 0.2813429935E-06 -0.5530296008E-05
-0.1032814387E-05  0.7167729564E-05
-0.1178275136E-05  0.7421158356E-05
-0.2505174956E-05  0.7763812015E-05
-0.1282268133E-05  0.9002161729E-05
 0.3417644358E-08 -0.6008945052E-05
 0.1957806240E-05 -0.3759496751E-05
 0.4913121723E-05 -0.8659374370E-05
-0.1076969210E-05 -0.6067573088E-05
-0.3547028700E-05  0.6382608549E-05
 0.1168796173E-04 -0.1860514867E-04
 0.2424266728E-04 -0.3642019726E-04
 0.3490072028E-05 -0.3192741621E-04
-0.2419988830E-04  0.3295644932E-04
-0.9531830873E-05 -0.1093171238E-04
-0.2484331304E-04 -0.3025985519E-04
-0.2267484411E-04 -0.1067331828E-04
 0.2422629631E-04  0.5054836318E-04
-0.7049376323E-05  0.4537384738E-04
 0.5806627696E-06  0.1909383052E-04
-0.9725704277E-05  0.1488982620E-04
-0.1206932864E-05 -0.1469016491E-04
 0.3617352263E-04 -0.6225467921E-04
 0.2068112443E-04 -0.5799107276E-04
 0.8018770399E-04 -0.7018743024E-04
-0.6815817519E-04  0.9015767793E-04
 0.1008798107E-04 -0.1730674173E-04
-0.2999551817E-04  0.3515844553E-05
 0.3809952878E-03 -0.1035559498E-03
 0.8403272609E-02  0.9637457567E-02
 0.5835783201E-01 -0.5217616341E-01
-0.1150505471E-01 -0.1008233816E-01
-0.2847966456E-03  0.4915550967E-04
-0.4260854279E-03  0.2180105805E-03
-0.5629358629E-04  0.4098370852E-04
 0.1016422232E-03 -0.6076045292E-04
-0.2612854430E-04 -0.4087095780E-05
-0.7653571384E-04 -0.1132257143E-04
-0.1725405345E-04 -0.2040513977E-05
 0.8435276034E-04  0.3146367992E-04
-0.2301576990E-03 -0.3783832299E-04
 0.1234204626E-02 -0.9759283985E-03
 0.7386574239E-04 -0.6170356914E-04
 0.7383879785E-03  0.2925539672E-03
-0.4994933111E-05 -0.1324100260E-05
 0.5481025654E-05 -0.5728689501E-05
 0.5284665737E-06 -0.7227333034E-06
 0.1008132015E-04  0.2356260477E-05
 0.8477665726E-04  0.2203834867E-04
 0.4315393052E-04  0.8101150003E-05
 0.2514946974E-03  0.8724622011E-04
-0.3555424735E-04 -0.6301311553E-05
 0.4740454387E-02  0.3062067333E-02
 0.1118042432E-02  0.7114941863E-03
-0.5079084626E-03  0.9580725021E-03
-0.1090590224E-02 -0.2616035779E-03
 0.2815667730E-03  0.2089796030E-03
 0.7840718469E-04  0.6645623136E-04
 0.5640493558E-04  0.1400177388E-03
-0.7504773713E-04 -0.3124427308E-04
-0.1956743202E-03  0.1859492445E-03
-0.4927148805E-04  0.9787933269E-04
-0.4864183535E-04  0.6762397441E-04
 0.2726019620E-04 -0.5670953296E-04
-0.5310384725E-04 -0.7808327332E-04
-0.4570701619E-04 -0.1628110243E-03
-0.2744537692E-03 -0.8989563531E-04
 0.5739109990E-04  0.3725307534E-03
 0.8328781269E-06  0.3906436684E-05
-0.1448934245E-04  0.5229549473E-05
-0.6051704872E-05 -0.4218633623E-05
-0.4652373093E-05  0.3155069476E-05
-0.1758608194E-04  0.4312602658E-04
-0.1876511409E-04  0.6384206594E-04
-0.8733846552E-05  0.4654604597E-04
 0.1307468627E-04 -0.5769010528E-04
-0.5148323323E-05  0.5398075967E-06
-0.5217888690E-05  0.2436296000E-04
-0.3147448696E-05  0.8168170949E-05
-0.3130189470E-05 -0.1217284459E-04
 0.8130378503E-07 -0.3323783940E-04
-0.2369844872E-05 -0.6396899423E-07
-0.7947280815E-06 -0.2088977542E-04
-0.8967935063E-05  0.1470429570E-04
-0.1742847097E-04  0.4518469725E-04
-0.1237548947E-04  0.2231585293E-04
-0.1015926853E-04  0.3860297659E-04
 0.1782947680E-04 -0.3203342181E-04
-0.7114947913E-05  0.9674721844E-05
-0.3581265090E-05  0.3862505621E-05
-0.5793345550E-05  0.9555909132E-05
 0.5774652790E-05 -0.7866907725E-05
-0.7431157961E-05  0.3472512852E-04
-0.6912680953E-05  0.2008952912E-04
-0.5947930840E-05  0.3160370322E-04
 0.1076000513E-04 -0.2732324949E-04
 0.9433608992E-05 -0.1627065504E-04
 0.1360011618E-04 -0.2953861771E-04
 0.1088995394E-04 -0.1661118637E-04
-0.8504599200E-05  0.2069808771E-04
-0.1420916414E-05  0.1510144138E-04
-0.1327038243E-05  0.3275920577E-04
-0.2527943020E-06  0.1959787795E-04
-0.2947142478E-05 -0.2497814308E-04
-0.2205183506E-05  0.4158916698E-04
-0.3620783142E-05  0.3855344303E-04
-0.1782371263E-05  0.3847840827E-04
 0.4870149074E-05 -0.3973216615E-04
 0.3565489481E-06  0.2207284377E-04
-0.4900797450E-06  0.3235957781E-04
 0.5593226115E-06  0.2341825075E-04
-0.2356500516E-05 -0.2708126342E-04
 0.6529068123E-06 -0.3559184213E-04
-0.2671516892E-05 -0.2675880472E-04
 0.6209347471E-06 -0.3755709553E-04
-0.5973398455E-06  0.3301483007E-04
 0.8811279167E-05 -0.3660674954E-04
 0.6019260218E-05 -0.4377731838E-04
 0.1145148114E-04 -0.4089770097E-04
-0.4694893874E-05  0.4298188679E-04
 0.6601885214E-06 -0.3871010299E-04
-0.3174979588E-05 -0.2046548657E-04
 0.5364906406E-06 -0.3795488107E-04
-0.2810842980E-05  0.3028943616E-04
 0.1543599944E-04 -0.4618629254E-04
 0.9958886013E-05 -0.5326979958E-04
 0.2192912954E-04 -0.5308211083E-04
-0.9639796982E-05  0.5460811689E-04
-0.5249570340E-05  0.4669268118E-04
-0.6476111674E-05  0.4821101672E-04
-0.3313615650E-05  0.4460665246E-04
 0.7717398137E-05 -0.4832436284E-04
 0.3420837925E-07 -0.1381975328E-07
-0.6436610039E-07 -0.1592315440E-07
-0.1786354226E-07 -0.1130957598E-07
 0.5329668037E-07  0.1800866100E-07
-0.6967731100E-07 -0.1124952018E-07
-0.9011328981E-07 -0.1636160580E-07
-0.2697195445E-07 -0.6570136134E-08
 0.9510082948E-07  0.1483550759E-07
 0.4973926398E-09 -0.6741740197E-08
-0.1148553924E-07 -0.5981655892E-08
-0.7737101485E-08 -0.4204336043E-08
 0.1074041038E-07  0.3844805962E-08
 0.2352892858E-07  0.6754530127E-08
 0.1474605479E-07  0.1005834165E-07
 0.6877574968E-07  0.1402087829E-07
-0.1099105444E-07 -0.5991936389E-08
-0.1183523303E-06 -0.2668734678E-07
-0.1436648682E-06 -0.4365971259E-07
-0.4206143479E-07 -0.1319067174E-07
 0.1750356012E-06  0.2889811654E-07
-0.1351009588E-06 -0.6842483807E-07
 0.7298959588E-07 -0.1257230242E-06
 0.1436248050E-07 -0.3040341428E-07
 0.2261592049E-06  0.6452725087E-07
-0.1177934671E-07 -0.6810276676E-08
 0.3360496112E-08 -0.9619538119E-08
 0.1001087025E-08 -0.3800873138E-08
 0.1501222682E-07  0.5588419433E-08
 0.5029371922E-07  0.1650785925E-07
 0.5273162964E-07  0.1125009061E-07
 0.2175762933E-06  0.4156643982E-07
-0.3408387316E-07 -0.1953858792E-07
-0.6296713258E-09 -0.4438584206E-08
-0.3610574490E-08 -0.2697053061E-08
-0.5613887279E-08 -0.2801517515E-08
 0.4644033862E-08  0.1251376471E-08
-0.2040536914E-08 -0.1891273978E-08
 0.4766621896E-09 -0.1902277922E-08
 0.3972785287E-09 -0.1077648821E-08
 0.2629632918E-08  0.1399558019E-08
 0.1736321187E-08 -0.2124002848E-08
-0.2299098132E-09 -0.1136196961E-08
-0.5546203634E-08 -0.2356773371E-08
 0.1810791852E-08  0.6394130950E-09
 0.9995268111E-09  0.1137878902E-08
 0.6508871379E-09  0.2231380559E-08
 0.3329712720E-08  0.1460450025E-08
-0.1865351508E-09 -0.1647045074E-08
 0.5642851661E-08  0.2443578098E-08
 0.6472801571E-08  0.1973175412E-08
 0.1657080497E-07  0.4057604175E-08
-0.4459251576E-08 -0.3064686880E-08
 0.5447099475E-08  0.2428772665E-08
 0.3648816743E-08  0.5015118274E-08
 0.1163149538E-07  0.3902717208E-08
-0.3557422365E-08 -0.3449771958E-08
 0.4471847278E-07  0.8749047224E-08
 0.3435717770E-07  0.7286128602E-08
 0.1310560686E-06  0.2025548522E-07
-0.3702842609E-07 -0.8946081945E-08
-0.1347683951E-07 -0.4591587923E-08
-0.1508946451E-07 -0.5160043302E-08
-0.5449818481E-08 -0.2804322455E-08
 0.1433650233E-07  0.3596901518E-08
 0.1359983501E-05  0.3393871076E-06
 0.1139845877E-05  0.1905381267E-06
 0.6888459539E-05  0.1061371264E-05
-0.7462138347E-06 -0.2840149613E-06
 0.8169716191E-06  0.1139015221E-06
 0.5509456135E-06  0.6682251196E-07
 0.2369974866E-05  0.2677091669E-06
-0.4521642245E-06 -0.8804014612E-07
 0.2007381906E-04  0.3541175810E-05
 0.9244104058E-05  0.1627833408E-05
 0.2966798544E-04  0.1210565242E-04
-0.7799224367E-05 -0.7329822853E-06
-0.1937299948E-05 -0.2640089647E-06
-0.3330164638E-05 -0.5936806157E-06
-0.6392518528E-06 -0.1611534787E-06
 0.4131201302E-05  0.5301229106E-06
 0.3629563855E-06  0.3850746397E-07
 0.2371836326E-06  0.2118363729E-07
 0.7663899592E-06  0.7648078565E-07
-0.1956725028E-06 -0.2670065671E-07
 0.1467706593E-06  0.7630150471E-08
 0.6160326967E-07  0.2563144864E-07
 0.2876060551E-06  0.4078654375E-07
-0.6239069475E-07  0.6810167414E-08
 0.1013328269E-05  0.2244427946E-06
 0.5249345837E-06  0.1232708274E-06
 0.7342126252E-06  0.5082349745E-06
-0.4013156807E-06 -0.4783311177E-07
-0.2280361570E-06 -0.2229916646E-07
-0.3495555009E-06 -0.3370717938E-07
-0.1269415654E-06 -0.1337386831E-07
 0.4498176119E-06  0.4735107835E-07
 0.2338117176E-04  0.2262665716E-04
 0.7354580807E-05  0.8233498422E-05
 0.8634015632E-05  0.1802708673E-04
-0.7417757228E-05 -0.3736038994E-05
 0.2422251804E-05  0.3202527014E-05
 0.8338145267E-06  0.1332049993E-05
 0.8976138623E-06  0.2428488205E-05
-0.9792392714E-06 -0.5405960662E-06
 0.8793676314E-06  0.7566533063E-05
 0.4033994199E-06  0.2917772211E-05
-0.1269700870E-05  0.2627560009E-05
-0.5136929552E-06 -0.2372829053E-05
-0.1212196302E-05 -0.1398998421E-05
-0.3421799202E-05 -0.3881791063E-05
-0.2603936507E-05 -0.1371802168E-05
 0.2845637974E-05  0.6510586392E-05
-0.6646460572E-06 -0.1525105674E-06
-0.1514004464E-05 -0.3032318378E-06
-0.7914535310E-06 -0.7524316684E-07
 0.1725602134E-05  0.1020914761E-05
-0.3674483029E-05 -0.6701549991E-06
-0.9489838051E-05 -0.1601933384E-05
-0.3528455702E-05 -0.2976843819E-06
 0.1097015749E-04  0.4971489453E-05
-0.6021638048E-06 -0.6117960042E-07
-0.1079238533E-05 -0.1224747933E-06
-0.2990781044E-06 -0.4822034908E-07
 0.1342678537E-05  0.1389071212E-06
 0.4308053937E-05  0.7905723815E-06
 0.2054625015E-05  0.4089708525E-06
 0.4253215585E-05  0.2181275590E-05
-0.1638750367E-05 -0.1383728575E-06
-0.1661509544E-05  0.1461057361E-05
-0.7385692322E-06  0.5366358294E-06
-0.1752747272E-05  0.1460659135E-05
 0.1254455904E-05 -0.1455330719E-05
-0.3321852067E-06  0.2028442774E-06
-0.1483254581E-06  0.8116819486E-07
-0.4226985966E-06  0.1642212327E-06
 0.2475781748E-06 -0.2460397942E-06
-0.1828470833E-05  0.1720684673E-05
-0.9199341967E-06  0.6106420067E-06
-0.1982472056E-05  0.1935254883E-05
 0.1702726312E-05 -0.1833443319E-05
 0.6901619165E-06 -0.6398005431E-06
 0.1508216614E-05 -0.1608639084E-05
 0.5409464249E-06 -0.5817628150E-06
-0.8518631578E-06  0.4938111581E-06
-0.8168314857E-07  0.2965924550E-07
-0.3462356125E-08  0.2537005236E-07
-0.2781743491E-07 -0.4678662387E-07
 0.4312863669E-07 -0.3913767910E-07
-0.2222911152E-05  0.2156647181E-05
-0.1387617481E-05  0.1460961178E-05
 0.2670189868E-05  0.2209745007E-05
 0.1712516868E-05 -0.1411715046E-05
 0.1511177635E-05 -0.1809373856E-05
 0.1556305208E-05 -0.2089444631E-05
 0.9085798919E-06 -0.6813779133E-06
-0.1040531037E-05  0.7907196422E-06
 0.2690962545E-06 -0.2441883407E-06
 0.2819219570E-06 -0.2912233720E-06
 0.1277496833E-06 -0.9512490578E-07
-0.1957046611E-06  0.7130396402E-07
-0.5363116011E-06  0.1759144978E-06
-0.1692243276E-06  0.2175865360E-06
 0.1462747691E-06  0.4964725920E-07
 0.3124915844E-06 -0.2615332019E-06
 0.4078720325E-07 -0.4945801018E-07
 0.2904546299E-07 -0.5208802952E-07
 0.1095848316E-07 -0.3313305894E-07
-0.3144994796E-07  0.3938206383E-07
 0.1109849276E-07 -0.2257893100E-07
-0.1839132348E-07 -0.3596561202E-07
-0.1056051776E-07  0.1865558898E-07
 0.2226996695E-07  0.3995530497E-07
-0.1219285614E-07  0.3667784823E-07
 0.4366066048E-07 -0.1038379017E-07
-0.8260713244E-08  0.1410221292E-08
 0.2354730867E-08 -0.1821125232E-07
 0.6329721030E-07 -0.1081770997E-06
 0.1347414578E-06 -0.2564901848E-06
-0.1500840009E-07 -0.1449596087E-06
-0.8969892941E-07  0.1758903154E-06
 0.3068241703E-06 -0.6251612493E-06
 0.7692917531E-06 -0.1554344982E-05
-0.1981916995E-06 -0.9115820146E-06
-0.4746883287E-06  0.1057415139E-05
-0.1625423731E-06 -0.2136807981E-06
-0.4361495407E-06 -0.5267300645E-06
-0.3965371251E-06 -0.2364444691E-06
 0.2721120318E-06  0.9505158698E-06
 0.1293639917E-06  0.1126251717E-05
 0.2498586123E-07  0.4456074480E-06
-0.1958710351E-06  0.4267038184E-06
-0.6401150880E-07 -0.3562956677E-06
 0.5264329958E-07 -0.6605474472E-07
-0.1527493950E-06 -0.7851913498E-07
-0.3411804878E-07  0.3645977384E-07
 0.1472212405E-06  0.1166799097E-06
-0.1708172256E-06 -0.5555709210E-07
-0.3148221235E-06 -0.8675256231E-07
-0.2112565277E-06 -0.2879148225E-07
 0.3322899410E-06  0.2690330112E-06
 0.9423009472E-07 -0.4158900521E-07
-0.2148476454E-06 -0.4612764698E-07
 0.1240564175E-07  0.3155792402E-08
 0.1854263949E-06  0.7001561990E-07
 0.2802613596E-06  0.4757693717E-07
 0.6943077199E-07  0.8842806663E-07
 0.1853166847E-06  0.1569926057E-06
-0.8839039338E-07  0.3110182466E-07
 0.3040140152E-06  0.5928105430E-06
 0.1271224686E-06  0.2809068325E-06
 0.7568332524E-07  0.3959730684E-06
-0.1753089904E-06 -0.1208927177E-06
 0.7192115629E-07  0.1347959461E-06
-0.3004056608E-08  0.1255715429E-06
 0.2875133244E-09  0.8519116411E-07
-0.4754731288E-07 -0.4264383145E-07
-0.7438162756E-08  0.1849062435E-06
-0.1448807539E-07  0.8096744949E-07
-0.4836937794E-07  0.7789608861E-07
 0.3894154172E-08 -0.6444307154E-07
-0.2583901017E-07 -0.5105445359E-07
-0.6293480956E-07 -0.9722932846E-07
-0.8828261604E-07 -0.7614076871E-07
 0.1417626092E-07  0.1776639091E-06
 0.2642837743E-05 -0.1614436682E-05
 0.7331283433E-06 -0.4701735414E-05
 0.1102417404E-05 -0.3874823846E-05
-0.1334121308E-05  0.5220716446E-05
 0.2753449641E-05 -0.6324423849E-06
 0.1369072458E-05 -0.3393721634E-05
 0.1556473450E-05 -0.2537436830E-05
-0.1698473878E-05  0.3632701390E-05
-0.1696329003E-05  0.4447489467E-05
-0.1063763290E-05  0.5497333774E-05
-0.2741157277E-05  0.6915826764E-05
 0.2627830862E-05 -0.1179823190E-05
 0.2931584882E-06 -0.5186038712E-05
 0.4321873419E-06 -0.1686563350E-05
 0.5108413555E-06 -0.3639243359E-05
-0.1652441671E-05  0.3391243045E-05
 0.8834062412E-06  0.5495653759E-05
 0.1182198202E-05  0.1486503398E-04
 0.1276439447E-05  0.8153689764E-05
-0.3583131632E-05 -0.1046738466E-04
 0.7462485030E-06 -0.1632382301E-05
 0.1105337306E-05  0.3420219686E-05
 0.8824193811E-06  0.2924547839E-06
-0.2299775125E-05 -0.1419214292E-05
-0.2994902026E-05 -0.5035617089E-05
-0.2008858633E-05  0.8339926349E-06
-0.2696681322E-05 -0.2442570403E-05
 0.8269364625E-06  0.1031396523E-05
 0.9839231427E-06 -0.3804823448E-05
 0.6616033610E-06 -0.4679501154E-05
 0.7132216358E-06 -0.4387157002E-05
-0.9440980108E-06  0.4833552273E-05
 0.6077223081E-06 -0.3923046032E-05
 0.7237497349E-06 -0.1633493759E-05
 0.6608519085E-06 -0.2713029183E-05
-0.1247415155E-05  0.2249852285E-05
 0.6317172151E-06 -0.4136557476E-05
 0.6777783901E-06 -0.3200686123E-05
 0.7362888914E-06 -0.3312200324E-05
-0.8030349200E-06  0.3316378668E-05
-0.9611754318E-06  0.3000987818E-05
-0.8151557730E-06  0.4306416309E-05
-0.9434960948E-06  0.4178160138E-05
 0.5969572213E-06 -0.4207930696E-05
-0.1693893023E-05  0.8719819001E-06
-0.1169962685E-05  0.3688227633E-05
-0.1507698349E-05  0.2682348633E-05
 0.6659807233E-06 -0.3140689741E-05
-0.1009352408E-05  0.5056704480E-05
-0.1212198318E-05  0.4652980768E-05
-0.1206433545E-05  0.5283208808E-05
 0.8832205144E-06 -0.4479259592E-05
-0.1265239245E-05  0.4579340317E-05
-0.1103402909E-05  0.5709430451E-05
-0.1070464993E-05  0.6032758031E-05
 0.5522464679E-06 -0.5163383872E-05
 0.7599729437E-06 -0.4932499541E-05
 0.5925003812E-06 -0.4492961362E-05
 0.6370104145E-06 -0.4772974253E-05
-0.1099060903E-05  0.5006196493E-05
 0.5031029750E-06  0.2419295894E-04
-0.1620326391E-05  0.3082592275E-04
 0.1068262862E-06  0.2451450979E-04
-0.1452959562E-05 -0.2634141228E-04
-0.4043339190E-05  0.3265108489E-04
-0.8515082815E-06  0.2601964098E-04
-0.6727459620E-05  0.3251735785E-04
 0.7518935039E-05 -0.3084868427E-04
-0.7119781867E-06  0.2452335499E-04
-0.4439222118E-05  0.2991261637E-04
-0.2083733292E-05  0.2409983391E-04
 0.1137872212E-06 -0.2556466139E-04
 0.3366584973E-05 -0.3012152553E-04
-0.8220683957E-06 -0.2599627684E-04
 0.2487755497E-05 -0.3025905306E-04
-0.2853394229E-05  0.3010910238E-04
-0.1148599908E-05  0.1986846566E-04
-0.3544979947E-04  0.2975474870E-04
 0.3931632564E-04  0.2244834171E-04
-0.3819402011E-05  0.1767740868E-05
-0.2746987339E-05  0.2341887058E-04
-0.5399284932E-05  0.2609223520E-04
-0.4530949750E-05  0.2248816745E-04
 0.2921062544E-05 -0.2226192616E-04
-0.1057493158E-04  0.2881182275E-04
-0.2893148240E-04  0.2016442604E-04
 0.4349712892E-04  0.3330205515E-04
 0.1660876892E-04 -0.7420966765E-05
-0.4952112444E-05  0.2453772067E-04
-0.4228118014E-04  0.2014438315E-04
 0.4031595295E-04  0.3718379582E-04
 0.2035802117E-04 -0.4886597613E-05
 0.1796691110E-05 -0.6788603512E-04
 0.8450633924E-06 -0.2109102834E-04
 0.6973359472E-05 -0.1986691168E-04
-0.6168357275E-05  0.2204292028E-04
 0.2490180292E-04 -0.1495864414E-04
 0.9809133338E-05 -0.1902444607E-04
 0.2599938224E-04 -0.3060611057E-04
-0.2344424464E-04  0.3166225197E-04
 0.5865291298E-05 -0.2415263960E-04
 0.1447265220E-05 -0.2302874118E-04
 0.4186968967E-05 -0.2729931541E-04
-0.7434274053E-05  0.2756265641E-04
-0.1300073245E-04 -0.5452600424E-04
 0.6114386574E-05 -0.3456983680E-04
 0.5945206822E-05 -0.1982121090E-04
 0.1701534282E-05  0.2367245016E-04
-0.1102007035E-04  0.3636285587E-04
-0.1792823498E-04  0.3707318942E-04
-0.2085176059E-04  0.3207112036E-04
 0.1633472366E-04 -0.3332453598E-04
 0.9794177267E-06 -0.2183208773E-05
 0.1224828850E-05 -0.5943829031E-06
 0.1254141488E-05 -0.1053658779E-05
-0.1238274931E-05  0.9300233369E-06
 0.1452556190E-05  0.1524174685E-05
 0.1557015937E-05  0.4296155808E-05
 0.1603747814E-05  0.2527495789E-05
-0.2255844066E-05 -0.2770192661E-05
 0.1460678089E-05 -0.1637809139E-06
 0.1629802136E-05  0.1320813080E-05
 0.1502990872E-05  0.3586130676E-06
-0.1893330272E-05 -0.7791845704E-06
-0.2084227761E-05 -0.1575943390E-05
-0.1587309448E-05 -0.6708449389E-07
-0.1737288670E-05 -0.6905655589E-06
 0.1494443880E-05  0.5212900083E-06
 0.1225589841E-05  0.7944030364E-05
 0.3849872717E-06  0.1222178529E-04
 0.4239383856E-06  0.8326505171E-05
-0.2330664982E-05 -0.8819998105E-05
-0.1000406426E-05  0.1855878288E-04
-0.3200683365E-04  0.2156683888E-04
 0.3122331989E-04  0.2920862582E-04
 0.1066346768E-04 -0.7597165631E-05
 0.1270534210E-05  0.1149752255E-04
-0.1838889114E-04  0.1847854728E-04
 0.1899051310E-04  0.1901308628E-04
 0.2842641734E-05 -0.7911388946E-05
-0.9097620429E-05 -0.4818489108E-04
-0.3313315152E-05 -0.9567869642E-05
-0.1062770480E-05 -0.1181807815E-04
-0.1193249366E-05  0.1133026696E-04
 0.1472114037E-05  0.7753546358E-06
 0.1474927695E-05  0.2614047550E-05
 0.1454676879E-05  0.1548724514E-05
-0.2161796854E-05 -0.2216615335E-05
 0.2101546750E-05  0.6488868563E-05
-0.6975989668E-05  0.1315186611E-04
 0.9123569520E-05  0.1091289540E-04
-0.1470297075E-05 -0.6708473177E-05
 0.2278232939E-05  0.3773634812E-05
-0.1361941380E-06  0.8497442694E-05
 0.3087514569E-05  0.6217556859E-05
-0.3199102463E-05 -0.5254195551E-05
-0.6472802880E-05 -0.1582279196E-04
-0.2252710298E-05 -0.3847379961E-05
-0.2871919056E-05 -0.5528852438E-05
 0.1258546442E-05  0.4295752391E-05
-0.8522670228E-05 -0.3008980891E-04
-0.2951060943E-05 -0.5827453036E-05
-0.2749877133E-05 -0.7904022139E-05
 0.4921789118E-06  0.6627550158E-05
-0.2316570780E-05 -0.3088095072E-05
-0.2046465107E-05 -0.1307288843E-05
-0.2317955368E-05 -0.2269647123E-05
 0.1503183943E-05  0.1759832733E-05
-0.2491124768E-05 -0.6317007261E-05
-0.2459176584E-05 -0.3590973659E-05
-0.2596849024E-05 -0.5458539585E-05
 0.1431447078E-05  0.5053668208E-05
 0.1615353439E-05  0.3321123543E-05
 0.1385496436E-05  0.6132099003E-05
 0.1218533655E-05  0.3798324528E-05
-0.2571156381E-05 -0.4499959551E-05
-0.5991704514E-05 -0.6334899968E-04
-0.2167276545E-05 -0.1526186062E-04
 0.2936406675E-05 -0.1663318338E-04
-0.3901820720E-05  0.1783166693E-04
-0.1558829403E-05 -0.1187395721E-04
-0.2395620064E-05 -0.8007798305E-05
-0.2155219721E-05 -0.1124537602E-04
 0.5303731073E-06  0.1075730581E-04
 0.1100428912E-05 -0.1905890365E-04
-0.1261862276E-05 -0.1528356255E-04
-0.3255591628E-06 -0.1927931608E-04
-0.1388216780E-05  0.1875060419E-04
-0.2943308583E-06  0.1516266343E-04
-0.2073239509E-05  0.1976740758E-04
-0.1645247402E-05  0.1532611301E-04
-0.4706307363E-06 -0.1544057137E-04
-0.2364754906E-05 -0.4505290280E-05
-0.1891045777E-05 -0.1702269739E-05
-0.2135244706E-05 -0.3353805024E-05
 0.1312157264E-05  0.2946421364E-05
-0.1359911791E-05  0.4497877363E-06
-0.9478348962E-06  0.2120572653E-05
-0.1089803018E-05  0.1718255344E-05
 0.9053487965E-06 -0.1921301730E-05
-0.1934331376E-05 -0.2057405689E-05
-0.1361275368E-05  0.8631667592E-06
-0.1812776375E-05 -0.6785213211E-06
 0.8309572032E-06 -0.1076297758E-06
 0.8382438385E-06 -0.1302382328E-05
 0.1050200737E-05  0.1452439566E-05
 0.1127107690E-05  0.1569947934E-06
-0.1574291541E-05 -0.4642230442E-06
-0.1478555310E-05 -0.2010604490E-04
-0.2927741988E-05 -0.1451352991E-04
-0.2555777503E-05 -0.2025667986E-04
 0.3920395312E-06  0.1813154839E-04
-0.3060392893E-05 -0.8463590220E-05
-0.2445079257E-05 -0.3198756881E-05
-0.3147980028E-05 -0.7011117954E-05
 0.1167316893E-05  0.5273723580E-05
-0.3143318590E-05 -0.1983837842E-04
-0.3636849565E-05 -0.1232936245E-04
-0.3440530243E-05 -0.1912949904E-04
 0.1328779139E-05  0.1653722508E-04
 0.1411597275E-05  0.1011053557E-04
 0.1088381824E-05  0.1756073449E-04
 0.1189698936E-05  0.1147524853E-04
-0.3462281035E-05 -0.1364072157E-04
 0.9408513416E-06  0.1971960593E-05
 0.1095587721E-05  0.6822646712E-05
 0.1021045692E-05  0.3553958037E-05
-0.2464306727E-05 -0.4633477301E-05
 0.7985052875E-06  0.1272602821E-04
-0.3224023054E-06  0.1875971184E-04
 0.2411290847E-06  0.1388847535E-04
-0.2168552476E-05 -0.1506125227E-04
 0.1177532503E-05  0.5165061745E-05
 0.9305887638E-06  0.9836964526E-05
 0.1222192060E-05  0.6569971854E-05
-0.2479276461E-05 -0.7065536605E-05
-0.2444822358E-05 -0.1055434707E-04
-0.2448701012E-05 -0.5909124354E-05
-0.2792493428E-05 -0.9616121335E-05
 0.9923691382E-06  0.8318956321E-05
-0.3148926199E-04 -0.1476263950E-04
 0.1566380380E-04 -0.9399349419E-05
 0.1749121540E-04 -0.3255480530E-05
-0.1549808328E-04  0.3514258420E-05
 0.1311128977E-04 -0.5784247542E-05
 0.8772457082E-05 -0.7365855018E-05
 0.8465210364E-05 -0.7133010071E-05
-0.8576176397E-05  0.7814794778E-05
 0.6309489323E-05 -0.7697982372E-05
 0.4335373764E-05 -0.7975221427E-05
 0.4726599752E-05 -0.7714809942E-05
-0.4343457753E-05  0.8172126112E-05
 0.8211856381E-05 -0.6804851834E-05
 0.5308093987E-05 -0.7660791953E-05
 0.5160909470E-05 -0.7611401890E-05
-0.5281754491E-05  0.7938631352E-05
-0.4736336498E-05  0.7805477108E-05
-0.6959061734E-05  0.7231959103E-05
-0.6368616712E-05  0.7899100436E-05
 0.6881417187E-05 -0.7143800180E-05
 0.3143646357E-05 -0.7798224454E-05
 0.2663851100E-05 -0.7194889201E-05
 0.2398926392E-05 -0.7449887553E-05
-0.2510640634E-05  0.8045498727E-05
 0.2945166480E-05 -0.6183345982E-05
 0.3896925839E-05 -0.4885847460E-05
 0.2491550631E-05 -0.5784077331E-05
-0.3443691141E-05  0.6813232061E-05
 0.1915950086E-05 -0.7066171824E-05
 0.1790713933E-05 -0.6395700407E-05
 0.1607372176E-05 -0.6645445253E-05
-0.1738814737E-05  0.7025777468E-05
-0.2246566540E-05  0.7056772026E-05
-0.2032305543E-05  0.7537976066E-05
-0.2635347296E-05  0.7605205639E-05
 0.2131794953E-05 -0.6789451314E-05
 0.5368908708E-05 -0.6945270248E-05
 0.3404867354E-05 -0.7290018517E-05
 0.3265184785E-05 -0.7302507603E-05
-0.3504734328E-05  0.7481786042E-05
 0.2500014394E-05 -0.6884583413E-05
 0.1771025380E-05 -0.6614228220E-05
 0.2066963185E-05 -0.6430535218E-05
-0.1968957319E-05  0.6566526944E-05
 0.3741860441E-05 -0.6411202886E-05
 0.2448993754E-05 -0.6395406625E-05
 0.2313798698E-05 -0.6422582126E-05
-0.2625302216E-05  0.6527361477E-05
-0.2275671711E-05  0.6366955354E-05
-0.3178809147E-05  0.6615117122E-05
-0.2753302764E-05  0.6894059109E-05
 0.2913423410E-05 -0.6567789183E-05
-0.1701368113E-05  0.6804871221E-05
-0.2245735466E-05  0.7048812067E-05
-0.1979748106E-05  0.7321833313E-05
 0.2080828215E-05 -0.7043824452E-05
-0.3056173174E-05  0.7301713411E-05
-0.4498631446E-05  0.7222809278E-05
-0.3958763545E-05  0.7628674197E-05
 0.4302667061E-05 -0.7165180170E-05
-0.2405093729E-05  0.7784925331E-05
-0.3365851232E-05  0.7851062025E-05
-0.3097281136E-05  0.8216321231E-05
 0.3300832465E-05 -0.7725533461E-05
 0.3786969840E-05 -0.7538111070E-05
 0.2567749175E-05 -0.7453297140E-05
 0.2922696569E-05 -0.7295159116E-05
-0.2691070856E-05  0.7526710802E-05
 0.5920809949E-05 -0.3546955233E-05
 0.7641790045E-05 -0.2844247036E-05
 0.4990345563E-05 -0.3346900463E-05
-0.6959956514E-05  0.4545651695E-05
 0.1739206955E-04  0.4772851464E-05
 0.1183752554E-04 -0.3961948179E-05
 0.4722477240E-05 -0.2847976922E-05
 0.6452856499E-05 -0.2168027120E-05
 0.4224486142E-05 -0.2768223254E-05
-0.5753447365E-05  0.3799044247E-05
-0.1054183246E-04  0.4395986084E-05
-0.6294234166E-05  0.4014354865E-05
-0.1268602783E-04  0.5770158675E-05
 0.7736905900E-05 -0.1526912177E-05
 0.3866006573E-05 -0.2535272180E-05
 0.5551386984E-05 -0.1732516098E-05
 0.3523365091E-05 -0.2446890151E-05
-0.4856163445E-05  0.3450953664E-05
 0.7456338009E-05 -0.2110423173E-05
 0.7547626751E-05 -0.4279612293E-06
-0.3367458520E-05  0.4762020681E-05
 0.3187832846E-05 -0.2351208658E-05
 0.4675071478E-05 -0.1645213489E-05
 0.2906714412E-05 -0.2395282454E-05
-0.4035616299E-05  0.3276964296E-05
-0.5855804998E-05  0.2317129232E-05
-0.4285554044E-05  0.3102160093E-05
-0.6860320705E-05  0.2880461909E-05
 0.4913877228E-05 -0.1737914275E-05
-0.2615718830E-05  0.1642994349E-05
-0.7320695321E-05  0.2699490377E-05
-0.5195575124E-05  0.3444359334E-05
-0.8883871177E-05  0.3696617598E-05
 0.5926724373E-05 -0.1895300275E-05
-0.5200946046E-05 -0.9202609492E-07
 0.9535099687E-05 -0.3029297613E-05
 0.8672187009E-05 -0.1518692643E-05
-0.3568930197E-05  0.7316437172E-06
 0.2938834674E-05 -0.5425611382E-05
 0.2082101363E-05 -0.5195317947E-05
 0.1991668359E-05 -0.5222514474E-05
-0.2288608812E-05  0.5276222121E-05
 0.1768213972E-05 -0.4655295315E-05
 0.1423169790E-05 -0.4411012969E-05
 0.1681521096E-05 -0.4070166602E-05
-0.1651292404E-05  0.4147105267E-05
 0.2643383249E-05 -0.4228882098E-05
 0.2008911739E-05 -0.3919139606E-05
 0.1987075207E-05 -0.3932144155E-05
-0.2218200314E-05  0.3967138689E-05
-0.1919254371E-05  0.3880301811E-05
-0.2358347072E-05  0.4350675851E-05
-0.2056166398E-05  0.4522199623E-05
 0.2076319832E-05 -0.4317877886E-05
 0.1222944391E-05 -0.4193777575E-05
 0.1179582335E-05 -0.3932340903E-05
 0.1157695574E-05 -0.3771470072E-05
-0.1229816698E-05  0.3962061940E-05
 0.1359158393E-05 -0.3528941925E-05
 0.1822319096E-05 -0.2964979726E-05
 0.1207291279E-05 -0.3327746098E-05
-0.1639200442E-05  0.3821215799E-05
 0.1081069199E-05 -0.3403100262E-05
 0.9558926101E-06 -0.3354614801E-05
 0.9779473826E-06 -0.3105136088E-05
-0.9965026511E-06  0.3254146555E-05
-0.1146994743E-05  0.3651665726E-05
-0.1121959871E-05  0.3577295588E-05
-0.1297603952E-05  0.3947790261E-05
 0.1074959893E-05 -0.3621148705E-05
 0.2569985915E-05 -0.3050940458E-05
 0.1990090540E-05 -0.2798081332E-05
 0.2058618448E-05 -0.2791741424E-05
-0.2184503330E-05  0.2824837730E-05
 0.1635475459E-05 -0.2557786036E-05
 0.1199819308E-05 -0.2680380179E-05
 0.1519211187E-05 -0.2224818224E-05
-0.1380268277E-05  0.2269690874E-05
 0.2527604339E-05 -0.2087927716E-05
 0.1912917921E-05 -0.1977735921E-05
 0.2064456690E-05 -0.1933050377E-05
-0.2089688203E-05  0.1979322243E-05
-0.1714443516E-05  0.1954546964E-05
-0.2220612052E-05  0.2214833403E-05
-0.1871033784E-05  0.2334529879E-05
 0.1993246679E-05 -0.2173269567E-05
-0.1097381201E-05  0.2736976821E-05
-0.1477297278E-05  0.2613759389E-05
-0.1215667160E-05  0.3086007110E-05
 0.1285440897E-05 -0.2991635673E-05
-0.1853513082E-05  0.2769600755E-05
-0.2297451796E-05  0.3165469535E-05
-0.1987029991E-05  0.3306121948E-05
 0.2040642055E-05 -0.3127044231E-05
-0.1299909479E-05  0.3499387686E-05
-0.1613279252E-05  0.3558194769E-05
-0.1374847511E-05  0.3982110243E-05
 0.1395159874E-05 -0.3866873263E-05
 0.1720312385E-05 -0.3489192582E-05
 0.1349847716E-05 -0.3409674601E-05
 0.1635204911E-05 -0.2998881930E-05
-0.1558530446E-05  0.3067485954E-05
-0.2538187927E-05  0.3632181511E-05
-0.1821533171E-05  0.4039812884E-05
-0.2808363460E-05  0.3820862097E-05
 0.2025892918E-05 -0.3110844229E-05
-0.1431951418E-05  0.4274753311E-05
-0.1314076270E-05  0.4393525361E-05
-0.1557653509E-05  0.4650849012E-05
 0.1269902416E-05 -0.4286399242E-05
-0.3085410850E-05  0.3948967781E-05
-0.2212800805E-05  0.4599016735E-05
-0.3418670505E-05  0.4236982051E-05
 0.2474433897E-05 -0.3411440837E-05
 0.1650292789E-05 -0.4021832840E-05
 0.2247939133E-05 -0.3206260028E-05
 0.1506222666E-05 -0.3768507019E-05
-0.2019139309E-05  0.4314402388E-05
-0.1410989567E-05  0.4511700176E-05
-0.1678597467E-05  0.4732924647E-05
-0.1454100128E-05  0.5085132882E-05
 0.1451483614E-05 -0.4951599495E-05
-0.1988972195E-05  0.5153019443E-05
-0.2563700601E-05  0.5578710378E-05
-0.2228560457E-05  0.5794766221E-05
 0.2274480688E-05 -0.5541068640E-05
-0.1484639788E-05  0.5669714922E-05
-0.1807658587E-05  0.5964379494E-05
-0.1570047856E-05  0.6256663713E-05
 0.1594376361E-05 -0.6074726786E-05
 0.1940726708E-05 -0.5858469593E-05
 0.1497049478E-05 -0.5541212594E-05
 0.1751214670E-05 -0.5285613174E-05
-0.1723018282E-05  0.5380209673E-05
-0.3738656050E-05  0.4498557499E-05
-0.2617512058E-05  0.5397408449E-05
-0.4087993998E-05  0.4905075260E-05
 0.2967535819E-05 -0.3934061341E-05
-0.1888078625E-05  0.6048770546E-05
-0.1580075857E-05  0.6498543628E-05
-0.2028493331E-05  0.6570328602E-05
 0.1606759191E-05 -0.5995348622E-05
-0.4477392077E-05  0.5215406090E-05
-0.3089808596E-05  0.6340195103E-05
-0.4970849619E-05  0.5893157764E-05
 0.3578642547E-05 -0.4584597713E-05
 0.2250748980E-05 -0.5432984113E-05
 0.3199200405E-05 -0.4193436150E-05
 0.2059006005E-05 -0.5069307648E-05
-0.2833543996E-05  0.5840427378E-05
 0.1448752282E-05 -0.6178508609E-05
 0.1495099501E-05 -0.5557901088E-05
 0.1353527530E-05 -0.5676684329E-05
-0.1495238957E-05  0.5950046759E-05
 0.1928200109E-05 -0.4700619592E-05
 0.2714421312E-05 -0.3637071293E-05
 0.1791840475E-05 -0.4346074427E-05
-0.2427783914E-05  0.4985112716E-05
 0.1308890357E-05 -0.5161411256E-05
 0.1349650024E-05 -0.4678660854E-05
 0.1263754459E-05 -0.4663639046E-05
-0.1381689546E-05  0.4878360496E-05
-0.1673589355E-05  0.5071836313E-05
-0.1436367361E-05  0.5399447337E-05
-0.1782154525E-05  0.5553069959E-05
 0.1421560004E-05 -0.5111507292E-05
-0.8406433953E-05 -0.5378495837E-05
 0.2506768627E-05 -0.2799816909E-05
 0.6732651880E-05 -0.1255532206E-05
-0.4253235547E-05  0.9559971005E-06
-0.2398963890E-05  0.1751469016E-05
-0.2979593711E-05  0.1138247253E-04
-0.2132815380E-05  0.2179323441E-05
 0.2567581133E-05 -0.1590493726E-05
-0.2377021510E-05  0.2622267669E-05
-0.3026902035E-05  0.1339357910E-04
-0.2207033745E-05  0.3083631730E-05
 0.2578402949E-05 -0.2424872723E-05
-0.1053544171E-04 -0.6906994954E-05
 0.2402022052E-05 -0.3889927011E-05
 0.7261456523E-05 -0.1503767721E-05
-0.4298579016E-05  0.1563703903E-05
-0.2270360892E-05  0.3776863526E-05
-0.3250995302E-05  0.1573934935E-04
-0.2316416665E-05  0.4186908097E-05
 0.2657795168E-05 -0.3377683016E-05
-0.2212440150E-05  0.5083352507E-05
-0.4045859777E-05  0.1810207489E-04
-0.2639238221E-05  0.5300012221E-05
 0.3021591898E-05 -0.4263508791E-05
-0.1503970153E-04 -0.9543533474E-05
 0.2104229103E-05 -0.6930841490E-05
 0.8755416213E-05 -0.2043160555E-05
-0.4286876199E-05  0.3361894441E-05
-0.1293325838E-04 -0.8482972876E-05
 0.2199673227E-05 -0.5314585794E-05
 0.7928147761E-05 -0.1766843357E-05
-0.4256781606E-05  0.2403597290E-05
-0.2434341253E-05  0.6301319518E-05
-0.5860053284E-05  0.2007422581E-04
-0.3457325154E-05  0.6201797845E-05
 0.3925839484E-05 -0.4845449031E-05
-0.3230738566E-05  0.7200818501E-05
-0.9300580566E-05  0.2129331614E-04
-0.5074569360E-05  0.6642863821E-05
 0.5714433328E-05 -0.4893843724E-05
-0.1572178938E-04 -0.7835655669E-05
 0.3468835050E-05 -0.9702053412E-05
 0.1086920167E-04 -0.2583314632E-05
-0.5475723733E-05  0.4876805334E-05
-0.4893303108E-05  0.7545271367E-05
-0.1498906184E-04  0.2135245859E-04
-0.7920595099E-05  0.6410979650E-05
 0.8736346136E-05 -0.4129784296E-05
-0.7792494131E-05  0.7168722510E-05
-0.2357103421E-04  0.1964512702E-04
-0.1293064229E-04  0.5385715207E-05
 0.1362043965E-04 -0.2112510646E-05
-0.2703912128E-04 -0.1291821111E-04
 0.9269855261E-05 -0.1032985119E-04
 0.1393979772E-04 -0.3058572929E-05
-0.9903351722E-05  0.4640360792E-05
-0.1283358096E-04 -0.3952234619E-05
 0.5616082443E-05 -0.1036806244E-04
 0.1217642333E-04 -0.2792902476E-05
-0.7111270749E-05  0.5035712580E-05
-0.1620945026E-04 -0.9517738713E-05
 0.2409616195E-05 -0.8473798951E-05
 0.9737637449E-05 -0.2326009881E-05
-0.4603602650E-05  0.4244824143E-05
 0.3144273364E-04  0.1678767478E-03
-0.1130575824E-03  0.7287139284E-04
 0.8850908298E-04 -0.3380561134E-03
-0.5927363900E-04 -0.1231760583E-03
-0.6405412448E-04  0.2009417179E-03
-0.7685965831E-04  0.2660322416E-03
-0.5649043099E-04  0.1452005626E-03
-0.6788847865E-04 -0.2430765171E-03
 0.8044181621E-04  0.4804772929E-03
-0.5996014066E-04 -0.2202839901E-03
 0.1836995119E-03 -0.7544190419E-03
-0.8138713235E-04 -0.8824056140E-05
-0.1173292373E-03 -0.1548783751E-03
-0.1411310824E-03 -0.1857312139E-03
-0.7918273418E-04 -0.2285556168E-03
-0.1935193510E-04  0.1918762281E-03
-0.9248025536E-04  0.3670637033E-03
-0.1215607724E-03  0.5216903182E-03
-0.1329670125E-03  0.2410985368E-03
-0.4228515978E-04 -0.4279884231E-03
-0.1674242991E-03  0.7722288209E-03
-0.2441348338E-03  0.1200132803E-02
-0.3530111000E-03  0.4552946874E-03
 0.5148102186E-04 -0.9193623229E-03
-0.1491142683E-03 -0.7370135432E-04
-0.2592423329E-03 -0.1593217014E-03
-0.1251566175E-03 -0.4637163718E-03
 0.1743172646E-03  0.1790976969E-03
 0.1707877745E-03 -0.3191751068E-03
 0.5847085237E-04 -0.2446544861E-03
-0.1523090090E-04 -0.6132717816E-03
-0.2107288564E-03  0.3298957164E-03
 0.4852759149E-04  0.4883524791E-03
 0.1128380892E-05 -0.5253146034E-03
 0.2189212125E-03 -0.8480805971E-03
-0.5240548490E-04  0.2175401700E-03
 0.1503229478E-04 -0.4179387980E-03
-0.2730407626E-04 -0.5420180252E-03
 0.2907624247E-04 -0.4528448037E-03
 0.8481037308E-04  0.5106149889E-03
 0.1634374532E-04  0.3107975319E-03
 0.3313070558E-04 -0.5967679405E-03
 0.2094600684E-03 -0.6389758383E-03
-0.1069759188E-04  0.3483204257E-03
-0.2300776447E-04  0.3562245505E-03
-0.8808369812E-04  0.4656791169E-03
-0.1465563380E-04  0.4278534701E-03
 0.1222399977E-03 -0.2628575267E-03
 0.1323816375E-03  0.4330400092E-03
 0.4719858741E-04  0.2754685815E-03
 0.7266514537E-04  0.9605712136E-04
-0.6018032048E-04 -0.2914791452E-03
-0.6592576886E-04  0.9477403768E-04
-0.1242969295E-03  0.1218101103E-03
-0.6106588136E-04  0.5605313653E-04
 0.5510252223E-04  0.6467190946E-05
 0.9335935188E-07 -0.1896843603E-03
-0.3536797282E-04 -0.1510366440E-03
-0.5366940532E-04 -0.3122830193E-03
-0.8583862156E-04  0.1797415939E-03
-0.4696191408E-04 -0.4832763018E-04
-0.8838168085E-04 -0.3910047213E-04
-0.2117074611E-04 -0.1647523418E-03
 0.7523309448E-05  0.5124830932E-04
-0.3826863841E-03  0.1977737629E-02
-0.6628282317E-03  0.3501110392E-02
-0.1211527002E-02  0.7865131676E-03
 0.6285404236E-03 -0.2415348760E-02
-0.1326067230E-02  0.6760894533E-02
-0.3264566058E-02  0.1441225110E-01
-0.5786988630E-02 -0.7045692694E-03
 0.4914879844E-02 -0.7793817211E-02
-0.1603937009E-02 -0.1879421949E-02
-0.3086911986E-02 -0.4488816627E-02
-0.1262345881E-02 -0.3943891038E-02
 0.2545870358E-02  0.3534456268E-02
 0.4331465407E-02  0.1005879079E-02
 0.1951340832E-02 -0.2550152587E-03
 0.1732608961E-02 -0.4260494179E-02
-0.2535561858E-02  0.7133135414E-03
-0.1062570930E-01  0.3335453649E-01
-0.1287605884E+00  0.1062607781E-01
-0.3614103335E-01 -0.4184909824E-01
 0.5179380540E-01 -0.9199798761E-02
-0.6551411311E-02 -0.4517401310E-01
-0.2353708755E-01 -0.2103892224E-01
-0.5200807752E-02 -0.9367744943E-02
 0.6190132241E-02  0.5392713456E-01
 0.4363002098E-01  0.4779104267E-01
 0.3108833608E-01  0.9444285681E-01
 0.6092299453E-01  0.5600260763E-01
-0.8391683048E-01 -0.1589385667E+00
-0.6431182249E-03 -0.4101825281E-02
-0.6101164055E-03 -0.5803562258E-02
-0.1929011196E-03 -0.2969113187E-02
 0.1352036597E-02  0.5378446401E-02
-0.1891296995E-03 -0.6784414541E-02
-0.1484684507E-02 -0.4477508580E-02
-0.4392274956E-03 -0.2184250576E-02
 0.1167132634E-02  0.7807933087E-02
-0.2180195722E-04 -0.1632679118E-02
-0.1559629047E-03 -0.1133462526E-02
-0.8644666076E-04 -0.6304764268E-03
 0.4610935991E-03  0.1813270787E-02
 0.6852259137E-03  0.3589503861E-02
 0.7259866571E-03  0.3569837187E-02
 0.1336602762E-02  0.7284691949E-02
-0.3170296422E-04 -0.3179423535E-02
 0.2389022672E-02  0.1908338467E-01
 0.3000739229E-02  0.1610327967E-01
 0.8519092239E-02  0.3865466616E-01
-0.1042421467E-02 -0.1623378991E-01
 0.2926776087E-02  0.1013857122E-01
 0.2146371656E-02  0.5806127168E-02
 0.4570983965E-02  0.8142800094E-02
-0.1946975432E-02 -0.7060453675E-02
 0.2024746023E-01  0.2695586917E-01
 0.9581415249E-02  0.6407712835E-02
 0.1502737050E-01 -0.1334582402E-01
-0.1417560287E-01 -0.8151186793E-02
-0.5767563939E-02 -0.1075460570E-01
-0.9179866478E-02 -0.2472438180E-01
-0.2290341775E-02 -0.1192156537E-01
 0.7315539782E-02  0.1857764925E-01
 0.5114810078E-03 -0.1251356896E-03
 0.1321480208E-02 -0.3440492515E-04
-0.1132236201E-03  0.1520196717E-04
-0.4272403722E-03  0.5355525448E-03
 0.1089296484E-02 -0.1150879123E-03
 0.1195071010E-02  0.5514664215E-04
-0.1368514923E-02 -0.2230291271E-03
 0.3218043592E-03  0.1247697916E-03
 0.8916254926E-03  0.1818677940E-03
 0.6095307720E-03  0.1793193802E-03
-0.9956621805E-03  0.7611354706E-04
-0.1330206863E-02  0.2087582698E-03
-0.7945895603E-03  0.2972396647E-03
-0.1210437383E-02  0.8911130678E-04
 0.7898944176E-03  0.3656636785E-04
 0.1692764306E-02 -0.1180872874E-02
-0.2559848351E-03 -0.3488863926E-04
-0.7175862929E-03  0.4045955686E-03
-0.4275170255E-03  0.2617024432E-03
 0.5618195175E-03  0.1249245835E-04
-0.1371198770E-02  0.7308400804E-03
-0.1858836307E-02  0.7719143600E-03
-0.1281732655E-02  0.6594555675E-03
 0.1339324905E-02 -0.6073593837E-03
-0.5482725360E-03  0.3740853892E-03
-0.8770473745E-03  0.5193232648E-03
-0.6103467367E-03  0.3874217771E-03
 0.6975298788E-03 -0.3738702671E-03
 0.9613352058E-03 -0.4964801705E-03
 0.6506048533E-03 -0.2760261222E-03
 0.9424897578E-03 -0.3831569886E-03
-0.8492629164E-03  0.5345222837E-03
-0.1844497141E-02  0.5724681116E-03
-0.1327265192E-02  0.3277866277E-03
-0.1321480847E-02  0.4115432122E-03
 0.1284247031E-02 -0.3530183518E-03
-0.5544419692E-03  0.1763363860E-03
 0.2069359080E-03  0.1403507524E-03
-0.1980738294E-03  0.1338823000E-03
 0.4195108318E-04 -0.4118568618E-04
-0.9396870977E-03  0.2952129234E-03
-0.4979357263E-03  0.1670508147E-03
-0.6563608060E-03  0.2119774187E-03
 0.6773624693E-03 -0.1987122985E-03
 0.4487671325E-03 -0.1188558445E-03
 0.9392842952E-03 -0.2699244632E-03
 0.7371889359E-03 -0.1456207354E-03
-0.8362356301E-03  0.2348117414E-03
-0.6231526260E-03  0.3554989137E-03
-0.7648097536E-03  0.3748487030E-03
-0.5983162081E-03  0.3092922023E-03
 0.6742960277E-03 -0.3373288013E-03
-0.8021312617E-03  0.3293814145E-03
-0.6957472784E-03  0.2441326112E-03
-0.6566256921E-03  0.2541166633E-03
 0.7288979399E-03 -0.2778184475E-03
-0.5400681709E-03  0.2568518184E-03
-0.5843023254E-03  0.2454351596E-03
-0.4939582538E-03  0.2098202084E-03
 0.5730477635E-03 -0.2410719673E-03
 0.6559590059E-03 -0.2711051452E-03
 0.6275847407E-03 -0.2894591400E-03
 0.7532159654E-03 -0.3364881535E-03
-0.6723017630E-03  0.3038591530E-03
 0.7525573818E-03 -0.2551444953E-03
 0.8771503591E-03 -0.3593278176E-03
 0.9603041242E-03 -0.3418611299E-03
-0.9075778999E-03  0.3290724362E-03
 0.8448174439E-03 -0.4091562967E-03
 0.7017810070E-03 -0.3760399832E-03
 0.9203340335E-03 -0.4754728571E-03
-0.8387767659E-03  0.4518514183E-03
 0.1208879240E-02 -0.4492015018E-03
 0.1197649080E-02 -0.5550295141E-03
 0.1504756315E-02 -0.5647109495E-03
-0.1486129166E-02  0.5925011043E-03
-0.1129832961E-02  0.5398133232E-03
-0.1168501022E-02  0.4434532239E-03
-0.9630998653E-03  0.4250378477E-03
 0.1035793644E-02 -0.4561513881E-03
-0.4883311809E-03  0.1559588043E-04
 0.3163495618E-03  0.7235708041E-05
-0.2496271722E-03  0.1640487789E-03
-0.1291361730E-03  0.1477671044E-03
 0.1150603467E-02 -0.1503140961E-03
 0.1746899944E-02 -0.4305102231E-03
 0.1752892032E-02 -0.1055585627E-03
-0.2060814552E-02  0.4588863368E-03
 0.1764201703E-03  0.4168906669E-03
 0.1392086858E-02  0.3232223966E-03
 0.8684911385E-03  0.7894961511E-03
-0.1490749476E-02  0.8364961288E-04
-0.1960543256E-02  0.2791505072E-03
-0.6692997275E-03  0.1195955503E-03
-0.1103102690E-02  0.2207167369E-03
 0.7467779072E-03  0.1305827972E-03
 0.1834378386E-02 -0.6258785448E-03
 0.1420395498E-02 -0.4716044720E-03
 0.2177074559E-02 -0.4094444787E-03
-0.2251070352E-02  0.9276937177E-03
 0.8437301105E-03  0.5552663526E-04
 0.4651076182E-03  0.6442713801E-03
 0.6935257242E-03  0.1191546241E-02
-0.4644162259E-03 -0.5100531486E-04
 0.2416569325E-02  0.8091378519E-03
 0.1178222584E-02  0.2401473409E-02
 0.2315680998E-02  0.5301085455E-02
-0.2361839480E-02 -0.2667435308E-03
-0.9947149169E-03 -0.1047983158E-03
-0.2519158384E-02  0.8283304594E-03
-0.1310120646E-02  0.6010518497E-03
 0.1377460919E-02  0.2269868337E-03
 0.1309804969E-02 -0.5762767583E-04
 0.5524569465E-02  0.1226021635E-02
-0.5063137014E-02 -0.2596338780E-03
 0.7513256166E-02  0.5505764941E-02
 0.5022677754E-02  0.1258400423E-01
 0.1162118854E-01  0.9911781300E-02
-0.1328944076E-01 -0.7259129524E-03
-0.2341117747E-01 -0.3449122578E-03
-0.1259919595E-01  0.8454713615E-03
 0.1796002207E-01 -0.9280017221E-02
-0.5756755787E-02 -0.6316507584E-03
-0.8831115698E-02  0.1086660888E-02
-0.4853935709E-02  0.1004286445E-02
 0.4351007717E-02  0.2532632199E-02
-0.7120839438E-02  0.8235186333E-03
-0.2668445037E-02  0.7176026754E-03
-0.3559220049E-02  0.5528816201E-03
 0.2155751715E-02  0.1164048764E-02
-0.3611086902E-02  0.1042626967E-02
-0.3253707974E-02  0.6915227065E-03
-0.2577694749E-02  0.7956180244E-03
 0.2351993905E-02 -0.4009129007E-03
 0.2604050771E-02  0.2187786827E-03
 0.3245540148E-02  0.1161127769E-03
 0.4418361648E-02  0.1455545646E-02
-0.5395026424E-02  0.9970047497E-03
-0.2958426137E-03  0.4571058376E-04
-0.3432351754E-03  0.1326147402E-03
 0.8871472801E-04  0.2132711915E-03
 0.1844805535E-03 -0.4117217273E-04
-0.2361049225E-03  0.6206166593E-04
-0.5010466608E-03  0.1684219497E-03
-0.5041208007E-03  0.1247629877E-03
 0.4691110551E-03 -0.1234930788E-03
-0.4069699546E-03  0.1237711909E-03
 0.1759081910E-03  0.4575637800E-04
 0.2609159751E-03 -0.1753496867E-03
-0.1156243641E-03  0.3320279216E-04
 0.4841508635E-03 -0.2031614879E-03
 0.4319555357E-03 -0.1846946128E-03
 0.5131298562E-03 -0.2377067644E-03
-0.4195651444E-03  0.2009262114E-03
 0.2611504061E-03 -0.1781374696E-03
 0.1923049259E-03 -0.1491631386E-03
 0.2971746467E-03 -0.1652709523E-03
-0.2664666392E-03  0.1881562907E-03
 0.5324167498E-03 -0.2591572102E-03
 0.4197695376E-03 -0.1936814558E-03
 0.5391113290E-03 -0.2797719175E-03
-0.4736933601E-03  0.2660394938E-03
-0.3743417856E-03  0.1942064765E-03
-0.4709178617E-03  0.2453659151E-03
-0.3743958209E-03  0.1788854584E-03
 0.4153535131E-03 -0.1936148051E-03
-0.1222621104E-03  0.7030463563E-04
-0.4964634291E-04  0.1673329557E-03
 0.1463967016E-03  0.4185427824E-04
-0.7961144587E-04  0.6237326991E-05
-0.1044033706E-03  0.1566122886E-03
 0.7891514260E-04  0.2647108548E-03
 0.8111272535E-04  0.9335923346E-04
 0.4545964480E-04 -0.1020725937E-03
 0.1737595075E-03  0.6779146070E-04
 0.1246785144E-03  0.9125081373E-04
 0.1479299790E-03  0.9692086702E-04
-0.6961284578E-04 -0.1093792830E-03
-0.1732944815E-04 -0.2136471142E-03
-0.1432360722E-03 -0.1209319752E-03
-0.1407550320E-03 -0.1269066714E-03
 0.1315156774E-03  0.1707382646E-03
 0.5196157430E-03 -0.2682639110E-03
 0.3570510726E-03 -0.1230890502E-03
 0.4705357967E-03 -0.1884220621E-03
-0.3725184170E-03  0.2522502821E-03
 0.2413597517E-03  0.1495086989E-04
 0.1737504997E-03  0.1131255768E-03
 0.2098893371E-03  0.1545231071E-03
-0.1000583731E-03 -0.3548214835E-04
 0.4021654014E-03  0.5356545822E-05
 0.2627004067E-03  0.2326266034E-03
 0.3405094437E-03  0.3749343130E-03
-0.1678274962E-03 -0.3010667580E-04
-0.1248972654E-03 -0.3001209991E-04
-0.2791753020E-03  0.1643203874E-03
-0.1975437640E-03  0.9682859470E-04
 0.3044084135E-03  0.7828072590E-05
-0.8513607446E-04 -0.5709109300E-04
-0.1499525893E-03  0.4395832428E-04
-0.1330284623E-03 -0.2166082823E-04
 0.2032892187E-03  0.3220766097E-04
-0.2654906330E-03  0.1584291844E-03
-0.4397817971E-03  0.2754123385E-03
-0.3352801025E-03  0.1831597332E-03
 0.4028042628E-03 -0.1831978274E-03
-0.1421551115E-03 -0.4699137126E-04
-0.2745124210E-03  0.1021792479E-03
-0.5393737760E-04 -0.3468919866E-04
 0.2637443014E-03 -0.6125762084E-05
 0.3334947609E-03 -0.1121986874E-03
 0.2524442963E-03 -0.1253729869E-04
 0.2861607666E-03 -0.7134624934E-04
-0.1941173111E-03  0.7871165037E-04
 0.3366685790E-03  0.9893341853E-03
 0.3135663550E-03  0.1050811790E-02
 0.4555589719E-03  0.1877990099E-02
-0.3490522945E-04 -0.9034390151E-03
 0.2874651460E-03  0.9525328484E-03
 0.2381219154E-03  0.8038581113E-03
 0.3630415220E-03  0.1315564237E-02
-0.6314690360E-04 -0.8133113952E-03
 0.7221975562E-03  0.2912682272E-02
 0.5971572533E-03  0.2184740967E-02
 0.1079091803E-02  0.3625924580E-02
-0.2320645900E-03 -0.2342411470E-02
-0.1046003041E-03 -0.1359879375E-02
-0.8892156123E-04 -0.1606779278E-02
-0.6171554634E-04 -0.9181410412E-03
 0.4356427130E-03  0.1633449056E-02
 0.1777239664E-03  0.6571888887E-03
 0.1136354685E-03  0.5225567878E-03
 0.1860195921E-03  0.7976615825E-03
-0.6720622144E-05 -0.5513127230E-03
-0.2619474454E-05  0.3635137258E-03
-0.4437313117E-04  0.5094898767E-03
 0.2099844350E-04  0.5367952226E-03
 0.1208257873E-03 -0.3136919968E-03
 0.1827009437E-03  0.8334857773E-03
 0.9632653617E-04  0.5995397353E-03
 0.1699231049E-03  0.7226557807E-03
 0.5608753333E-05 -0.6500208298E-03
 0.4699040777E-04 -0.5349391070E-03
 0.5354515168E-05 -0.6510327839E-03
 0.1571596955E-04 -0.4296633375E-03
 0.1136892039E-03  0.6247782815E-03
 0.1370989438E-02  0.3265133850E-02
 0.8171355988E-03  0.1869347002E-02
 0.1352650156E-02  0.1573905172E-02
-0.7415533734E-03 -0.2200783686E-02
 0.4681410359E-03  0.1107846642E-02
 0.2581993755E-03  0.6827423076E-03
 0.3590864187E-03  0.3539344042E-03
-0.2319292591E-03 -0.7511315482E-03
 0.8865167788E-03 -0.4524669906E-03
 0.4002819228E-03 -0.4044363967E-03
 0.2151248374E-03 -0.1449175697E-02
-0.6299529950E-03  0.6204466849E-03
-0.4611070920E-03 -0.3541603636E-03
-0.8467873185E-03 -0.8049337627E-03
-0.4190773708E-03 -0.1261354836E-02
 0.7042409499E-03  0.7299923727E-03
-0.7531516845E-04 -0.7833848471E-03
-0.1578355887E-03 -0.1164897606E-02
-0.3742470387E-04 -0.9005367851E-03
 0.2940260839E-03  0.1051035404E-02
-0.2871401588E-03 -0.1769171915E-02
-0.4675324095E-03 -0.2713224085E-02
-0.1726467815E-03 -0.1729738710E-02
 0.7499140307E-03  0.2379645547E-02
-0.2865683448E-04 -0.8403489766E-03
-0.7246019812E-04 -0.1081064748E-02
-0.4034784230E-04 -0.6782588484E-03
 0.2709134310E-03  0.1028205112E-02
 0.4349148790E-03  0.1589645587E-02
 0.2916996041E-03  0.1149954198E-02
 0.4817308305E-03  0.1567473046E-02
-0.9659357055E-04 -0.1250113145E-02
-0.1286469081E-04  0.1327559593E-03
 0.3781726440E-05 -0.4391562543E-03
 0.1854642548E-03 -0.4066982365E-03
 0.3021326237E-04  0.2957307510E-03
 0.1067840394E-04 -0.3908478804E-03
-0.3028440162E-04 -0.4391372279E-03
-0.2766280540E-04 -0.2803600368E-03
 0.1179261469E-03  0.4339805955E-03
-0.4671520002E-04  0.3838360982E-04
-0.3495761290E-04 -0.2833647785E-03
 0.1702002042E-03 -0.2575963258E-03
 0.6061104478E-04  0.2088425408E-03
 0.5893273223E-05  0.2363270335E-03
-0.8338966438E-05  0.3775759995E-03
 0.4149236218E-04  0.3844415770E-03
 0.7838434560E-04 -0.2263080871E-03
-0.4706419560E-04 -0.5067709872E-03
-0.5265092814E-04 -0.5533467948E-03
-0.4876258536E-04 -0.3518770222E-03
 0.2025582718E-03  0.5798636197E-03
-0.4459147789E-04 -0.5329005884E-03
-0.7151403136E-04 -0.3742963748E-03
-0.6776290496E-04 -0.2362650505E-03
 0.2573601952E-03  0.5757768900E-03
-0.5094426304E-04 -0.2242618695E-03
-0.6552551433E-04 -0.1599553962E-03
-0.6547066485E-04 -0.1206198351E-03
 0.1640723082E-03  0.2336063927E-03
 0.2026351002E-03  0.3551479341E-03
 0.1745986018E-03  0.3876346343E-03
 0.2290681601E-03  0.6216188857E-03
-0.4897981952E-04 -0.3336173259E-03
-0.7670858957E-04 -0.9808935193E-05
-0.6278099298E-04 -0.1957253799E-03
 0.1601092556E-03 -0.1488860883E-03
 0.8342867558E-04  0.1636841884E-03
-0.4351749814E-04 -0.1403280228E-03
-0.6809604950E-04 -0.1080988051E-03
-0.7130911589E-04 -0.1049210121E-03
 0.1033543835E-03  0.1302397249E-03
-0.6005279808E-04 -0.5514692130E-04
-0.9223476897E-04 -0.1523520643E-03
 0.9972055090E-04 -0.9367798359E-04
 0.6126417241E-04  0.1530964116E-03
 0.7335353244E-05  0.7488715947E-04
 0.4234050612E-04  0.2253444568E-03
 0.4822676365E-04  0.1340835361E-03
 0.3247694190E-04 -0.1029970612E-03
 0.1347082623E-03  0.1654854511E-03
 0.1052337578E-03  0.1763340374E-03
 0.1381902286E-03  0.2576250627E-03
-0.5232255683E-04 -0.1640563516E-03
 0.1067198253E-04  0.1358512026E-03
 0.1045228084E-04  0.2772343766E-03
 0.4391545210E-04  0.2279359381E-03
 0.5866937452E-04 -0.1537135295E-03
 0.1479674129E-03  0.3677227870E-03
 0.1109228638E-03  0.3199345450E-03
 0.1658917933E-03  0.5065086937E-03
-0.3769908239E-04 -0.3291896774E-03
-0.1935328901E-04 -0.2417292190E-03
-0.4756243969E-04 -0.2409587620E-03
-0.4950903310E-04 -0.1702963050E-03
 0.1062293745E-03  0.2499931843E-03
-0.5484120123E-03  0.1533479465E-04
-0.6905323489E-03  0.1634048905E-03
-0.7165697653E-03  0.2408164058E-03
-0.6568651949E-03  0.1588208966E-03
 0.6280549709E-03 -0.1056145938E-03
 0.5019533996E-03 -0.9939879803E-04
 0.5557860543E-03 -0.1111271562E-03
-0.1930832968E-03  0.7241364156E-04
-0.1160891303E-03  0.4911798273E-04
-0.1273156207E-03 -0.1339468123E-05
 0.1695457278E-03  0.2695349664E-04
-0.5746245138E-03  0.1113458230E-03
-0.5111120932E-03  0.6482618420E-04
-0.5245047871E-03  0.7255248848E-04
 0.5352739368E-03 -0.5357945573E-04
-0.4342603636E-03  0.2112038120E-04
-0.3487164202E-03  0.7374494025E-05
-0.3706496180E-03  0.1194389893E-05
 0.4077565759E-03  0.2582682364E-04
-0.4852492216E-03  0.3579871265E-04
-0.4064962153E-03  0.1271165767E-05
-0.4519290807E-03  0.8780310961E-05
 0.4756106388E-03  0.3429960310E-05
 0.4338300613E-03  0.1657729703E-04
 0.5042577082E-03 -0.2339600664E-04
 0.4721068385E-03 -0.4934740988E-05
-0.4484707054E-03  0.2657236165E-04
-0.2687976863E-03 -0.3705451892E-05
-0.2142853181E-03 -0.7284459231E-05
-0.2295043401E-03 -0.1437207818E-04
 0.2532113971E-03  0.3488777618E-04
-0.1641513912E-03 -0.3254206988E-05
-0.1279730750E-03 -0.3796029614E-05
-0.1394860085E-03 -0.9177830682E-05
 0.1545094018E-03  0.2381431986E-04
-0.2062717430E-03 -0.2200709707E-04
-0.1618094883E-03 -0.1799627863E-04
-0.1925855815E-03 -0.2751483143E-04
 0.2110608894E-03  0.3813016004E-04
 0.1794932847E-03  0.3037400513E-04
 0.2274788391E-03  0.3636175803E-04
 0.2033081296E-03  0.3081663086E-04
-0.1806547352E-03 -0.1263325266E-04
-0.4212413697E-03 -0.1053471099E-04
-0.3494790937E-03 -0.3008298490E-04
-0.3917614055E-03 -0.2401437790E-04
 0.4186671703E-03  0.3694747234E-04
-0.2857031717E-03 -0.3671655107E-04
-0.2302948283E-03 -0.3583251025E-04
-0.2710094408E-03 -0.4094382998E-04
 0.2933316932E-03  0.5248097270E-04
-0.3695538080E-03 -0.3003184085E-04
-0.3084230247E-03 -0.4054883135E-04
-0.3435535767E-03 -0.3924337472E-04
 0.3693985289E-03  0.4974305366E-04
 0.3337182297E-03  0.5335820303E-04
 0.3938711365E-03  0.4424790000E-04
 0.3540363480E-03  0.5000613618E-04
-0.3287398023E-03 -0.3683550483E-04
 0.2506403710E-03  0.4640001847E-04
 0.3099157115E-03  0.4905288753E-04
 0.2659161122E-03  0.4354456721E-04
-0.2430978654E-03 -0.3090829450E-04
 0.3762999737E-03  0.4329822689E-04
 0.4470217220E-03  0.2321858356E-04
 0.4025873280E-03  0.3185294568E-04
-0.3751222772E-03 -0.1750375697E-04
 0.2888548834E-03  0.3989441603E-04
 0.3614982010E-03  0.3462107775E-04
 0.3260721369E-03  0.3397236252E-04
-0.2945795209E-03 -0.1092878013E-04
-0.3306984029E-03 -0.1682201466E-04
-0.2624978258E-03 -0.2288929173E-04
-0.3042570808E-03 -0.2915460544E-04
 0.3312393928E-03  0.4331639246E-04
 0.1439515647E-03  0.1982627180E-04
 0.1786373319E-03  0.2263376811E-04
 0.1736340481E-03  0.1800095988E-04
-0.1638313650E-03  0.3348025656E-05
 0.2500628566E-03  0.3565515585E-04
 0.2863013922E-03  0.2546437958E-04
 0.3621183639E-03  0.4135845199E-04
-0.2787444992E-03 -0.2481087641E-05
-0.3049859344E-03  0.1141948819E-03
-0.2233192462E-03  0.9189932276E-04
-0.2005890296E-03  0.3454207271E-05
 0.2294912687E-03  0.2424021764E-04
 0.3952248912E-03  0.3305584436E-04
 0.4784617140E-03  0.9503485883E-05
 0.6005054955E-03  0.2413132852E-04
-0.4399814950E-03  0.1788042800E-04
 0.5189253764E-03 -0.2927365024E-04
 0.5807127671E-03 -0.8490413782E-04
 0.6497439548E-03 -0.7007516785E-04
-0.5969069309E-03  0.9737576814E-04
 0.6320490099E-04  0.8759918234E-05
 0.9308511505E-03  0.5081038695E-04
-0.6044900738E-03  0.2040463618E-03
-0.5887581572E-03  0.1725901426E-03
-0.5444734354E-03  0.6386902900E-04
 0.5258347648E-03 -0.6992825479E-05
-0.4649582000E-03  0.1870453529E-03
-0.4414793427E-03  0.1656677956E-03
-0.3297669545E-03  0.2239971124E-04
 0.3100669553E-03  0.7134797870E-05
-0.3347676220E-04  0.3746126084E-04
-0.2111724054E-04  0.1796368656E-04
-0.2393301692E-04  0.6434668510E-05
 0.3667799900E-04  0.5357040527E-05
-0.1740699030E-04  0.1476450586E-04
-0.1327016501E-04  0.1097669528E-04
-0.7823122618E-05  0.5324572500E-05
 0.1136675945E-04 -0.1933577480E-06
 0.1752853834E-04 -0.1084207451E-04
 0.3357680099E-04  0.2112687631E-04
-0.1797957766E-04  0.9755735802E-05
-0.1393406896E-04  0.8480505790E-05
-0.1301042183E-04  0.9543460860E-05
 0.1487399428E-04 -0.5740619925E-05
-0.1213347532E-04  0.9522743744E-05
-0.9634158064E-05  0.8183214520E-05
-0.8287608022E-05  0.9419815322E-05
 0.9546189424E-05 -0.6493674150E-05
-0.1051026369E-04  0.9746334576E-05
-0.8084918316E-05  0.9710955088E-05
-0.9404914572E-05  0.9328868848E-05
 0.1017619931E-04 -0.7724626707E-05
 0.8996182106E-05 -0.7392510699E-05
 0.1169920924E-04 -0.6855974933E-05
 0.1157926897E-04 -0.5899259372E-05
-0.1032667668E-04  0.9752081880E-05
-0.8633038771E-05  0.8778423936E-05
-0.7168737090E-05  0.7493449605E-05
-0.5620509456E-05  0.8694884448E-05
 0.6428116079E-05 -0.6425263223E-05
-0.6442520029E-05  0.7403661990E-05
-0.5562918989E-05  0.6285207111E-05
-0.4014332510E-05  0.7461185641E-05
 0.4584137872E-05 -0.5547942680E-05
-0.3975383312E-05  0.8774542152E-05
-0.3194679045E-05  0.8163020449E-05
-0.3213603845E-05  0.8545213320E-05
 0.3436779925E-05 -0.7617139697E-05
 0.3543482497E-05 -0.6695102873E-05
 0.4433108637E-05 -0.7060302086E-05
 0.5260981424E-05 -0.5807325404E-05
-0.4697448928E-05  0.8118798276E-05
-0.9299441030E-05  0.8727183899E-05
-0.7028078232E-05  0.8879038623E-05
-0.9726183540E-05  0.7998303876E-05
 0.1002123050E-04 -0.7581093362E-05
-0.5344099226E-05  0.8820709994E-05
-0.4031945931E-05  0.8567391518E-05
-0.5668253236E-05  0.8275432226E-05
 0.5741286021E-05 -0.8030588826E-05
-0.1060600146E-04  0.7435698317E-05
-0.7910696623E-05  0.7749484499E-05
-0.1131520267E-04  0.6452892765E-05
 0.1142841334E-04 -0.6304357264E-05
 0.8080934523E-05 -0.7548194499E-05
 0.1073300005E-04 -0.7092058353E-05
 0.7598139748E-05 -0.7974151832E-05
-0.7436703962E-05  0.8311003522E-05
 0.4155358219E-05 -0.8087575720E-05
 0.5544062608E-05 -0.8238032550E-05
 0.4476361210E-05 -0.7928010061E-05
-0.4171818360E-05  0.8991855703E-05
 0.7349702916E-05 -0.8198864228E-05
 0.9764174796E-05 -0.7871210609E-05
 0.7711864853E-05 -0.8019132389E-05
-0.7150899176E-05  0.9445088159E-05
 0.5529324196E-05 -0.7457081672E-05
 0.7072984637E-05 -0.7405995477E-05
 0.7617068572E-05 -0.6248229685E-05
-0.6768423859E-05  0.9264442083E-05
-0.6333382535E-05  0.9634427382E-05
-0.4973068014E-05  0.9231825306E-05
-0.5453546038E-05  0.9304125782E-05
 0.5874733924E-05 -0.8122689467E-05
 0.6046304825E-05 -0.4388134678E-05
 0.7550236298E-05 -0.4616430472E-05
 0.9524329187E-05 -0.3319035735E-05
-0.9080459281E-05  0.6400260731E-05
 0.7861482633E-05 -0.5258422033E-05
 0.1012021870E-04 -0.4991657650E-05
 0.1245053980E-04 -0.3077167745E-05
-0.1178658602E-04  0.8053241993E-05
 0.2534308271E-04 -0.1913169739E-04
 0.4375956008E-04  0.2920936763E-04
-0.2097155134E-04  0.2926512404E-04
-0.1668767737E-04  0.1851318653E-04
-0.9532697132E-05  0.6534709321E-05
 0.1549333792E-04  0.9522080532E-06
 0.1075193956E-04 -0.5465789368E-05
 0.1425311509E-04 -0.4567090176E-05
 0.1566629102E-04 -0.3235604706E-05
-0.1550925281E-04  0.9142416288E-05
 0.1539781978E-04 -0.5041953576E-05
 0.2107752571E-04 -0.3231678322E-05
 0.2014778368E-04 -0.3739671251E-05
-0.2126707848E-04  0.9833081238E-05
-0.2368593201E-04  0.3670780503E-04
-0.1685138251E-04  0.1877511639E-04
-0.1651481369E-04  0.6965779155E-05
 0.2603638663E-04  0.3171411874E-05
-0.1889742101E-04  0.3607966986E-04
-0.1600792830E-04  0.1864980188E-04
-0.1195240777E-04  0.6828938780E-05
 0.1969029820E-04  0.1900276594E-05
-0.3975763035E-03 -0.4270092399E-04
-0.2280607418E-03 -0.3110435558E-04
-0.4883818678E-03 -0.5363773123E-04
 0.3673293781E-03  0.9152651321E-04
-0.2803832948E-03 -0.4705858154E-04
-0.1674367709E-03 -0.3186680703E-04
-0.3686088421E-03 -0.5768331787E-04
 0.2657745576E-03  0.8148450329E-04
 0.2331191493E-03 -0.5576325836E-06
-0.2526515216E-03 -0.1355885533E-03
 0.2707367755E-03  0.7520677683E-05
-0.2607389338E-03 -0.2499067152E-04
-0.1889250580E-03 -0.3788500947E-04
-0.1159583208E-03 -0.2433411038E-04
-0.2631757729E-03 -0.4541694957E-04
 0.1820741903E-03  0.6207457096E-04
-0.1240091714E-03 -0.2556728393E-04
-0.7747221182E-04 -0.1512480158E-04
-0.1815968602E-03 -0.2834904966E-04
 0.1208129999E-03  0.4260302532E-04
 0.9881667462E-04  0.3306342067E-05
-0.1172749815E-03 -0.6123779788E-04
 0.1384168057E-03  0.1434923649E-04
-0.1286220054E-03 -0.2158199294E-04
 0.1516676451E-03  0.4959141878E-05
-0.1719457731E-03 -0.9222617041E-04
 0.1985590329E-03  0.1702837275E-04
-0.1871929688E-03 -0.2758930582E-04
-0.8031547455E-04 -0.1464873211E-04
-0.5065021197E-04 -0.7085769318E-05
-0.1229914206E-03 -0.1231379858E-04
 0.7892161957E-04  0.2670583375E-04
-0.5166318459E-04 -0.6348945311E-05
-0.3258247078E-04 -0.1014254780E-05
-0.8242847012E-04  0.4652244346E-06
 0.5121290932E-04  0.1498128816E-04
 0.4506428547E-04 -0.2026255799E-05
-0.6062654188E-04 -0.2909813761E-04
 0.6159010898E-04  0.1208532852E-05
-0.5680927029E-04 -0.7040940755E-05
-0.3297451772E-04 -0.5608835067E-06
-0.2062397272E-04  0.3184448875E-05
-0.5485167231E-04  0.9744741740E-05
 0.3312820304E-04  0.6781440960E-05
-0.2080099655E-04  0.3195945775E-05
-0.1280987736E-04  0.5782970002E-05
-0.3613279956E-04  0.1592836839E-04
 0.2129930744E-04  0.1310317379E-05
 0.2323103558E-04 -0.3457673912E-05
-0.3779526351E-04 -0.1752239446E-04
 0.2535176651E-04 -0.7363685383E-05
-0.2408544993E-04  0.1406842528E-05
 0.3189027856E-04 -0.3178072129E-05
-0.4688853445E-04 -0.2188728686E-04
 0.3992864693E-04 -0.3893442614E-05
-0.3714764813E-04 -0.2020072997E-05
 0.6571620657E-04  0.2526512679E-06
-0.8237079781E-04 -0.4124514617E-04
 0.9333158884E-04  0.7763252951E-05
-0.8608229222E-04 -0.1380655810E-04
 0.1412113028E-04 -0.5644026245E-05
 0.2082624340E-04 -0.3576846209E-05
 0.1457503180E-04 -0.6078886733E-05
-0.1410240080E-04  0.6759701546E-05
 0.2297901813E-04 -0.2763176992E-05
 0.3273510012E-04  0.3109058182E-06
 0.2377231920E-04 -0.3359812221E-05
-0.2283031342E-04  0.4464072720E-05
 0.1372999386E-04 -0.6389204890E-05
 0.1797606610E-04 -0.5251899010E-05
 0.1315318039E-04 -0.6959723930E-05
-0.1269590827E-04  0.7538582067E-05
-0.1751922367E-04  0.5864385389E-05
-0.1326997501E-04  0.6767493577E-05
-0.1831277569E-04  0.4539564922E-05
 0.1874743036E-04 -0.4247541019E-05
 0.3669591043E-04  0.2055976164E-05
 0.5097044703E-04  0.6426846676E-05
 0.3814813333E-04  0.1350368106E-05
-0.3641752307E-04  0.4867379345E-06
 0.5781678466E-04  0.9352462223E-05
 0.7884925828E-04  0.1533848789E-04
 0.6048635086E-04  0.8633953819E-05
-0.5738200041E-04 -0.5580029833E-05
 0.3731222787E-04  0.9609548287E-06
 0.4774078013E-04  0.4287426640E-05
 0.3690986741E-04  0.8446844196E-07
-0.3507452837E-04  0.1526406225E-05
-0.4571051619E-04 -0.2405398223E-05
-0.3549207183E-04  0.3524175766E-06
-0.4617268624E-04 -0.4449330754E-05
 0.4816765131E-04  0.5699756453E-05
 0.1287275530E-04 -0.7255095242E-05
 0.1694798162E-04 -0.6254772468E-05
 0.1336603287E-04 -0.7078557381E-05
-0.1236333976E-04  0.8991953925E-05
 0.2210136501E-04 -0.4860661507E-05
 0.2870314625E-04 -0.2939028085E-05
 0.2286729468E-04 -0.4756237344E-05
-0.2113841891E-04  0.7326032983E-05
 0.1501341513E-04 -0.6391117445E-05
 0.1960847742E-04 -0.5184653686E-05
 0.1827047569E-04 -0.4649665899E-05
-0.1642408401E-04  0.9578918959E-05
-0.1768618704E-04  0.8942777285E-05
-0.1356886712E-04  0.9394929779E-05
-0.1621429100E-04  0.8314909002E-05
 0.1756678856E-04 -0.6155824880E-05
-0.2699594114E-04  0.4787281479E-05
-0.2080532947E-04  0.6351849565E-05
-0.2739048509E-04  0.3617438549E-05
 0.2877099646E-04 -0.2394680691E-05
-0.1600825441E-04  0.7515964284E-05
-0.1218953293E-04  0.8267947609E-05
-0.1647288377E-04  0.6590935916E-05
 0.1717321330E-04 -0.5863568771E-05
-0.2850873184E-04  0.2735459865E-05
-0.2188635152E-04  0.4455343363E-05
-0.2925328519E-04  0.1058318315E-05
 0.3025681303E-04 -0.4358759983E-06
 0.2285715937E-04 -0.3731643236E-05
 0.2954693560E-04 -0.1643175127E-05
 0.2229774485E-04 -0.4441569423E-05
-0.2131301826E-04  0.5424535238E-05
 0.9006697779E-04  0.1962126793E-04
 0.1209669898E-03  0.2725842328E-04
 0.9507282827E-04  0.1909676120E-04
-0.8954679019E-04 -0.1403618535E-04
 0.1380537608E-03  0.3254360994E-04
 0.1822249709E-03  0.4089448897E-04
 0.1473070755E-03  0.3256694699E-04
-0.1378294979E-03 -0.2441282212E-04
 0.9573232110E-04  0.1910685458E-04
 0.1209784609E-03  0.2589278523E-04
 0.9704538536E-04  0.1796936160E-04
-0.9089077275E-04 -0.1378401733E-04
-0.1138302346E-03 -0.2058806985E-04
-0.8969042004E-04 -0.1519563941E-04
-0.1116414849E-03 -0.2320727381E-04
 0.1186408832E-03  0.2739180383E-04
 0.2054133632E-03  0.4546371056E-04
 0.2650984079E-03  0.5132779023E-04
 0.2217858442E-03  0.4627698688E-04
-0.2067114699E-03 -0.3388720158E-04
 0.2908315312E-03  0.5082403827E-04
 0.3636834665E-03  0.4697624776E-04
 0.3178429714E-03  0.5135789092E-04
-0.2964677524E-03 -0.3449381198E-04
 0.2296814512E-03  0.4842864119E-04
 0.2803528096E-03  0.5333145808E-04
 0.2395494099E-03  0.4788572252E-04
-0.2213961966E-03 -0.3780969865E-04
-0.2611616145E-03 -0.4129302132E-04
-0.2122288786E-03 -0.3864886595E-04
-0.2483194396E-03 -0.4473174981E-04
 0.2672244539E-03  0.5438626838E-04
 0.9870478783E-04  0.1689428855E-04
 0.1255868570E-03  0.2379657152E-04
 0.1021031526E-03  0.1628948920E-04
-0.9394758334E-04 -0.9932001371E-05
 0.1592089446E-03  0.3163877380E-04
 0.2006421518E-03  0.3966388058E-04
 0.1665601813E-03  0.3078988334E-04
-0.1520252756E-03 -0.2170854799E-04
 0.1088732048E-03  0.1646072016E-04
 0.1390958577E-03  0.2322783879E-04
 0.1216604109E-03  0.1820125367E-04
-0.1095395052E-03 -0.4732659912E-05
-0.1263236300E-03 -0.1246852079E-04
-0.9890125397E-04 -0.7672416154E-05
-0.1194740637E-03 -0.1560395887E-04
 0.1303414047E-03  0.2303888209E-04
-0.1845434320E-03 -0.3078896714E-04
-0.1466781677E-03 -0.2443242863E-04
-0.1787912751E-03 -0.3273637018E-04
 0.1932504594E-03  0.4085110447E-04
-0.1162869085E-03 -0.1789794890E-04
-0.9169776945E-04 -0.1218857170E-04
-0.1143812904E-03 -0.1979186225E-04
 0.1227189945E-03  0.2496217332E-04
-0.1753859542E-03 -0.3282408100E-04
-0.1398242167E-03 -0.2697896785E-04
-0.1694542998E-03 -0.3550506719E-04
 0.1815014467E-03  0.4229700033E-04
 0.1504612407E-03  0.3339454611E-04
 0.1877371748E-03  0.4122577244E-04
 0.1545847686E-03  0.3255089485E-04
-0.1435803678E-03 -0.2587314573E-04
 0.2286421733E-04 -0.4086369368E-05
 0.3234892706E-04 -0.6455128614E-06
 0.2667731129E-04 -0.4116414793E-05
-0.3012120843E-04  0.1047409499E-04
 0.3484431310E-04 -0.2190287948E-05
 0.5104979821E-04  0.4107247525E-05
 0.3585586074E-04 -0.3888033242E-05
-0.4397864674E-04  0.1108344193E-04
-0.5088188750E-04  0.3934649770E-04
-0.2831104963E-04  0.1667533439E-04
-0.3580949097E-04  0.4849862368E-05
 0.5488858863E-04  0.1005446262E-04
 0.5367369989E-04  0.1245515311E-05
 0.7581544781E-04  0.8296448095E-05
 0.4948940871E-04 -0.2840178071E-05
-0.6668565587E-04  0.1230521421E-04
 0.8715798989E-04  0.8649582648E-05
 0.1149299260E-03  0.1560767983E-04
 0.9028762788E-04  0.4637284729E-05
-0.1021406144E-03  0.8244199700E-05
-0.1262938431E-03  0.5167559544E-04
-0.6343282323E-04  0.2472429705E-04
-0.8242354107E-04 -0.5828666449E-06
 0.1228645877E-03  0.2428068047E-04
-0.8329377894E-04  0.4359370622E-04
-0.4019669666E-04  0.1582091028E-04
-0.5548929276E-04  0.1506351026E-05
 0.8733932388E-04  0.1927312498E-04
-0.1028889587E-03  0.1477513718E-05
-0.7905797687E-04  0.9241186144E-06
-0.8596409621E-04 -0.1832820981E-05
 0.9560253971E-04  0.1256702293E-04
-0.6651898811E-04  0.6434133470E-05
-0.5036381357E-04  0.4393936507E-05
-0.5401696217E-04  0.3551176204E-05
 0.6018859494E-04  0.4225846394E-05
-0.7779785742E-04 -0.3075019131E-05
-0.6101238766E-04  0.1243037495E-06
-0.7376232819E-04 -0.5330429267E-05
 0.7993673983E-04  0.1054754158E-04
 0.6680730042E-04  0.6207477724E-05
 0.8527943785E-04  0.1122404618E-04
 0.7492645756E-04  0.8130993753E-05
-0.6800950321E-04  0.2217112025E-05
-0.4307904377E-04  0.7866785595E-05
-0.3236344572E-04  0.6871997414E-05
-0.3390477734E-04  0.6793336297E-05
 0.3851160282E-04 -0.5230871570E-06
-0.2753452535E-04  0.9327455728E-05
-0.2098720832E-04  0.8145313957E-05
-0.2096371305E-04  0.8827484439E-05
 0.2383787267E-04 -0.3948415679E-05
-0.2943958005E-04  0.6764511595E-05
-0.2275862333E-04  0.7961529334E-05
-0.2741096256E-04  0.5849901417E-05
 0.2969106622E-04 -0.2930266173E-05
 0.2508299356E-04 -0.4079023287E-05
 0.3255628283E-04 -0.1848800521E-05
 0.2930980595E-04 -0.2114778033E-05
-0.2648164241E-04  0.8416346771E-05
-0.7227085196E-04 -0.7258505282E-05
-0.5665943786E-04 -0.3256523029E-05
-0.7184891675E-04 -0.9027181641E-05
 0.7644049233E-04  0.1225371849E-04
-0.4445286535E-04  0.6806411113E-07
-0.3466065260E-04  0.2683227783E-05
-0.4464808051E-04 -0.1388273468E-05
 0.4714123163E-04  0.3380780997E-05
-0.7250058202E-04 -0.1007901380E-04
-0.5671635902E-04 -0.6028943433E-05
-0.7216441874E-04 -0.1247283282E-04
 0.7597439183E-04  0.1483279386E-04
 0.6003081318E-04  0.8320408863E-05
 0.7637561579E-04  0.1327689333E-04
 0.6009631067E-04  0.7275395096E-05
-0.5675373786E-04 -0.4669560683E-05
 0.3690089048E-04 -0.5003015537E-06
 0.4735349349E-04  0.2631779876E-05
 0.3805523635E-04 -0.5063748722E-06
-0.3525074320E-04  0.3968214655E-05
 0.6056452530E-04  0.6459498322E-05
 0.7745743166E-04  0.1120024299E-04
 0.6247442794E-04  0.6151270812E-05
-0.5779313361E-04 -0.1497570905E-05
 0.4103186536E-04  0.8222625504E-07
 0.5256818746E-04  0.3458148642E-05
 0.4660172998E-04  0.2264237885E-05
-0.4240751900E-04  0.5862759075E-05
-0.4797876175E-04  0.2926135989E-05
-0.3744504523E-04  0.4917789702E-05
-0.4519282616E-04  0.1486946054E-05
 0.4880423466E-04  0.2448647891E-05
 0.3502264502E-03 -0.2568281382E-04
-0.3606783015E-03 -0.1860733815E-03
 0.3401774387E-03 -0.2843998780E-04
-0.3368739594E-03 -0.1243158048E-05
-0.5471374161E-03  0.1207432947E-03
 0.3096922773E-03 -0.2821918934E-04
 0.3570314806E-03 -0.2032561297E-03
-0.3309676245E-03  0.7720725280E-04
 0.3784856063E-03  0.3265333795E-04
 0.4525280373E-03  0.4516174807E-05
 0.4213140791E-03  0.2661693215E-04
-0.3974837119E-03 -0.7694246947E-05
 0.4187178476E-03 -0.3758054430E-04
 0.4575540082E-03 -0.1093054936E-03
 0.4775175160E-03 -0.6581704184E-04
-0.4707654890E-03  0.7796503863E-04
 0.4483793222E-03  0.2120343501E-04
 0.4959591687E-03 -0.2334199849E-04
 0.4822228081E-03  0.5262235869E-05
-0.4582286859E-03  0.6055227780E-05
-0.4794973303E-03  0.3230690015E-04
-0.4201951454E-03 -0.9363062350E-05
-0.4340938435E-03  0.4913715928E-05
 0.4589340819E-03 -0.1177154603E-05
 0.2838208540E-03 -0.1824208814E-03
 0.1967789265E-03 -0.2795228701E-03
 0.3061834697E-03 -0.2433225259E-03
-0.3669784076E-03  0.2272645484E-03
-0.4155913026E-03 -0.3227288134E-03
-0.5613509040E-03 -0.3188158841E-03
-0.5110777270E-03 -0.3736214082E-03
 0.3368870562E-03  0.3110889804E-03
 0.2324925232E-03 -0.2917480279E-03
-0.1164140181E-03 -0.3763387999E-03
 0.1227308769E-03 -0.3554910327E-03
-0.2512350885E-03  0.2877182296E-03
-0.4148121753E-04  0.3037035843E-03
-0.3165839144E-03  0.2428993737E-03
-0.1474302949E-03  0.2426364357E-03
 0.2866865518E-04 -0.3144210550E-03
 0.5136745797E-03 -0.1768949544E-04
 0.5516078497E-03 -0.8651340856E-04
 0.5415642092E-03 -0.4944090170E-04
-0.5250912526E-03  0.5340570361E-04
 0.5083157558E-03 -0.1853998941E-03
 0.3236105412E-03 -0.3068838133E-03
 0.4671542048E-03 -0.2454730386E-03
-0.5225420927E-03  0.2018004571E-03
 0.5649328969E-03 -0.8781630348E-04
 0.5534972621E-03 -0.1838029944E-03
 0.5905420278E-03 -0.1281224820E-03
-0.5821324543E-03  0.1303268358E-03
-0.5714403506E-03  0.1599046230E-03
-0.5538742780E-03  0.8887464894E-04
-0.5653631275E-03  0.1178439637E-03
 0.5614185719E-03 -0.1318907341E-03
-0.4175162716E-03  0.2484581511E-03
-0.5369973114E-03  0.1588921805E-03
-0.4561451885E-03  0.2041395276E-03
 0.3981433822E-03 -0.2422389061E-03
-0.5452333576E-03  0.8274479511E-04
-0.4923256301E-03  0.2577889981E-04
-0.5120563679E-03  0.5290805108E-04
 0.5266821439E-03 -0.4975301216E-04
-0.4723183173E-03  0.1692443864E-03
-0.4948699331E-03  0.8892979159E-04
-0.4452663465E-03  0.1153464888E-03
 0.4304133493E-03 -0.1368983190E-03
 0.4995944471E-03 -0.9274057384E-04
 0.4339083627E-03 -0.1885629477E-03
 0.5169797269E-03 -0.1349008518E-03
-0.5285225863E-03  0.1233600177E-03
-0.7558553252E-03 -0.2108981371E-03
-0.6509767972E-03 -0.1521719720E-03
-0.8112471175E-03 -0.2156510630E-03
 0.6288573541E-03  0.1591770896E-03
-0.4381906154E-03 -0.6327724495E-04
-0.1645006800E-03 -0.6544272369E-04
-0.3504671293E-03 -0.6551081633E-04
 0.2730867743E-03  0.4792834986E-04
-0.8710779656E-03 -0.1872590304E-03
-0.6083447698E-03 -0.9454091543E-04
-0.8928122562E-03 -0.1565344445E-03
 0.6978306115E-03  0.1156251856E-03
 0.4805186729E-03  0.7314553915E-04
 0.6680829370E-03  0.1355915448E-03
 0.4916162010E-03  0.8108673802E-04
-0.6527863426E-03 -0.1153939237E-03
 0.1251134933E-03 -0.7262572245E-04
 0.3271870448E-03 -0.1219739346E-03
 0.2648613296E-03 -0.1045928232E-03
-0.2445002035E-03  0.9637984070E-04
 0.4563496214E-03 -0.1659259591E-03
 0.5169106208E-03 -0.1954225303E-03
 0.5584671530E-03 -0.2170623382E-03
-0.4908553853E-03  0.1922427145E-03
 0.4136270517E-03 -0.1395045262E-03
 0.5911533309E-03 -0.2130459518E-03
 0.5739719106E-03 -0.1890973009E-03
-0.5202829429E-03  0.1810146575E-03
-0.5199554341E-03  0.1937747626E-03
-0.3776716160E-03  0.1348125827E-03
-0.4027940455E-03  0.1496397968E-03
 0.4598628228E-03 -0.1596238568E-03
-0.8711809257E-03 -0.1228897406E-03
-0.4214512657E-03 -0.5655881380E-04
-0.8070561540E-03 -0.9357962958E-04
 0.6480372009E-03  0.8786172754E-04
 0.5656868860E-04 -0.6809254932E-04
 0.4679484465E-03 -0.1438764968E-03
 0.2341420980E-03 -0.8962909876E-04
-0.2553584098E-03  0.1185686080E-03
-0.7150779292E-03 -0.7142155598E-04
-0.1420963211E-03 -0.5044043991E-04
-0.6143677285E-03 -0.4734236325E-04
 0.4161361568E-03  0.1148993279E-03
 0.4132482824E-04  0.9819333213E-04
 0.5563897891E-03  0.9375326919E-04
 0.2125804753E-03  0.7410511252E-04
-0.2902390571E-03 -0.5035954981E-04
-0.4388850851E-03  0.1524729167E-03
-0.7224523920E-04  0.8548845985E-04
-0.2655628289E-03  0.1101962569E-03
 0.2882549452E-03 -0.1046363838E-03
 0.3387873048E-03  0.6324884454E-04
 0.6937523749E-03  0.9673347402E-04
 0.4258291179E-03  0.6391974662E-04
-0.5307456953E-03 -0.7194329718E-04
-0.1149380586E-03  0.8031392258E-04
 0.1811622099E-03  0.5377157261E-04
 0.6032454124E-05  0.6299903390E-04
-0.2427882791E-04 -0.6262266660E-04
-0.2381736296E-03 -0.5679355221E-04
 0.1259645590E-03 -0.7919629460E-04
-0.1004278708E-03 -0.5769139832E-04
 0.7250042178E-04  0.6480472726E-04
 0.6309620452E-03 -0.1559960882E-03
 0.4822468343E-03 -0.2657922440E-03
 0.7285997819E-03 -0.1485052491E-03
-0.6835492888E-03  0.2034035754E-03
 0.5875894318E-04 -0.4133076181E-03
-0.6313272275E-03 -0.5213565075E-03
-0.1848948088E-03 -0.3869374483E-03
-0.1122871421E-03  0.3956702521E-03
 0.9274178822E-03 -0.1939289599E-03
 0.1620790383E-03 -0.2890684484E-03
-0.9843024609E-03  0.2762263177E-03
-0.5016495070E-03  0.3644866604E-03
-0.7921250400E-03  0.2132345665E-03
-0.5235483799E-03  0.2874653182E-03
 0.4004672601E-03 -0.3146737964E-03
-0.1403363528E-02 -0.4572866811E-03
-0.1593411011E-02 -0.2862251868E-03
-0.1595601518E-02 -0.2620319939E-03
 0.1088864746E-02  0.2690186718E-03
-0.1385518257E-02 -0.1644886103E-03
-0.1053662964E-02 -0.6623312536E-04
-0.1285635259E-02 -0.4225476375E-04
 0.1021899273E-02  0.2260682332E-03
-0.1637864764E-02  0.4771232068E-04
-0.1114515050E-02  0.1258494828E-03
-0.7511545004E-03 -0.2501520971E-03
 0.1532799344E-02  0.2355364377E-03
 0.1092169692E-02  0.2115941444E-03
 0.1211537620E-02  0.1344967512E-03
 0.1196186922E-02  0.2248520890E-03
-0.1456150140E-02 -0.1300403437E-03
 0.1645162627E-02  0.2222288569E-04
-0.3488514274E-03  0.1610071606E-03
 0.8361056526E-03  0.1883307461E-03
 0.1359790267E-03  0.2877742482E-03
 0.6601539016E-03  0.3583913970E-03
-0.1112790508E-02 -0.4233990936E-03
-0.4327818529E-03 -0.2973984149E-03
-0.1437701003E-02 -0.2282588129E-03
 0.5321957816E-03  0.1684870283E-03
 0.7787641303E-03  0.1716118693E-03
 0.1114936928E-02  0.2167705157E-03
 0.8868281038E-03  0.1508559745E-03
-0.1121263220E-02 -0.1257518360E-03
 0.1190317940E-02  0.2825183878E-03
 0.8950033021E-03  0.3633865259E-03
 0.1076493339E-02  0.3237442372E-03
-0.1525185995E-02 -0.4281473481E-03
 0.9405240520E-03  0.1466547634E-03
 0.1080910947E-02  0.2441748931E-03
 0.9342873676E-03  0.1590031832E-03
-0.1201717930E-02 -0.2165788668E-03
-0.1443173778E-02 -0.3348849398E-03
-0.1186696441E-02 -0.1709458603E-03
-0.1468470523E-02 -0.2549368870E-03
 0.1139996882E-02  0.2260434081E-03
 0.2760460190E-03  0.4248528011E-03
-0.2698986985E-03  0.3505771742E-03
 0.4041202828E-05  0.3912502806E-03
-0.2792505168E-03 -0.5125426383E-03
-0.5430336820E-03  0.2524566948E-03
-0.6220132941E-03  0.1765657275E-03
-0.5633769272E-03  0.2078283168E-03
 0.5266119051E-03 -0.2334707454E-03
-0.2004413681E-03  0.3466843419E-03
-0.4762568277E-03  0.2507443855E-03
-0.3359001842E-03  0.2960989027E-03
 0.1934146336E-03 -0.3788673555E-03
 0.3834358672E-03 -0.3099032149E-03
-0.3321035147E-05 -0.4517323890E-03
 0.2494255859E-03 -0.3667591865E-03
-0.3919819343E-03  0.3023629009E-03
 0.8740510337E-03  0.1821469535E-03
 0.7889234531E-03  0.2868802649E-03
 0.7777702006E-03  0.2066526704E-03
-0.1047482705E-02 -0.2884309724E-03
 0.3662637460E-03  0.3563611531E-03
-0.1307348604E-03  0.3290519914E-03
 0.1255430234E-03  0.3336459874E-03
-0.3425026968E-03 -0.4325160455E-03
 0.6581665019E-03  0.2274584236E-03
 0.4580777693E-03  0.3019151134E-03
 0.5204822410E-03  0.2202805378E-03
-0.7597372196E-03 -0.3092994496E-03
-0.7016480338E-03 -0.3931331939E-03
-0.9095662851E-03 -0.3090519427E-03
-0.9120784036E-03 -0.4077486180E-03
 0.6133588218E-03  0.3014033456E-03
-0.5356396401E-04 -0.4242502658E-03
-0.6611455061E-03 -0.4857837628E-03
-0.3069146246E-03 -0.4961015383E-03
 0.5224317672E-04  0.3714910508E-03
-0.1126515394E-02 -0.4039719747E-03
-0.1151939233E-02 -0.2574282834E-03
-0.1315861578E-02 -0.3847721250E-03
 0.9514676807E-03  0.2669152348E-03
-0.6716805481E-03 -0.5539025772E-03
-0.1319815996E-02 -0.4992872766E-03
-0.1143519708E-02 -0.5722624951E-03
 0.7029775113E-03  0.4089585867E-03
 0.8800211475E-03  0.3477510750E-03
 0.3350756851E-03  0.3978063327E-03
 0.6613369034E-03  0.3568394397E-03
-0.1042822211E-02 -0.5095383688E-03
-0.3032692411E-03  0.1074655011E-03
-0.5662746201E-03  0.1442989487E-03
-0.5169626409E-03  0.1476285493E-03
 0.4985181972E-03 -0.1413770871E-03
-0.7509024153E-04  0.6367765491E-04
-0.3611069554E-03  0.4850300570E-04
-0.2211949032E-03  0.9347601430E-04
 0.2441633351E-03 -0.8297874108E-04
-0.7874768796E-03  0.1519076215E-03
 0.5494309798E-03  0.2612465542E-05
 0.2783831616E-03 -0.1563819190E-03
-0.2720302817E-03  0.1418548477E-04
 0.3666684685E-03  0.2370554559E-04
 0.9996844121E-04  0.5302855164E-05
 0.3380509655E-03  0.3210860205E-04
-0.3011475432E-03 -0.2542465109E-04
 0.6607974904E-03  0.1014303495E-03
 0.4818059821E-03  0.1043374158E-03
 0.7899884172E-03  0.6974239984E-04
-0.7732692760E-03 -0.6880263765E-04
-0.4883846569E-03 -0.1998353295E-03
 0.6017276127E-03  0.2768261404E-03
-0.3590026896E-03 -0.1450086724E-03
 0.3497621696E-03  0.4821404310E-04
-0.8519183314E-03  0.6222218598E-04
 0.7269738138E-03  0.1423053659E-03
-0.2510036795E-05 -0.9095605062E-04
-0.1074663006E-05 -0.3320012964E-04
 0.3553993316E-03  0.2614014460E-03
 0.3848143583E-03  0.2236723849E-03
 0.5851736161E-03  0.2005646607E-03
-0.6300013868E-03 -0.1695403089E-03
-0.4397613457E-03  0.2523132080E-03
-0.1634981270E-03  0.1535761809E-03
-0.2822740693E-03  0.1915166285E-03
 0.1963234261E-03 -0.1187810822E-03
 0.5916937548E-03 -0.3900272666E-03
-0.3693649436E-03 -0.1459227720E-04
 0.4005879667E-04 -0.4065743486E-03
-0.7103158767E-04  0.3221927931E-03
-0.6053706315E-03  0.1017268718E-03
-0.2835903226E-03  0.4849535897E-04
-0.5537922983E-03  0.6841029728E-04
 0.4563015758E-03  0.7319576116E-05
-0.5250500732E-03 -0.3369763875E-05
-0.2804236756E-03 -0.1037116563E-04
-0.5809246306E-03 -0.1696506152E-04
 0.4580032187E-03  0.7514155574E-04
 0.5023418485E-03 -0.9302388722E-04
-0.4804118245E-03 -0.2216169960E-03
 0.3719218759E-03 -0.1124308604E-03
-0.3836524281E-03  0.6490210818E-04
 0.6431554721E-03 -0.2252057238E-03
-0.5402152126E-03 -0.1884537016E-03
 0.3046163063E-03 -0.2583303965E-03
-0.3398225489E-03  0.1933481483E-03
 0.1546308863E-03 -0.4265890232E-03
 0.1242625915E-03  0.2279952955E-03
-0.4266387643E-03 -0.3336880693E-03
 0.4174418142E-03  0.2407168176E-03
 0.4131234767E-17 -0.4377147142E-23
 0.4131234767E-17 -0.3304986938E-16
-0.3501717714E-22 -0.4377147142E-23
-0.4131234767E-17  0.6609976502E-16
 0.1392504204E-16 -0.2775044089E-16
-0.2785008408E-16  0.2905747050E-16
-0.2302723637E-16  0.5296936383E-16
 0.0000000000E+00 -0.2722183156E-17
-0.7245851983E-17  0.2727615053E-16
-0.1394753367E-16  0.1318800924E-17
 0.1396588432E-16 -0.2968149856E-16
 0.2390579654E-16 -0.2810288690E-16
 0.0000000000E+00  0.5443744579E-16
 0.1712573570E-16 -0.5283276923E-16
-0.1699672242E-16 -0.2487265995E-16
 0.9574095896E-17 -0.2428855131E-16
-0.6646954794E-17 -0.1225824919E-17
 0.1281595444E-16  0.0000000000E+00
-0.1879903125E-16  0.2341578111E-16
-0.1265725122E-16 -0.2542826491E-16
-0.2953778326E-17  0.4726045322E-16
 0.3199371364E-17 -0.1132042389E-17
 0.2635715835E-16  0.2175531040E-16
-0.5576863992E-17  0.2135437761E-17
-0.8488670023E-17  0.2298354189E-16
-0.8273846134E-17  0.0000000000E+00
 0.0000000000E+00 -0.9989050603E-18
-0.2668577229E-17  0.0000000000E+00
 0.7438709221E-17 -0.9298386526E-18
 0.1433889392E-16  0.1675613625E-16
-0.1811045488E-16  0.8540344397E-18
 0.1500504037E-16 -0.3485741688E-16
-0.1000609276E-16  0.7521358466E-18
-0.9204068210E-17  0.6952110667E-18
 0.0000000000E+00  0.9613185426E-18
 0.0000000000E+00  0.0000000000E+00
 0.7572265037E-17 -0.2593178845E-18
-0.8278361148E-17  0.2019787368E-16
-0.5373219845E-18 -0.1728082200E-16
 0.3897444884E-17 -0.1331083693E-16
 0.3315366370E-19  0.0000000000E+00
 0.0000000000E+00  0.6780469068E-17
 0.0000000000E+00 -0.1991923439E-18
-0.2956654072E-18 -0.9405609632E-17
 0.6912700884E-18  0.2212064283E-16
 0.1209665207E-16  0.8083964493E-16
-0.3108265231E-17 -0.8145325412E-18
 0.4935630957E-17 -0.2522012659E-17
-0.6599747273E-17  0.0000000000E+00
 0.0000000000E+00  0.0000000000E+00
 0.1781852113E-16  0.5757788334E-17
 0.5174580890E-16 -0.1251446036E-16
 0.2720235802E-16 -0.1234349848E-15
 0.1421443657E-15 -0.4510677803E-16
 0.7892456972E-16 -0.6598081012E-16
-0.4210712126E-16  0.0000000000E+00
-0.7776361186E-16  0.2937429405E-16
 0.7606009506E-17 -0.3698030355E-16
-0.8318927566E-16 -0.1777319754E-16
-0.1883350039E-15  0.4060953165E-16
 0.4331406821E-16 -0.7073624470E-16
-0.1732562728E-15 -0.1025200281E-15
-0.1203972667E-15 -0.6019863335E-16
 0.1203972667E-15  0.1203972667E-15
-0.1000882372E-15 -0.3528880722E-20
-0.2001764744E-15  0.7057761444E-20
-0.1000882372E-15 -0.3528880722E-20
 0.8397666385E-16 -0.3137702897E-15
 0.3645424050E-16  0.6021545217E-16
-0.8660950443E-16  0.0000000000E+00
 0.8660950443E-16  0.0000000000E+00
-0.2401153569E-15 -0.1035342210E-15
 0.0000000000E+00  0.3683822652E-16
 0.3828368388E-17  0.3698906852E-16
-0.7589232124E-16 -0.6314033956E-16
-0.1171560709E-15  0.4395622753E-16
-0.7895139174E-16 -0.6603470163E-16
 0.8202225667E-16 -0.5740577625E-16
 0.0000000000E+00 -0.1161536992E-15
-0.1555898797E-16  0.1251527847E-16
-0.4606657685E-16 -0.1368206233E-15
 0.0000000000E+00  0.1159007879E-15
 0.1320618795E-16  0.7481779775E-17
 0.0000000000E+00 -0.7901671419E-16
 0.9924362550E-17  0.1629319837E-17
-0.1248005502E-17 -0.1017269957E-17
 0.7493909070E-17 -0.4427333618E-16
-0.3564058540E-17  0.1113768294E-18
-0.2420127822E-20  0.4165359065E-18
-0.2648738877E-19 -0.6780771525E-17
-0.2044944070E-17 -0.3994031387E-19
 0.4105330882E-17  0.6089686125E-19
-0.5372483802E-18  0.8651791246E-19
-0.8278208931E-17 -0.2041492683E-16
-0.1451728847E-17  0.0000000000E+00
 0.0000000000E+00  0.2697085575E-16
 0.1025410227E-16 -0.6408813917E-18
-0.9204123461E-17 -0.6176444481E-16
 0.2028059334E-17  0.0000000000E+00
 0.2128277843E-17  0.3405244548E-16
 0.0000000000E+00 -0.3556720809E-16
 0.4850854312E-17 -0.1944473217E-16
 0.0000000000E+00  0.3904949632E-16
-0.5181551288E-17 -0.1914263499E-16
 0.1598240598E-16  0.2167073496E-16
-0.1388968366E-16 -0.1919484989E-16
-0.2820621877E-16 -0.2122154982E-17
-0.1690717569E-16  0.1910478569E-16
 0.8785659381E-17  0.2285407268E-16
 0.1811252853E-16  0.2264066066E-17
 0.0000000000E+00 -0.2477618976E-16
-0.1239316773E-16  0.7394675585E-16
-0.3251547040E-17 -0.2224165577E-16
 0.3135378080E-17 -0.2750316915E-16
-0.9806485860E-17  0.2650384833E-16
 0.1276591070E-16 -0.2801653390E-16
-0.2712829942E-16 -0.1266492186E-17
 0.3302168930E-17  0.2897079354E-16
 0.1368438920E-16 -0.2657200716E-16
 0.3441734106E-16  0.7905589601E-16
 0.2455232800E-16  0.5671822576E-16
-0.6794490085E-17  0.2585916811E-16
-0.1065525391E-16 -0.8316298979E-16
-0.1088861486E-16  0.2722153714E-17
-0.9896976114E-17  0.0000000000E+00
-0.1392506922E-16 -0.5811581428E-16
 0.1739392934E-16  0.5680878814E-16
-0.4131234767E-17 -0.6609974752E-16
 0.3501717714E-22 -0.4377147142E-23
 0.4131234767E-17  0.3304988689E-16
 0.4131234767E-17 -0.4377147142E-23
-0.4564243994E-03  0.8264812356E-02
-0.2714405403E-03 -0.1286025569E-01
-0.7845438606E-03  0.1061806111E-01
-0.2177834436E-03 -0.1684584954E-01
-0.1003352335E-03 -0.1291835044E-01
-0.1276536223E-03  0.9136199493E-02
-0.1651050446E-03 -0.5739678026E-02
-0.5757579681E-03 -0.5194099867E-02
-0.7065996157E-03 -0.3371918159E-02
-0.2006607365E-03 -0.4488344061E-02
-0.1017272140E-02  0.1339798458E-01
 0.1122165073E-03 -0.1585489596E-01
-0.5993586855E-04  0.1194183041E-01
-0.2173764604E-03 -0.4315024654E-02
-0.7928342416E-03 -0.2374698471E-02
 0.6452822988E-03 -0.2225319986E-01
 0.1454306260E-02 -0.2727894014E-01
 0.4626223522E-02 -0.8387277340E-02
 0.8096800564E-02 -0.9235369341E-01
 0.1071038602E-01 -0.8987511296E-01
 0.7957591934E-02 -0.8732932575E-01
 0.2967555003E-02 -0.4003869159E-02
 0.3152880849E-02 -0.7345716528E-01
 0.7566062014E-03  0.5195826329E-02
 0.7530143665E-02 -0.8233113362E-01
 0.2391652238E-02 -0.3942159801E-01
 0.1846002082E-02 -0.3409488579E-01
 0.4553060670E-02 -0.5344400244E-01
 0.4115000696E-02 -0.5599001419E-01
 0.6764737094E-03 -0.1818713197E-01
 0.1524857807E-03 -0.1531617807E-01
-0.3526769209E-03 -0.7968157736E-02
-0.1012378559E-03 -0.7724202464E-02
-0.8954517272E-05 -0.1060996450E-01
 0.5972363689E-04 -0.1198522361E-01
-0.9326522911E-02  0.1104692435E+00
-0.6988468418E-02  0.3653088335E-01
-0.1624527901E-01  0.1457441569E+00
-0.1327794958E-01  0.1627228094E+00
-0.1604773627E-01  0.1342163675E+00
 0.1683897357E-01  0.2324765601E-01
 0.5623330451E-03  0.7274376489E-01
 0.1618651230E+00  0.1207728861E+01
-0.1929682058E+00  0.1198136359E+01
 0.3402069026E-01  0.4618382147E+00
 0.9985369734E-02  0.2546832382E+00
 0.3562789451E-01  0.2352548475E+00
 0.1063692081E-02  0.3881924090E-01
 0.2049522861E-01 -0.1086167213E+00
 0.9984648387E-02 -0.4214627594E-01
-0.6513275598E-02  0.1108667439E+00
 0.1617037925E-02  0.2533927681E-01
-0.6905479986E-03 -0.7700808128E-03
-0.2436782407E-03  0.7756268985E-02
-0.2427296333E-03 -0.1062306678E-01
-0.5263345222E-03 -0.2160321951E-02
-0.4795385221E-03 -0.1617305794E-02
-0.6229808245E-03 -0.1378618828E-02
-0.1183397075E-01 -0.2345176088E+00
-0.1183407527E-01  0.2345087977E+00
 0.3771637693E-02  0.2073564352E-01
-0.8205659657E-02 -0.5299512106E-01
 0.9667570758E-03  0.4514844783E-02
-0.1897488055E-02 -0.1904923228E-02
-0.1028647813E-02  0.1332370622E-03
-0.7329825329E-03  0.2740441777E-03
-0.8249531780E-03 -0.7013155323E-03
-0.9159048881E-03 -0.1000243671E-02
-0.3373977390E-03 -0.8070940659E-02
-0.4477365892E-03  0.7053984054E-02
-0.1085860129E-03  0.5771083225E-02
-0.5771478583E-03 -0.7244618302E-02
-0.3512059920E-03  0.6196292879E-02
-0.5741619924E-03 -0.5369052687E-03
-0.4892205196E-03 -0.3555439117E-03
-0.8165412539E-03  0.5249878405E-03
-0.5291206114E-03 -0.7048517527E-02
-0.5217736568E-03  0.6084814971E-02
-0.5356572894E-04  0.5247036856E-02
-0.1092586814E-03 -0.7225996509E-02
-0.4161560029E-03 -0.7886688285E-03
-0.2981996031E-03  0.5124039562E-02
-0.3060561486E-03 -0.1435761605E-02
-0.8910935171E-03 -0.5925686157E-02
-0.2488477523E-03  0.6341209617E-02
-0.1945606189E-03 -0.8254456901E-02
-0.1641226466E-03 -0.6616769786E-02
-0.4531722082E-03  0.5148149801E-02
-0.1738835884E-03  0.4786011020E-02
-0.6884790128E-03 -0.2379978607E-03
-0.9197529466E-03  0.3537868045E-03
-0.7457243610E-03 -0.9806116183E-03
-0.3786149295E-03 -0.1182253355E-02
-0.7724097002E-03  0.2559532520E-03
-0.2574093699E-03 -0.1304942438E-02
-0.8013343704E-03  0.1273294358E-03
-0.1018347540E-04 -0.7322221026E-02
-0.6467994323E-04  0.4771210177E-02
-0.3880057689E-03 -0.1618970735E-02
-0.4148785381E-03 -0.1559865081E-02
-0.7320786551E-03 -0.4844369346E-03
-0.7756549365E-03 -0.6213638586E-03
-0.6625395014E-03  0.6889852179E-02
-0.3707489057E-03 -0.9320006634E-02
 0.1067177843E-03 -0.9590246485E-02
-0.4781579843E-04  0.6117712132E-02
-0.8968871491E-03  0.8262376429E-02
-0.3678274244E-03 -0.2543437719E-02
-0.2871027418E-03 -0.1349490306E-02
-0.8255605885E-03 -0.1050926633E-03
-0.3406750708E-03 -0.1926735482E-02
 0.3462659029E-04  0.4530814668E-02
-0.6166887296E-03 -0.1047905496E-02
-0.8818538917E-03 -0.5813659949E-03
-0.4149468171E-03  0.1559035273E-02
-0.3880618303E-03  0.1618228070E-02
-0.7321536164E-03  0.4836496103E-03
-0.1022376768E-04  0.7321208492E-02
-0.6472114965E-04 -0.4770773346E-02
-0.8013889716E-03 -0.1277835517E-03
-0.2574729728E-03  0.1304497781E-02
-0.7724675094E-03 -0.2563891186E-03
-0.6625643328E-03 -0.6889316464E-02
-0.7757267121E-03  0.6205863481E-03
-0.3678775830E-03  0.2542733595E-02
-0.8969084078E-03 -0.8261801480E-02
 0.1066671687E-03  0.9588991917E-02
-0.4784585930E-04 -0.6117119635E-02
-0.3707683316E-03  0.9318710944E-02
-0.8911016420E-03  0.5924795573E-02
-0.2488618397E-03 -0.6340601406E-02
-0.3061233845E-03  0.1435605507E-02
-0.6885418310E-03  0.2378324079E-03
-0.1739176533E-03 -0.4785504972E-02
-0.1641565997E-03  0.6615993360E-02
-0.4531913896E-03 -0.5147654051E-02
-0.1945873071E-03  0.8253512545E-02
-0.5360596757E-04 -0.5246560589E-02
-0.5291382762E-03  0.7047753701E-02
-0.5217895688E-03 -0.6084312591E-02
-0.8165941834E-03 -0.5251529477E-03
-0.4892667476E-03  0.3554168260E-03
-0.4162202464E-03  0.7884966541E-03
-0.1092978423E-03  0.7225269561E-02
-0.2982241593E-03 -0.5123557619E-02
-0.7457880069E-03  0.9803274375E-03
-0.9198198002E-03 -0.3539804997E-03
-0.3786674140E-03  0.1182122226E-02
 0.3457402444E-04 -0.4530479227E-02
-0.3407072172E-03  0.1926314264E-02
-0.8256139468E-03  0.1045744289E-03
-0.2871467906E-03  0.1349063616E-02
-0.1086093725E-03 -0.5770578093E-02
-0.3374237273E-03  0.8070181722E-02
-0.4477398592E-03 -0.7053414980E-02
-0.3512110389E-03 -0.6195743609E-02
-0.5771571792E-03  0.7243896607E-02
-0.8249523212E-03  0.7008859341E-03
-0.7330574655E-03 -0.2738930387E-03
-0.1028502980E-02 -0.1340961227E-03
-0.9159150186E-03  0.9999210222E-03
-0.5741914063E-03  0.5366625017E-03
 0.9664418076E-03 -0.4513251915E-02
-0.1897263752E-02  0.1903869836E-02
 0.3771137190E-02 -0.2073286746E-01
-0.8204899712E-02  0.5298965398E-01
-0.8818933783E-03  0.5811150495E-03
-0.6167224157E-03  0.1047677527E-02
-0.4564757651E-03 -0.8264282812E-02
-0.2427639926E-03  0.1062127704E-01
-0.2437277317E-03 -0.7755747689E-02
-0.6906226138E-03  0.7692150895E-03
-0.4796139286E-03  0.1616322654E-02
-0.5264088689E-03  0.2159174069E-02
-0.6230566704E-03  0.1377588865E-02
-0.1928477036E+00 -0.1198382745E+01
 0.1618944877E+00 -0.1207903071E+01
-0.1603361413E-01 -0.1342472003E+00
 0.1682924809E-01 -0.2321438553E-01
-0.1328531805E-01 -0.1626308307E+00
-0.1625019824E-01 -0.1456126591E+00
-0.9320947863E-02 -0.1104231628E+00
-0.6995009165E-02 -0.3645454197E-01
 0.5449686581E-03 -0.7270748243E-01
 0.9986273481E-02 -0.2547503224E+00
 0.3405066976E-01 -0.4620046890E+00
 0.3561135672E-01 -0.2353542591E+00
 0.1070737135E-01  0.8987390848E-01
 0.4627918717E-02  0.8420615350E-02
 0.8097992990E-02  0.9237348010E-01
 0.2968677100E-02  0.4027347710E-02
 0.7957144192E-02  0.8733569285E-01
 0.1454736509E-02  0.2729168479E-01
 0.6454904293E-03  0.2226165093E-01
 0.1846627053E-02  0.3411022161E-01
 0.2392574724E-02  0.3944269557E-01
 0.7579607443E-03 -0.5171524172E-02
 0.7532093057E-02  0.8235806682E-01
 0.3153890170E-02  0.7347322858E-01
 0.4116928141E-02  0.5602559358E-01
 0.4554742917E-02  0.5347405129E-01
-0.5758453940E-03  0.5194809123E-02
-0.1651602364E-03  0.5739801081E-02
-0.7845946645E-03 -0.1061724193E-01
-0.2178015397E-03  0.1684319587E-01
-0.2714600507E-03  0.1285814045E-01
-0.1276927740E-03 -0.9135414163E-02
-0.1003920288E-03  0.1291621270E-01
-0.5996428184E-04 -0.1194052801E-01
-0.1017328128E-02 -0.1339684818E-01
 0.1121494167E-03  0.1585247182E-01
-0.2007191179E-03  0.4487738733E-02
-0.7067057393E-03  0.3371634935E-02
-0.7929480309E-03  0.2373755144E-02
-0.2174310911E-03  0.4313946361E-02
-0.1012791905E-03  0.7725412868E-02
-0.3527286419E-03  0.7970383509E-02
 0.1525317725E-03  0.1532091574E-01
 0.6766370396E-03  0.1819502269E-01
 0.5974613498E-04  0.1198985910E-01
-0.8967958515E-05  0.1061275124E-01
 0.2048603366E-01  0.1085832858E+00
 0.1060354476E-02 -0.3874438502E-01
-0.6524780932E-02 -0.1108229738E+00
 0.9966074400E-02  0.4206782550E-01
 0.1596190776E-02 -0.2539502801E-01
