-0.7652981541E-06  0.9855989661E-06
 0.1486323106E-06 -0.1384892401E-05
-0.0000000000E+00 -0.0000000000E+00
-0.8399433310E-06  0.2283272472E-05
 0.7600021794E-07 -0.7116549753E-06
-0.2199895481E-06 -0.1542326404E-06
-0.2612272499E-06 -0.8214060710E-06
 0.5331192938E-07  0.7777162201E-06
 0.4429742818E-18 -0.7361995105E-18
-0.3893936935E-06 -0.1339546408E-05
-0.1641964748E-17  0.1039527760E-17
-0.1528961212E-06  0.1877087052E-05
 0.7014406139E-08  0.8894177341E-06
-0.3948844274E-06  0.1411104808E-05
-0.1025143232E-06  0.6672662857E-06
 0.2123295648E-06 -0.1193596523E-05
 0.2437610046E-17 -0.1395702076E-17
-0.1769475491E-05 -0.1762247150E-05
-0.2598213159E-17 -0.2449361707E-17
 0.1210677695E-05  0.1861763880E-05
 0.3422780843E-06 -0.1517120615E-05
 0.3513532965E-06  0.6842369133E-06
 0.1051610014E-05  0.2617050635E-06
 0.1184163401E-05 -0.5128165098E-07
-0.1331961599E-16 -0.8795931184E-17
-0.2645207898E-05 -0.2844284229E-05
 0.7761236443E-06 -0.1898019547E-06
 0.4036661408E-05  0.2925659166E-05
 0.9377177318E-06  0.1166589644E-06
 0.2011049924E-05  0.8697019232E-06
 0.1006311753E-05  0.1205532972E-05
-0.1140438853E-05 -0.1181573689E-05
 0.1046653551E-05  0.2492710012E-05
 0.8613479040E-06  0.1769310571E-05
 0.4282935600E-06  0.2238452693E-05
 0.3642720416E-06  0.1439507623E-05
-0.1324727098E-05 -0.1732972600E-05
-0.3680829127E-06  0.3217650242E-06
-0.1153317415E-05 -0.1457434724E-05
-0.1566284485E-05 -0.2317530731E-05
-0.3449615003E-06  0.9237974490E-06
 0.9652277370E-06  0.2501996906E-05
-0.2779248194E-05  0.3168903219E-06
-0.0000000000E+00 -0.0000000000E+00
 0.2433529920E-05 -0.3443103915E-05
-0.1759047350E-06  0.2053591967E-06
 0.3069084822E-06 -0.1115533952E-06
-0.2382257252E-06  0.2275236534E-06
-0.4576341247E-06 -0.1341891827E-06
-0.0000000000E+00 -0.0000000000E+00
-0.3851205734E-05 -0.2122959226E-05
-0.0000000000E+00 -0.0000000000E+00
 0.3749885131E-05  0.3387912093E-05
 0.2680936587E-06 -0.6187861698E-06
 0.3234066038E-05  0.6702124260E-05
-0.1621809612E-06  0.4204987899E-07
-0.3290505011E-05  0.1590675251E-06
-0.0000000000E+00 -0.0000000000E+00
 0.1210502212E-05 -0.1965307489E-05
-0.0000000000E+00 -0.0000000000E+00
-0.6808651511E-06  0.2660537720E-05
 0.6273421308E-06  0.6424425836E-06
 0.1028447789E-05  0.1141558368E-05
 0.3278391012E-06  0.5884443539E-06
-0.6336819185E-06 -0.4759072725E-06
-0.0000000000E+00 -0.0000000000E+00
 0.1617765892E-05  0.1062680377E-05
-0.7825831176E-06  0.2141336808E-05
-0.1256328139E-05 -0.1419997556E-05
-0.3689963128E-06 -0.1039905403E-05
-0.1488795155E-05  0.2072003646E-05
-0.1029630416E-05 -0.1516586479E-05
 0.2050273249E-05  0.3285300608E-07
 0.3685699143E-06  0.7232610904E-07
-0.7114652709E-06 -0.1893034762E-05
 0.1810510834E-05  0.3213610945E-05
 0.1366469122E-06 -0.1450074893E-05
-0.1673289240E-05 -0.3389750714E-05
-0.3044359201E-06 -0.1847496458E-07
-0.4928832976E-06  0.9552515090E-07
-0.1278571024E-07  0.7126499210E-06
-0.1037679882E-05  0.4387074694E-07
 0.2108572459E-05  0.3141240543E-06
 0.4682489845E-06  0.7568134506E-06
-0.0000000000E+00 -0.0000000000E+00
-0.1895840311E-05  0.1901237258E-06
-0.4094076774E-06  0.8557626570E-07
-0.7663103336E-07  0.1480590482E-06
-0.3260960442E-06 -0.6469297518E-06
-0.2547365300E-06 -0.5188547855E-07
-0.9457904496E-18 -0.2972261934E-18
-0.1104561364E-05  0.1498142597E-05
 0.5960146503E-17  0.3796263803E-18
-0.6960012236E-06 -0.2272467649E-05
 0.1373363795E-05  0.8896554547E-06
-0.2568330475E-05 -0.1558757303E-05
 0.5226179701E-06 -0.2042799605E-06
-0.8496806277E-07  0.1374440275E-05
 0.3020782111E-17 -0.4934901297E-18
-0.5809690852E-06  0.6143431080E-06
-0.6191726973E-17  0.3864282906E-17
 0.5167612886E-06 -0.9927123045E-06
-0.1040309905E-06 -0.1730743848E-06
 0.6081493965E-07 -0.1380834167E-06
-0.3528678914E-06 -0.7390213837E-08
 0.1192325691E-06  0.2435942028E-06
-0.0000000000E+00 -0.0000000000E+00
-0.1367098228E-06  0.4804568406E-06
 0.1682476190E-05  0.2082930775E-05
 0.9238816297E-06  0.2951166527E-06
-0.5493360430E-06  0.1134601970E-06
 0.2518536410E-06 -0.7463700495E-06
 0.4149065904E-07  0.3310525619E-06
-0.2089277972E-06  0.5139258287E-06
 0.1855537593E-06  0.2134752563E-06
 0.3766922649E-06  0.6164387893E-06
 0.6287035144E-06 -0.1693984352E-05
 0.1033460596E-05  0.9609813257E-06
-0.1097425031E-05  0.1002940048E-05
 0.3259363092E-06  0.1440441744E-05
 0.1235470848E-06 -0.6521708561E-06
 0.1895114842E-06 -0.4072530673E-06
 0.3412339625E-06  0.6849366017E-06
 0.1670300641E-05 -0.2067855933E-05
-0.1296910974E-06 -0.4666905897E-06
-0.0000000000E+00 -0.0000000000E+00
 0.9187413938E-06 -0.3091309627E-06
-0.3435705689E-06  0.1225200782E-07
 0.6674571631E-07  0.1281867741E-06
-0.1052601689E-06  0.1722462687E-06
 0.1078041881E-06 -0.2493667760E-06
-0.1399966607E-18  0.5398009518E-18
-0.5743242903E-06 -0.6163349299E-06
 0.5385291699E-17 -0.7381809663E-17
 0.5086611029E-06  0.9983552488E-06
 0.3767196558E-07 -0.3285007654E-06
 0.2584393637E-06  0.7429498809E-06
-0.5495068129E-06 -0.1168367256E-06
-0.2152641112E-06 -0.5109232322E-06
 0.1518563716E-17 -0.5978020493E-17
-0.1125914140E-05 -0.1490454519E-05
-0.6788773754E-17 -0.5146806933E-17
-0.6724565763E-06  0.2278970383E-05
-0.3288662130E-06  0.6479061047E-06
-0.8100154589E-07 -0.1482971492E-06
-0.4118213278E-06 -0.8571039683E-07
-0.2550428424E-06  0.5105267948E-07
-0.0000000000E+00 -0.0000000000E+00
 0.4653340863E-06 -0.7637059709E-06
 0.2106345281E-05 -0.3136301702E-06
-0.1914624573E-05 -0.1790755689E-06
 0.5292203981E-06  0.2077919533E-06
-0.2552898477E-05  0.1536343674E-05
 0.1379598485E-05 -0.8966984281E-06
-0.7977049375E-07 -0.1366879739E-05
 0.3212274788E-06 -0.1439470779E-05
 0.1044516526E-05 -0.9640996917E-06
 0.6167853203E-06  0.1684551707E-05
 0.3747829617E-06 -0.6168366647E-06
-0.1093919587E-05 -0.9980490521E-06
 0.1896584106E-06 -0.2129025119E-06
 0.1895211002E-06  0.4078746775E-06
 0.1194567840E-06  0.6503648487E-06
 0.3443880162E-06 -0.6834372484E-06
-0.7841438045E-06 -0.2145235478E-05
 0.1608078698E-05 -0.1065409487E-05
-0.0000000000E+00 -0.0000000000E+00
-0.1249647635E-05  0.1430354897E-05
 0.3262236227E-06 -0.5881667766E-06
 0.1032780503E-05 -0.1138020610E-05
 0.6299463797E-06 -0.6417561938E-06
-0.6257218002E-06  0.4769810462E-06
-0.0000000000E+00 -0.0000000000E+00
 0.1202780965E-05  0.1958929245E-05
-0.0000000000E+00 -0.0000000000E+00
-0.6708890085E-06 -0.2658991887E-05
-0.1037839036E-05  0.1515666744E-05
-0.1499651216E-05 -0.2066307241E-05
-0.3635490294E-06  0.1037159463E-05
 0.2061276947E-05 -0.4606160599E-07
-0.0000000000E+00 -0.0000000000E+00
-0.3834343180E-05  0.2123200539E-05
-0.0000000000E+00 -0.0000000000E+00
 0.3733249663E-05 -0.3383646199E-05
-0.2426097943E-06 -0.2266604845E-06
 0.3149590485E-06  0.1214839090E-06
-0.1661646852E-06 -0.1980469759E-06
-0.4666671332E-06  0.1275304777E-06
-0.0000000000E+00 -0.0000000000E+00
-0.2763647856E-05 -0.3144044879E-06
 0.9589508416E-06 -0.2486126493E-05
 0.2423768077E-05  0.3414455213E-05
-0.1717041231E-06 -0.4701594587E-07
 0.3252193925E-05 -0.6671596443E-05
 0.2700498205E-06  0.6227858001E-06
-0.3307062085E-05 -0.1608244123E-06
-0.3273457645E-06  0.1513445370E-07
 0.1269053282E-06  0.1454275960E-05
 0.1793561852E-05 -0.3209616774E-05
-0.7092806031E-06  0.1880168223E-05
-0.1653225151E-05  0.3373465307E-05
 0.3423930359E-06 -0.6831249683E-07
-0.9548075281E-08 -0.7154262688E-06
-0.4945089663E-06 -0.9793643643E-07
-0.1080970631E-05 -0.2924732249E-07
 0.7748291750E-06  0.1895199492E-06
-0.2664607721E-05  0.2845289733E-05
-0.1012625688E-16  0.1023326099E-16
 0.4048852040E-05 -0.2927419329E-05
 0.1046782053E-05 -0.2603066327E-06
 0.3510223620E-06 -0.6844416189E-06
 0.3463184705E-06  0.1488571723E-05
 0.1178707632E-05  0.5026495249E-07
-0.3635031694E-17  0.1582762420E-16
-0.1776944900E-05  0.1772231985E-05
 0.4650685710E-17  0.5395346386E-17
 0.1219947785E-05 -0.1867851368E-05
 0.9987320149E-06 -0.1195534972E-05
 0.1992085312E-05 -0.8557382823E-06
 0.9582810927E-06 -0.1183800287E-06
-0.1121921081E-05  0.1168768099E-05
-0.1517198149E-17 -0.4446608844E-18
-0.3882954762E-06  0.1344599267E-05
 0.6469907381E-18 -0.8665369831E-18
-0.1536377057E-06 -0.1879497648E-05
-0.2606004297E-06  0.8208515119E-06
-0.2354982870E-06  0.1539240060E-06
 0.7376280331E-07  0.7102800238E-06
 0.5496836202E-07 -0.7766163299E-06
-0.0000000000E+00 -0.0000000000E+00
 0.1449507768E-06  0.1393746408E-05
-0.7686221609E-06 -0.9896929106E-06
-0.8395096344E-06 -0.2291992376E-05
-0.1071162326E-06 -0.6662498042E-06
-0.3913268601E-06 -0.1411247452E-05
 0.5903092269E-08 -0.8893810241E-06
 0.2133912701E-06  0.1193089694E-05
-0.3686848451E-06 -0.3267764156E-06
 0.3624118766E-06 -0.1432645528E-05
 0.4186240850E-06 -0.2234301492E-05
 0.8676798396E-06 -0.1782063572E-05
-0.1319690429E-05  0.1722756249E-05
 0.1038490379E-05 -0.2425845963E-05
-0.1566417202E-05  0.2314108943E-05
-0.1154864003E-05  0.1465455641E-05
-0.3411963226E-06 -0.9025586730E-06
 0.2739330085E-06 -0.3281982894E-06
 0.3714130117E-07 -0.6944763129E-06
 0.2362968982E-06 -0.5536121384E-06
 0.4960336786E-06  0.7269453089E-06
-0.6313844341E-06 -0.6685397537E-06
-0.2192012746E-05 -0.2098355084E-05
-0.8229429232E-06  0.9469114300E-06
-0.4464570325E-06 -0.1381780740E-05
-0.2030399525E-05 -0.3023630001E-05
-0.1775751065E-05 -0.2779826682E-05
 0.7934259887E-06  0.3885345170E-05
 0.8264191346E-06  0.3645073095E-05
 0.2663386857E-06  0.1616633051E-05
 0.6166900661E-06  0.1381085707E-05
-0.6581239472E-07 -0.1184791424E-05
-0.2789481639E-05 -0.3720981957E-05
-0.4601668787E-05 -0.5706589685E-05
-0.2227644125E-05 -0.2774738539E-05
 0.1704660177E-05  0.5474768499E-05
-0.2149883243E-05 -0.6853719375E-05
 0.5609535752E-05  0.2058702036E-05
 0.6112436674E-05  0.9282261745E-05
-0.6675658599E-06  0.8074799042E-07
 0.2326492446E-05  0.1089444151E-05
 0.1130512926E-05  0.2461443676E-05
 0.2104834947E-05 -0.9812597616E-06
 0.2985367312E-05 -0.2763478440E-06
 0.1879467925E-05  0.1884046062E-05
 0.2833795320E-05  0.5648311518E-05
-0.8279014791E-06 -0.1697428565E-05
 0.4799358285E-05  0.1125287569E-04
 0.2788042134E-05  0.1008377028E-04
 0.1415683530E-05  0.6155774480E-05
 0.1973636407E-05  0.8290557923E-05
-0.4402383785E-05 -0.5718652408E-05
-0.1503175684E-05  0.2966438257E-06
-0.6412506668E-05 -0.7272369842E-05
-0.8643938753E-05 -0.1107608728E-04
-0.1196093919E-05  0.3011815818E-05
 0.7668786390E-07 -0.8160178837E-06
 0.1547145177E-05  0.4277077148E-06
 0.1575424966E-05 -0.2024772717E-06
 0.3005713520E-06  0.3632983122E-06
 0.1295301368E-05  0.2759897114E-05
 0.6433704478E-06  0.3561632222E-05
 0.9091343449E-06  0.3415752608E-05
-0.1860399188E-05 -0.2144696018E-05
-0.4043463828E-06 -0.2465125548E-05
-0.1182087352E-05 -0.2210929199E-05
-0.3370729820E-06  0.6892739208E-06
 0.5417629971E-06  0.1194292074E-05
 0.6064063675E-06  0.3351313096E-05
 0.5983257522E-07  0.2180468937E-05
 0.7261026327E-07  0.1606404927E-05
-0.6205639541E-06 -0.1319694677E-05
-0.6872329306E-08  0.6915620700E-06
 0.1158160608E-06  0.1342771820E-06
-0.1752170349E-06 -0.2788603873E-07
 0.2369648905E-06 -0.2123624276E-06
 0.4681783759E-06  0.9189018418E-08
-0.1075734925E-06 -0.6314194194E-06
 0.1575874832E-06 -0.1241527855E-06
 0.7225745633E-07  0.7273002258E-06
 0.2080360344E-06 -0.7194405056E-06
-0.1422785775E-05 -0.2520198292E-05
-0.5449258273E-06  0.1931880612E-06
 0.2530429238E-06  0.2313298329E-05
 0.6885899429E-06  0.2950284744E-06
 0.1232135807E-05  0.4749530484E-06
 0.3784661563E-06  0.1083880601E-06
-0.1146954785E-05 -0.5921699457E-08
 0.3307469172E-05 -0.4279161560E-07
-0.1529259408E-05 -0.1136376482E-05
 0.2189312103E-05 -0.5400122984E-06
-0.7619115030E-06 -0.2176338670E-06
-0.2660259183E-05 -0.4186466973E-06
-0.1817090908E-05  0.2713486342E-08
 0.1500253405E-05  0.1087825344E-06
 0.2788469225E-06  0.1343123756E-06
-0.3802863498E-06 -0.1222233993E-06
-0.2221261482E-05 -0.3887350901E-07
 0.2134071315E-06  0.1685819544E-06
-0.6011842384E-06  0.4999873119E-06
 0.8210701074E-06  0.1147318402E-05
 0.8512805918E-06  0.4632801550E-06
-0.6911373883E-06 -0.2143324232E-06
 0.3614916993E-05  0.1873567369E-05
 0.2423989192E-05  0.1336178308E-05
 0.3506676384E-05  0.1035134461E-05
 0.8340985409E-06  0.4478251145E-06
 0.8634181984E-06  0.8194643256E-06
 0.1851085042E-06  0.6304247241E-06
-0.4594787536E-06 -0.6090609915E-06
-0.1502967760E-05 -0.6343388891E-06
-0.1482776926E-05 -0.4053913705E-06
-0.2776427202E-05 -0.4953124350E-06
 0.2082332968E-05  0.6598188543E-06
 0.6428555389E-05 -0.1682452784E-05
 0.5226505625E-06  0.9848348289E-08
 0.1721187396E-05 -0.4890492885E-07
 0.3347718201E-05  0.4246694198E-06
-0.2758231351E-05  0.5048345038E-06
-0.3603073249E-05  0.2319370240E-05
-0.7131090583E-05 -0.1545471436E-05
-0.2015271458E-05  0.2951529831E-05
-0.7989698074E-05 -0.1191813901E-05
-0.2090595995E-06 -0.2254036456E-06
 0.8892617067E-07 -0.5435806165E-06
-0.9772342245E-06 -0.3465404131E-06
 0.3735713853E-06  0.8169428005E-07
-0.3661457950E-06 -0.2304880351E-06
-0.3705240784E-06 -0.1644093941E-06
 0.5819550344E-07 -0.1265809455E-06
 0.4799106831E-07  0.4912136178E-06
-0.5995208936E-06  0.4929734245E-07
 0.3626204376E-06  0.3525744856E-06
 0.6142869836E-07  0.2688553356E-06
-0.3711554796E-06  0.1685536580E-06
 0.1423888333E-05 -0.1398032262E-06
 0.8208875946E-06 -0.2013909927E-06
 0.3763514122E-06  0.1680047358E-06
-0.1127284226E-05  0.6197341031E-08
-0.4197667583E-06 -0.5028936462E-07
-0.2824658380E-06  0.1809701487E-06
-0.7514618792E-06  0.5407713255E-07
 0.2598628982E-06  0.1294990842E-06
 0.2644976944E-07 -0.1731360681E-07
 0.9631880154E-07 -0.1631682824E-06
 0.1239806114E-06 -0.3182076641E-06
-0.2629486498E-07  0.1044828167E-06
-0.2397767332E-06  0.3194606458E-06
-0.5017787682E-06  0.2412813613E-06
 0.5743293516E-06 -0.1200192593E-06
 0.5726063520E-06  0.1986658140E-06
-0.4541879411E-06  0.9701206036E-06
-0.9180473531E-06  0.4764518433E-06
 0.8688195980E-07  0.2140798339E-06
-0.5823290498E-06 -0.5673675973E-06
-0.1591564697E-05  0.8838977403E-06
 0.2968559543E-06 -0.1270076934E-05
-0.8692664124E-06  0.2045313994E-05
 0.7129008723E-06 -0.9157409179E-06
 0.1276833256E-05 -0.1633197496E-05
 0.1145169910E-05 -0.1239105779E-05
-0.4967488228E-06  0.1471746157E-05
-0.6401607430E-06  0.1111889083E-05
-0.4916083954E-06  0.3701135197E-06
-0.8576576955E-06 -0.3653342483E-06
-0.3283329777E-07 -0.3039063769E-06
 0.1034783402E-05 -0.9191286260E-06
 0.1182705644E-05 -0.9284107941E-06
 0.5625372244E-06 -0.4335780457E-06
-0.2534563794E-06  0.1073335756E-05
 0.6884878274E-06 -0.5230350456E-06
-0.3208774764E-05  0.8479623250E-07
 0.2669940825E-05 -0.2033529162E-05
-0.2265896491E-07 -0.3561183928E-06
-0.1363823179E-05 -0.2043502799E-06
-0.7243419555E-06 -0.2654183863E-06
 0.8479307348E-06  0.4115202721E-06
 0.2065258003E-05  0.1026383614E-07
 0.3187794171E-06  0.3775164496E-06
 0.5966344206E-06  0.6668806376E-06
-0.1007311201E-06 -0.3875620059E-06
-0.3020318008E-06 -0.3252352479E-06
-0.5182433902E-06  0.1985293599E-05
-0.4845010145E-06  0.1726182964E-05
-0.7494069670E-06  0.2352454342E-05
 0.1700081694E-05 -0.1687978570E-05
-0.9211449411E-06  0.2746002557E-05
 0.2454782172E-05 -0.2514888896E-05
 0.2555294539E-05 -0.1853141792E-05
-0.2567974616E-06  0.1056096095E-05
-0.1501322800E-06  0.4444814914E-06
-0.9633721873E-07  0.3137808107E-06
 0.4233097815E-07  0.3247168167E-06
 0.1432916980E-06 -0.6991695932E-07
-0.2461052708E-06  0.4046719404E-06
-0.1590246847E-06  0.8834094775E-06
-0.3386314457E-06  0.1169592213E-05
 0.6445759468E-06 -0.3992290544E-06
 0.1681064915E-06  0.1193794463E-07
 0.3687298318E-06 -0.3508295723E-06
 0.1471359466E-06 -0.1065027025E-06
-0.2586788489E-07  0.3599041107E-06
-0.4618511286E-06  0.1094523518E-05
-0.3589996056E-06  0.1642614053E-05
-0.4593755134E-06  0.9249267653E-06
 0.8320899764E-06 -0.8809862129E-06
-0.5864311922E-06 -0.2104008661E-06
-0.6460225612E-06  0.9003447829E-07
 0.2301640426E-06 -0.3532895270E-06
-0.2901413950E-06  0.1507144406E-06
 0.9663664035E-07  0.2934398316E-06
 0.4029893794E-06 -0.9591420566E-06
 0.3809122963E-06 -0.1207583737E-05
-0.2380626048E-06  0.4377093741E-06
 0.3365680902E-06  0.2035541362E-06
 0.8054053618E-06 -0.1078641853E-05
 0.2804813247E-06 -0.5223330893E-06
-0.1134107619E-06  0.9143746648E-06
-0.7160157104E-06  0.2635275154E-06
-0.1357061283E-05  0.2112830817E-06
-0.2789642448E-07  0.3584937522E-06
 0.8401108007E-06 -0.4153656608E-06
-0.3174595502E-05 -0.9632209893E-07
 0.6863007250E-06  0.5135720903E-06
 0.2635237993E-05  0.2026191415E-05
 0.5478664389E-06  0.4327292391E-06
 0.1169822542E-05  0.9287548234E-06
 0.1030226934E-05  0.9139753154E-06
-0.2492157974E-06 -0.1066810416E-05
 0.6028144106E-06 -0.6564480642E-06
 0.3242632892E-06 -0.3738211652E-06
 0.2053931150E-05 -0.1875786782E-07
-0.1088363157E-06  0.3892524808E-06
 0.1144226660E-05  0.1236998345E-05
 0.1299798291E-05  0.1631519134E-05
 0.7188211562E-06  0.9141581789E-06
-0.4968657172E-06 -0.1473738385E-05
 0.2650448206E-06  0.1269264187E-05
-0.1598158555E-05 -0.8809970267E-06
-0.8553321066E-06 -0.2034916399E-05
 0.9411785774E-07 -0.2070555300E-06
-0.9212374450E-06 -0.4737829031E-06
-0.4588951140E-06 -0.9723190121E-06
-0.5806958008E-06  0.5617619347E-06
-0.8575084191E-06  0.3590551038E-06
-0.4921947793E-06 -0.3664051483E-06
-0.6317740233E-06 -0.1114935150E-05
-0.3087259451E-07  0.3053663074E-06
-0.9032588587E-06 -0.2755838908E-05
-0.7540350535E-06 -0.2348616789E-05
-0.4840465182E-06 -0.1725315558E-05
-0.5143196886E-06 -0.1983615061E-05
 0.1696008930E-05  0.1687806863E-05
-0.2857982585E-06  0.3238584732E-06
 0.2559384545E-05  0.1851729433E-05
 0.2412284978E-05  0.2528369374E-05
-0.2223261122E-06 -0.1067920481E-05
 0.2373836381E-06  0.3570145705E-06
-0.6427209395E-06 -0.9223402580E-07
-0.5861930924E-06  0.2084770021E-06
-0.2914090492E-06 -0.1525079128E-06
-0.4585888066E-06 -0.9239844740E-06
-0.3631341913E-06 -0.1639578031E-05
-0.4595141751E-06 -0.1096284101E-05
 0.8261236252E-06  0.8791313143E-06
 0.3815800604E-06  0.1215220584E-05
 0.4060538285E-06  0.9597446875E-06
 0.9819829062E-07 -0.2935197613E-06
-0.2392332510E-06 -0.4365248391E-06
-0.3386563612E-06 -0.1164396342E-05
-0.1588463411E-06 -0.8814896152E-06
-0.2486198932E-06 -0.4015156934E-06
 0.6478838422E-06  0.3977606891E-06
 0.4126915398E-07 -0.3235334582E-06
-0.9450472729E-07 -0.3130400431E-06
-0.1599729900E-06 -0.4545571151E-06
 0.1414513719E-06  0.7118533737E-07
 0.1461358801E-06  0.1081606095E-06
 0.3735621606E-06  0.3495825217E-06
 0.1673757676E-06 -0.1187074509E-07
-0.2487017318E-07 -0.3587227736E-06
 0.2810276174E-06  0.5222657867E-06
 0.8057715540E-06  0.1074991802E-05
 0.3359531462E-06 -0.2079406321E-06
-0.1138748800E-06 -0.9140695823E-06
 0.1741066032E-06 -0.6408479167E-06
 0.8769558203E-06 -0.8176803488E-06
 0.8483948000E-06 -0.4450826683E-06
-0.4644842699E-06  0.6145252952E-06
 0.2412315124E-05 -0.1337705841E-05
 0.3640379047E-05 -0.1877125774E-05
 0.3517285534E-05 -0.1042295448E-05
 0.8575954255E-06 -0.4596477019E-06
 0.8206761389E-06 -0.1140404806E-05
-0.5935455376E-06 -0.4998027307E-06
-0.7102339238E-06  0.2158853056E-06
-0.2809085025E-05  0.5079404110E-06
-0.1494268870E-05  0.4096778127E-06
-0.1502740268E-05  0.6383056881E-06
 0.2082148070E-05 -0.6593445933E-06
-0.1794351386E-05 -0.9707804527E-08
-0.2669984059E-05  0.4169517186E-06
-0.7470074250E-06  0.2111857061E-06
 0.1491753211E-05 -0.1100952992E-06
-0.1550639862E-05  0.1136823330E-05
 0.3333031998E-05  0.6102559991E-07
 0.2239996484E-05  0.5447693844E-06
 0.3826091044E-06 -0.1092927974E-06
 0.1250758303E-05 -0.4740020072E-06
 0.6949585512E-06 -0.2879471037E-06
-0.1153441920E-05  0.1032898856E-07
-0.2228582749E-05  0.4438932053E-07
-0.3777099417E-06  0.1283435413E-06
 0.2854614946E-06 -0.1255316473E-06
 0.1974654189E-06 -0.1810262525E-06
-0.3886884055E-05 -0.2355299481E-05
 0.3286364769E-05 -0.4158296802E-06
 0.1703603033E-05  0.4339532342E-07
 0.5119755056E-06 -0.4003253391E-07
-0.2714884694E-05 -0.5183156401E-06
 0.6195180299E-05  0.1696689378E-05
-0.1998642779E-05 -0.2963811403E-05
-0.7181848688E-05  0.1525361241E-05
-0.8314472157E-05  0.1326939499E-05
-0.7512977263E-06 -0.5070937242E-07
-0.2806013367E-06 -0.1828078744E-06
-0.4183327788E-06  0.5088998758E-07
 0.2548678568E-06 -0.1328740328E-06
 0.3766304056E-06 -0.1685840163E-06
 0.8336220803E-06  0.2069590488E-06
 0.1435908230E-05  0.1415012638E-06
-0.1125363540E-05 -0.5469919293E-08
 0.1225553431E-06  0.3199921117E-06
 0.9804219784E-07  0.1651786602E-06
 0.3242749079E-07  0.1864477604E-07
-0.2692253567E-07 -0.1044462672E-06
 0.6858966856E-07  0.1288146317E-06
-0.3400768975E-06  0.1625917657E-06
-0.3707689517E-06  0.2293691838E-06
 0.4801305274E-07 -0.4915702625E-06
-0.9892835543E-06  0.3487756462E-06
 0.9286561199E-07  0.5430128470E-06
-0.1979675296E-06  0.2275783806E-06
 0.3718973877E-06 -0.8265206956E-07
 0.6208284040E-07 -0.2695642329E-06
 0.3638772542E-06 -0.3521075141E-06
-0.5830217306E-06 -0.5551236177E-07
-0.3767454670E-06 -0.1689767410E-06
 0.5847560786E-06  0.1224092755E-06
-0.5016800612E-06 -0.2422770336E-06
-0.2071563254E-06 -0.3201346545E-06
 0.5629518034E-06 -0.2050458899E-06
 0.1127011166E-05 -0.2470201440E-05
 0.2326755045E-05 -0.1088371434E-05
-0.6675482592E-06 -0.8023214429E-07
 0.2104671064E-05  0.9855998941E-06
 0.5606836945E-05 -0.2036995152E-05
-0.2170472140E-05  0.6688947612E-05
 0.6109599842E-05 -0.9279376429E-05
-0.2227111384E-05  0.2778731034E-05
-0.4611126690E-05  0.5731968709E-05
-0.2793798842E-05  0.3722170855E-05
 0.1706143783E-05 -0.5480157582E-05
 0.2850303565E-05 -0.5572562683E-05
 0.1878871769E-05 -0.1875109099E-05
 0.2974188470E-05  0.2712400143E-06
-0.8179975190E-06  0.1660290979E-05
-0.1773007362E-05  0.2777080964E-05
-0.2017809674E-05  0.3019171623E-05
-0.4452617776E-06  0.1376873017E-05
 0.7883838062E-06 -0.3879095034E-05
-0.2203838002E-05  0.2106006946E-05
-0.6247819683E-06  0.6626864737E-06
-0.8230461673E-06 -0.9466279654E-06
 0.2354716380E-06  0.5538924407E-06
 0.3823732654E-07  0.6876680200E-06
 0.2785439604E-06  0.3213500490E-06
 0.4883988724E-06 -0.7218424516E-06
 0.6056263441E-06 -0.1372190487E-05
 0.2709998038E-06 -0.1611577653E-05
 0.8266858575E-06 -0.3626942718E-05
-0.6549367978E-07  0.1185644558E-05
-0.1480059531E-05 -0.3551878486E-06
 0.1936070342E-05 -0.8243558050E-05
 0.1414039727E-05 -0.6159107538E-05
 0.2773777038E-05 -0.1015184497E-04
-0.4384706936E-05  0.5713563245E-05
 0.4717104098E-05 -0.1087401199E-04
-0.8584701021E-05  0.1105004428E-04
-0.6415319601E-05  0.7287499519E-05
-0.1193977988E-05 -0.2905312307E-05
-0.1777433708E-06  0.2989392742E-07
 0.1196056273E-06 -0.1353596048E-06
-0.9612468472E-08 -0.6932133728E-06
 0.2392532755E-06  0.2127024893E-06
 0.6710111923E-07 -0.1601151720E-05
 0.6275071482E-07 -0.2178041243E-05
 0.6053190983E-06 -0.3356666318E-05
-0.6220500503E-06  0.1318529748E-05
 0.1584137110E-06  0.1215984528E-06
-0.1068511478E-06  0.6323286682E-06
 0.4691204908E-06 -0.1110559084E-07
 0.7380324058E-07 -0.7270567181E-06
 0.9115058598E-06 -0.3411649041E-05
 0.6478598324E-06 -0.3587531002E-05
 0.1298369704E-05 -0.2773149002E-05
-0.1866844452E-05  0.2140721677E-05
 0.1587074195E-05  0.2035947704E-06
 0.1542037882E-05 -0.4353114809E-06
 0.8032549586E-07  0.8153258320E-06
 0.3000598916E-06 -0.3605053338E-06
-0.3387791265E-06 -0.6823309915E-06
-0.1191453691E-05  0.2238343013E-05
-0.4004418435E-06  0.2464727935E-05
 0.5432278088E-06 -0.1214999595E-05
-0.5491645334E-06 -0.2045210249E-06
-0.1426479393E-05  0.2530214329E-05
 0.2055023447E-06  0.7237617022E-06
 0.2576034695E-06 -0.2328178194E-05
 0.5592193750E-06 -0.2652876371E-07
-0.2591454387E-08 -0.7780031410E-06
 0.1680822252E-05 -0.5456483071E-07
 0.7840134125E-06  0.8967333197E-06
 0.4903183074E-06 -0.1504365692E-05
 0.2113403868E-05 -0.2523201875E-05
 0.1967436977E-05 -0.3820959140E-05
-0.3084394762E-06  0.4631364763E-05
-0.6227958104E-05 -0.1736853115E-05
-0.2322416912E-05 -0.8291244832E-05
-0.1094099143E-04 -0.1606998837E-04
-0.1068526154E-04 -0.1628243432E-04
 0.1921534203E-05  0.1984418058E-04
-0.1368095336E-04 -0.5504214824E-05
-0.3603186386E-05  0.9049525957E-05
-0.5369733457E-05  0.5599443229E-05
 0.5150598298E-05 -0.6522643558E-05
-0.1676436527E-04 -0.2324502633E-04
-0.2416121764E-04 -0.4002067141E-04
-0.1454634672E-04 -0.2178582059E-04
 0.1021908796E-04  0.3408039597E-04
-0.1465787950E-05 -0.6231329799E-05
 0.1773670861E-04  0.6715756385E-05
 0.6992412079E-05  0.4897512459E-05
 0.9991103021E-05 -0.2165807835E-05
 0.1839066413E-04  0.2455250791E-04
 0.1014455030E-04  0.1659131434E-04
 0.1712797144E-04  0.3689550486E-04
-0.2419148749E-05 -0.2162819651E-04
 0.1283823387E-05  0.1629803423E-04
 0.7303594412E-05  0.3266056154E-04
-0.2949643881E-05  0.1773786296E-05
-0.2399490021E-04 -0.3312709138E-04
-0.3589591797E-05 -0.1165099202E-04
 0.3990285766E-05 -0.6420213568E-06
 0.1650188258E-05  0.3367281471E-05
 0.4025457963E-05 -0.9398856853E-06
 0.6487811887E-05 -0.2951930003E-05
 0.6517826363E-05  0.3568113506E-05
 0.8461493131E-05  0.4699819413E-05
-0.2168739367E-05  0.3096005486E-06
 0.7635151831E-05  0.2188269603E-04
 0.4165353817E-05  0.1934000636E-04
 0.6187100643E-05  0.2099265545E-04
-0.1237110157E-04 -0.1220793637E-04
-0.4026769674E-05 -0.1558652346E-04
-0.8270749523E-05 -0.1647134847E-04
-0.3976111039E-05  0.7723873279E-05
 0.3478495395E-05  0.8878336706E-05
 0.3654269310E-05  0.1886322567E-04
 0.7228241780E-06  0.1225079738E-04
 0.6298635089E-06  0.9685540678E-05
-0.4314352441E-05 -0.7455605881E-05
-0.1172766854E-05  0.5022194259E-05
-0.7705418891E-06  0.3548636322E-05
-0.9266687551E-07  0.2481897971E-05
 0.1140082815E-05 -0.1959817257E-05
 0.1564152890E-05  0.4789238424E-06
-0.6013685494E-06 -0.4421043708E-05
 0.3282877911E-06 -0.1040988932E-05
 0.7431667761E-06  0.5244563408E-05
-0.5034011973E-08 -0.3689827593E-05
-0.8784526219E-05 -0.1443138573E-04
-0.2529769971E-05  0.8107196074E-06
 0.1788478282E-05  0.1328373620E-04
 0.3579823678E-06 -0.1504211642E-06
 0.1973603209E-05 -0.4483984761E-06
-0.2457466871E-05  0.1995768833E-06
-0.7078385747E-06  0.1204179301E-05
 0.6138579299E-05 -0.4264674379E-06
 0.1313072405E-04 -0.2102037332E-05
 0.3959558383E-05 -0.1562580625E-05
-0.6949793851E-05  0.2126700992E-05
 0.2867675232E-04 -0.4261783132E-05
-0.3213949535E-05 -0.1753211463E-04
 0.3776366953E-04 -0.8731562409E-05
-0.6138519104E-05 -0.5105212365E-05
-0.2056511841E-04 -0.1051383799E-04
-0.1627603793E-04 -0.5034183669E-05
 0.1402607279E-04  0.6110187249E-05
 0.2050227264E-05  0.6273095914E-05
-0.2895666795E-05  0.3176539113E-05
-0.1493437106E-04  0.2923284239E-05
 0.5343785069E-05 -0.4210006034E-05
-0.6863330131E-05 -0.1901869456E-05
 0.3479587781E-05 -0.2901806171E-05
 0.5579537921E-05 -0.9433894374E-06
-0.4589223066E-05  0.5874443398E-05
 0.2321102598E-04 -0.7620232776E-05
 0.8539851022E-05 -0.4544219643E-05
 0.3581841003E-04  0.2254641757E-05
 0.7343653206E-05 -0.7395519265E-06
 0.5277576104E-05  0.7455077459E-06
 0.2530637827E-05  0.7066802058E-06
-0.4683160738E-05 -0.1631128720E-06
-0.1161708137E-04  0.8879594645E-06
-0.1243814953E-04  0.1883981477E-05
-0.2336263553E-04  0.7369410977E-05
 0.1518950669E-04 -0.3204340273E-05
 0.5191633132E-04 -0.2476959231E-04
 0.9161545684E-05  0.1342596530E-04
 0.1763486469E-04  0.6944849831E-05
 0.3172858108E-04  0.1260693291E-04
-0.2595464675E-04 -0.7648601447E-05
-0.1632110502E-04  0.9400002712E-05
-0.5589220518E-04 -0.2859453285E-04
-0.2415531861E-04 -0.2220329269E-05
-0.6756179904E-04 -0.1695056153E-04
-0.1440879589E-05 -0.1389602427E-05
 0.9217683989E-06  0.8577055579E-07
-0.2105257870E-06 -0.6129701731E-07
-0.5352148288E-06  0.2723064913E-06
-0.1673508951E-05  0.4440346933E-07
-0.4162604657E-05 -0.6436218177E-06
-0.7005329115E-05 -0.1037894151E-06
 0.4136449175E-05  0.2328666891E-06
-0.3028703116E-05  0.8833561898E-06
-0.1188673966E-05  0.2412366441E-07
 0.2211350013E-05  0.2988049327E-05
-0.8464475375E-06  0.1665994488E-05
-0.4604346039E-05 -0.9968574937E-06
 0.2989055167E-05  0.2676259631E-06
 0.9485060342E-06  0.9008157360E-06
-0.4228766530E-05  0.2193831788E-05
 0.1272645060E-04  0.2169185674E-05
 0.7178040232E-05  0.1008191854E-05
 0.4697862428E-05  0.3385165713E-05
-0.9668508370E-05 -0.2383951254E-05
-0.3643564785E-05  0.1976322511E-05
-0.2759559546E-05  0.9675951646E-06
-0.2836591162E-05  0.4315365225E-06
 0.2567943937E-05 -0.7974991930E-07
 0.9106797798E-06 -0.6676148725E-06
-0.8763926617E-06 -0.3315536655E-05
-0.2176085919E-06 -0.3589116940E-05
 0.9511390162E-06  0.9614997091E-06
-0.1076836768E-05  0.1450421868E-05
-0.4979531697E-05 -0.1743407994E-05
 0.4301681471E-05 -0.1909345121E-05
 0.5410636697E-05  0.3830905616E-05
-0.7958407160E-06  0.1247538159E-05
-0.1228768117E-05  0.3703509816E-07
 0.2014508303E-05 -0.3556577189E-05
-0.1351900873E-05 -0.5910361188E-06
-0.1629345128E-05  0.1792214628E-05
-0.3607510967E-05  0.2356020487E-05
-0.1450433996E-06 -0.2404155159E-06
-0.2066579199E-05 -0.1403727592E-05
 0.2820417350E-05 -0.3230400340E-05
 0.4710797241E-05 -0.4728852044E-05
 0.4199480192E-05 -0.3434859296E-05
-0.2107936759E-05  0.3945771895E-05
-0.2018459700E-05  0.5629106257E-05
-0.1530144033E-05  0.1510042449E-05
-0.1213763190E-05  0.3535745822E-05
-0.4582351419E-07 -0.1928201013E-05
 0.3717615939E-05 -0.2701373354E-05
 0.1978109030E-05 -0.2599459448E-05
 0.1385587598E-05 -0.1018771264E-05
 0.6296253752E-06  0.1245291825E-05
 0.1168119705E-04 -0.1142259780E-04
-0.1706792110E-05  0.5582082605E-06
-0.9904307981E-05  0.1821675189E-05
-0.3563864298E-05  0.1080973091E-05
 0.7108257036E-05 -0.1088379275E-05
 0.1990874462E-04 -0.6595567381E-05
 0.5596596438E-05 -0.1427073397E-05
 0.5416923461E-05 -0.5172462887E-05
-0.8444018805E-05 -0.3546477816E-06
-0.2422244371E-05 -0.4069240547E-08
-0.1770740873E-05  0.3424866867E-05
-0.1537599845E-05  0.2881599944E-05
 0.5752509089E-05 -0.4076530161E-05
-0.5739956554E-06  0.1433807694E-07
-0.1151110089E-05  0.5932394154E-06
 0.1032830768E-06  0.1185516733E-05
 0.1720470383E-05  0.8030253310E-06
 0.1964630671E-05 -0.9127759760E-06
 0.1456027027E-05  0.4666499597E-06
 0.1333494131E-05 -0.6652203318E-06
 0.7044209434E-06  0.1232920976E-05
-0.1223661478E-05 -0.5116696558E-07
-0.1312922661E-05  0.2042686326E-05
-0.1769706029E-05  0.2439383401E-05
 0.3908553987E-05 -0.4245217199E-06
 0.1441429492E-05  0.2063135545E-06
 0.2377989859E-05 -0.4613322867E-06
 0.1507970822E-05 -0.1863612097E-06
 0.8466498921E-06  0.9713508339E-06
-0.2546723893E-05  0.2263402651E-05
-0.2145330417E-05  0.3532279863E-05
-0.1821852548E-05  0.3397688632E-05
 0.3976682325E-05 -0.1585764370E-05
-0.2370582707E-05 -0.5039548944E-07
-0.2263062279E-05  0.6673075668E-06
-0.1453775371E-05 -0.1370516030E-05
 0.7296514522E-06  0.7324751397E-06
 0.1270062750E-05  0.2603158718E-05
 0.2059202164E-05 -0.3447003789E-05
 0.2996199194E-05 -0.4668615374E-05
-0.1273148797E-05  0.1237427074E-05
 0.1799089365E-05  0.9618735101E-06
 0.3919175653E-05 -0.2976612686E-05
 0.2762257009E-05 -0.1967560884E-05
-0.6858760850E-06  0.2147202968E-05
 0.1035281256E-06 -0.1188173213E-05
-0.1144545505E-05 -0.5853226097E-06
-0.5435205313E-06 -0.1350678296E-07
 0.1721171966E-05 -0.8012785317E-06
-0.3536068709E-05 -0.1086548458E-05
-0.9859942263E-05 -0.1833970432E-05
-0.1735840843E-05 -0.5508892206E-06
 0.7096516539E-05  0.1100709040E-05
 0.1176057302E-04  0.1153168336E-04
 0.1446480509E-05  0.9861601611E-06
 0.1914107250E-05  0.2549538854E-05
 0.3678893320E-05  0.2681817360E-05
 0.6024195212E-06 -0.1232488968E-05
 0.5557526839E-05  0.5196374878E-05
 0.5649900437E-05  0.1449266228E-05
 0.1982806403E-04  0.6625163352E-05
-0.8560035822E-05  0.4123501607E-06
 0.4212504838E-05  0.3406559938E-05
 0.4605805449E-05  0.4691974208E-05
 0.2789747531E-05  0.3231538595E-05
-0.2087786191E-05 -0.3946523830E-05
-0.7988078255E-07  0.2570402307E-06
-0.3654095766E-05 -0.2365761652E-05
-0.1639228512E-05 -0.1791462540E-05
-0.2028287038E-05  0.1390340007E-05
-0.1184512915E-05 -0.3557143248E-05
-0.1571693928E-05 -0.1506562790E-05
-0.2000122365E-05 -0.5641628169E-05
-0.2393790721E-07  0.2004288378E-05
-0.1395134469E-05 -0.2906815412E-05
-0.1773358537E-05 -0.3437757041E-05
-0.2371986846E-05 -0.8635517105E-08
 0.5786813015E-05  0.4111777555E-05
 0.2014505471E-05  0.3567597597E-05
-0.1224477564E-05 -0.2977841145E-07
-0.8046314410E-06 -0.1259413625E-05
-0.1350393175E-05  0.5897145777E-06
-0.1452131520E-05  0.1362922534E-05
-0.2261105496E-05 -0.6683466326E-06
-0.2359969973E-05  0.2662200536E-07
 0.7378807980E-06 -0.7332234229E-06
-0.1824239880E-05 -0.3388670188E-05
-0.2167930992E-05 -0.3514059048E-05
-0.2541676520E-05 -0.2263560898E-05
 0.3956749570E-05  0.1572148978E-05
 0.3009854569E-05  0.4695779379E-05
 0.2089405952E-05  0.3460753838E-05
 0.1281721064E-05 -0.2610938305E-05
-0.1277053796E-05 -0.1245796754E-05
-0.1790543051E-05 -0.2427496434E-05
-0.1311992836E-05 -0.2041338223E-05
-0.1253528299E-05  0.6048696814E-07
 0.3959018423E-05  0.4037071441E-06
 0.1325525730E-05  0.6710559191E-06
 0.1450410594E-05 -0.4692141853E-06
 0.1974135108E-05  0.8914339424E-06
 0.7010558057E-06 -0.1221484474E-05
 0.1521228988E-05  0.1938233954E-06
 0.2431117385E-05  0.4435757446E-06
 0.1433752087E-05 -0.2105582848E-06
 0.8423853683E-06 -0.9748203569E-06
 0.2751875477E-05  0.1971308522E-05
 0.3950374620E-05  0.2955927522E-05
 0.1787616982E-05 -0.9822415829E-06
-0.6836172178E-06 -0.2144067410E-05
-0.1988293497E-06  0.5661451951E-07
 0.9313491656E-06 -0.9440444870E-07
-0.1446208086E-05  0.1384925839E-05
-0.5319905832E-06 -0.2639101139E-06
 0.2513093650E-05 -0.7048198121E-06
 0.5309374084E-05 -0.7439984300E-06
 0.7402728711E-05  0.7330003002E-06
-0.4680521433E-05  0.1670783587E-06
 0.8504866483E-05  0.4521550219E-05
 0.2339741434E-04  0.7586584587E-05
 0.3573235449E-04 -0.2334048691E-05
 0.5659561045E-05  0.9690484317E-06
 0.3528500899E-05  0.2935272931E-05
-0.6792976240E-05  0.1901917689E-05
-0.4769278484E-05 -0.5860668627E-05
-0.2357957836E-04 -0.7308820738E-05
-0.1242807447E-04 -0.1873139525E-05
-0.1158162924E-04 -0.8613673421E-06
 0.1508878552E-04  0.3187163452E-05
-0.1612002145E-04  0.4990217043E-05
-0.2067085218E-04  0.1054451134E-04
-0.6019542505E-05  0.5074097842E-05
 0.1398205813E-04 -0.6137855884E-05
-0.3218757033E-05  0.1758469992E-04
 0.2883266401E-04  0.4398700612E-05
 0.3818760389E-04  0.8743861885E-05
 0.3942097175E-05  0.1584538810E-05
 0.1324125054E-04  0.2131924645E-05
 0.6089480741E-05  0.4402576844E-06
-0.6997756166E-05 -0.2103595250E-05
-0.1499480030E-04 -0.2885864188E-05
-0.2870421313E-05 -0.3127420450E-05
 0.2139660761E-05 -0.6211200769E-05
 0.5246182423E-05  0.4144779379E-05
-0.1814600886E-04 -0.9599769819E-05
 0.3112329923E-04 -0.1247606681E-04
 0.1748089320E-04 -0.6979040763E-05
 0.9091310577E-05 -0.1360924084E-04
-0.2561793633E-04  0.7517099777E-05
 0.4993777923E-04  0.2504199101E-04
-0.2412347513E-04  0.2020690415E-05
-0.5622970145E-04  0.2846669950E-04
-0.7027909566E-04  0.1818692300E-04
-0.2451168189E-05 -0.1854027611E-06
 0.2006135891E-05  0.4493281786E-06
 0.3570266807E-06  0.1486304630E-06
-0.7389209776E-06 -0.1185076730E-05
-0.2793848663E-05 -0.4625493029E-06
-0.2746024936E-05 -0.1009759284E-05
-0.3654961609E-05 -0.1974114442E-05
 0.2518917360E-05  0.7387220017E-07
 0.4693067873E-05 -0.3407644339E-05
 0.7288402321E-05 -0.9668500177E-06
 0.1286400652E-04 -0.2168329559E-05
-0.9658536570E-05  0.2386329823E-05
-0.1862802690E-06  0.3600210259E-05
-0.8275717990E-06  0.3327710858E-05
 0.9816487548E-06  0.7129219831E-06
 0.9288262586E-06 -0.9832763195E-06
 0.2317929350E-05 -0.2978024604E-05
-0.9141114010E-06 -0.5035653271E-07
-0.3078192234E-05 -0.8768977297E-06
-0.8650558285E-06 -0.1672741687E-05
-0.7003706382E-05  0.1150697167E-06
-0.4109748478E-05  0.6127103609E-06
-0.1669691279E-05 -0.3935089662E-07
 0.4107199708E-05 -0.2257333328E-06
 0.9715732654E-06 -0.9041578949E-06
 0.3007990612E-05 -0.2684397434E-06
-0.4512995714E-05  0.9569220202E-06
-0.4293322579E-05 -0.2184830152E-05
 0.4407560270E-05  0.1925876002E-05
-0.4991662725E-05  0.1737271739E-05
-0.8360005474E-06 -0.1454256607E-05
 0.5340518514E-05 -0.3889242989E-05
 0.1653759150E-05 -0.3372028059E-05
 0.3987049749E-05  0.6477810567E-06
-0.3574273394E-05  0.1166194210E-04
 0.4015097895E-05  0.9347718308E-06
 0.6968191734E-05 -0.4933057446E-05
 0.1768078087E-04 -0.6885270368E-05
-0.1535307854E-05  0.6309766154E-05
 0.1006078234E-04  0.2195702367E-05
-0.1447858318E-04  0.2165326777E-04
-0.2425993557E-04  0.3950808664E-04
-0.1681776967E-04  0.2327394122E-04
 0.1027374326E-04 -0.3370002618E-04
 0.1711587474E-04 -0.3692483904E-04
 0.1006658240E-04 -0.1689839076E-04
 0.1831986259E-04 -0.2441507383E-04
-0.2384617124E-05  0.2214947603E-04
-0.1061280617E-04  0.1621281567E-04
-0.1094569646E-04  0.1599190712E-04
-0.2318108421E-05  0.8264703487E-05
 0.1927298078E-05 -0.1971280035E-04
-0.6207590217E-05  0.1734555394E-05
 0.1967974792E-05  0.3811128155E-05
 0.2115424777E-05  0.2509236670E-05
 0.4811132012E-06  0.1500756083E-05
-0.2997640222E-06 -0.4606893217E-05
-0.5417983764E-05 -0.5552655556E-05
-0.3581651111E-05 -0.9064105967E-05
-0.1372440804E-04  0.5566714982E-05
 0.5155080837E-05  0.6523542076E-05
-0.2924759210E-05 -0.1958582334E-05
 0.7246442881E-05 -0.3281114650E-04
 0.1161020127E-05 -0.1557029236E-04
-0.2391028632E-04  0.3328621520E-04
 0.1695645963E-05  0.5378349619E-07
-0.4802705427E-09  0.7740160004E-06
 0.5649796878E-06  0.1988292645E-07
 0.7632152978E-06 -0.8871913318E-06
-0.1174165029E-06 -0.2476654029E-05
-0.7812077161E-06 -0.3551849574E-05
-0.1171075328E-05 -0.5029364530E-05
 0.1146979721E-05  0.1967604888E-05
 0.6173267856E-06 -0.9650696055E-05
 0.7306634221E-06 -0.1223609115E-04
 0.3649078702E-05 -0.1888790929E-04
-0.4312899187E-05  0.7436309667E-05
 0.3392070622E-06  0.1027019662E-05
-0.6061717856E-06  0.4422352300E-05
 0.1576648818E-05 -0.4879241254E-06
 0.7333412324E-06 -0.5235879193E-05
 0.6203329134E-05 -0.2097844523E-04
 0.4189540220E-05 -0.1946846912E-04
 0.7647715141E-05 -0.2192057341E-04
-0.1239213515E-04  0.1218936741E-04
 0.8507458249E-05 -0.4673064423E-05
 0.6513930318E-05 -0.3594994601E-05
 0.6489613766E-05  0.2949088816E-05
-0.2183121329E-05 -0.3434656563E-06
-0.4000805564E-05 -0.7721697432E-05
-0.8297056936E-05  0.1660881870E-04
-0.3988128475E-05  0.1557947718E-04
 0.3469124183E-05 -0.9006884811E-05
-0.2543731840E-05 -0.8728840115E-06
-0.8809690754E-05  0.1446820678E-04
-0.1447651962E-07  0.3710298470E-05
 0.1802717622E-05 -0.1332224200E-04
 0.4060554280E-06  0.1092139552E-05
 0.4520875431E-05  0.4289286102E-05
 0.5491821022E-05 -0.5868586964E-05
-0.6059187886E-05  0.5742252211E-05
 0.1117083206E-05  0.4490381810E-05
 0.2325053181E-05 -0.5521744907E-05
 0.5932955611E-05 -0.1675604263E-05
-0.2313686241E-05  0.1042814562E-04
-0.3858872116E-05  0.4656095196E-05
-0.1875529504E-05  0.2856731912E-05
 0.3145276232E-05  0.1939340373E-06
 0.1321241814E-05  0.1096218509E-05
 0.1356121416E-04  0.9821869746E-05
-0.5874852085E-05 -0.9798123940E-05
 0.5175245092E-04  0.2995242236E-05
-0.4534457922E-04 -0.2078579390E-04
-0.2153865472E-04 -0.3138929152E-04
-0.1252767834E-03 -0.6842278354E-04
 0.3353866945E-05  0.1808912560E-04
-0.1633311840E-04 -0.5296565393E-04
-0.1725726575E-04 -0.4359974777E-04
-0.1090344853E-04  0.2466580342E-04
 0.1176573847E-04  0.2043992439E-04
 0.3555290392E-05 -0.1006780731E-04
 0.2778814936E-04  0.1236814397E-04
 0.1284451243E-04  0.1103591122E-04
 0.2429580885E-04 -0.1278612703E-04
-0.1120571196E-04 -0.3275415007E-04
 0.1029819577E-04 -0.5955315323E-06
 0.4468509760E-05  0.9242852519E-05
 0.1082139045E-04 -0.3526657431E-05
 0.1544975694E-04 -0.1044883760E-04
 0.1943572204E-04  0.5466052333E-05
 0.2224062889E-04  0.7081646478E-05
-0.3269402461E-05  0.2308674066E-05
 0.3151500735E-04 -0.1071015634E-04
 0.2074597773E-04  0.2829798991E-04
 0.4236861854E-04  0.7438298525E-04
 0.2463114182E-04 -0.2895236835E-04
 0.2063295467E-04  0.4879102908E-04
 0.1576561708E-04  0.5064389113E-04
 0.1948159862E-04  0.5123942116E-04
-0.3276697293E-04 -0.3114521721E-04
 0.1431751997E-04  0.5358533741E-04
 0.2008897158E-04  0.8465646209E-04
 0.6578394827E-05  0.2340850572E-04
-0.4890951133E-04 -0.9921421216E-04
-0.3780715165E-04 -0.6330196629E-04
-0.3059371132E-04 -0.9139925499E-04
-0.2599635986E-04 -0.4833617298E-04
 0.2413300051E-04  0.7243474963E-04
-0.2285972211E-04 -0.8820600606E-05
-0.8761576346E-05  0.4444472568E-04
-0.2073095365E-04  0.3112709337E-04
 0.7698975462E-05 -0.4428289192E-04
-0.2121668655E-05  0.2642892426E-04
-0.3370852783E-05  0.2294483617E-04
-0.3651092956E-05  0.1315786920E-04
-0.4882496973E-05 -0.1041658854E-04
-0.5474151257E-04  0.4270187682E-05
-0.1969605329E-04  0.9689400361E-05
-0.9635053813E-05  0.6368293574E-06
 0.1688038344E-04 -0.3672863987E-05
 0.4883382930E-05 -0.1094678106E-04
 0.8692418986E-05 -0.1684259403E-04
-0.2761115917E-05 -0.2236656963E-04
-0.1060147501E-04  0.2567705640E-04
 0.1138181481E-06 -0.3150151078E-05
-0.1131222143E-04 -0.2425235283E-04
-0.2481323109E-05 -0.2405577729E-05
 0.2781980263E-06  0.2551749106E-04
-0.1833811926E-04 -0.3932637092E-04
-0.3304293542E-04 -0.7200765603E-04
-0.3494390032E-04 -0.5917339218E-04
 0.7910455996E-05  0.6808265804E-04
-0.8079745685E-05 -0.2444390922E-04
-0.2852084818E-04 -0.5100697492E-04
-0.9958391976E-05  0.7904350633E-05
 0.6069789374E-05  0.3976694319E-04
 0.1395154206E-04  0.6085322386E-04
 0.6941708465E-05  0.4750050741E-04
 0.7211150717E-05  0.3760101440E-04
-0.2457608154E-04 -0.2890112225E-04
 0.5521560823E-05 -0.7102687151E-05
 0.1977673924E-04 -0.8155422944E-05
-0.1687358040E-04  0.1222521778E-05
-0.1504477788E-04  0.1048468115E-04
 0.5261736014E-04 -0.1763656661E-04
 0.9343139213E-04 -0.3206476037E-04
 0.4077716677E-04 -0.2338164825E-04
-0.4846452865E-04  0.1671906214E-04
-0.3012778970E-04 -0.3670266914E-04
-0.1091331960E-03 -0.8257287957E-04
-0.1235498859E-03 -0.5800230334E-04
 0.8634918910E-04  0.3816597434E-04
 0.3892038999E-04 -0.1230297807E-04
-0.1613006706E-04  0.2039458456E-04
 0.8556084629E-04 -0.2968860306E-04
 0.5030033910E-04 -0.5050841492E-04
-0.7981406212E-04 -0.7939692891E-04
-0.4099877985E-04 -0.1068694752E-03
 0.2727768879E-04 -0.6642405887E-04
 0.1202260386E-04  0.9390905035E-04
 0.6886811390E-04 -0.4409686085E-04
 0.3689034358E-04 -0.6039005724E-04
 0.2226669542E-04 -0.2445117571E-04
-0.6086774155E-04  0.2871056762E-04
 0.1549270103E-03 -0.1867208667E-04
-0.1007595718E-03  0.5858895312E-04
 0.1634915630E-03 -0.6850841973E-04
 0.1075257190E-03 -0.8411639155E-04
-0.1178638827E-03 -0.5912949589E-04
 0.1408218254E-03  0.6999459985E-04
-0.1346468503E-03 -0.9683996178E-05
-0.2034735900E-03 -0.1209877801E-03
-0.9953861266E-05 -0.1996827663E-04
 0.8439286071E-05 -0.1340326284E-04
-0.8841371050E-05  0.2288970127E-05
-0.1038955450E-04  0.5781074825E-05
-0.2767147984E-04  0.1385290613E-04
-0.4412203133E-04  0.6869384318E-05
-0.6660113974E-04  0.2491269363E-04
 0.3880222346E-04 -0.1399909639E-04
-0.1165211063E-04  0.4367852093E-04
 0.1007691418E-04  0.2506212516E-04
 0.4907982037E-04  0.5741365948E-04
-0.2340345609E-04 -0.2302040663E-04
-0.3479519180E-04 -0.1850958589E-04
 0.2286280577E-04 -0.3189207443E-04
 0.2846185310E-05  0.4631187431E-05
-0.3344520947E-04  0.3819995530E-04
 0.9729817963E-04  0.2921059651E-04
 0.5945042380E-04  0.1538371149E-04
 0.3982517826E-04  0.2138246484E-04
-0.6953187886E-04 -0.2184577768E-04
-0.2698655964E-04  0.1386877446E-04
-0.1877813051E-04  0.8753741759E-05
-0.2362608701E-04  0.6528337732E-05
 0.2826902331E-04 -0.6602962211E-05
 0.1862988973E-04 -0.3773379327E-05
-0.1294770011E-05 -0.2589482425E-04
-0.8779650601E-05 -0.2783021370E-04
 0.7111772693E-05  0.9730250238E-05
 0.2687432061E-05  0.1204101364E-04
-0.4816124859E-04 -0.4733084162E-04
 0.2847135297E-04 -0.3026570308E-04
 0.5584658341E-04  0.4249072239E-04
-0.2000904351E-05  0.2949811677E-05
-0.2356144429E-05  0.7221461307E-06
 0.5677921590E-05 -0.7094203271E-05
-0.3044552607E-05 -0.1697251855E-05
-0.1725877215E-05  0.3880311938E-05
-0.4002377248E-05  0.4660719705E-05
-0.8375418168E-06  0.1218609669E-05
-0.4170171492E-05 -0.4688006187E-05
 0.2455399780E-05  0.6370763564E-05
 0.3468095515E-05 -0.5779284015E-05
 0.8551434151E-05 -0.1051085440E-04
-0.3439778879E-05  0.1220222630E-05
-0.5260397268E-05 -0.1427378010E-05
-0.5503436599E-05 -0.8194843873E-07
-0.2644514638E-05 -0.3770732966E-05
 0.1878969540E-05  0.2397096267E-05
 0.4748640253E-05  0.5960718182E-05
-0.9220624272E-05 -0.7865340078E-05
-0.3789199620E-04  0.6092520703E-05
 0.3328305953E-04 -0.2833800462E-04
-0.3761945147E-04  0.1079598675E-04
 0.6970368776E-04 -0.2723988151E-04
 0.4093335692E-04 -0.2574426975E-04
 0.3342676873E-05  0.3652781935E-06
 0.4135265446E-05  0.6123139798E-06
 0.3969539336E-05 -0.4808069579E-06
 0.2789045889E-05  0.1503080216E-05
-0.1930879226E-05 -0.3241572744E-06
-0.1738489296E-04  0.6868553206E-05
-0.1651724379E-04  0.4786824488E-05
 0.2070081117E-04  0.4995276762E-06
-0.5922391206E-05  0.5390501321E-05
 0.2280048732E-05  0.1775284132E-05
 0.4434082291E-05 -0.2502134834E-05
 0.2314292561E-05  0.3952211673E-05
 0.3031863813E-04 -0.1035508027E-04
 0.1424717147E-04 -0.5605867372E-05
 0.3001253419E-04 -0.1362461814E-04
-0.1053943480E-04  0.6329622573E-05
-0.2111722100E-05 -0.4550698171E-05
-0.2114080210E-06  0.1156761901E-06
-0.2484232760E-05 -0.1858525877E-05
 0.7946143721E-05  0.4041241056E-05
 0.1192029706E-04 -0.1212168947E-04
 0.1854457779E-05 -0.2176120414E-05
-0.1985488829E-05 -0.2253799983E-05
-0.3014795873E-05 -0.1315059134E-05
 0.6027452729E-05  0.1477448578E-05
-0.2870314457E-05  0.3340242684E-05
 0.2549300218E-05  0.3590074037E-05
 0.4790007177E-05 -0.4623054262E-05
-0.5885235747E-05  0.2268073483E-05
-0.4112980990E-05  0.4254579963E-05
-0.3121559493E-05  0.5756605113E-05
 0.7721194787E-05 -0.6502534497E-05
-0.6314677407E-05  0.2421383141E-05
-0.6138801256E-05  0.5373717795E-05
-0.4024387126E-05  0.4377955478E-05
 0.8116549777E-05 -0.1465228596E-05
-0.2285485877E-05  0.9795417368E-05
-0.3146652489E-05  0.8835540507E-06
-0.5568888563E-05 -0.4869818061E-05
-0.3775183450E-05 -0.9356301222E-07
 0.3675309353E-05 -0.3916534845E-05
 0.4873797382E-05 -0.6662679702E-05
 0.6821480631E-05 -0.5055771134E-05
-0.3675008268E-05  0.5023156125E-05
 0.4258754376E-05  0.3568808529E-05
 0.8302323793E-05 -0.6039703613E-05
 0.9156562059E-05 -0.6429962130E-05
-0.2504922187E-05  0.3237861642E-05
 0.7443346504E-05 -0.4875332415E-05
 0.4443524988E-05 -0.4687141716E-05
 0.6674243261E-05 -0.2037031452E-05
-0.2432914102E-05  0.1564578923E-05
 0.4911127022E-05  0.1534517706E-05
 0.9102723308E-05 -0.1628229023E-05
 0.7587243811E-05 -0.2677835947E-05
 0.3026305141E-06  0.1774626726E-05
-0.6628229367E-05 -0.6578592320E-06
-0.5414907317E-05  0.3749487676E-05
-0.4972252379E-05  0.3779844173E-05
 0.1039130420E-04 -0.1623357423E-06
-0.1645139189E-04 -0.4939735991E-05
-0.1738031109E-04 -0.6817941018E-05
-0.1892521802E-05  0.2483363696E-06
 0.2067635396E-04 -0.4534250854E-06
 0.4018545280E-05  0.4605673221E-06
 0.4190416347E-05 -0.6444876448E-06
 0.3392134716E-05 -0.3735978580E-06
 0.2783605377E-05 -0.1487135077E-05
 0.4348306086E-05  0.2507334892E-05
 0.2249182420E-05 -0.1825764841E-05
-0.5873340195E-05 -0.5345136701E-05
 0.2313380449E-05 -0.3995364204E-05
-0.3726776925E-04 -0.1095961992E-04
 0.3371250002E-04  0.2852390674E-04
-0.3806491691E-04 -0.6126432432E-05
 0.6944037028E-04  0.2721124324E-04
-0.9592284454E-05  0.7758583085E-05
 0.4103365883E-04  0.2588113329E-04
 0.4666966417E-05 -0.5873889470E-05
 0.8590498782E-05  0.1054343544E-04
 0.3503765464E-05  0.5777347525E-05
 0.2416878134E-05 -0.6384548019E-05
-0.3425852974E-05 -0.1233927802E-05
-0.7248295270E-06 -0.1210124557E-05
-0.4117284723E-05 -0.4685668824E-05
-0.1724980386E-05 -0.3877526350E-05
-0.4071527461E-05  0.4662461491E-05
 0.5684447341E-05  0.7147416510E-05
-0.2348346614E-05 -0.7027986395E-06
-0.2013249187E-05 -0.2977863923E-05
-0.3043078123E-05  0.1692280956E-05
-0.2657482610E-05  0.3775649083E-05
-0.5522578830E-05  0.6701830895E-07
-0.5248816744E-05  0.1418977577E-05
 0.1885467846E-05 -0.2387023773E-05
-0.5571722838E-05  0.4813426175E-05
-0.3137418644E-05 -0.8786746902E-06
-0.2219452931E-05 -0.9841960116E-05
-0.3902093318E-05  0.1457904298E-06
-0.4028252188E-05 -0.4394808113E-05
-0.6172203290E-05 -0.5374843459E-05
-0.6317467881E-05 -0.2438491336E-05
 0.8151380409E-05  0.1456633951E-05
-0.2995198081E-05 -0.5816395397E-05
-0.4115122336E-05 -0.4264106722E-05
-0.5725750954E-05 -0.2324039916E-05
 0.7557474739E-05  0.6558316567E-05
 0.6835731372E-05  0.5055951599E-05
 0.4731858656E-05  0.6769323595E-05
 0.3789077770E-05  0.3904180457E-05
-0.3699947417E-05 -0.5047469910E-05
-0.1622091009E-05  0.2349278054E-05
 0.1950068480E-05  0.2268732167E-05
 0.1168977191E-04  0.1202675280E-04
-0.3575491155E-05  0.1480140169E-05
-0.2475678938E-05  0.1907487994E-05
-0.1712675283E-06 -0.7802974610E-07
-0.2093511015E-05  0.4541943450E-05
 0.7928225157E-05 -0.4049651657E-05
 0.2989238170E-04  0.1371172473E-04
 0.1412616116E-04  0.5644910871E-05
 0.3033041346E-04  0.1024848010E-04
-0.1038848880E-04 -0.6417052219E-05
 0.2481936348E-05 -0.3620854731E-05
-0.2595743857E-05 -0.3446204801E-05
 0.5799723196E-05 -0.1550771581E-05
 0.4818446482E-05  0.4664411221E-05
 0.7579661070E-05  0.2670252075E-05
 0.9092680642E-05  0.1601597017E-05
 0.4883521451E-05 -0.1558054574E-05
 0.3158478938E-06 -0.1750390640E-05
 0.6702193687E-05  0.2036869807E-05
 0.4333655456E-05  0.4780573991E-05
 0.7485126047E-05  0.4857353872E-05
-0.2426119850E-05 -0.1578967380E-05
 0.9216817305E-05  0.6423242022E-05
 0.8354784389E-05  0.6041720109E-05
 0.4262838696E-05 -0.3609980175E-05
-0.2507235840E-05 -0.3258537858E-05
-0.4988772368E-05 -0.3781043286E-05
-0.5454496249E-05 -0.3759329291E-05
-0.6598162483E-05  0.6668557448E-06
 0.1040703087E-04  0.1882823873E-06
-0.8711051176E-05 -0.2301733402E-05
 0.8697005379E-05  0.1327820104E-04
-0.1009830412E-04  0.2003404476E-04
-0.1042083413E-04 -0.5681490991E-05
 0.2234375571E-04  0.2433380161E-04
 0.3716631517E-04  0.6027633580E-04
 0.6961522901E-04  0.4385483382E-04
-0.6093309119E-04 -0.2869561523E-04
 0.2789611162E-04  0.6632359725E-04
-0.4019975037E-04  0.1070526933E-03
-0.7946749784E-04  0.7943075365E-04
 0.9899356560E-05 -0.9381500797E-04
 0.1630682954E-03  0.7121301822E-04
-0.1002745143E-03 -0.5846588542E-04
 0.1537425836E-03  0.1870441475E-04
 0.1066454432E-03  0.8350691094E-04
-0.1227766364E-03  0.5790551846E-04
-0.1096628498E-03  0.8306524240E-04
-0.2917079002E-04  0.3653534239E-04
 0.8643168465E-04 -0.3870927142E-04
 0.4043739443E-04  0.2363316984E-04
 0.9402228282E-04  0.3227944704E-04
 0.5233540743E-04  0.1773188951E-04
-0.4859040124E-04 -0.1673377153E-04
 0.8616773172E-04  0.2969581591E-04
-0.1587884869E-04 -0.2030267363E-04
 0.4028149455E-04  0.1287511395E-04
 0.4965973405E-04  0.5029135607E-04
-0.1422659836E-03  0.1026548337E-04
 0.1402547755E-03 -0.7014455734E-04
-0.1231614494E-03  0.6116619007E-04
-0.2015655921E-03  0.1199860873E-03
-0.1683230591E-04 -0.1111068271E-05
 0.2010505298E-04  0.8158958894E-05
 0.5304564696E-05  0.7092110140E-05
-0.1520627884E-04 -0.1033932965E-04
-0.2341494597E-04 -0.6756367410E-05
-0.1872273273E-04 -0.9039070658E-05
-0.2700630234E-04 -0.1388503480E-04
 0.2792075280E-04  0.6595434968E-05
 0.3973855980E-04 -0.2157832301E-04
 0.6010274618E-04 -0.1515503095E-04
 0.9863474080E-04 -0.2932581589E-04
-0.6943261970E-04  0.2185227426E-04
-0.8539914780E-05  0.2790137288E-04
-0.9646627424E-06  0.2595383872E-04
 0.1897120305E-04  0.4064076889E-05
 0.7044775060E-05 -0.9889237710E-05
 0.5013503943E-04 -0.5759573607E-04
 0.1240173073E-04 -0.2533494458E-04
-0.1178687389E-04 -0.4362381617E-04
-0.2366772408E-04  0.2294157794E-04
-0.6653458874E-04 -0.2470150666E-04
-0.4386705790E-04 -0.7068178417E-05
-0.2767349370E-04 -0.1370194267E-04
 0.3869764836E-04  0.1402896889E-04
 0.3122544274E-05 -0.4673947094E-05
 0.2293988276E-04  0.3178234649E-04
-0.3410779012E-04  0.1811419888E-04
-0.3419619710E-04 -0.3809708322E-04
 0.2957104757E-04  0.3039439653E-04
-0.4841746776E-04  0.4743926107E-04
 0.4500009789E-05 -0.1212624841E-04
 0.5526830375E-04 -0.4300346864E-04
 0.4466685776E-05 -0.9259018155E-05
 0.1025797598E-04  0.6019679013E-06
-0.1119658232E-04  0.3277237602E-04
 0.1084272086E-04  0.3503674706E-05
 0.1281123127E-04 -0.1099352439E-04
 0.2780915446E-04 -0.1236112194E-04
 0.3531391140E-05  0.1022062055E-04
 0.2427038340E-04  0.1276398737E-04
-0.1098579692E-04 -0.2467716082E-04
-0.1715016413E-04  0.4322889342E-04
-0.1620194681E-04  0.5297459590E-04
 0.1163806844E-04 -0.2025421278E-04
 0.2207643216E-04 -0.7355636862E-05
 0.1957235499E-04 -0.5473170533E-05
 0.1544156093E-04  0.1040832475E-04
-0.3251329203E-05 -0.1983781525E-05
 0.3279098547E-05 -0.1821011450E-04
-0.2103565408E-04  0.3073085567E-04
 0.5182000321E-04 -0.3084400855E-05
-0.5621557111E-05  0.9519843882E-05
 0.1352151533E-04 -0.9900320946E-05
-0.4535338484E-04  0.2094547939E-04
-0.1245937173E-03  0.6849326171E-04
 0.5980887508E-05  0.1645948309E-05
 0.2389888403E-05  0.5494660656E-05
 0.1058444499E-05 -0.4550506987E-05
-0.2359558610E-05 -0.1031931225E-04
 0.5474829371E-05  0.5856220461E-05
 0.4504202409E-05 -0.4337543177E-05
 0.4105736387E-06 -0.1118352677E-05
-0.6169757004E-05 -0.5691472951E-05
 0.3080512409E-05 -0.1843976929E-06
-0.1831530044E-05 -0.2891399845E-05
-0.3879323055E-05 -0.4615233108E-05
 0.1265178839E-05 -0.1104097726E-05
-0.9778934244E-05 -0.5519277025E-06
-0.1966572036E-04 -0.9667674657E-05
-0.5466936912E-04 -0.4251624226E-05
 0.1683693756E-04  0.3628610954E-05
-0.3663374018E-05 -0.1316797055E-04
-0.3396094924E-05 -0.2287796255E-04
-0.2091747134E-05 -0.2634663017E-04
-0.4858414924E-05  0.1041022140E-04
-0.2079375227E-04 -0.3063810991E-04
-0.8762889144E-05 -0.4439454001E-04
-0.2293730644E-04  0.9066968941E-05
 0.7659646759E-05  0.4415464696E-04
-0.2819190501E-05  0.2229046506E-04
 0.8711643986E-05  0.1681540623E-04
 0.4934113723E-05  0.1093019565E-04
-0.1061287426E-04 -0.2561063152E-04
 0.6401195004E-05 -0.2240210518E-04
 0.2005807282E-04 -0.8508803258E-04
 0.1411689193E-04 -0.5289930664E-04
-0.4876132530E-04  0.9888140374E-04
 0.1953956913E-04 -0.5123480641E-04
 0.1575288780E-04 -0.5084079503E-04
 0.2065600612E-04 -0.4868342252E-04
-0.3282192618E-04  0.3107134325E-04
 0.4225800721E-04 -0.7361177487E-04
 0.2078300927E-04 -0.2845050781E-04
 0.3151781223E-04  0.1064279571E-04
 0.2451232252E-04  0.2834880345E-04
-0.2605199332E-04  0.4809034895E-04
-0.3053566815E-04  0.9140837879E-04
-0.3780451932E-04  0.6341347945E-04
 0.2409162211E-04 -0.7284819351E-04
-0.9965113318E-05 -0.7977305987E-05
-0.2859801373E-04  0.5117837104E-04
-0.8047691916E-05  0.2434960240E-04
 0.6075253955E-05 -0.3999901054E-04
-0.3487361897E-04  0.5916089317E-04
-0.3296473068E-04  0.7217211209E-04
-0.1818750716E-04  0.3935863383E-04
 0.7887712337E-05 -0.6842094898E-04
-0.2402801630E-05  0.2275570063E-05
-0.1121290489E-04  0.2407544004E-04
 0.1208972127E-06  0.3141745752E-05
 0.2373115554E-06 -0.2528609616E-04
 0.7145873437E-05 -0.3777408677E-04
 0.6970591034E-05 -0.4757037844E-04
 0.1396235120E-04 -0.6087717984E-04
-0.2462554885E-04  0.2898988710E-04
-0.3249448965E-04  0.2362827213E-04
-0.2703806447E-04  0.4212601471E-04
-0.2320386491E-05  0.2158281446E-04
 0.4782354492E-05 -0.2549251733E-04
-0.1038814998E-03  0.8085197187E-04
-0.2472152966E-03  0.1449281221E-03
-0.5894058030E-05  0.9400856565E-04
 0.9977382351E-04 -0.1195077447E-03
 0.5007233449E-04  0.2196733926E-04
 0.8524608505E-04  0.5015308607E-04
 0.6632270835E-04  0.4679662340E-05
-0.9953427048E-04 -0.1276311370E-04
-0.6590488247E-04 -0.6944203124E-04
-0.4986272158E-04 -0.3467295331E-04
 0.3094695769E-04 -0.6524123704E-04
 0.1337122587E-04  0.5468651026E-04
-0.4851406821E-05 -0.3405715830E-04
 0.2638056735E-04 -0.3417213362E-04
-0.4302398997E-05 -0.5882648375E-04
-0.3956780137E-04  0.6370931007E-04
-0.1717075712E-04 -0.6939588868E-05
-0.9647410875E-05 -0.5009226742E-04
-0.2681584673E-05 -0.3364949074E-05
 0.4867873075E-07  0.4645420026E-04
-0.9312628087E-05  0.4796590776E-04
 0.1136622864E-04  0.4167142895E-04
 0.2002200519E-04  0.4777093300E-04
-0.1242232906E-04 -0.2257039356E-04
-0.6335369743E-04  0.2471863002E-04
-0.2147376472E-04  0.1680406307E-04
-0.3836718209E-04 -0.1077024862E-04
 0.3412525500E-04  0.1198074410E-04
-0.1894022008E-04 -0.3404781503E-04
-0.3586736066E-04  0.2876120339E-05
 0.3250239738E-04 -0.2031587920E-04
 0.3380534023E-05  0.1800528887E-04
-0.1975518571E-04  0.3773498771E-04
 0.3598678266E-04  0.1400378390E-04
 0.6105051440E-04  0.1302907622E-04
-0.1880365577E-04  0.8345568151E-05
-0.4961819810E-03  0.2343080362E-03
 0.9998452258E-03 -0.1229692600E-03
 0.2898061603E-03 -0.7056489493E-04
 0.6468635790E-03 -0.3945801357E-03
-0.1965750405E-04 -0.4339102003E-04
-0.3598173389E-04 -0.8199811095E-04
-0.1320071826E-04  0.5943641819E-05
 0.4611139343E-05  0.6514879348E-04
-0.5168264207E-04 -0.9433367948E-04
-0.5544175792E-04 -0.1451003330E-03
-0.6041811366E-04 -0.1050248513E-03
 0.2466427680E-04  0.1272003374E-03
-0.3169062122E-04 -0.8561810460E-04
-0.4426309673E-04 -0.1019365304E-03
-0.2207862105E-04  0.3050251530E-04
 0.1542070664E-04  0.6544565498E-04
 0.2871746892E-04  0.1023602863E-03
 0.2549864102E-04  0.9855663494E-04
 0.2648360358E-04  0.7811612877E-04
-0.5488839835E-04 -0.6232850715E-04
-0.5675715992E-04 -0.1970452263E-03
-0.3531585286E-04 -0.1513951350E-03
 0.3069409951E-04  0.1019538328E-03
 0.3034523515E-04 -0.5401262420E-04
 0.7848022657E-04  0.4700849514E-04
 0.6598692717E-04  0.6924732184E-04
 0.6617531787E-04  0.1326320754E-03
-0.3141309844E-04 -0.9677318575E-04
-0.1446083357E-04 -0.4781775879E-04
-0.2164128658E-05  0.2906949341E-04
 0.1916609911E-04  0.2110993238E-04
-0.3641587576E-05  0.2251510676E-04
 0.4161292765E-04  0.3684547921E-04
 0.2506320198E-04  0.6943288344E-04
 0.3429881371E-04 -0.3686821155E-04
-0.1074882584E-04 -0.1886594449E-04
 0.3558839605E-04  0.1319016789E-05
 0.3464038423E-04 -0.1969218326E-04
 0.1620614152E-04  0.2106641383E-04
 0.4450285928E-04 -0.2933319752E-04
 0.3389968145E-04  0.4634292109E-05
 0.3986164338E-04  0.3234780636E-04
 0.8841350057E-05 -0.9407529890E-07
 0.3338673588E-04  0.3920430587E-04
 0.3500047608E-04  0.7546781141E-04
 0.3526058183E-04  0.5985465947E-04
-0.4533170533E-04 -0.4383367692E-04
 0.4163030502E-04  0.1041339330E-03
 0.3195481156E-04  0.1104826266E-03
 0.3146867166E-04  0.1461760434E-03
-0.6033635634E-04 -0.1317708225E-03
-0.5328395021E-04 -0.8215309556E-04
-0.3694228291E-04 -0.7910204681E-04
-0.3151583883E-04 -0.4034974593E-04
 0.3413559265E-04  0.6486594808E-04
 0.2110738210E-04  0.5927196857E-04
 0.1097690644E-04  0.1513646025E-03
 0.1158602787E-04  0.1148130669E-03
-0.2297310373E-04  0.1300043556E-03
-0.3952116255E-04 -0.1281218972E-03
 0.1308892230E-04  0.8088110980E-04
 0.8369604987E-05  0.7957878434E-04
 0.9895978304E-05  0.4856131475E-04
-0.3665630065E-04 -0.4265341093E-04
-0.7035743320E-04  0.9299974786E-04
-0.3313957191E-04  0.6602541835E-04
-0.6990448036E-04  0.6012875789E-04
 0.5578156110E-05 -0.6414241600E-04
-0.1801388450E-04 -0.5768742590E-04
-0.1720183888E-04 -0.9660689851E-04
-0.3893777556E-04 -0.7977755716E-04
-0.6013823861E-05  0.9193394625E-04
-0.3080827935E-03 -0.3485568381E-04
-0.1383135999E-03  0.4012265797E-05
-0.1954330921E-03 -0.6740454566E-04
 0.1280064109E-03  0.2508626425E-04
-0.4599591379E-04 -0.3285380123E-03
-0.7986825289E-04 -0.1527519843E-03
 0.2915494851E-03 -0.2246391920E-03
-0.8972935369E-04  0.1486628534E-03
 0.1381324908E-03  0.9333402429E-04
-0.3179975331E-03 -0.1177645392E-03
-0.2669238579E-03 -0.1925676321E-03
-0.3770777618E-03 -0.1897574723E-03
 0.6084217792E-04 -0.3505906404E-04
-0.1075560099E-03 -0.1804079844E-03
 0.8003695401E-04 -0.1081257397E-03
-0.1574078599E-03  0.1968749500E-04
 0.8363491436E-05 -0.1625328380E-03
-0.3389487627E-04 -0.1935525118E-03
 0.1769492163E-04  0.1391606928E-04
-0.8639944188E-04 -0.6772190778E-04
 0.2242528394E-04 -0.1546762734E-04
 0.4061290642E-04 -0.2229826761E-04
-0.4916862996E-04  0.5742014719E-05
-0.3320689005E-04  0.1962428212E-04
 0.7733216440E-04 -0.2644930588E-04
 0.1049454784E-03 -0.4298346481E-04
 0.6535841209E-04 -0.3130436939E-04
-0.6772628242E-04  0.3288034780E-04
 0.6501017823E-04 -0.1004126135E-04
 0.2135989973E-04 -0.3683886339E-04
-0.7063196089E-04 -0.2164280940E-04
-0.1163897676E-04  0.1693244219E-04
-0.6001498719E-04  0.2630756582E-04
-0.4762356210E-04  0.2114138107E-04
-0.3963301303E-04  0.1522439313E-04
 0.5804785383E-04 -0.1557584858E-04
 0.1462077758E-03 -0.6725414172E-04
 0.1739357905E-03 -0.9160210274E-04
 0.9651659304E-04 -0.6382438956E-04
-0.8868080937E-04  0.4387181561E-04
-0.7887814397E-04 -0.6322358227E-04
-0.1986197585E-03 -0.9265735328E-04
-0.3703428104E-03 -0.9889347626E-04
 0.2055450679E-03  0.5029777216E-04
 0.7559039358E-04 -0.8691716148E-04
 0.1298923688E-04  0.4163243762E-04
 0.1031251403E-03 -0.6334426161E-04
 0.8247524226E-04 -0.8803826274E-04
-0.5834389933E-03 -0.2270152099E-03
-0.7567878260E-03 -0.3853202671E-03
-0.3890099482E-03 -0.4106182019E-03
 0.5871646280E-03  0.2925980222E-03
 0.2115224172E-03 -0.4529744812E-03
 0.6614038480E-03 -0.5433496560E-03
 0.5469712976E-03 -0.3308713905E-03
-0.4467449014E-03  0.4067248860E-03
 0.4910552889E-03 -0.5780444635E-04
 0.1922245816E-03  0.4626631236E-03
-0.3239192342E-03  0.5962336674E-04
-0.1933097317E-03 -0.6097419040E-03
-0.3969756422E-03 -0.1277115223E-04
 0.4640943294E-03  0.1167553287E-03
-0.1067150398E-03 -0.9908059916E-04
-0.6153816858E-03 -0.1659449708E-03
-0.9058811549E-04 -0.7756491811E-04
 0.7274766434E-04 -0.1202060287E-03
 0.3803545323E-05  0.1474488372E-04
-0.8535463349E-04  0.1252137616E-03
 0.2097342941E-03 -0.1343340082E-03
 0.2995272284E-03 -0.1760538904E-03
 0.1446938974E-03 -0.9927041107E-04
-0.2418245771E-03  0.1292629720E-03
-0.2069862803E-04 -0.8042866440E-04
 0.5527443039E-04 -0.7318784135E-04
-0.5671481414E-04  0.1283031884E-04
-0.6603769702E-04  0.3827273521E-04
-0.1391518171E-03  0.6482921235E-04
-0.1608745936E-03  0.4683061995E-04
-0.1769042777E-03  0.9006186123E-04
 0.1465574129E-03 -0.5229281090E-04
-0.3822614774E-03  0.2477165075E-03
-0.1841501388E-03  0.1919725988E-03
-0.1056597404E-03  0.3536239144E-03
 0.2714965923E-03 -0.2565282162E-03
-0.7706099568E-05  0.1297920638E-03
 0.2405208473E-04  0.9966581516E-04
 0.1029478354E-03  0.1470549392E-03
-0.3445275352E-04 -0.9212263143E-04
 0.3450220443E-03  0.3255395465E-03
 0.3144486688E-03  0.1824548470E-03
 0.4672795228E-03  0.1914239380E-03
-0.3644227320E-03 -0.2413633977E-03
-0.1399309415E-03 -0.1940827052E-03
-0.6337841880E-04 -0.3079936353E-03
 0.6140594195E-04 -0.1861721578E-03
 0.7973843034E-04  0.2410696804E-03
 0.3083969157E-03  0.8379590846E-04
 0.1692770777E-03  0.5227575847E-04
 0.1066313358E-03  0.4477803999E-04
-0.1893921783E-03 -0.6135308188E-04
 0.6588131889E-04  0.2802619590E-04
 0.5963629608E-04  0.2419906240E-04
 0.2284218131E-04  0.2572098389E-04
-0.4738411140E-04 -0.2337302877E-04
-0.3041016002E-04  0.3868541952E-04
-0.4532311166E-04  0.3278942539E-04
-0.8534036247E-04  0.3986966291E-04
 0.8482917872E-04 -0.4301790240E-04
 0.1949673329E-04 -0.3493427593E-04
-0.9527218304E-05 -0.4448559503E-04
-0.9050383087E-04 -0.4086576420E-04
 0.3382679117E-04  0.3844167003E-04
 0.7708810418E-04  0.2873825432E-04
-0.8855002157E-04 -0.6602320383E-04
-0.7949206737E-05 -0.9194593563E-04
 0.1039068997E-03  0.4118362944E-04
-0.2122521190E-03 -0.8016119244E-04
-0.3674590155E-03 -0.1307243757E-03
-0.2834707844E-03 -0.1340301752E-03
 0.3071969948E-03  0.1106009783E-03
-0.1588113011E-04  0.2121408438E-04
-0.1140393890E-03 -0.1378006912E-03
 0.8004705713E-04 -0.8568393528E-04
 0.1303433474E-03  0.1297527901E-03
 0.2542029431E-03  0.8650692107E-04
 0.2103274876E-03  0.6026370668E-04
 0.1924722718E-03  0.6596597644E-04
-0.2209952534E-03 -0.5832039292E-04
-0.5861944207E-05  0.1704590547E-04
-0.9067746788E-05  0.1104484091E-04
 0.1007421290E-06  0.9607038260E-05
-0.2209919219E-05 -0.1097369570E-04
-0.9769218387E-06  0.7237660188E-05
 0.2878216499E-05 -0.4099648484E-05
 0.1428940832E-04 -0.1620784645E-04
-0.5954254886E-05 -0.4202362315E-06
-0.7340513023E-05 -0.7020285148E-05
-0.1116632727E-04 -0.4828491927E-05
 0.1128579368E-04 -0.1900394520E-05
-0.6078119891E-05  0.6235924577E-05
-0.1292224050E-04  0.1284873929E-04
-0.7218289727E-05  0.2902843143E-05
-0.1743112983E-05  0.5570943686E-05
 0.2588393234E-05 -0.5177620766E-05
 0.7364334427E-05 -0.6618147322E-05
-0.3636450455E-05  0.8004310051E-05
-0.4641845685E-05  0.1189992635E-04
 0.6049696527E-05  0.8426921600E-05
 0.1066666578E-04 -0.8613959999E-05
 0.1720125772E-04 -0.1365983213E-04
-0.5330557558E-05  0.3269866729E-05
 0.1304585757E-04 -0.4363925390E-05
 0.9179241145E-05 -0.5644161587E-05
 0.1359393485E-04 -0.1890535766E-05
-0.6418665665E-05  0.2966236105E-05
 0.8046219746E-05  0.5157728744E-05
 0.1360984232E-04 -0.4641205110E-05
 0.1802834438E-04 -0.9759120014E-05
-0.3758999818E-05  0.1853690898E-05
-0.1236734740E-04 -0.7064258993E-06
-0.1157370549E-04  0.4756347597E-05
-0.7586077252E-05  0.4344019625E-05
 0.1538007043E-04  0.5047669297E-06
-0.6308404378E-05  0.1754523714E-05
-0.5594200696E-05  0.3380247966E-05
-0.5475857997E-05  0.1184134887E-05
 0.9026427461E-05 -0.5545576350E-05
-0.9692092260E-05  0.6587550162E-06
-0.1090209044E-04  0.6409071141E-05
-0.6023554846E-05  0.6826829170E-07
 0.1095008442E-04 -0.5229799142E-06
-0.4005667485E-05 -0.4566254253E-05
-0.3603824395E-05 -0.5327452736E-05
-0.6499121504E-05 -0.9883199965E-05
-0.2787603569E-05  0.7557958393E-05
 0.6060113894E-05  0.5137262795E-06
 0.4728050023E-05 -0.1785092408E-05
 0.1046484882E-04 -0.3298383445E-05
-0.4668787617E-05  0.6936436473E-06
 0.9843930459E-04 -0.6518461665E-04
 0.1041930813E-03 -0.5689028610E-04
-0.1157339554E-03  0.4390523484E-04
 0.1775084172E-03 -0.7979447183E-04
 0.1092779133E-04  0.3219557711E-05
 0.1101620955E-04 -0.4385297959E-05
 0.1733155673E-04 -0.8035358174E-05
-0.4366894502E-05  0.1770042534E-05
 0.1004506244E-04 -0.3896986758E-05
 0.5566571808E-05  0.2509865075E-05
 0.4483923870E-05 -0.6595519394E-05
 0.1233274452E-04  0.1560928569E-05
-0.5519895065E-05  0.1271857255E-04
 0.2496335445E-05  0.1109469945E-04
-0.3415758425E-05 -0.3934819718E-06
 0.1140052228E-04 -0.8999559933E-07
-0.6506469176E-05  0.1551229068E-04
-0.2691390897E-04  0.2370399411E-04
-0.1617743279E-04  0.1377434242E-04
 0.3177665107E-04 -0.1578852543E-04
-0.5658541529E-04  0.3157132006E-04
-0.8574672014E-04  0.3938518662E-04
-0.5985840298E-04  0.2552679592E-04
 0.8951624775E-04 -0.3457204833E-04
-0.1305367110E-04  0.3277005115E-06
-0.4685474734E-04  0.1641674324E-04
-0.4663250726E-04  0.1234699666E-04
 0.4925545267E-04 -0.3377468373E-05
 0.5901589974E-04 -0.1991938387E-04
 0.3996094479E-04 -0.1345339384E-04
 0.5941004545E-04 -0.2441313423E-04
-0.3292127366E-04  0.1859646427E-04
-0.2718873187E-04  0.1448365138E-04
 0.7981089771E-05  0.6197352534E-05
 0.1595825691E-04 -0.1106140469E-04
 0.2116619763E-05  0.7874837033E-05
 0.9084025337E-05 -0.1465701159E-04
-0.3926884026E-06 -0.1362053840E-04
 0.1032228979E-04 -0.1063378415E-04
-0.3562740614E-05  0.1950947599E-04
 0.2604180020E-05  0.2972217737E-05
-0.4448341271E-05  0.3737748850E-05
 0.1555816523E-04  0.3359270993E-05
 0.1042292176E-04  0.1814691200E-05
 0.1317275914E-03 -0.6072596952E-04
 0.9369274417E-04 -0.4604693852E-04
 0.1405119386E-03 -0.5303061717E-04
-0.9275687082E-04  0.3826737957E-04
 0.5352267021E-04 -0.3122707904E-04
 0.2260916659E-04 -0.2243535024E-04
 0.4627520612E-04 -0.1877637071E-04
-0.1928303978E-04  0.1906542444E-04
 0.2986227255E-04 -0.6093006282E-04
 0.7085007573E-04 -0.7145017533E-04
-0.5046726172E-04  0.2856478027E-04
 0.8604549991E-04 -0.2926804139E-04
 0.9122270260E-05 -0.1094237454E-04
 0.1621821950E-05 -0.4224764223E-05
 0.6382740350E-05 -0.7367882893E-05
 0.1035351634E-04  0.3108227555E-05
-0.1341910590E-04 -0.4818911826E-05
-0.9834033964E-05  0.3127535223E-06
-0.8706603216E-05 -0.8361002232E-06
 0.1501525044E-04  0.4604789360E-05
-0.1111095352E-05 -0.2467789379E-05
-0.5972638276E-05  0.5373139678E-06
-0.4976878528E-05 -0.3341989998E-06
 0.8560060621E-05 -0.3676068976E-05
 0.1396404884E-04  0.1720687763E-06
 0.9236912197E-05 -0.5436495027E-06
 0.1234505681E-04  0.1976823666E-05
-0.4703852494E-05 -0.1634630091E-05
-0.8978499477E-05  0.3441374411E-05
 0.4316249774E-05 -0.5252361953E-05
-0.3248524744E-05 -0.5389345535E-05
-0.1537858690E-04  0.1460696137E-05
-0.7904560629E-05  0.1448390575E-05
-0.1970954054E-05 -0.2746909743E-04
 0.6507114024E-06  0.1099424988E-04
 0.2087784825E-04 -0.2983604107E-04
-0.4146573753E-05 -0.6107207659E-05
-0.4648593231E-04 -0.1249406999E-04
-0.4689381091E-04 -0.1625934949E-04
-0.1296780585E-04 -0.3627259677E-06
 0.4916298482E-04  0.3406765633E-05
-0.5977957079E-04 -0.2548838438E-04
-0.8563943439E-04 -0.3942869866E-04
-0.5652293805E-04 -0.3166401871E-04
 0.8947921745E-04  0.3452159465E-04
-0.1628989957E-04 -0.1370499841E-04
-0.2689265279E-04 -0.2381436032E-04
-0.6491465232E-05 -0.1561249953E-04
 0.3191919975E-04  0.1588544630E-04
 0.5944397020E-04  0.2444374026E-04
 0.3985951550E-04  0.1342902421E-04
 0.5908336237E-04  0.1982866906E-04
-0.3303268023E-04 -0.1846282974E-04
 0.4792970905E-05  0.6570508690E-05
 0.5757889201E-05 -0.2647318053E-05
 0.1012601423E-04  0.3775782598E-05
 0.1233390252E-04 -0.1415023159E-05
 0.1742193031E-04  0.8092456385E-05
 0.1100037320E-04  0.4410866932E-05
 0.1086736575E-04 -0.3195301810E-05
-0.4324588373E-05 -0.1745321189E-05
-0.3357069351E-05  0.4740689918E-06
 0.2551389026E-05 -0.1105429271E-04
-0.5430385565E-05 -0.1292392464E-04
 0.1124351879E-04  0.1444790045E-06
 0.1030130379E-04  0.1076373739E-04
-0.7175805154E-06  0.1376995543E-04
 0.9150447889E-05  0.1468711930E-04
-0.3505525468E-05 -0.1953822177E-04
 0.1573482667E-04  0.1102263131E-04
 0.7744139897E-05 -0.6366831930E-05
-0.2702838891E-04 -0.1449261525E-04
 0.2090426599E-05 -0.7823284466E-05
 0.1554548287E-04 -0.3405874640E-05
-0.4345448098E-05 -0.3741962247E-05
 0.2262499170E-05 -0.2978134352E-05
 0.1052380701E-04 -0.1870657206E-05
-0.1156900024E-03 -0.4446227074E-04
 0.1058392571E-03  0.5662068785E-04
 0.1003719941E-03  0.6554894004E-04
 0.1766450797E-03  0.8026474284E-04
 0.1804631909E-04  0.9760460413E-05
 0.1354778394E-04  0.4630704771E-05
 0.7949165608E-05 -0.5166382645E-05
-0.3717649096E-05 -0.1848239440E-05
 0.1369123878E-04  0.1891346586E-05
 0.9449976905E-05  0.5633662919E-05
 0.1306711913E-04  0.4397665837E-05
-0.6417622627E-05 -0.3049454939E-05
 0.1725899220E-04  0.1369327918E-04
 0.1069379505E-04  0.8600362540E-05
 0.5973007564E-05 -0.8440927352E-05
-0.5295777145E-05 -0.3292960638E-05
-0.7597250120E-05 -0.4383739541E-05
-0.1160406883E-04 -0.4797430699E-05
-0.1235339854E-04  0.6955048636E-06
 0.1536470001E-04 -0.4237200797E-06
 0.6866711449E-05  0.6673472005E-05
 0.2683728567E-05  0.5165527416E-05
-0.3572226100E-05 -0.7996219074E-05
-0.7352223918E-05 -0.2856621948E-05
-0.1292131814E-04 -0.1281187040E-04
-0.1733587193E-05 -0.5482170537E-05
-0.4291539223E-05 -0.1193164992E-04
 0.1435054844E-04  0.1625624787E-04
 0.2844095279E-05  0.4104469739E-05
-0.1096571113E-05 -0.7283649010E-05
-0.5923952195E-05  0.3888039030E-06
 0.1594299009E-06 -0.9552330532E-05
-0.9127617455E-05 -0.1103549369E-04
-0.5917722769E-05 -0.1706847417E-04
-0.2165256942E-05  0.1092918179E-04
 0.1139169800E-04  0.1965299057E-05
-0.1116317801E-04  0.4821271910E-05
-0.7378950484E-05  0.7053263538E-05
-0.6091345548E-05 -0.6252423284E-05
-0.6548217057E-05  0.9860184286E-05
-0.3596488686E-05  0.5331908953E-05
-0.4038885139E-05  0.4515342891E-05
-0.2899654758E-05 -0.7527211235E-05
-0.6028838819E-05 -0.7070613401E-07
-0.1094394018E-04 -0.6435680090E-05
-0.9722248147E-05 -0.6523706323E-06
 0.1094672130E-04  0.5678603812E-06
-0.5439111952E-05 -0.1253893568E-05
-0.5579462589E-05 -0.3446922798E-05
-0.6288903813E-05 -0.1835344670E-05
 0.9009201441E-05  0.5592817851E-05
 0.1038319808E-04  0.3305408386E-05
 0.4647098475E-05  0.1863535976E-05
 0.6076359107E-05 -0.5260328876E-06
-0.4697683420E-05 -0.7138676890E-06
-0.8623866262E-05 -0.3538149689E-05
-0.5009670852E-05  0.3029203941E-06
-0.5990637456E-05 -0.5174245837E-06
-0.1028625638E-05  0.2543072476E-05
 0.8488384994E-05  0.3686979558E-05
-0.8676301685E-05  0.8389456307E-06
-0.9811453655E-05 -0.3346393584E-06
-0.1338726990E-04  0.4804990952E-05
 0.1502530970E-04 -0.4530683214E-05
 0.6226744017E-05  0.7320408488E-05
 0.1522378083E-05  0.4196584444E-05
 0.9012922125E-05  0.1091087632E-04
 0.1052964529E-04 -0.3184477065E-05
 0.1229287203E-04 -0.1989748596E-05
 0.9115873852E-05  0.5264954297E-06
 0.1394799012E-04 -0.2427078282E-06
-0.4655431342E-05  0.1704014198E-05
 0.4654675496E-04  0.1905580409E-04
 0.2265253826E-04  0.2258656838E-04
 0.5358110119E-04  0.3142696719E-04
-0.1937331828E-04 -0.1928289157E-04
 0.1395028946E-03  0.5369520548E-04
 0.9352061690E-04  0.4624606939E-04
 0.1316269759E-03  0.6064593416E-04
-0.9227697982E-04 -0.3883366332E-04
-0.5057895980E-04 -0.2882073463E-04
 0.7137523995E-04  0.7168910980E-04
 0.3001485069E-04  0.6153983770E-04
 0.8611445012E-04  0.2975277635E-04
 0.5350916174E-06 -0.1093227241E-04
-0.1582059959E-05  0.2734876343E-04
-0.8005967434E-05 -0.1424047220E-05
 0.2095644629E-04  0.2972816204E-04
-0.3473729010E-05  0.5395659477E-05
 0.3736968350E-05  0.5603311103E-05
-0.1504708021E-04 -0.1613722788E-05
-0.3884459012E-05  0.5951516300E-05
-0.5636184420E-04 -0.1288836788E-04
 0.5583153291E-04  0.7275883480E-04
-0.2231342743E-04  0.8054957226E-04
-0.6610190793E-04 -0.3772380161E-04
 0.1443876517E-03  0.9929854365E-04
 0.3000593635E-03  0.1760535204E-03
 0.2104813242E-03  0.1344870213E-03
-0.2422985623E-03 -0.1290382131E-03
 0.6467803193E-05 -0.1493698853E-04
 0.7391364920E-04  0.1197869609E-03
-0.8901405093E-04  0.7611785678E-04
-0.8834647336E-04 -0.1239345602E-03
-0.1767275115E-03 -0.9050928960E-04
-0.1602804879E-03 -0.4807892450E-04
-0.1394475365E-03 -0.6445123471E-04
 0.1457765477E-03  0.5313637374E-04
 0.5488821005E-03  0.3299199784E-03
 0.6652694445E-03  0.5417718046E-03
 0.2138921769E-03  0.4527137905E-03
-0.4475444178E-03 -0.4064114161E-03
-0.3861293668E-03  0.4094463524E-03
-0.7594928624E-03  0.3876017323E-03
-0.5818947577E-03  0.2269480806E-03
 0.5820009318E-03 -0.2938277883E-03
-0.3479892480E-03 -0.5111152344E-04
 0.1916282861E-03 -0.4623735235E-03
 0.4681719711E-03  0.6936663565E-04
-0.1893941313E-03  0.6054932270E-03
-0.3695259673E-03  0.9935461614E-04
-0.1994998647E-03  0.9328888664E-04
-0.7769841533E-04  0.6339225343E-04
 0.2075835974E-03 -0.5120963013E-04
 0.9500795092E-04  0.6411387668E-04
 0.1740803083E-03  0.9191384328E-04
 0.1453843700E-03  0.6730915200E-04
-0.8832877516E-04 -0.4404575333E-04
 0.1041058013E-03  0.6272322926E-04
 0.1360842739E-04 -0.4150783052E-04
 0.7926404496E-04  0.8732227309E-04
 0.8149108816E-04  0.8797703161E-04
-0.1149684569E-03  0.9915252777E-04
 0.4625877867E-03 -0.1171352318E-03
-0.4056205115E-03  0.1671488991E-04
-0.6119230859E-03  0.1651207870E-03
-0.7094180633E-04  0.2174975180E-04
 0.2231540640E-04  0.3684052590E-04
 0.6493226784E-04  0.1019168606E-04
-0.1124610064E-04 -0.1684313856E-04
 0.6529059634E-04  0.3135476902E-04
 0.1050371791E-03  0.4303329174E-04
 0.7717969991E-04  0.2648493416E-04
-0.6757872158E-04 -0.3281556324E-04
-0.4925151283E-04 -0.5609006526E-05
 0.4116461037E-04  0.2219546614E-04
 0.2170839478E-04  0.1529186824E-04
-0.3323623756E-04 -0.1924886614E-04
-0.3957252980E-04 -0.1541989841E-04
-0.4748967476E-04 -0.2134003355E-04
-0.5975197212E-04 -0.2612694400E-04
 0.5755785536E-04  0.1571068227E-04
-0.8532964489E-04 -0.4004961800E-04
-0.4522230941E-04 -0.3284086371E-04
-0.3076219555E-04 -0.3887465751E-04
 0.8447748490E-04  0.4283929783E-04
 0.2235909136E-04 -0.2599113006E-04
 0.5971933595E-04 -0.2429932231E-04
 0.6571729906E-04 -0.2790140756E-04
-0.4778955639E-04  0.2333094013E-04
 0.1059762099E-03 -0.4511140845E-04
 0.1692853804E-03 -0.5204838323E-04
 0.3114194600E-03 -0.8406707594E-04
-0.1894266108E-03  0.6149765950E-04
-0.9103828148E-04  0.4097380869E-04
-0.8875455670E-05  0.4457884528E-04
 0.1974352607E-04  0.3496689805E-04
 0.3379641421E-04 -0.3851394894E-04
 0.4711511926E-03 -0.1923167243E-03
 0.3142014543E-03 -0.1821360629E-03
 0.3476651142E-03 -0.3261700631E-03
-0.3650289766E-03  0.2418328739E-03
 0.1013742211E-03 -0.1470886212E-03
 0.2343762885E-04 -0.9979356903E-04
-0.7840980978E-05 -0.1292468206E-03
-0.3330020581E-04  0.9234123647E-04
-0.1039813314E-03 -0.3536115452E-03
-0.1840553477E-03 -0.1919692198E-03
-0.3833111752E-03 -0.2468248711E-03
 0.2702405986E-03  0.2563000282E-03
 0.6196348081E-04  0.1854158248E-03
-0.6267075343E-04  0.3083771550E-03
-0.1400410889E-03  0.1942822435E-03
 0.7617908213E-04 -0.2405742124E-03
 0.8152282720E-04  0.8501208113E-04
-0.1148447284E-03  0.1382203680E-03
-0.9038300460E-05 -0.2307139829E-04
 0.1278991012E-03 -0.1303216187E-03
-0.2835139799E-03  0.1341242116E-03
-0.3687745108E-03  0.1315758908E-03
-0.2120024029E-03  0.8022583438E-04
 0.3069192135E-03 -0.1109177980E-03
-0.5709404126E-05  0.9235530470E-04
-0.8823281876E-04  0.6593299128E-04
 0.7958173089E-04 -0.2882802517E-04
 0.1028118696E-03 -0.4162708088E-04
 0.1920543092E-03 -0.6604869955E-04
 0.2113075399E-03 -0.6027717923E-04
 0.2552465370E-03 -0.8618514655E-04
-0.2216844234E-03  0.5852459305E-04
 0.2510619348E-04 -0.6952427672E-04
 0.4184462598E-04 -0.3668264463E-04
-0.3564906024E-05 -0.2254111114E-04
 0.3398554545E-04  0.3693299044E-04
-0.2215824336E-05 -0.2907332461E-04
-0.1440196215E-04  0.4752111953E-04
-0.3131522599E-04  0.9667797875E-04
 0.1910101851E-04 -0.2110581869E-04
 0.3439708010E-04  0.1933405231E-04
 0.3554565314E-04 -0.1488391883E-05
-0.1080762620E-04  0.1895395236E-04
 0.1629211625E-04 -0.2067591564E-04
 0.7860404659E-04 -0.4657603702E-04
 0.3017924479E-04  0.5401784141E-04
 0.6614417363E-04 -0.6922482199E-04
-0.3573120377E-04  0.1516240541E-03
-0.5681143189E-04  0.1953451649E-03
 0.3036665631E-04 -0.1019789593E-03
 0.6653233480E-04 -0.1327875723E-03
-0.2215669078E-04 -0.3063640914E-04
-0.4393899405E-04  0.1009914395E-03
-0.3146369430E-04  0.8537683528E-04
 0.1523718143E-04 -0.6480423919E-04
-0.6078978010E-04  0.1051586234E-03
-0.5549091369E-04  0.1455197809E-03
-0.5164328072E-04  0.9440362206E-04
 0.2469822699E-04 -0.1273455273E-03
-0.1324346627E-04 -0.6028367737E-05
-0.3575318409E-04  0.8149850672E-04
-0.1961082063E-04  0.4317625156E-04
 0.4479885064E-05 -0.6467654474E-04
 0.2634491904E-04 -0.7865117225E-04
 0.2552988626E-04 -0.9851692400E-04
 0.2877693854E-04 -0.1020042175E-03
-0.5499597413E-04  0.6279164010E-04
 0.3138383067E-04 -0.1457821357E-03
 0.3224683857E-04 -0.1102803266E-03
 0.4172127341E-04 -0.1040468540E-03
-0.6052430654E-04  0.1315279685E-03
 0.3492960814E-04 -0.6084697094E-04
 0.3510185253E-04 -0.7557655216E-04
 0.3340932874E-04 -0.3935694086E-04
-0.4532272688E-04  0.4449923948E-04
 0.4017484284E-04 -0.3196775057E-04
 0.3386707550E-04 -0.4676118408E-05
 0.4430234160E-04  0.2917248711E-04
 0.8838970512E-05  0.1769639351E-06
-0.3160650039E-04  0.4046298940E-04
-0.3720676103E-04  0.7929228276E-04
-0.5348330319E-04  0.8237849785E-04
 0.3423856590E-04 -0.6483558753E-04
 0.2925974933E-03  0.7075373037E-04
 0.1003717928E-02  0.1300655892E-03
-0.4943239142E-03 -0.2355031186E-03
 0.6455634639E-03  0.3943440269E-03
-0.2509905869E-05  0.3128576691E-05
-0.9276566016E-05  0.4976538631E-04
-0.1713571746E-04  0.6779879857E-05
-0.7577892660E-07 -0.4603532174E-04
-0.4582676057E-05  0.5893331197E-04
 0.2619609628E-04  0.3436092662E-04
-0.5373084766E-05  0.3496481515E-04
-0.3951891034E-04 -0.6372341343E-04
 0.1954520764E-04 -0.4726364667E-04
 0.1131431460E-04 -0.4189792846E-04
-0.9144000956E-05 -0.4774462230E-04
-0.1275015236E-04  0.2263182449E-04
 0.6638979848E-04 -0.4833649669E-05
 0.8535781053E-04 -0.5006036102E-04
 0.5069051917E-04 -0.2195558212E-04
-0.9920562392E-04  0.1260810784E-04
-0.5694520486E-05 -0.9380872229E-04
-0.2467848261E-03 -0.1449257279E-03
-0.1036393196E-03 -0.8083710016E-04
 0.9903499208E-04  0.1194696213E-03
-0.2146364035E-05 -0.2148697607E-04
-0.2698343228E-04 -0.4230457083E-04
-0.3247998904E-04 -0.2379520198E-04
 0.4185007746E-05  0.2565888088E-04
 0.3058838217E-04  0.6535982050E-04
-0.4962213287E-04  0.3453662902E-04
-0.6593326142E-04  0.6932626647E-04
 0.1349405923E-04 -0.5458995450E-04
 0.3192354209E-04  0.2041357188E-04
-0.3593601593E-04 -0.2775056521E-05
-0.1859692008E-04  0.3381929924E-04
 0.3582273971E-05 -0.1795395250E-04
-0.3830577189E-04  0.1073373900E-04
-0.2158353360E-04 -0.1698313339E-04
-0.6326479964E-04 -0.2499373422E-04
 0.3416085290E-04 -0.1216593211E-04
 0.6038418357E-04 -0.1344370510E-04
 0.3621896872E-04 -0.1412202997E-04
-0.1983235308E-04 -0.3778879885E-04
-0.1909971354E-04 -0.7987738265E-05
 0.2907112240E-03  0.2242153006E-03
-0.7913277119E-04  0.1524182326E-03
-0.4517173980E-04  0.3279879812E-03
-0.8965153824E-04 -0.1486350094E-03
-0.1947497525E-03  0.6712739637E-04
-0.1378958196E-03 -0.4264536603E-05
-0.3087112194E-03  0.3497300075E-04
 0.1271375165E-03 -0.2525868559E-04
-0.2681186012E-03  0.1931279422E-03
-0.3216556136E-03  0.1169634847E-03
 0.1374987701E-03 -0.9310058580E-04
-0.3755800801E-03  0.1895483388E-03
-0.6985921883E-04 -0.5993697588E-04
-0.3289962272E-04 -0.6586017657E-04
-0.7029375804E-04 -0.9271171235E-04
 0.5449004535E-05  0.6390069665E-04
 0.9741911592E-05 -0.4896113765E-04
 0.8381229352E-05 -0.7971041396E-04
 0.1315425616E-04 -0.8050173387E-04
-0.3683742957E-04  0.4300048237E-04
-0.2305045321E-04 -0.1296856314E-03
 0.1151050050E-04 -0.1146963282E-03
 0.1114116792E-04 -0.1524246761E-03
-0.3926489074E-04  0.1279501304E-03
-0.3881308388E-04  0.7944961001E-04
-0.1728642429E-04  0.9642447644E-04
-0.1787756125E-04  0.5779906242E-04
-0.6045536543E-05 -0.9160485154E-04
 0.2073973389E-04 -0.5567170121E-04
-0.3356023275E-04  0.1935718305E-03
 0.9009648665E-05  0.1619254274E-03
 0.1760896834E-04 -0.1233526044E-04
 0.8008554007E-04  0.1075890471E-03
-0.1081948103E-03  0.1809914720E-03
 0.6094357593E-04  0.3464763323E-04
-0.1577759042E-03 -0.1958443539E-04
-0.8664543718E-04  0.6757105126E-04
-0.5470362826E-03  0.3576684960E-03
-0.3250973688E-03  0.4676042743E-03
-0.5297210923E-03  0.4077845523E-03
 0.5958568642E-03 -0.3452680227E-03
 0.9774076074E-04  0.5117013580E-03
 0.5709121697E-04  0.1137650473E-03
 0.4862831779E-03  0.2075579227E-04
 0.2287445599E-04 -0.6718227528E-03
-0.7847215048E-03  0.3811600214E-03
 0.8361683232E-03 -0.1117125828E-03
 0.7259923053E-03 -0.1689293750E-03
 0.1083900587E-02 -0.5445361671E-03
 0.7568494510E-03 -0.7019351148E-03
 0.8027513673E-03 -0.5471368577E-03
 0.4402803161E-03 -0.6168906035E-03
-0.5242416806E-03  0.5398701769E-03
 0.6080469064E-04  0.1106873604E-03
 0.1505165067E-03  0.1599759615E-03
 0.1249756527E-03  0.9803682071E-04
-0.1758309636E-03 -0.1275460228E-03
-0.8791135861E-04  0.2133536988E-03
 0.1977547337E-03 -0.1411768395E-03
-0.1581550387E-03 -0.1091186779E-03
-0.6558575683E-05 -0.4142222204E-03
 0.4097611482E-03  0.1583823224E-03
-0.1991309864E-03 -0.1211979201E-03
 0.5359083509E-03  0.1422958095E-03
-0.6500944176E-03 -0.3141293148E-03
-0.5299299682E-03 -0.4389155143E-03
-0.3591018176E-03 -0.2239034324E-03
-0.1450248089E-03 -0.2735822529E-03
 0.2626201716E-03  0.2170787932E-03
 0.6843146487E-03 -0.4217791919E-03
 0.3194387932E-03 -0.3076657046E-03
 0.7941666125E-03 -0.3783577589E-03
-0.5754699001E-03  0.2591638687E-03
 0.8875071073E-04 -0.2596326188E-03
-0.3427280383E-03  0.4027927253E-04
 0.2432868230E-03 -0.2178553993E-03
-0.8997037989E-04  0.9092175980E-04
 0.4906418154E-03 -0.4101167466E-03
-0.1884090893E-03  0.1515002976E-03
-0.1382961330E-03 -0.4420034566E-03
-0.4734333955E-03  0.3017117157E-03
-0.5399534467E-03  0.1516131036E-03
-0.5254337455E-03  0.2348358074E-03
-0.4008321544E-03  0.1814631053E-03
 0.5078012584E-03 -0.1779895060E-03
 0.9636797775E-04 -0.1233789914E-03
-0.8442890966E-03 -0.5699685535E-03
-0.8369140355E-04 -0.1784151587E-03
-0.6351311777E-04 -0.1580322092E-03
-0.3812832249E-04  0.7997817626E-04
 0.2897908494E-04  0.8755700203E-04
-0.7159855085E-04 -0.1103685485E-03
-0.3275868448E-04 -0.1019064058E-03
-0.3863303247E-04 -0.6325871917E-04
 0.3816455592E-04  0.9913849615E-04
 0.1245659407E-03 -0.1856410453E-04
 0.3912196839E-04  0.4799905981E-04
 0.8787240960E-04  0.9466109423E-04
 0.1020608316E-03 -0.9653478317E-04
 0.3515144487E-05  0.1877502664E-04
 0.4140793959E-04  0.8092856641E-04
 0.2300137964E-04  0.5313476418E-04
 0.4274585140E-04 -0.6462627268E-04
 0.6491675714E-04 -0.9388074089E-04
 0.4246532749E-04  0.1892584451E-05
 0.3597331261E-04  0.3551479298E-04
 0.3279763485E-04  0.2171485076E-04
-0.4912110264E-04 -0.1029924462E-03
 0.3160839441E-04  0.1361875274E-04
 0.1147737963E-04  0.4118760903E-04
 0.3178232328E-04 -0.2345862811E-04
 0.3776535392E-04 -0.5308795331E-04
 0.6482800685E-04 -0.2200069534E-04
 0.5734088811E-04 -0.1870479484E-04
-0.9673060646E-05  0.3365135456E-04
 0.4968393100E-04  0.6977634740E-04
 0.6605156726E-04  0.9020377349E-04
 0.5414333778E-04  0.7893864477E-04
-0.7388652923E-04 -0.4556592600E-04
-0.8190055823E-04 -0.2020906443E-03
-0.2311506723E-04 -0.9238747340E-04
-0.3149306730E-04  0.1115462360E-03
 0.4236023999E-04  0.2412859634E-04
 0.9901414957E-04  0.2104982438E-03
 0.3535667495E-04  0.1596691395E-03
 0.3320124265E-04  0.1526420629E-03
 0.2406853209E-04  0.1956149015E-03
-0.6634863833E-04 -0.1806225628E-03
 0.1205490313E-04  0.1063625014E-03
-0.3738868564E-04 -0.2733981508E-03
 0.9644755130E-05 -0.2233940440E-03
 0.2142479539E-04  0.1734469325E-03
 0.4045728413E-04  0.1433099383E-03
 0.5352763684E-04  0.1418480477E-03
 0.4177347235E-04  0.1057196831E-03
-0.9028700583E-04 -0.9037470830E-04
 0.1720458447E-04  0.1246859353E-03
 0.2936727722E-04  0.1355231703E-03
 0.1639746734E-04  0.8740301778E-04
-0.7072721081E-04 -0.8255519965E-04
-0.6997400117E-04 -0.1250617895E-03
-0.5173246813E-04 -0.1450482867E-03
-0.3034065522E-04  0.3238260161E-04
 0.7655735031E-05  0.9648375470E-04
-0.4739026495E-04 -0.2396690714E-04
-0.9907464828E-04  0.1495309171E-03
-0.4507987449E-04  0.1218736266E-03
-0.7903803404E-04  0.1194227450E-03
-0.4068254144E-05 -0.1315628994E-03
-0.3470850412E-03 -0.2266595443E-03
-0.2583551652E-03  0.3648822844E-04
-0.3042718476E-03 -0.8088251725E-04
 0.2884070544E-03 -0.7855077506E-04
 0.4304440281E-04 -0.1252590853E-03
 0.8497205332E-04 -0.2348618174E-03
 0.1246139017E-03 -0.2076043324E-03
-0.1281503874E-03  0.5687909970E-04
-0.3425498008E-04 -0.1145450507E-03
-0.1370965777E-04 -0.1700980609E-03
-0.5818933169E-04 -0.1382541640E-03
-0.2076350923E-04  0.1433975003E-03
 0.7995409204E-04 -0.2498539034E-03
 0.9554785811E-05 -0.2650316763E-03
 0.2559641882E-04  0.6230493346E-04
-0.6960863328E-04 -0.1395242646E-03
-0.5694337078E-04 -0.2021544107E-03
-0.8457263938E-04 -0.1510333402E-03
 0.2046027484E-04  0.1703888857E-03
-0.6986761819E-05  0.1860698460E-03
 0.1898297600E-05  0.1559745880E-03
-0.5506319902E-04  0.1673270993E-03
-0.3164657283E-04 -0.1928396664E-03
-0.5174654131E-03 -0.1568212159E-03
-0.2874872549E-03 -0.1720206032E-04
-0.3160253065E-03 -0.1128770673E-03
 0.2470136015E-03  0.6165967719E-04
-0.1251037711E-03  0.1079807439E-04
-0.4663734820E-04  0.5285194245E-04
 0.1038149073E-03  0.4603203391E-04
 0.8242610772E-04  0.3425909531E-04
-0.1665708986E-03 -0.1553568873E-03
-0.1689089713E-03  0.2897597602E-07
 0.2436472768E-03 -0.2550521493E-04
 0.1464229909E-03  0.7240523782E-04
 0.1637976076E-03  0.3220643062E-04
 0.2511552864E-03  0.9146234298E-04
 0.1222635710E-03 -0.3786827717E-04
-0.2464292605E-03  0.7216382722E-05
 0.6128293815E-04 -0.6718867074E-04
 0.8189526594E-04 -0.5685353126E-04
 0.1046900769E-04 -0.1222454457E-03
-0.1083111063E-03  0.1090495285E-03
 0.1109440622E-03 -0.2621138477E-04
 0.2118978252E-03  0.1420572234E-04
 0.8566341297E-04 -0.6545427550E-04
-0.1990396949E-03  0.2568723758E-04
 0.1059347377E-04 -0.8541878346E-04
 0.6602021520E-05 -0.9566402565E-04
-0.1735917183E-04 -0.1030523421E-03
-0.5630418643E-04  0.1063842084E-03
-0.1363135250E-03  0.8438671049E-04
-0.9222770537E-04  0.8184711212E-04
-0.1463911681E-03  0.6483823604E-04
 0.3701639320E-04 -0.7970900821E-04
-0.5310528815E-04 -0.7446277373E-04
-0.2259046936E-04 -0.1169672539E-03
-0.7696243173E-05  0.2370898321E-05
-0.2075641636E-04  0.9188705559E-04
-0.1336382899E-04  0.9670567434E-04
-0.6738097562E-05  0.1288555372E-03
-0.4374345803E-05  0.6338292082E-04
-0.4199365991E-04 -0.6341833565E-04
-0.4202047183E-04  0.7084959395E-04
-0.1642055438E-04  0.1012362004E-03
 0.4545470467E-04  0.9197520973E-04
-0.1744612566E-04 -0.3663288884E-04
-0.3439228864E-04 -0.2123567029E-04
 0.1538676952E-04 -0.8754594892E-04
 0.1426960240E-04 -0.1685724641E-04
-0.2575789180E-04  0.8865805651E-04
 0.1154308546E-03  0.4185969753E-06
 0.3571158310E-04 -0.3446419161E-04
-0.1415936266E-03  0.1495015902E-04
-0.2219940370E-04  0.8438703852E-05
 0.3845432897E-04 -0.3290049204E-04
 0.1584259455E-04 -0.3800965935E-04
 0.1941390457E-04 -0.2729985671E-04
-0.7118592348E-05  0.2443996659E-04
 0.1867913677E-03  0.2796202777E-04
 0.6331528828E-05 -0.2515436792E-04
-0.1986907063E-03  0.1174935483E-04
 0.1259251490E-04  0.2083198779E-05
-0.3714314393E-04  0.1535063944E-04
-0.1212240841E-04  0.2151794141E-04
 0.8429875437E-05  0.1879344282E-04
 0.3295181073E-04 -0.2129592048E-04
-0.1386938864E-03  0.7140816860E-04
-0.3784036911E-03 -0.3303127045E-03
 0.2935105118E-03 -0.3271229106E-03
 0.4243940993E-03  0.2915923529E-03
-0.5319540831E-03 -0.3659629357E-03
-0.5418219509E-03 -0.4839422166E-03
-0.2355967133E-03 -0.5333292355E-03
 0.5139679185E-03  0.4188236061E-03
-0.3698786631E-03 -0.2531356975E-03
 0.9098862956E-04 -0.5638923953E-03
 0.2624434944E-03 -0.8423526870E-04
-0.4711626593E-04  0.4785645653E-03
 0.4262921076E-03  0.4381600263E-03
 0.3863180479E-03  0.3847409741E-03
 0.4115074846E-03  0.3500907733E-03
-0.3449392891E-03 -0.3128292355E-03
-0.1593814298E-03  0.1173972595E-03
 0.6425108237E-03  0.2369809270E-03
-0.1961436267E-03  0.6583640377E-04
-0.7234537555E-03 -0.2602901506E-03
 0.6471005274E-03  0.1716259616E-03
 0.6451150473E-03  0.1522521810E-03
 0.4344471572E-03  0.1190373288E-03
-0.6157129898E-03 -0.8639555456E-04
-0.1644437889E-03 -0.6120830192E-05
 0.3638400098E-03  0.5453677422E-04
-0.1013326498E-03 -0.6413055722E-04
-0.4579847341E-03 -0.4631628496E-04
-0.5194803463E-03 -0.9026539950E-04
-0.6374935006E-03 -0.1151783729E-03
-0.6544676318E-03 -0.1820112152E-03
 0.5438969726E-03  0.1312156097E-03
-0.5066558785E-05 -0.7434046450E-04
 0.1376318487E-03  0.1699059140E-04
 0.3981495546E-04 -0.4791006290E-04
-0.1051400797E-03 -0.2495239797E-04
 0.4093476636E-04  0.7133868008E-05
 0.8975216355E-04  0.1768551696E-04
 0.8558047855E-04  0.1132900649E-04
-0.4317488479E-04 -0.1460075902E-04
 0.2353144442E-04 -0.3058929783E-04
 0.2682925310E-04  0.2096147895E-04
 0.7626117368E-05 -0.2297042930E-04
 0.6003493533E-05 -0.2986173451E-04
-0.7598069192E-05 -0.2384766156E-04
-0.1932983420E-04 -0.2330863974E-04
-0.6782963227E-04 -0.2185779288E-04
 0.7171500456E-04  0.1610612799E-04
 0.2284558173E-03  0.7558175072E-04
-0.1006449939E-03 -0.3398645994E-04
-0.2056494557E-03 -0.5187218010E-04
 0.1102703966E-03  0.1636834447E-04
-0.1952111363E-03 -0.3354833089E-04
-0.2650530702E-03 -0.3275392982E-04
-0.3578102009E-03 -0.3951757505E-04
 0.2293386403E-03  0.2748423662E-04
 0.1222046239E-03  0.1302935092E-03
-0.3025413822E-03 -0.1035037128E-03
-0.1316898917E-04 -0.2171929155E-03
 0.3078498488E-03  0.9292930267E-04
 0.2702701727E-03  0.3109495549E-04
 0.3243712530E-03  0.2983585718E-04
 0.2308098801E-03  0.2495593139E-04
-0.2981272990E-03 -0.1094200297E-04
-0.6231004986E-05  0.1095781410E-04
-0.6717449213E-05  0.5037273049E-05
 0.1878255538E-04 -0.1675598602E-04
-0.8861315926E-05 -0.7585265016E-05
-0.1724749685E-05  0.1322714839E-04
-0.5527966778E-05  0.1786662452E-04
 0.5691212573E-06  0.9964972959E-05
-0.5877524953E-05 -0.1561881730E-04
-0.1173771384E-04  0.2043914485E-04
 0.2305937661E-05  0.1299924719E-04
-0.1708306480E-04  0.9268253006E-05
-0.1498100363E-04 -0.2102509178E-04
 0.6755741280E-05  0.1337253135E-05
 0.1156277920E-05 -0.1423304967E-06
 0.1181749160E-04 -0.1600095329E-05
-0.5760145214E-05  0.1029020577E-05
-0.5982406820E-05 -0.7049980788E-05
-0.5906040712E-05 -0.8773608554E-05
-0.9652979780E-05 -0.2085148945E-04
-0.5521267448E-05  0.1264085481E-04
 0.7921119533E-05  0.1738698090E-04
 0.1279193206E-04 -0.1081312563E-04
 0.2925395031E-04 -0.2303918783E-04
-0.9273811331E-05  0.1230457416E-05
-0.1366189008E-04 -0.1615054796E-05
-0.1801002645E-04  0.3363955081E-05
-0.7906498660E-05  0.4914928760E-06
 0.1555608684E-04  0.4799538289E-05
-0.1230052445E-04 -0.9724713643E-05
-0.1601141100E-04 -0.7865068034E-05
-0.5596434726E-05 -0.1370292167E-04
 0.5198563850E-05  0.1139794293E-04
 0.4193072674E-05  0.2212936701E-04
 0.3637053362E-05 -0.7162581864E-05
 0.2619662188E-04 -0.2760867035E-04
-0.1032856394E-04 -0.3641516828E-05
-0.6101040747E-05 -0.2672110524E-04
-0.2975228658E-04  0.2724917655E-04
-0.4927363110E-04  0.3642335867E-04
-0.3311274136E-04  0.2183791433E-04
 0.5031046989E-04 -0.4185390533E-04
-0.7048977748E-04  0.4246448148E-04
-0.8031509855E-04  0.4562346044E-04
-0.6637497693E-04  0.3696476467E-04
 0.7971681541E-04 -0.5733608962E-04
-0.3227546571E-04  0.1756260027E-05
-0.6057400281E-04  0.1670630396E-04
-0.6044756228E-04  0.5654322615E-05
 0.6061049187E-04 -0.6665561614E-05
 0.6453273040E-04 -0.3614013489E-04
 0.5462823301E-04 -0.2737217668E-04
 0.6777583006E-04 -0.5252196786E-04
-0.4934128485E-04  0.3084149228E-04
-0.7892025000E-04  0.4145682714E-04
-0.9782869890E-04  0.3599666066E-04
-0.7323648613E-04  0.3512642508E-04
 0.1060290571E-03 -0.5818086420E-04
-0.2555011967E-05 -0.1457981463E-04
-0.9650520580E-05 -0.2149941387E-04
-0.3201152954E-04  0.2907567655E-04
 0.5172358278E-04 -0.4578070099E-04
-0.3421597970E-04  0.2149162818E-04
-0.6450418248E-04  0.2469822084E-04
-0.5815737210E-04  0.2034451569E-04
 0.5866979244E-04 -0.2496164413E-04
 0.4711763858E-04 -0.3635854202E-04
 0.6214131052E-04 -0.3856271403E-04
 0.8531379668E-04 -0.4790704840E-04
-0.7193691520E-04  0.3357019085E-04
-0.9827868943E-04  0.1356558063E-04
 0.5879067168E-04 -0.1416554335E-04
 0.5222711786E-04 -0.3842901576E-04
-0.4234246020E-04  0.1538927580E-04
-0.5961682868E-04  0.1560047854E-04
 0.2100071578E-04 -0.1147031161E-04
 0.4940394023E-04 -0.2944991849E-04
-0.4174168889E-04  0.1971439303E-04
 0.7923324813E-04 -0.4385649184E-04
 0.7545345607E-04 -0.4081042383E-04
 0.8094383885E-04 -0.5802496002E-04
-0.6865253288E-04  0.3997005930E-04
-0.4780905099E-04  0.1545097134E-04
-0.7892780097E-04  0.2730487156E-04
-0.7672602257E-04  0.1600628400E-04
 0.7677226770E-04 -0.2162781303E-04
 0.1263110807E-03 -0.7929370536E-04
 0.6783800118E-04 -0.6019129380E-04
-0.3584376621E-04 -0.2794624664E-05
 0.8472981005E-04 -0.6384284145E-04
 0.8629046772E-04 -0.5767468130E-04
 0.4700985726E-04 -0.3252079011E-04
 0.6586991942E-04 -0.4347273466E-04
 0.4952255277E-04 -0.2988055358E-04
 0.2515731403E-04 -0.4788336718E-04
 0.4425430466E-04 -0.4387127653E-04
 0.2197956936E-04 -0.1714400733E-04
-0.2743390166E-04  0.1731789713E-04
 0.7619365886E-05  0.1039296417E-05
 0.3275008548E-04 -0.1121717088E-04
-0.2493625774E-04  0.1754685173E-04
-0.5497397639E-05  0.1580471432E-04
 0.6820589162E-05  0.8165112137E-05
 0.1550884692E-04  0.2971755883E-06
-0.8238914210E-05  0.1134615399E-04
 0.3650790518E-04 -0.1954439755E-04
 0.2386132031E-04 -0.1059898877E-04
 0.2868287620E-04 -0.3355959808E-04
-0.1362646223E-04  0.1245405092E-04
-0.8422860959E-05 -0.8710338167E-05
-0.2840352655E-04 -0.1044845030E-05
-0.3073469658E-04 -0.3939437916E-05
 0.3318975001E-04  0.7551299675E-05
 0.3471710588E-04 -0.4252157014E-04
 0.1600255314E-04 -0.2218622253E-04
 0.1973325453E-04 -0.1119257057E-04
-0.2408923040E-04  0.1105051009E-04
-0.4543754131E-06 -0.1252987351E-04
-0.2840060356E-05 -0.7551979222E-05
 0.3195408230E-05 -0.9633563536E-05
 0.1130856530E-04  0.6323700638E-05
-0.7618791417E-05  0.7102111362E-06
-0.1065747160E-04  0.2278549416E-05
-0.3554442301E-04 -0.8782095917E-05
-0.8092184464E-06  0.8427898861E-05
 0.6810332431E-05 -0.2635291683E-04
-0.1692187593E-04 -0.7973155018E-05
-0.1790580940E-04 -0.1926523569E-05
-0.1071754881E-04 -0.2640592473E-05
 0.1983950649E-04  0.6640270855E-05
-0.1622214201E-04 -0.2566774057E-05
-0.1900597869E-04  0.4063363993E-05
-0.9455017150E-05  0.4482431847E-05
 0.2022867341E-04  0.2674099096E-05
 0.1033893441E-04  0.1139596383E-04
 0.1553779186E-04 -0.5553729548E-05
 0.2979370987E-04 -0.1729212357E-04
-0.7053838870E-05 -0.1993099928E-06
-0.6759448062E-05  0.8872503851E-05
-0.5351917999E-05  0.4136301480E-05
-0.5435765292E-05  0.4235413971E-05
-0.3836142659E-05  0.3906048167E-05
 0.7777845842E-05 -0.6248124976E-05
-0.5234768786E-05  0.1965412790E-04
-0.5022314765E-05 -0.8856685027E-05
 0.1193228377E-05 -0.1096596763E-04
-0.4226963700E-05  0.1502272454E-04
 0.1542788894E-04 -0.4469555529E-05
 0.8447406348E-05 -0.6587416563E-05
 0.1551226024E-04 -0.1011162657E-05
-0.6203126467E-05  0.3682394513E-05
-0.5238080163E-06 -0.7541205746E-05
-0.9754554359E-05 -0.4476065185E-05
-0.1278260532E-04  0.5217416183E-05
 0.1596411025E-04  0.9766601428E-06
 0.7906579681E-05  0.6879115651E-06
 0.1450853349E-04  0.4390810395E-05
-0.5484053438E-05 -0.3634724591E-05
-0.1085884301E-05 -0.4348379735E-05
-0.5991814805E-05 -0.4453676111E-06
-0.4246691322E-05  0.4968385266E-06
 0.7106871731E-05 -0.3267625022E-05
 0.1147186147E-04  0.8337122288E-05
 0.1370016458E-04 -0.2752967312E-05
 0.2903916729E-04 -0.1676792269E-04
-0.2696639387E-05 -0.1705932755E-05
 0.1224877079E-04  0.4965014450E-05
 0.1035213694E-04  0.7088490770E-05
 0.8742502794E-05  0.2322057756E-05
-0.1600145819E-05 -0.6872118209E-05
 0.2557733750E-05  0.1064139209E-04
-0.1333058981E-04  0.2039463919E-04
-0.2821309213E-05  0.5685604044E-05
 0.1619803443E-04 -0.2051074370E-04
 0.9376811803E-05 -0.1326074172E-04
-0.6071488311E-05 -0.1103639833E-04
-0.1053390533E-04 -0.5023992534E-05
 0.1275740968E-04  0.1019625042E-04
 0.1288011116E-04 -0.5448605949E-05
 0.3581860895E-05 -0.3753241938E-05
 0.7149841375E-05 -0.1094036155E-04
 0.5510119562E-05  0.1606492583E-06
-0.4812226164E-05  0.1766743241E-04
 0.1199013117E-04  0.1816095394E-04
-0.6977133888E-06  0.9276386444E-06
 0.1092948288E-04 -0.3399038495E-05
-0.1537311440E-04 -0.7693257318E-05
-0.1285203974E-04 -0.3006814586E-05
-0.9013592078E-05 -0.7340103853E-05
 0.1456035529E-04  0.7821943251E-05
 0.1302342301E-04  0.5550175851E-05
 0.8220506231E-05 -0.9492943050E-05
 0.2387953755E-04 -0.1677834754E-04
-0.3020117607E-05  0.3167116795E-05
-0.5841416223E-04 -0.2057578025E-04
-0.6406774801E-04 -0.2454194287E-04
-0.3404117045E-04 -0.2140288121E-04
 0.5811007370E-04  0.2491298923E-04
-0.3193702116E-04 -0.2907682325E-04
-0.9198423916E-05  0.2141405004E-04
-0.1591845377E-05  0.1460771457E-04
 0.5177502531E-04  0.4583798182E-04
-0.7322259446E-04 -0.3510075739E-04
-0.9735699668E-04 -0.3578969058E-04
-0.7874690838E-04 -0.4128950022E-04
 0.1056299093E-03  0.5821046136E-04
 0.8486424763E-04  0.4787730892E-04
 0.6184519689E-04  0.3847566459E-04
 0.4712003655E-04  0.3624193990E-04
-0.7172538768E-04 -0.3350245244E-04
-0.6023038073E-04 -0.6094183594E-05
-0.6065849474E-04 -0.1658472455E-04
-0.3216314374E-04 -0.1850230614E-05
 0.6037526730E-04  0.6692449452E-05
-0.6633417166E-04 -0.3697864837E-04
-0.8016068524E-04 -0.4534855396E-04
-0.7065159073E-04 -0.4210825344E-04
 0.7976610865E-04  0.5743161947E-04
-0.3315529592E-04 -0.2187599558E-04
-0.4966735772E-04 -0.3604294218E-04
-0.3023615082E-04 -0.2690658425E-04
 0.5031760292E-04  0.4196215671E-04
 0.6790593743E-04  0.5265100353E-04
 0.5433012240E-04  0.2746903993E-04
 0.6476853391E-04  0.3619698104E-04
-0.4946041580E-04 -0.3073873031E-04
 0.8104721232E-04  0.5811706211E-04
 0.7558009296E-04  0.4085403733E-04
 0.7914756076E-04  0.4386633119E-04
-0.6865678388E-04 -0.3995722309E-04
 0.4982344838E-04  0.2938583594E-04
 0.1973401389E-04  0.1115686899E-04
-0.5976568120E-04 -0.1545310849E-04
-0.4178472794E-04 -0.1940603192E-04
 0.5191468219E-04  0.3830590019E-04
 0.5705749830E-04  0.1414718432E-04
-0.9835768482E-04 -0.1357952576E-04
-0.4195200893E-04 -0.1517202533E-04
-0.7692894190E-04 -0.1648651564E-04
-0.7888812038E-04 -0.2719893276E-04
-0.4777549323E-04 -0.1561346910E-04
 0.7646141137E-04  0.2185785322E-04
-0.6532698813E-05  0.2735255772E-04
 0.5029601045E-04  0.2973943828E-04
 0.6646195106E-04  0.4309700893E-04
 0.2525625991E-04  0.4803462044E-04
 0.8679113708E-04  0.5740297465E-04
 0.8486297905E-04  0.6367481900E-04
 0.4745813320E-04  0.3229945671E-04
 0.4487342023E-04  0.4387636099E-04
 0.6785241813E-04  0.6014224524E-04
 0.1271762533E-03  0.7931173330E-04
-0.3710531168E-04  0.2585170674E-05
 0.2284592045E-04  0.1700400794E-04
 0.2938019973E-04  0.2322094510E-04
 0.1275700332E-04  0.1077108909E-04
 0.7815162768E-05 -0.1731254820E-04
-0.9187151039E-05 -0.1281444642E-05
 0.1191395494E-04  0.1613688323E-05
 0.1480141523E-05  0.1784305337E-06
 0.6825328296E-05 -0.1283619139E-05
-0.5712782364E-05 -0.1120244520E-05
-0.1755798268E-04 -0.9396162634E-05
 0.2153416360E-05 -0.1287624144E-04
-0.1174843994E-04 -0.2038286783E-04
-0.1509282053E-04  0.2112001577E-04
 0.5562787840E-06 -0.9901270848E-05
-0.5555828090E-05 -0.1784376763E-04
-0.1778896961E-05 -0.1323875836E-04
-0.5856519286E-05  0.1558147147E-04
-0.9734255571E-05  0.2089426185E-04
-0.5904456289E-05  0.8780100144E-05
-0.5707941336E-05  0.6900296801E-05
-0.5654261076E-05 -0.1262490597E-04
 0.1891949741E-04  0.1686170861E-04
-0.6779021996E-05 -0.5050031499E-05
-0.6268036910E-05 -0.1100018082E-04
-0.8833352947E-05  0.7588923003E-05
-0.5566844681E-05  0.1370143411E-04
-0.1603594455E-04  0.7925861174E-05
-0.1228508661E-04  0.9647371678E-05
 0.5142179073E-05 -0.1142183816E-04
-0.7923508003E-05 -0.5216009358E-06
-0.1799326036E-04 -0.3442938892E-05
-0.1369552251E-04  0.1612047485E-05
 0.1548383048E-04 -0.4746620769E-05
 0.2610034756E-04  0.2764728938E-04
 0.3771349361E-05  0.7324071016E-05
 0.4133598731E-05 -0.2230669679E-04
-0.1038579517E-04  0.3619983360E-05
-0.5350418662E-05 -0.1970653354E-04
-0.4005908796E-05 -0.3835410009E-05
-0.5436022227E-05 -0.4249504502E-05
-0.5294971931E-05 -0.4232325767E-05
 0.7530593578E-05  0.6263160439E-05
-0.6493011408E-05 -0.8816169411E-05
 0.1201965280E-05  0.1094909736E-04
-0.5695692708E-05  0.9274276761E-05
-0.3688829198E-05 -0.1536167015E-04
-0.9444542623E-05 -0.4525266287E-05
-0.1912574371E-04 -0.4115490375E-05
-0.1625003754E-04  0.2524933980E-05
 0.2034145509E-04 -0.2674982216E-05
-0.1081420405E-04  0.2603151988E-05
-0.1823751232E-04  0.1909634754E-05
-0.1692591422E-04  0.7925012806E-05
 0.1978931914E-04 -0.6734774619E-05
 0.3011714695E-04  0.1753102894E-04
 0.1572989922E-04  0.5637660876E-05
 0.1048054630E-04 -0.1148025893E-04
-0.7068804181E-05  0.1398545816E-06
-0.6887586068E-05 -0.6410218889E-06
 0.3106016111E-05  0.9509501854E-05
-0.2863561535E-05  0.7425754248E-05
-0.6031042634E-06  0.1235820482E-04
 0.1160506623E-04 -0.6338424583E-05
 0.2057126831E-04  0.1127490607E-04
 0.1617226180E-04  0.2214994723E-04
 0.3428283017E-04  0.4245936140E-04
-0.2493920276E-04 -0.1060184195E-04
-0.5724709837E-06 -0.8348576891E-05
-0.3605448412E-04  0.8714856045E-05
-0.1160773439E-04 -0.1898857853E-05
 0.6743734581E-05  0.2615286635E-04
 0.1441547204E-04 -0.4299988659E-05
 0.7999524766E-05 -0.5996175082E-06
 0.1587488440E-04 -0.9403698039E-06
-0.5465562077E-05  0.3543043143E-05
-0.9504628802E-05  0.4466754487E-05
-0.1334330420E-05  0.7887119313E-05
-0.1247126010E-04 -0.5559384030E-05
 0.1549778299E-04  0.1055671688E-05
 0.8501450346E-05  0.6653154496E-05
 0.1546752586E-04  0.4409268520E-05
-0.6215110477E-05 -0.3722613829E-05
-0.4245907642E-05 -0.5233820531E-06
-0.5992984638E-05  0.4197546655E-06
-0.1087228522E-05  0.4239731987E-05
 0.6971536918E-05  0.3353837942E-05
 0.2865762597E-04  0.3348667383E-04
 0.2397202153E-04  0.1056767121E-04
 0.3651246926E-04  0.1960316871E-04
-0.1351834240E-04 -0.1252534147E-04
 0.1547192916E-04 -0.3502906212E-06
 0.6727020250E-05 -0.8461458172E-05
-0.4935062056E-05 -0.1556113889E-04
-0.8562116376E-05 -0.1127051748E-04
 0.3225669132E-04  0.1114276228E-04
 0.6876980283E-05 -0.1417875636E-05
-0.2709276019E-04 -0.1729177149E-04
-0.2475613249E-04 -0.1754092257E-04
-0.3086838803E-04  0.3707484648E-05
-0.2838713142E-04  0.9808592065E-06
-0.8408216142E-05  0.8630967037E-05
 0.3357405476E-04 -0.7283722801E-05
-0.1083397055E-04  0.5120108443E-05
-0.6041415990E-05  0.1102652164E-04
 0.9238045568E-05  0.1324198636E-04
 0.1312832375E-04 -0.1006418426E-04
-0.2875131430E-05 -0.5596826451E-05
-0.1276106962E-04 -0.2058518152E-04
 0.2477408924E-05 -0.1065340776E-04
 0.1621999595E-04  0.2045424769E-04
 0.8577367267E-05 -0.2273631312E-05
 0.1061408184E-04 -0.7113230350E-05
 0.1228650107E-04 -0.4962391788E-05
-0.1596106269E-05  0.6843545925E-05
 0.7183800491E-05  0.1093340071E-04
 0.3622622037E-05  0.3706745190E-05
 0.1298906908E-04  0.5386076244E-05
 0.5464048014E-05 -0.1589223790E-06
 0.2939251754E-04  0.1679191384E-04
 0.1365037684E-04  0.2763855060E-05
 0.1152969397E-04 -0.8533338979E-05
-0.2726566496E-05  0.1712526664E-05
-0.9050618083E-05  0.7300214958E-05
-0.1316174260E-04  0.2973895930E-05
-0.1540267497E-04  0.7665315349E-05
 0.1456916382E-04 -0.7843583265E-05
-0.9713403098E-06 -0.9696207670E-06
 0.1209515757E-04 -0.1833619199E-04
-0.4678804813E-05 -0.1774672383E-04
 0.1091217013E-04  0.3276847475E-05
 0.2398505330E-04  0.1668664909E-04
 0.8481402380E-05  0.9487198734E-05
 0.1304931657E-04 -0.5721175546E-05
-0.2962296544E-05 -0.3179658953E-05
 0.2679229052E-03  0.8094148412E-04
 0.8985142424E-04  0.5619093494E-03
-0.3569939215E-03  0.2464577843E-03
-0.5483408019E-04 -0.4751065501E-03
-0.2365181424E-03  0.5341918212E-03
-0.5419237037E-03  0.4841990773E-03
-0.5301971070E-03  0.3661545827E-03
 0.5189646485E-03 -0.4207767202E-03
 0.3089050486E-03  0.3255809662E-03
-0.3770770894E-03  0.3302102676E-03
-0.1260986577E-03 -0.7404719279E-04
 0.4096428652E-03 -0.2895628033E-03
 0.4129797361E-03 -0.3507786874E-03
 0.3948296289E-03 -0.3884135299E-03
 0.4259378198E-03 -0.4373788644E-03
-0.3464845479E-03  0.3145139936E-03
-0.1999833679E-03 -0.1145913041E-04
 0.6510253053E-05  0.2522742643E-04
 0.1862174128E-03 -0.2805986841E-04
 0.1462328251E-04 -0.2305409641E-05
 0.1930205762E-04  0.2729760131E-04
 0.1576547519E-04  0.3804236119E-04
 0.3829941088E-04  0.3292943890E-04
-0.6982018553E-05 -0.2443894007E-04
-0.1422081781E-03 -0.1470891768E-04
 0.3606464714E-04  0.3439718911E-04
 0.1141234320E-03 -0.4816866323E-06
-0.2126691122E-04 -0.8335803051E-05
 0.7934039301E-05 -0.1891640845E-04
-0.1206280895E-04 -0.2141426805E-04
-0.3582951596E-04 -0.1528422037E-04
 0.3236678315E-04  0.2131157434E-04
 0.8051222342E-05  0.2297374326E-04
 0.2648290083E-04 -0.2098237510E-04
 0.2401402479E-04  0.3058939614E-04
 0.5713077673E-05  0.2993980808E-04
 0.8410228920E-04 -0.1145012928E-04
 0.9000835100E-04 -0.1782449170E-04
 0.4106328384E-04 -0.7019875071E-05
-0.4400308916E-04  0.1443860189E-04
 0.4012896572E-04  0.4772444909E-04
 0.1392801272E-03 -0.1718783709E-04
-0.6287454292E-05  0.7435698747E-04
-0.1059006471E-03  0.2511500166E-04
-0.6870498853E-04  0.2195914568E-04
-0.1956364251E-04  0.2333160497E-04
-0.7625681871E-05  0.2383036025E-04
 0.7140277089E-04 -0.1604038685E-04
-0.1110762219E-03  0.6505637391E-04
 0.3679646058E-03 -0.5575132959E-04
-0.1846075183E-03  0.8120581408E-05
-0.4542472252E-03  0.4604680248E-04
 0.4330739815E-03 -0.1189894193E-03
 0.6436648913E-03 -0.1534032195E-03
 0.6474101238E-03 -0.1709104479E-03
-0.6165202431E-03  0.8663515261E-04
-0.2247879552E-03 -0.6108421939E-04
 0.6423223758E-03 -0.2372345203E-03
-0.1815792384E-03 -0.1099027822E-03
-0.7130693633E-03  0.2574872160E-03
-0.6524428308E-03  0.1822929759E-03
-0.6302546017E-03  0.1140381931E-03
-0.5196068821E-03  0.9105753612E-04
 0.5460116354E-03 -0.1324036548E-03
-0.9983446606E-05  0.2165675025E-03
-0.3041031669E-03  0.1040512265E-03
 0.1346099687E-03 -0.1323988992E-03
 0.3044186303E-03 -0.9340446489E-04
-0.3588102283E-03  0.4030966746E-04
-0.2651100348E-03  0.3299706840E-04
-0.1951333562E-03  0.3380757890E-04
 0.2336484224E-03 -0.2855609382E-04
-0.2037700261E-03  0.5252228851E-04
-0.1002349457E-03  0.3386608987E-04
 0.2298746539E-03 -0.7560943066E-04
 0.1109851755E-03 -0.1673829657E-04
 0.2300593692E-03 -0.2502814741E-04
 0.3265734943E-03 -0.3027906045E-04
 0.2744046533E-03 -0.3125542935E-04
-0.2992743046E-03  0.1106560452E-04
 0.1151958798E-04 -0.4121868109E-04
 0.3167365683E-04 -0.1345964280E-04
-0.4903707317E-04  0.1033646296E-03
 0.3171136476E-04  0.2339289389E-04
 0.2301227782E-04 -0.5314091706E-04
 0.4149789553E-04 -0.8081213446E-04
 0.3620456886E-05 -0.1851975549E-04
 0.4291546565E-04  0.6474509156E-04
 0.8816195689E-04 -0.9440218284E-04
 0.3924985774E-04 -0.4718855212E-04
 0.1253887328E-03  0.1674864349E-04
 0.1021110943E-03  0.9698848468E-04
-0.3849222547E-04  0.6367447548E-04
-0.3230230010E-04  0.1028206841E-03
-0.7177985290E-04  0.1109686829E-03
 0.3833282333E-04 -0.1000047803E-03
 0.3590145667E-04 -0.3484083269E-04
 0.4232766582E-04 -0.1766349239E-05
 0.6497803676E-04  0.9419445251E-04
 0.3315563182E-04 -0.2203516909E-04
-0.3813741234E-04 -0.8015945062E-04
-0.6351294288E-04  0.1570031683E-03
-0.8324079490E-04  0.1781720307E-03
 0.2862837012E-04 -0.8690236550E-04
 0.5380001753E-04 -0.8057928514E-04
 0.6590027863E-04 -0.9000395868E-04
 0.4997000117E-04 -0.7020223122E-04
-0.7412129766E-04  0.4674479005E-04
 0.5767507555E-04  0.1900315255E-04
 0.6492699322E-04  0.2188293148E-04
 0.3772026176E-04  0.5311717797E-04
-0.9644853589E-05 -0.3393732136E-04
-0.3159644878E-04 -0.1122786848E-03
-0.2314289937E-04  0.9344362354E-04
-0.8154435576E-04  0.2018572236E-03
 0.4178897051E-04 -0.2513350419E-04
 0.1022134808E-03  0.1207016571E-03
 0.5352623939E-03 -0.1420524530E-03
-0.1978412172E-03  0.1196247030E-03
 0.4085653387E-03 -0.1581462587E-03
-0.6494067874E-03  0.3140571039E-03
-0.1546789682E-03  0.1072886207E-03
 0.2066119155E-03  0.1404488775E-03
-0.8966553478E-04 -0.2141823999E-03
-0.6105994594E-05  0.4150609376E-03
 0.1249211237E-03 -0.9792639334E-04
 0.1499503757E-03 -0.1599492818E-03
 0.5843371030E-04 -0.1108935929E-03
-0.1769200905E-03  0.1278192734E-03
-0.1452641115E-03  0.2734309088E-03
-0.3584298932E-03  0.2228761050E-03
-0.5289091179E-03  0.4396404952E-03
 0.2613325870E-03 -0.2173730459E-03
 0.7353790868E-03  0.1740490002E-03
 0.8304725161E-03  0.1241810341E-03
-0.7809471157E-03 -0.3828351919E-03
 0.1081736671E-02  0.5417329231E-03
 0.4595202909E-03 -0.5153414454E-05
 0.3039164239E-04 -0.1033425344E-03
 0.1104353671E-03 -0.5171174471E-03
 0.2169965462E-04  0.6707771872E-03
-0.5300378634E-03 -0.4068108269E-03
-0.3188059520E-03 -0.4699122265E-03
-0.5371840460E-03 -0.3612700171E-03
 0.5889021473E-03  0.3453354694E-03
 0.4346078253E-03  0.6186507743E-03
 0.8010423154E-03  0.5454917826E-03
 0.7575498181E-03  0.6990961845E-03
-0.5189469857E-03 -0.5431054195E-03
-0.1415852018E-03  0.4394695893E-03
-0.1872359747E-03 -0.1531442403E-03
 0.4968975878E-03  0.4068466049E-03
-0.4785719662E-03 -0.2982248505E-03
 0.2364369365E-03  0.2193541380E-03
-0.3422718144E-03 -0.4109755394E-04
 0.8929914573E-04  0.2590557007E-03
-0.8907055270E-04 -0.9044418076E-04
 0.7966865806E-03  0.3770575663E-03
 0.3191945090E-03  0.3073306358E-03
 0.6844175942E-03  0.4217262705E-03
-0.5759630590E-03 -0.2604872297E-03
-0.4008429191E-03 -0.1809621097E-03
-0.5244356644E-03 -0.2360956456E-03
-0.5409878154E-03 -0.1545509022E-03
 0.5052678802E-03  0.1803603850E-03
-0.8419141521E-03  0.5686932271E-03
 0.2418303224E-03  0.2692027227E-04
-0.1676590075E-03  0.3146375275E-06
-0.1657595746E-03  0.1548105111E-03
 0.1468876598E-03 -0.7314043900E-04
 0.1064149372E-03 -0.4669294652E-04
-0.4653949318E-04 -0.5217373969E-04
-0.1255926323E-03 -0.1095413285E-04
 0.8306377537E-04 -0.3552386297E-04
-0.3154239671E-03  0.1125731999E-03
-0.2871035930E-03  0.1724577377E-04
-0.5169084665E-03  0.1566339202E-03
 0.2464541593E-03 -0.6202278776E-04
 0.1235250693E-03  0.3778368063E-04
 0.2493884962E-03 -0.9166844432E-04
 0.1621229372E-03 -0.3073034636E-04
-0.2466013759E-03 -0.6365633494E-05
-0.3042963572E-03  0.8334848361E-04
-0.2581639946E-03 -0.3580808836E-04
-0.3466600547E-03  0.2292924987E-03
 0.2871378444E-03  0.7797387620E-04
-0.7968431874E-04 -0.1184302018E-03
-0.4566507435E-04 -0.1211237201E-03
-0.9971553429E-04 -0.1475260916E-03
-0.3620795959E-05  0.1306875932E-03
-0.4844278670E-04  0.2497361458E-04
 0.1246261291E-03  0.2048496043E-03
 0.8744841593E-04  0.2299425798E-03
 0.4423667006E-04  0.1241227913E-03
-0.1290274131E-03 -0.5181739846E-04
 0.1656386324E-04 -0.8679246662E-04
 0.2900274948E-04 -0.1360085204E-03
 0.1723918295E-04 -0.1245771279E-03
-0.7054399102E-04  0.8202471591E-04
 0.4204908056E-04 -0.1057597789E-03
 0.5342757222E-04 -0.1426008153E-03
 0.4080982983E-04 -0.1432831621E-03
-0.9077279778E-04  0.9035778773E-04
-0.3043778270E-04 -0.3226196006E-04
-0.5199722670E-04  0.1455997177E-03
-0.6978861132E-04  0.1246258887E-03
 0.7543679847E-05 -0.9720037065E-04
 0.1278518280E-04 -0.1060485875E-03
 0.2439557030E-04 -0.1973151920E-03
 0.3338948247E-04 -0.1537812153E-03
 0.3550799145E-04 -0.1621506826E-03
-0.6669196364E-04  0.1813975095E-03
 0.9922080149E-04 -0.2065783844E-03
 0.1105814989E-04  0.2249665149E-03
-0.3780486412E-04  0.2749853187E-03
 0.2283566041E-04 -0.1728749544E-03
-0.8511286652E-04  0.1507481335E-03
-0.5854694701E-04  0.2032655015E-03
-0.7026139005E-04  0.1398666994E-03
 0.2078871976E-04 -0.1708286708E-03
 0.7292645821E-05  0.2651854324E-03
 0.7851203005E-04  0.2484959722E-03
 0.2462022649E-04 -0.6058819511E-04
-0.5821725233E-04  0.1376363035E-03
-0.1338787150E-04  0.1690573444E-03
-0.3398851132E-04  0.1140405889E-03
-0.2079854527E-04 -0.1426180723E-03
-0.5462752666E-04 -0.1665153521E-03
 0.2093846238E-05 -0.1558617616E-03
-0.6047102681E-05 -0.1886529338E-03
-0.3220507429E-04  0.1920115611E-03
-0.7533894773E-05 -0.2832105769E-05
-0.2254628416E-04  0.1171514859E-03
-0.5360631582E-04  0.7403823409E-04
-0.2098355867E-04 -0.9216507878E-04
-0.1650311947E-04  0.1020389134E-03
 0.7257765940E-05  0.9506568979E-04
 0.1102455836E-04  0.8469776878E-04
-0.5677153817E-04 -0.1058079256E-03
 0.8543297900E-04  0.6539822667E-04
 0.2118605697E-03 -0.1445271061E-04
 0.1110349015E-03  0.2647848000E-04
-0.1989315969E-03 -0.2557489566E-04
 0.1032007915E-04  0.1222549914E-03
 0.8149291450E-04  0.5673687238E-04
 0.6210715142E-04  0.6668766232E-04
-0.1081239923E-03 -0.1090790828E-03
-0.1465332690E-03 -0.6455715829E-04
-0.9224080508E-04 -0.8128970433E-04
-0.1365187622E-03 -0.8424694228E-04
 0.3701487623E-04  0.7917208288E-04
 0.4609007673E-04 -0.9198574210E-04
-0.1614719065E-04 -0.1007591942E-03
-0.4188159188E-04 -0.7092380313E-04
-0.1783944764E-04  0.3630040697E-04
-0.3960388775E-05 -0.6246843241E-04
-0.7245797303E-05 -0.1285799836E-03
-0.1301366562E-04 -0.9597758400E-04
-0.4222138069E-04  0.6272197642E-04
 0.1474169111E-04  0.1603576757E-04
 0.1438469677E-04  0.8809985124E-04
-0.3498025529E-04  0.2134887884E-04
-0.2528343457E-04 -0.8842729670E-04
 0.4647238425E-03  0.2194167286E-03
 0.2733681369E-03  0.1588743932E-03
 0.4529931459E-03  0.1852489629E-03
-0.3855259732E-03 -0.1329799926E-03
 0.3739370717E-03  0.1214227327E-03
 0.3785687663E-03  0.1088325552E-03
 0.4282510735E-03  0.1513095466E-03
-0.3898859994E-03 -0.1196004543E-03
 0.3843128795E-03  0.2338986494E-03
 0.4487507331E-03  0.2127502465E-03
 0.4173376723E-03  0.2917199928E-03
-0.3683045615E-03 -0.2575603840E-03
-0.4052640156E-03 -0.1802233237E-03
-0.3624277453E-03 -0.2107089341E-03
-0.3499288403E-03 -0.1505516233E-03
 0.3974002119E-03  0.1823497454E-03
 0.3671973570E-03  0.9695569049E-04
 0.3140623111E-03  0.7429539578E-04
 0.3772745797E-03  0.9082099473E-04
-0.3873206091E-03 -0.7941154525E-04
-0.3778929543E-04  0.1569992134E-04
-0.4375927525E-04  0.4688952814E-04
-0.3997188335E-03 -0.8679386037E-04
-0.3346916570E-03 -0.6671383702E-04
-0.4371409103E-04  0.2905458478E-04
 0.4462074101E-03  0.3477517719E-03
 0.4967514088E-03  0.2488623155E-03
 0.4101701578E-03  0.3478753970E-03
-0.4100717283E-03 -0.3655229940E-03
-0.2094027844E-04  0.8520737277E-04
 0.1141529067E-03  0.9100867063E-04
-0.3798952534E-03 -0.4066082577E-03
-0.4960779979E-03 -0.2810810523E-03
 0.1844440326E-04  0.9681044063E-04
-0.5052975553E-03 -0.1855326176E-03
-0.4653360568E-03 -0.1245590009E-03
-0.4220012396E-04  0.6569057215E-04
-0.4925009873E-03 -0.2496850107E-03
-0.3944540315E-03 -0.3134684158E-03
-0.4498246192E-03 -0.2169474914E-03
 0.5013108821E-03  0.2533962054E-03
-0.4480812320E-03 -0.1118721684E-03
-0.4418902311E-03 -0.1457122585E-03
-0.3980949172E-03 -0.9876119105E-04
 0.4308838913E-03  0.1299309095E-03
 0.4835516185E-03  0.1796793944E-03
 0.4424036654E-03  0.1219753478E-03
 0.4892910319E-03  0.1713754476E-03
-0.4940871433E-03 -0.1660123274E-03
-0.2361690427E-04  0.3542569516E-05
 0.2077130882E-03  0.1132706120E-03
 0.4854177247E-04 -0.3838849807E-04
-0.1864951774E-03 -0.1539057914E-04
-0.1418243643E-03  0.3229281426E-04
 0.5973731494E-04 -0.4860888717E-04
 0.7536144083E-04 -0.1691356043E-04
-0.2004199839E-04  0.8356378766E-04
-0.8448227865E-04 -0.7817503740E-05
 0.3897991839E-04  0.1813124820E-03
 0.1820772183E-03  0.1076421967E-03
-0.4495792959E-04 -0.4832290599E-04
 0.2946258040E-03  0.1767814631E-03
 0.4642737056E-03  0.2515848794E-03
 0.2276162304E-03  0.1471751735E-03
-0.4276237000E-03 -0.1943343382E-03
 0.8551589152E-03  0.3659648347E-03
 0.2635927913E-03 -0.1186445860E-04
-0.1133144735E-02 -0.8538613087E-03
 0.2096845013E-03  0.7157549098E-04
 0.5680838487E-03  0.1233688887E-03
 0.1799102187E-03 -0.3403056425E-04
-0.4591725625E-03 -0.1489782988E-03
-0.5014484747E-03 -0.3628938435E-03
-0.3178615509E-03 -0.1445893864E-03
-0.7544321631E-03 -0.4018460496E-03
 0.4540677702E-03  0.2188404757E-03
-0.7143248657E-04 -0.1861462935E-03
 0.2165277730E-04 -0.1589627796E-03
-0.3054395202E-04 -0.2059364190E-03
-0.8915022066E-04  0.1758337770E-03
 0.1770967002E-04 -0.1333610414E-03
 0.4522590781E-04 -0.1302973729E-03
-0.1765476668E-05 -0.1579576497E-03
-0.1570337498E-03  0.1379330831E-03
 0.8105390759E-05 -0.1189972121E-03
 0.7894857437E-05 -0.1388988772E-03
-0.7868217444E-05 -0.1217896245E-03
-0.6566499290E-04  0.1213591210E-03
-0.1079926902E-03  0.1511160604E-03
-0.7236777652E-04  0.1265307965E-03
-0.1172880410E-03  0.1448151528E-03
-0.5621043601E-05 -0.1596112301E-03
-0.1691465993E-03  0.6180201856E-04
-0.1440837539E-03  0.1192931784E-03
-0.2484309343E-03  0.8933454824E-05
 0.5790169447E-04 -0.4778795588E-04
-0.7933415719E-04  0.1021884855E-03
 0.3036828746E-04  0.4566962168E-04
-0.3737268644E-04 -0.5557247073E-05
 0.3354058252E-04  0.2417184773E-04
-0.2533567321E-03 -0.5158967453E-04
-0.1992482182E-03 -0.2251833424E-04
-0.2959142828E-03 -0.1106733513E-03
 0.1358954719E-03  0.7842330100E-04
 0.8858384865E-04  0.7057454754E-05
 0.1168477526E-03  0.3705162230E-04
 0.6057722694E-04 -0.5487437779E-04
-0.1618996831E-03  0.4877816606E-04
-0.1797534283E-04 -0.1201874935E-03
-0.2439646350E-04 -0.1724532406E-03
-0.5350379021E-04 -0.1558635432E-03
-0.4551006008E-04  0.1575650589E-03
 0.2618679814E-04 -0.2767129557E-03
 0.1266432305E-03 -0.4271865500E-03
-0.2206572789E-04 -0.3221936454E-03
-0.9424193751E-04  0.3013339114E-03
-0.6847478106E-04 -0.1634508847E-03
-0.7964330866E-04 -0.2283329308E-03
-0.8217538024E-04 -0.1871670348E-03
-0.7624396880E-05  0.2160652320E-03
-0.5159619967E-04  0.2790177238E-03
-0.2431510861E-04  0.1900614496E-03
-0.8064883265E-04  0.2347800182E-03
-0.6000026845E-04 -0.2089379500E-03
 0.1512806161E-03  0.8106971665E-04
-0.5473811271E-04 -0.1152834727E-03
-0.1221981312E-04 -0.3591258145E-04
-0.1958032730E-04 -0.1871214044E-04
 0.2037385904E-04  0.5127464190E-04
 0.1029944093E-03  0.1521067907E-03
 0.1620399028E-03  0.2694998687E-03
 0.7456838151E-04  0.2384794018E-03
 0.8422734719E-04 -0.2657365948E-03
 0.2687284900E-04  0.1448954202E-03
 0.6825539692E-04  0.1717789565E-03
 0.6491652314E-04  0.2711784032E-03
 0.4025652783E-04 -0.1729344149E-03
 0.4977404657E-04 -0.1892612930E-03
 0.3291714691E-04 -0.8445936868E-04
 0.1552934908E-04 -0.7179600600E-04
 0.3510461630E-04  0.1294510720E-03
 0.1715382956E-03 -0.2760967893E-03
-0.6851854908E-05 -0.2703223902E-04
 0.1633612641E-03  0.3346645329E-03
 0.2931888517E-03  0.8229052862E-04
-0.1021800955E-04  0.1250266183E-03
 0.9954339868E-05  0.1671883832E-03
-0.2787495134E-04  0.2550842479E-03
-0.6653208514E-04 -0.1756521709E-03
 0.2530148844E-05  0.3312419970E-03
-0.4943420988E-04  0.3258067173E-03
-0.4169883879E-04  0.2278120295E-03
 0.7717469954E-04 -0.4654372425E-03
-0.2497868051E-04 -0.2904212145E-03
 0.1768340919E-03 -0.3438584586E-03
 0.2832586480E-04 -0.1129501039E-03
-0.3037540121E-04  0.2294996916E-03
-0.2850627598E-04  0.1449947867E-03
-0.1640570982E-03  0.2308183848E-03
-0.7744609738E-04  0.3765263253E-04
 0.2483491611E-03 -0.3585852538E-03
-0.1089650330E-03  0.1834320207E-03
-0.6103037244E-04  0.1247747984E-03
-0.1206079048E-03  0.1531388006E-03
-0.1757198743E-05 -0.1451456241E-03
-0.2013473947E-03  0.2218060248E-04
-0.1287140864E-03  0.1431676158E-03
-0.2750837940E-03  0.6745259608E-04
 0.8673735158E-04 -0.1864229495E-03
 0.2441603824E-04 -0.1777351193E-03
 0.2361967219E-03 -0.2659430069E-03
 0.4439495148E-04 -0.2204937675E-03
-0.2004240468E-03  0.1714987364E-03
-0.2872726925E-03 -0.1010700703E-03
-0.6278293791E-03 -0.6206173819E-03
 0.2640214619E-03 -0.2362789086E-03
 0.3266287716E-03 -0.1750150614E-03
 0.2829364984E-03 -0.3382200056E-03
-0.3253946228E-03 -0.1512618540E-03
-0.8832498063E-03 -0.5465486372E-03
-0.7738040994E-03 -0.6106998694E-03
-0.1456641958E-03 -0.6179415837E-04
-0.4942206878E-03 -0.2982768905E-03
-0.3635765345E-03 -0.1878891295E-03
-0.4305846075E-03 -0.2528706801E-03
 0.4141978907E-03  0.2579300423E-03
-0.5093342995E-03 -0.3903069619E-03
-0.4252106206E-03 -0.2762094346E-03
-0.2788040968E-03 -0.2612586307E-03
 0.3545455826E-03  0.2719163418E-03
 0.4458671299E-03  0.2863454163E-03
 0.5492353545E-03  0.3506859611E-03
 0.6847952947E-03  0.3465731193E-03
-0.5710896364E-03 -0.3849213189E-03
-0.2313377617E-03 -0.1638593969E-03
-0.1006316504E-03 -0.1396440488E-03
-0.1753330665E-03 -0.1664351553E-03
 0.2061869875E-03  0.1672386831E-03
-0.1552594512E-03 -0.1778977604E-03
-0.1748745587E-03 -0.2562553423E-04
 0.3152570348E-03  0.2698458925E-04
 0.7738168716E-04  0.6022296218E-04
-0.1159415893E-03  0.2188705556E-03
 0.2416465267E-03  0.1261533798E-03
 0.3296073835E-03  0.1051507695E-03
-0.1092901168E-03 -0.5639691122E-04
-0.9536701699E-04 -0.2057364598E-03
-0.1537012272E-03 -0.1781076308E-03
 0.4838105724E-04 -0.1612398734E-03
 0.5918035394E-04  0.1704085391E-03
-0.1159784431E-03 -0.1990372585E-03
-0.3114768041E-03 -0.1590759101E-04
 0.4059747423E-03 -0.1606780715E-04
 0.1180057172E-03  0.5506358631E-04
 0.1167504338E-03 -0.1839201124E-03
-0.4506073098E-03  0.8010921311E-04
 0.3937101009E-03 -0.1354155654E-03
-0.1111577748E-03  0.5224882925E-04
-0.2218428899E-04  0.1190152498E-03
 0.7436697464E-04  0.1124806035E-03
-0.1730148344E-04  0.1137713124E-03
-0.4321083086E-04 -0.1217026975E-03
 0.1964014443E-03  0.1226218741E-03
 0.2716490726E-03  0.1490479228E-03
 0.1170616691E-03  0.9252274314E-04
-0.2475813368E-03 -0.1222778354E-03
 0.2041363014E-03  0.1830989814E-03
 0.1947323333E-03  0.2137909244E-03
 0.3196779853E-03  0.2285184813E-03
-0.2779276236E-03 -0.2181761503E-03
 0.2617612749E-03  0.1615166889E-03
 0.3500631040E-03  0.2238857702E-03
 0.3008072462E-03  0.1837817281E-03
-0.3209620890E-03 -0.1862073906E-03
-0.3446950697E-03 -0.2215475718E-03
-0.2897212421E-03 -0.1727995613E-03
-0.2464251987E-03 -0.1845956204E-03
 0.2616947851E-03  0.1876106257E-03
 0.4799237200E-03 -0.6758297310E-03
-0.2713009171E-04 -0.5758954385E-03
 0.3000350580E-03  0.4665490382E-04
 0.7746123992E-03 -0.6728011597E-03
 0.8583808614E-03 -0.5401524857E-03
 0.5218714191E-03 -0.5775889966E-03
-0.5413184599E-03  0.5539708597E-03
-0.1364294474E-03 -0.5195319835E-03
 0.1261786940E-03 -0.5358747096E-03
-0.1963894092E-03 -0.4390276277E-03
 0.2346136920E-03  0.4707730107E-03
-0.1256474181E-03  0.5436069431E-03
 0.1327295486E-03  0.4771255639E-03
-0.3042991441E-03  0.5436496488E-03
 0.2885781494E-03 -0.6327311498E-03
 0.7982554075E-03 -0.3966038019E-03
 0.6500926604E-03 -0.2845818031E-03
 0.6454202675E-03 -0.3461295176E-03
-0.6438111476E-03  0.3205122305E-03
 0.3885752191E-03 -0.2476104845E-03
-0.3726271942E-03  0.1851398750E-03
 0.1558114652E-03 -0.3098310317E-03
-0.3858218405E-03  0.1591597773E-03
 0.3692652284E-03 -0.3823020421E-03
-0.5494747185E-04  0.1215904285E-03
-0.1760997221E-03 -0.3678600162E-03
-0.3565709823E-03  0.3162412868E-03
-0.7207832016E-03  0.2255625744E-03
-0.4827202723E-03  0.2433233721E-03
-0.6061120279E-03  0.2197896962E-03
 0.6548630904E-03 -0.1918272544E-03
-0.2236816220E-03 -0.3611781505E-03
-0.8105919454E-04 -0.3593287747E-03
-0.2076234451E-03 -0.2959787146E-03
 0.2492302653E-03  0.3325266482E-03
 0.7361841103E-04 -0.4116630990E-03
 0.2332474596E-03 -0.7441867276E-04
-0.3391825800E-03 -0.2463672351E-03
-0.4938222677E-04  0.3549940065E-03
-0.1754526544E-03 -0.3041050011E-03
 0.2940685162E-03 -0.2037843573E-03
-0.2930975959E-03 -0.8144643219E-04
 0.2000122189E-03  0.2640496798E-03
 0.1544879980E-03  0.3261426140E-03
 0.1388877328E-03  0.2690051606E-03
 0.2155606190E-03  0.3063959074E-03
-0.1194944058E-03 -0.2328839639E-03
-0.3880939964E-03  0.3358154105E-03
-0.1996281801E-03  0.3213237330E-03
-0.2767005640E-03  0.3300143753E-03
 0.3685623424E-03 -0.2685258157E-03
 0.6321940686E-04  0.3698185362E-03
 0.2547384765E-03  0.3933911485E-03
-0.1285097506E-04  0.4596603148E-03
 0.1849992223E-04 -0.4386158958E-03
-0.4616802012E-03  0.3723899485E-03
-0.3546707603E-03  0.4793562680E-03
-0.6477208825E-03  0.4382451983E-03
 0.6294518150E-03 -0.4663090775E-03
 0.3320142822E-03 -0.4869956718E-03
 0.4203778721E-03 -0.4055503001E-03
 0.2239091315E-03 -0.4025263566E-03
-0.2255894771E-03  0.4143236548E-03
-0.4875796229E-03  0.1235512561E-03
-0.3347299914E-03  0.1226543706E-03
-0.4015963386E-03  0.1213306335E-03
 0.4026276611E-03 -0.1162534885E-03
-0.6216011194E-03  0.2356435845E-03
-0.7883919949E-03  0.3475479044E-03
-0.6864689030E-03  0.2561207129E-03
 0.7588661667E-03 -0.2954490851E-03
-0.1929366606E-03  0.1602655190E-03
-0.3997390585E-03  0.1978448542E-03
-0.7168850271E-04  0.1923557087E-03
 0.1988628747E-03 -0.1913340721E-03
 0.5184552779E-03 -0.2230410795E-03
 0.2960840052E-03 -0.1742703131E-03
 0.5348932288E-03 -0.1986018356E-03
-0.4457492633E-03  0.1797696641E-03
-0.8674803143E-03  0.4829367150E-03
-0.7636742956E-03  0.5316662693E-03
-0.1054062402E-02  0.4321629681E-03
 0.1133719726E-02 -0.6103231445E-03
 0.5109746126E-03 -0.3679900311E-04
 0.5995142859E-03 -0.2239394910E-03
 0.1308806919E-02 -0.5660707079E-03
 0.1006995832E-02 -0.6797350948E-03
 0.6563474110E-03 -0.1448201506E-03
 0.9821498928E-04  0.2341302390E-03
-0.1059268677E-03  0.2301978471E-03
 0.3138154873E-03  0.2845825280E-03
-0.1936977375E-03 -0.3283365555E-03
 0.7832634179E-04 -0.1988200391E-03
-0.1865679060E-03 -0.7544471807E-04
-0.4394437312E-03 -0.4824763962E-03
 0.2974700292E-04 -0.3661465097E-03
-0.1333261789E-03 -0.1342439569E-03
 0.6477294838E-03 -0.3325868903E-03
 0.1163387901E-02 -0.4162358794E-03
 0.3586914030E-03 -0.2411709844E-03
 0.2841340387E-03 -0.2976948976E-03
 0.3354334327E-04 -0.2322013875E-03
 0.4468804908E-03 -0.2399225040E-03
-0.2970516297E-03  0.2181725002E-03
 0.1154719254E-02 -0.4739223390E-03
 0.8209466299E-03 -0.3142167627E-03
 0.9860862634E-03 -0.4328593528E-03
-0.9362893454E-03  0.3648670800E-03
-0.7044861145E-03  0.2609195188E-03
-0.9888974233E-03  0.3084536153E-03
-0.6064508667E-03  0.2315022759E-03
 0.8150617190E-03 -0.3467144265E-03
-0.5982944778E-04 -0.5479398940E-04
 0.4019024431E-04 -0.3561986609E-04
 0.5662266505E-04 -0.1017764010E-03
 0.7111522001E-04  0.1158167067E-03
 0.4896719952E-04  0.2751731355E-04
 0.8057098929E-04  0.1158161013E-03
 0.5263104325E-04  0.8421398866E-04
-0.7088853493E-04 -0.5333461886E-04
-0.1031712390E-03 -0.2969292448E-03
 0.2019739897E-04 -0.7881871429E-04
 0.1112376302E-04  0.1335257357E-03
 0.3332149639E-04  0.1936432119E-04
 0.3243442297E-04  0.1888998778E-03
 0.6402604103E-04  0.1778160098E-03
 0.3392729252E-04  0.1303076248E-03
-0.1031116632E-03 -0.1085570578E-03
 0.3669974779E-05  0.1444556732E-03
 0.3569923981E-04  0.1443414543E-03
 0.1233426804E-04  0.8656958940E-04
-0.7262927801E-04 -0.8779385596E-04
-0.1212716021E-03 -0.2130040974E-03
-0.4273871657E-04 -0.1824635528E-03
-0.3556247218E-04  0.8721015958E-04
 0.5580454730E-05  0.1089583901E-03
-0.1303885316E-03 -0.2935800852E-03
-0.5328608832E-04 -0.2199479928E-03
-0.4508046627E-04  0.1671742468E-03
 0.3204000448E-04  0.1119295742E-03
-0.2035020004E-04  0.1013844127E-03
 0.7747547192E-05  0.1415513818E-03
 0.1352323829E-04  0.7455553840E-04
-0.4415137888E-04 -0.7640887981E-04
-0.3086513918E-04  0.1286672205E-03
-0.1074361133E-04  0.2017450360E-03
 0.7631268497E-04  0.1900882858E-03
-0.6406494200E-04 -0.1148507216E-03
-0.9606019734E-04 -0.1350989349E-03
 0.2832376106E-04 -0.1594416593E-03
-0.4650756888E-05  0.7298261570E-05
-0.1922651516E-04  0.1124704615E-03
-0.1158240387E-03 -0.1756041506E-03
-0.2076803804E-05 -0.1459870198E-03
-0.1310124005E-04  0.4090453121E-04
-0.2578057920E-04  0.8958222205E-04
 0.5863977856E-04  0.1112983341E-04
-0.3950287146E-05 -0.8926648045E-05
-0.6290741058E-04  0.2946330880E-05
 0.7519331477E-05  0.2607115667E-06
-0.9833881328E-05 -0.7281721770E-05
-0.1323884710E-04 -0.6838672717E-05
-0.1217568569E-04 -0.5264464759E-05
 0.1209622369E-04  0.6882831091E-05
 0.7405213038E-04  0.1851606794E-04
-0.9549569776E-05 -0.4861122305E-05
-0.8075094613E-04  0.8848884097E-05
 0.1510125782E-04 -0.2239952372E-05
-0.1643340459E-06  0.3135579962E-05
 0.1896111608E-04  0.7690012640E-05
 0.2213179308E-04  0.5720631342E-05
-0.1109216595E-04 -0.5762779962E-05
-0.1792118658E-04 -0.7103695567E-05
-0.2270685621E-04 -0.9313433618E-05
-0.1941297755E-04 -0.4980099394E-05
 0.1964193928E-04  0.7541332396E-05
-0.2575649457E-04 -0.1301929511E-04
-0.2810075835E-04 -0.1009149022E-04
-0.6655967501E-05 -0.5451622572E-05
-0.2039597673E-04 -0.1004146474E-05
-0.2653675132E-04 -0.1101649737E-05
-0.3037908813E-04  0.4102805170E-05
 0.3996216160E-04  0.4345882206E-05
 0.3436436720E-04  0.9692724972E-05
 0.2562387751E-04  0.6597464677E-05
 0.2375215048E-04  0.8951245873E-05
-0.2392845181E-04 -0.6736859855E-05
 0.1040851291E-03  0.2866594758E-04
-0.1827182575E-04  0.2302007106E-05
-0.1125843524E-03  0.1605066750E-04
 0.2569913059E-04 -0.7366036346E-05
-0.3089503503E-04  0.1840550897E-05
-0.4078390050E-04  0.4089140108E-05
-0.4800932849E-04  0.2991808357E-05
 0.5341083241E-04 -0.2004142106E-05
 0.1327394785E-03  0.4500783005E-04
-0.5046843478E-04  0.8670467273E-06
-0.1348867022E-03  0.5268625593E-05
 0.5633082331E-04 -0.4306413859E-05
 0.2776441441E-04 -0.4825851525E-05
 0.7045195454E-04  0.6118653896E-05
 0.6467435068E-04 -0.9447680230E-06
-0.3737480347E-04 -0.9544074456E-06
 0.4597580535E-04  0.6974720609E-06
 0.3320052822E-04  0.1773028589E-05
 0.2810210128E-04  0.3545803680E-05
-0.2208077516E-04  0.1383898231E-05
 0.3379506335E-05 -0.9902195173E-06
 0.3505036948E-04  0.7748778522E-05
 0.3463670519E-04  0.3571773664E-05
-0.1594050792E-04 -0.3482546899E-05
 0.1901900479E-04  0.5465692479E-05
 0.1672002312E-04  0.5657766868E-05
 0.1581081965E-04  0.7013018545E-05
-0.1594002914E-04 -0.5072875284E-05
-0.1573276322E-04 -0.3679685894E-05
-0.1664020127E-04 -0.2152251352E-05
-0.1579317329E-04 -0.7134151219E-08
 0.2020039796E-04  0.3082648276E-05
 0.1158885914E-03  0.6255007862E-04
-0.1213415688E-03 -0.2024825750E-04
-0.1095189151E-03 -0.3084585051E-04
 0.1190502417E-03  0.1924164916E-04
-0.1697829943E-03 -0.2621660599E-04
-0.1878990677E-03 -0.3603816439E-04
-0.1963685009E-03 -0.2875637543E-04
 0.1662250738E-03  0.3737921537E-04
 0.5313261634E-04  0.7359622858E-04
-0.1656143249E-03 -0.4453486138E-04
-0.3385192241E-04 -0.8059013699E-04
 0.1661242049E-03  0.4502515549E-04
 0.1695236298E-03  0.2525701252E-04
 0.2461016134E-03  0.3239068249E-04
 0.1689730601E-03  0.2808876400E-04
-0.2119042871E-03 -0.8815420284E-05
-0.2039327338E-03 -0.4468525908E-04
-0.2196123262E-03 -0.5039428407E-04
-0.2364503246E-03 -0.4558595160E-04
 0.1990994844E-03  0.5834614773E-04
-0.2221363495E-03 -0.4914395361E-04
-0.2718895454E-03 -0.5433660441E-04
-0.3841849235E-04  0.2524405188E-05
-0.2852661987E-03 -0.5273294212E-04
-0.3211062820E-03 -0.6091945700E-04
-0.3436429338E-03 -0.6904645714E-04
 0.3029933612E-03  0.7726836488E-04
 0.2533965694E-03  0.6382945513E-04
 0.2444369555E-03  0.6507691728E-04
 0.2040152816E-03  0.5834631428E-04
-0.2625279916E-03 -0.5192241458E-04
-0.3552754377E-04  0.6919362491E-04
-0.2238391845E-03 -0.8409542491E-04
 0.7204415682E-04 -0.1457829738E-03
 0.2318532935E-03  0.7744140674E-04
-0.3054517320E-03 -0.6792988924E-04
-0.3510871963E-03 -0.8165261304E-04
-0.3526446322E-03 -0.9733836116E-04
 0.3329084886E-03  0.9267502547E-04
-0.1606120673E-03  0.2599009144E-04
-0.2485768121E-03 -0.1713190437E-03
 0.1984260204E-03 -0.2052905078E-03
 0.2704980258E-03  0.1478624958E-03
 0.3888004070E-03  0.8861594840E-04
 0.4613130077E-03  0.1140963848E-03
 0.2585993805E-03  0.8580684826E-04
-0.3754412397E-03 -0.4754272415E-04
 0.3247280122E-03  0.8034594580E-04
 0.2839468919E-03  0.6366359199E-04
 0.2661106645E-03  0.6388514134E-04
-0.3031883370E-03 -0.5524174813E-04
 0.2724662045E-03  0.4176688802E-04
 0.3547008162E-03  0.5759734775E-04
 0.2011830680E-03  0.5068843520E-04
-0.2895074323E-03 -0.1492696771E-04
 0.2167174640E-03  0.5367916996E-04
 0.1922056969E-03  0.4244871200E-04
 0.1806032725E-03  0.4799097819E-04
-0.2137974735E-03 -0.3760359180E-04
-0.2233297101E-03 -0.3669997889E-04
-0.2528095436E-03 -0.4343798049E-04
-0.2726577943E-03 -0.4353138056E-04
 0.2343492045E-03  0.5381981779E-04
-0.3926983891E-04 -0.1015333482E-04
 0.1720916489E-03  0.5428845008E-04
 0.1763223406E-03  0.5157544790E-04
 0.1710356892E-03  0.4596602778E-04
-0.2033464078E-03 -0.5185157706E-04
-0.5632620538E-04 -0.4585593038E-04
-0.2015343712E-03 -0.4902758839E-04
-0.1958343322E-03 -0.4912695117E-04
-0.4872956854E-04 -0.2762807686E-04
 0.1671398099E-03  0.3828463697E-04
 0.1546073184E-03  0.2294519222E-04
 0.1747312210E-03  0.1770103542E-04
-0.1769805017E-03 -0.2668244233E-04
 0.1107356901E-03  0.2439398299E-05
 0.1351072212E-03  0.9863576630E-05
 0.1193772909E-03  0.1180609370E-05
-0.1028927154E-03 -0.2175719998E-05
 0.1268126964E-03  0.3496245626E-05
 0.8527950387E-04  0.9336264336E-06
 0.8301432263E-04 -0.2217347646E-06
-0.7844769260E-04  0.8749445121E-06
-0.8581735796E-04 -0.4109103568E-05
-0.1601694916E-03 -0.3181240994E-05
-0.1543541435E-03 -0.9177959721E-05
 0.1546210371E-03 -0.2889644398E-06
 0.3105635017E-04 -0.1166625678E-04
 0.1087788901E-03  0.4958940115E-05
 0.7401013306E-04  0.1297229145E-05
 0.5911970557E-04  0.8925787117E-05
-0.4711374775E-04  0.5594623168E-05
 0.3465830280E-05 -0.2898120031E-05
-0.3452422805E-04 -0.1713274447E-05
-0.6739501342E-04  0.8639375224E-05
 0.2403926020E-04 -0.1633708880E-05
-0.6508795218E-04  0.5123788322E-05
-0.1043199451E-03  0.2591113488E-05
-0.1149739620E-03 -0.3078876618E-05
 0.1250701003E-03  0.1210975306E-05
-0.1328102021E-03  0.1391705197E-05
-0.2174342543E-03 -0.2901338025E-04
-0.1570243042E-04 -0.3899724355E-04
-0.1945308764E-03 -0.2354226208E-04
-0.2099759006E-03 -0.4398558415E-04
-0.1931165574E-03 -0.4147352167E-04
 0.1839216483E-03  0.3581943933E-04
 0.2002053986E-03  0.2146551592E-04
 0.2066160461E-03  0.5642200388E-05
 0.1647173763E-03  0.3707300154E-05
-0.2116005493E-03 -0.1137052109E-04
-0.1196581584E-04  0.4103161245E-04
-0.9857465045E-05  0.2676560093E-04
-0.2996669017E-05  0.2561896763E-04
-0.2830229896E-06 -0.2801467117E-04
-0.7518066803E-05  0.3328018091E-04
-0.1647405414E-04  0.3527980155E-04
-0.1109444886E-04  0.2757648109E-04
-0.1201598607E-04 -0.3649470413E-04
 0.4519991563E-05  0.8311402286E-05
 0.3547974350E-05  0.9378813135E-05
 0.9372024449E-05 -0.3660241679E-06
-0.4993448076E-05 -0.7318814202E-05
-0.5153293333E-05 -0.2020654107E-04
-0.3521523158E-05 -0.1843150081E-04
-0.6325974826E-05 -0.2848017005E-04
-0.1917068496E-05  0.2403714329E-04
-0.4570275278E-05  0.1670094130E-04
 0.1360375918E-04 -0.6999785530E-05
 0.1319743145E-04 -0.7561308633E-05
 0.1454278072E-04 -0.4279459160E-05
-0.4078247396E-05  0.7786598983E-05
 0.1891043994E-05 -0.1348756735E-04
-0.1391536992E-04 -0.1987894452E-04
 0.5883059433E-06 -0.1207574781E-04
 0.8213465531E-06  0.7739610069E-05
 0.1497787357E-04 -0.3743648387E-05
 0.1376978139E-04 -0.3392258934E-05
 0.1287464197E-04  0.5526040101E-06
-0.3632338324E-05  0.3566014861E-05
-0.7061887591E-06  0.7595802320E-05
-0.3672530266E-05  0.5960105226E-05
-0.8358305771E-06  0.9437440489E-05
 0.1416215949E-04 -0.6188770739E-05
-0.5669608276E-05  0.1675724577E-04
-0.8077280728E-06  0.6370730437E-05
-0.5352354430E-05  0.2004810949E-04
-0.1293843857E-04 -0.1809213922E-04
-0.1810795561E-05  0.5443411729E-05
-0.4286333099E-05  0.2670808523E-05
-0.2622283179E-05 -0.5078959496E-05
 0.9907765802E-05 -0.1999287137E-05
-0.9463952729E-05  0.2028442141E-04
-0.4723617199E-05 -0.1867372226E-04
-0.1932301089E-04 -0.3587182498E-04
-0.2745990024E-04  0.2174944012E-04
-0.5906850846E-05  0.6557727001E-05
-0.1970408763E-04 -0.8261343087E-05
 0.1737137476E-06 -0.8683548721E-05
-0.9398268508E-06 -0.1439101100E-05
 0.2380349380E-04 -0.4898157903E-04
 0.1050411006E-04  0.1619580186E-05
 0.1096402004E-04  0.1720661423E-05
 0.8511654799E-05  0.6216586235E-06
-0.1916518297E-05 -0.1962652965E-05
 0.1075340749E-04  0.1611699225E-05
 0.4801840381E-05  0.3722702201E-05
 0.6691182775E-05 -0.1082824916E-05
 0.5428899451E-05 -0.4120655279E-05
 0.1066759122E-04 -0.1338394761E-04
 0.3722338444E-05 -0.1141250646E-04
 0.1251800172E-04 -0.1764024864E-04
 0.6674702189E-05  0.9591687077E-05
 0.4031227625E-05  0.1317945076E-06
 0.5319475275E-07 -0.2888166579E-06
 0.2007105936E-05 -0.1360494883E-05
 0.9066947803E-05 -0.3158177100E-05
-0.5906738495E-05  0.1203175373E-04
-0.1373889984E-04  0.1615526661E-04
-0.2154930723E-05  0.1031308429E-04
 0.1099298664E-04 -0.2126707243E-04
-0.2267815664E-04  0.2101825842E-04
-0.3739337765E-04  0.2694967265E-04
-0.2264162385E-04  0.2315978347E-04
 0.2876139702E-04 -0.3194425223E-04
-0.7869062134E-05  0.4696985978E-05
-0.1681811752E-04  0.1059252762E-04
-0.1401036409E-04 -0.3004000069E-06
 0.1948331702E-04 -0.4816681623E-05
 0.2280464216E-04 -0.1663611217E-04
 0.1595478979E-04 -0.1093419869E-04
 0.2188088816E-04 -0.2424964481E-04
-0.1155155063E-04  0.1615621244E-04
 0.1131712084E-04  0.5579217402E-05
 0.4460629198E-05 -0.1075184201E-04
 0.3615611515E-04 -0.2244657899E-04
-0.6109228640E-05  0.4270080224E-05
 0.6520515952E-05 -0.1839630635E-04
-0.1487958668E-04 -0.1131579009E-04
-0.1984583654E-04 -0.1683313104E-05
 0.1616585788E-04  0.1419047459E-04
-0.1727451350E-04  0.2216666368E-04
 0.1234229792E-04  0.2825725021E-04
-0.9720203969E-06  0.1843941691E-05
 0.1464823788E-04 -0.6697185421E-05
 0.1625266819E-04  0.2817292070E-05
 0.8857298673E-05  0.2628987190E-05
 0.1358091442E-04 -0.5022633333E-08
-0.4606863569E-05 -0.5124463844E-05
-0.8709777329E-05 -0.4870373911E-05
-0.2400671745E-04 -0.1101798122E-04
 0.7057188000E-06  0.8218439289E-06
 0.1050077603E-06  0.1378061605E-04
 0.1072021838E-04 -0.4538620551E-05
 0.7267315411E-05 -0.1044561244E-05
 0.7498540530E-05 -0.1174112260E-04
 0.2330830587E-05  0.4480881598E-05
-0.1046363941E-05  0.1107269115E-05
-0.3316697678E-05  0.2372842128E-05
-0.1933751626E-05  0.7614371039E-06
 0.8025351418E-05  0.2067360593E-05
 0.4103909773E-04 -0.2379073697E-04
 0.2985827460E-04 -0.1238960189E-04
 0.2065003699E-04 -0.6191532624E-04
 0.2910969184E-04 -0.6491886089E-05
 0.2303014618E-04 -0.3178037776E-04
-0.1575572925E-04 -0.3280749440E-04
 0.5543798875E-05 -0.6456082926E-04
 0.1333441070E-04 -0.1243914472E-04
 0.6402698652E-06 -0.4884221158E-05
 0.8218161621E-05 -0.2020729842E-04
-0.3747429004E-05 -0.2118166694E-06
 0.1819607535E-05 -0.1029050614E-05
-0.2399138198E-05 -0.1045558811E-05
 0.8331479730E-06  0.3550035419E-05
 0.1249101875E-04  0.8849805399E-06
-0.3613026313E-05  0.9952430354E-05
 0.5396001838E-05  0.5023284406E-05
-0.1014603246E-04  0.1398286805E-04
-0.2317359417E-04 -0.1718620283E-04
 0.3254353819E-05 -0.6591270189E-05
-0.1915775323E-04 -0.8773388734E-05
 0.9541849092E-05  0.1066163033E-06
 0.8205306959E-05 -0.1252065650E-05
-0.4414150600E-04 -0.1602898097E-04
-0.2281093410E-04 -0.3830560735E-06
 0.2056827636E-04  0.6743017726E-05
-0.8788953555E-05 -0.5259102255E-05
-0.2591769109E-04 -0.4323418140E-05
-0.1733042330E-04  0.1307066642E-04
 0.7164500234E-05 -0.1919530934E-04
-0.7184271405E-05 -0.5461781392E-05
-0.1338582597E-04  0.1221476082E-04
-0.1461552664E-04  0.1156485626E-04
-0.9112056097E-05  0.1197198173E-04
 0.4420154711E-05 -0.1279695978E-04
 0.1424956970E-04 -0.1542643553E-04
 0.2273001406E-04 -0.1738627734E-04
 0.3469651688E-04 -0.2522274152E-04
-0.1986016765E-04  0.1201438135E-04
-0.5878917516E-05 -0.7604079003E-05
-0.8709842684E-05 -0.6929066284E-05
 0.1309704128E-04  0.8606133458E-05
 0.1817391142E-04  0.8481960762E-05
 0.1507351555E-04  0.8115240286E-05
-0.1852521917E-04 -0.1032174028E-04
-0.2115251166E-04 -0.1374309657E-04
-0.1506355802E-04 -0.1427134042E-04
-0.7394620911E-05 -0.7505049142E-05
-0.4354803640E-05  0.1074845139E-04
 0.4925516988E-06  0.9594448505E-05
-0.1683508101E-05  0.9550591634E-05
 0.1589278637E-05 -0.9839441929E-05
 0.6383338850E-05  0.8806173800E-05
 0.1080910479E-04  0.7803107614E-05
 0.8100659490E-05  0.7762315049E-05
-0.8877698345E-05 -0.7804161967E-05
 0.1157560803E-04  0.7033911198E-05
-0.7001595267E-05  0.5432470294E-05
 0.2926018366E-05  0.8120972719E-05
-0.2464529263E-05 -0.7218757533E-05
-0.4863660081E-05 -0.7793932342E-05
-0.1592404707E-06 -0.9400201984E-05
-0.3421726397E-05 -0.9020833624E-05
 0.3062910948E-05  0.8986362804E-05
-0.1368230289E-04 -0.8132899480E-05
-0.7235631684E-05 -0.9019031471E-05
-0.1255417581E-04 -0.1102776511E-04
 0.9796929893E-05  0.8736211985E-05
-0.1939242529E-05 -0.9885108806E-05
 0.3146529563E-05 -0.1107734263E-04
-0.6357839476E-06 -0.1202572310E-04
-0.2041915005E-05  0.1060309399E-04
-0.9650143431E-05 -0.1527979896E-04
 0.4964887229E-05 -0.1664031417E-04
-0.9522162923E-05 -0.7956740520E-05
 0.5300114134E-06  0.1039494967E-04
 0.7335898698E-05  0.9146820920E-05
 0.3826764256E-05  0.9585681529E-05
-0.3503865087E-05 -0.1160366887E-04
-0.5940897879E-04  0.3354174818E-05
 0.5145787595E-04  0.5669839037E-05
 0.3305896019E-05 -0.1176409145E-04
 0.1356761242E-06  0.1649758916E-05
-0.5838261316E-04  0.2157715110E-05
 0.4496105861E-04 -0.3804754489E-05
 0.8256069407E-05 -0.1416260603E-04
 0.1908971777E-05  0.3189250852E-05
 0.4525711820E-05 -0.1000471765E-04
 0.9369445763E-05 -0.1165371082E-04
 0.7350228044E-05 -0.1133183631E-04
-0.6010466453E-05  0.1095417797E-04
 0.4654856899E-05  0.7904050340E-05
-0.1453563005E-04  0.7678875667E-05
-0.7363424150E-05  0.1123205056E-04
 0.6408173239E-05 -0.9166539089E-05
-0.4426514370E-04  0.6673180967E-06
 0.8928619513E-05 -0.7063976931E-05
 0.1582900576E-04 -0.1871754863E-04
-0.1222276355E-04  0.3634795660E-05
 0.1017647762E-04 -0.1239883008E-04
 0.1685386368E-04 -0.1451485901E-04
 0.1668988302E-04 -0.1451437328E-04
-0.1637534881E-04  0.1347636528E-04
 0.2063925753E-04 -0.1702636011E-04
 0.2417758358E-04 -0.1846396770E-04
 0.2305613976E-04 -0.1952609538E-04
-0.2283475563E-04  0.1857253902E-04
 0.1440517511E-04 -0.1795501121E-04
 0.1990863102E-04 -0.2148119607E-04
 0.1472388477E-04 -0.2376934319E-04
-0.1959201677E-04  0.1537638617E-04
-0.2236989021E-04  0.1757980232E-04
-0.1840738812E-04  0.1505015964E-04
-0.2273711879E-04  0.1596135481E-04
 0.1833146025E-04 -0.1649862338E-04
-0.1173185704E-04  0.1382620594E-04
-0.2839871594E-04  0.1620121161E-04
 0.2416374415E-04  0.1362890895E-04
-0.3306799022E-05 -0.1478934169E-04
-0.1969553950E-04  0.1376999863E-04
-0.1207214914E-04  0.1199028834E-04
-0.1472775235E-04  0.1156063058E-04
 0.1287025081E-04 -0.1269381806E-04
-0.9112413940E-04  0.2899627347E-04
-0.3034998609E-04  0.1016630145E-04
 0.3239571817E-04  0.9266794133E-05
 0.5743100947E-05 -0.1163225243E-04
 0.9774127778E-05 -0.1390277434E-04
 0.9762490360E-06 -0.2042411845E-04
 0.1708373632E-04 -0.1825469298E-04
-0.2410261622E-04  0.1573258032E-04
-0.4039295843E-04  0.7987616330E-05
 0.8760409056E-05 -0.8796336905E-05
 0.2553633672E-04 -0.1840758935E-04
-0.2485500065E-04  0.1534062257E-04
-0.1604208439E-04  0.1294913244E-04
 0.4367258338E-05  0.7753067011E-05
 0.1396089668E-04  0.2366621294E-05
-0.1090145504E-04  0.1155962623E-04
 0.3412667031E-04 -0.1745493269E-04
 0.3237908856E-04 -0.1268286863E-04
 0.3553203704E-04 -0.2350521161E-04
-0.3280203116E-04  0.1621172846E-04
 0.2651717528E-04 -0.6428583128E-05
 0.2198778533E-04 -0.8518330582E-06
 0.2465961684E-04 -0.1082584394E-04
-0.1996861152E-04  0.4002584269E-05
 0.3415212938E-04 -0.2976308951E-04
 0.2866382172E-04 -0.2365541866E-04
 0.3461329864E-04 -0.3840410218E-04
-0.3314630477E-04  0.2896512975E-04
-0.2521421285E-04  0.1657449765E-04
-0.3352422584E-04  0.2297736336E-04
-0.2886597242E-04  0.1120394414E-04
 0.3065500101E-04 -0.1745248639E-04
-0.1248161397E-04 -0.9000133057E-05
-0.2845257176E-04 -0.2042805806E-06
-0.3033178998E-04  0.3526301922E-05
 0.2645650230E-04  0.8064249229E-05
-0.2287175244E-04  0.1378857968E-05
-0.3958263383E-04  0.1131588073E-04
-0.4117930053E-04  0.1190434252E-04
 0.3462755653E-04 -0.3670103467E-05
-0.2819150461E-04  0.1017534148E-04
 0.3716954880E-05 -0.3779119755E-06
 0.2106356267E-04 -0.7960225793E-05
-0.1919286728E-04  0.1465444656E-04
 0.7276021286E-04 -0.6567223683E-04
 0.3871897844E-04 -0.3698514960E-04
 0.4170187418E-04 -0.3338805443E-04
 0.1199942217E-04 -0.3188807479E-04
-0.1895546761E-04 -0.9617629367E-05
-0.4651013860E-04  0.3081804377E-04
-0.5384387740E-04  0.2884350868E-04
-0.4154015264E-04  0.3185837429E-04
 0.3968810151E-04 -0.4197868252E-04
-0.7597118758E-04  0.2596143312E-04
-0.2261267609E-05 -0.8663999678E-05
-0.5765567596E-04  0.2911851343E-04
 0.6009687528E-04 -0.4008253175E-04
-0.4018341304E-04  0.2617882356E-04
-0.4370943891E-04  0.2794452788E-04
-0.3891281347E-04  0.2020635386E-04
 0.3777523881E-04 -0.2591710028E-04
 0.3891339988E-04 -0.3230409003E-04
 0.4238109554E-04 -0.3391405613E-04
 0.6198562620E-04 -0.4407847001E-04
-0.5244637006E-04  0.2987355021E-04
 0.1112062871E-05 -0.5706320229E-05
 0.5492524773E-05 -0.5774471232E-05
-0.3652507729E-04  0.2360167616E-04
 0.3393796441E-04 -0.3547651022E-04
 0.3620127579E-05 -0.5799877714E-05
 0.7959249901E-06 -0.6075744729E-05
-0.2469974430E-04  0.1778978546E-04
 0.2401396989E-04 -0.2747172258E-04
-0.3184760101E-04  0.2254528156E-04
-0.2714874775E-04  0.2023334913E-04
-0.2814336198E-04  0.1946144859E-04
 0.2779158232E-04 -0.2158443469E-04
 0.2651332466E-04 -0.2499825969E-04
 0.3148370251E-04 -0.2868468911E-04
 0.2983510706E-04 -0.3116930463E-04
-0.3000248559E-04  0.2047981515E-04
-0.2745718999E-04  0.9506466415E-05
-0.4343712052E-04  0.1621314933E-04
-0.4660526681E-04  0.1814037537E-04
 0.3704584429E-04 -0.1202433026E-04
-0.2379465289E-04  0.1216449159E-04
-0.3583929679E-04  0.1519312895E-04
-0.3966029801E-04  0.1635369599E-04
 0.2748177663E-04 -0.1345391064E-04
-0.4799103887E-04  0.6534788256E-05
 0.1619650493E-04 -0.1248412958E-04
 0.2446839429E-04 -0.2143826462E-04
-0.2496885851E-04  0.1214841002E-04
 0.2740237691E-04 -0.1915609104E-04
 0.3268295790E-04 -0.2074303918E-04
 0.3233232894E-04 -0.2447989376E-04
-0.3190811935E-04  0.2073825838E-04
 0.3450906574E-04 -0.2132148932E-04
 0.3689617919E-04 -0.2064071089E-04
 0.3736570096E-04 -0.2713668308E-04
-0.3771837666E-04  0.2165815734E-04
 0.3701633534E-04 -0.3264625319E-04
 0.3915592124E-04 -0.3328337137E-04
 0.4490974389E-04 -0.4263640377E-04
-0.4258644816E-04  0.2775529052E-04
-0.4094203542E-04  0.2673185495E-04
-0.3743178377E-04  0.2540224598E-04
-0.3788044425E-04  0.2132283461E-04
 0.3604179800E-04 -0.2581246828E-04
-0.6655870521E-05  0.2108569995E-04
 0.1050748994E-04  0.2056626219E-04
-0.4866825942E-05  0.3342492917E-05
 0.1379394878E-04 -0.6873314649E-05
-0.1719349255E-04 -0.5610710307E-05
-0.1718922857E-04 -0.2555156606E-05
-0.8089147292E-05 -0.3558006495E-05
 0.1306463740E-04  0.7501503470E-05
 0.1341271040E-04  0.1145407063E-04
 0.6732037599E-05 -0.1116882730E-04
 0.2797431697E-04 -0.2470281100E-04
-0.7066179477E-05  0.9586756527E-06
-0.1580758123E-04 -0.3850324196E-05
-0.1960256552E-04  0.2427935560E-05
-0.8640761120E-05  0.3452262441E-05
 0.1823125026E-04  0.4201167111E-05
-0.1497703463E-04  0.6763736000E-06
-0.2097903368E-04  0.7855468219E-05
-0.8387889831E-05  0.8298982647E-05
 0.1886323004E-04  0.1632867560E-05
 0.9554683255E-05  0.1992470589E-04
 0.1215346680E-04 -0.1232832968E-04
 0.3350041188E-04 -0.2789891899E-04
-0.8432772819E-05  0.1587604308E-05
-0.1449716459E-04 -0.3322411095E-05
-0.2082547991E-04  0.4581864628E-05
-0.8195949550E-05 -0.7334273027E-05
 0.1258104800E-04  0.4669586733E-05
-0.1162318882E-04 -0.1783435970E-04
-0.1656258132E-04 -0.1473789949E-04
 0.2258194215E-04 -0.3126363159E-05
-0.1553639472E-04  0.1891851342E-04
-0.4832277171E-05  0.2113523328E-04
-0.3394055277E-05 -0.3765530581E-05
 0.2747528883E-04 -0.3844438859E-04
-0.1116197501E-04 -0.5700093102E-05
 0.8448092512E-05  0.2855571097E-04
 0.8755018700E-05 -0.1732462493E-04
 0.3306055048E-04 -0.3682275798E-04
-0.1061386332E-04  0.2004844183E-05
 0.1069692457E-04  0.1437584457E-04
 0.1030596927E-04 -0.6933663602E-05
 0.3388383945E-04 -0.2447658586E-04
-0.5316398554E-05 -0.1207799728E-05
 0.2744571704E-05 -0.8155605007E-05
-0.6733690952E-05 -0.5398236190E-05
 0.1159815767E-04 -0.6999395299E-05
-0.2661312667E-05  0.7212535716E-05
 0.8194664149E-05 -0.7762746088E-05
 0.1088236301E-04 -0.7818203184E-05
 0.6463446712E-05 -0.8817122175E-05
-0.8897334446E-05  0.7811445836E-05
-0.1647961364E-05 -0.9552426772E-05
 0.5658580143E-06 -0.9602502170E-05
-0.4326902245E-05 -0.1075551548E-04
 0.1563076659E-05  0.9845561940E-05
-0.3462382115E-05  0.9026190337E-05
-0.1900849903E-06  0.9397265194E-05
-0.4922114781E-05  0.7802770960E-05
 0.3219479251E-05 -0.8979762085E-05
 0.1521157140E-04 -0.8134293837E-05
 0.1829700519E-04 -0.8488448255E-05
 0.1321664931E-04 -0.8619072749E-05
-0.1857115975E-04  0.1033875012E-04
-0.8721975679E-05  0.6983638998E-05
-0.5660365207E-05  0.7590008439E-05
-0.1511598326E-04  0.1428730145E-04
-0.2119195094E-04  0.1374639635E-04
-0.7265362573E-05  0.7533159393E-05
-0.9077972969E-05 -0.1198688872E-04
-0.1455567809E-04 -0.1158250034E-04
-0.1334876675E-04 -0.1223632427E-04
 0.4359236593E-05  0.1282469003E-04
-0.6893429347E-05  0.5385633200E-05
-0.1736101445E-04 -0.1314548239E-04
-0.2655217691E-04  0.4275381768E-05
-0.8013083827E-05  0.5258120675E-05
 0.6859850898E-05  0.1930026252E-04
 0.3561903195E-04  0.2516772556E-04
 0.2278833089E-04  0.1739552801E-04
 0.1403661296E-04  0.1551280454E-04
-0.1969336487E-04 -0.1200722274E-04
 0.4978611036E-05  0.1664325885E-04
-0.9674837693E-05  0.1530813848E-04
-0.9301234930E-05  0.7944138681E-05
-0.7036133748E-06  0.1205457377E-04
 0.3120806119E-05  0.1109388073E-04
-0.1982442288E-05  0.9900138283E-05
-0.1971011063E-05 -0.1061482792E-04
-0.1263122077E-04  0.1105349415E-04
-0.7271865269E-05  0.9032114737E-05
-0.1370915304E-04  0.8141957355E-05
 0.9890058402E-05 -0.8753739675E-05
 0.3906062872E-05 -0.9595253758E-05
 0.7429075442E-05 -0.9148225564E-05
 0.5911355982E-06 -0.1041551569E-04
-0.3516343866E-05  0.1161342409E-04
-0.1944428829E-04  0.1561595359E-05
-0.1499463039E-04  0.1135900112E-04
 0.6515968674E-05  0.1831998869E-04
 0.1610467816E-04 -0.1413598323E-04
 0.3631302460E-04  0.2268131311E-04
 0.4493844807E-05  0.1064169428E-04
 0.1088577361E-04 -0.5577330355E-05
-0.6006365163E-05 -0.4211450425E-05
-0.1140065313E-05 -0.1855615085E-05
 0.1225003412E-04 -0.2851371249E-04
-0.1704304304E-04 -0.2220436391E-04
 0.1472659375E-04  0.6598455187E-05
-0.1400767186E-04  0.2097663152E-06
-0.1685275875E-04 -0.1063940980E-04
-0.7864812597E-05 -0.4812464216E-05
 0.1950259935E-04  0.4901377518E-05
-0.2257570002E-04 -0.2325024217E-04
-0.3701760652E-04 -0.2728685134E-04
-0.2305030486E-04 -0.2106146484E-04
 0.2866436293E-04  0.3216320968E-04
-0.2260811444E-05 -0.1038494757E-04
-0.1421811482E-04 -0.1606243861E-04
-0.6221212426E-05 -0.1178763743E-04
 0.1118595804E-04  0.2138152448E-04
 0.2203127440E-04  0.2452095856E-04
 0.1595746286E-04  0.1109595785E-04
 0.2284186606E-04  0.1675224331E-04
-0.1172643044E-04 -0.1624523613E-04
 0.1267453261E-04  0.1771876733E-04
 0.3658234778E-05  0.1140044275E-04
 0.1065020905E-04  0.1337917897E-04
 0.6727793615E-05 -0.9573050269E-05
 0.6697976524E-05  0.1074426224E-05
 0.4746747276E-05 -0.3543581560E-05
 0.1061469716E-04 -0.1553444153E-05
 0.5412415771E-05  0.3998845156E-05
 0.8461829605E-05 -0.5994108257E-06
 0.1107064181E-04 -0.1713886774E-05
 0.1063270694E-04 -0.1616247919E-05
-0.1920715408E-05  0.1943692236E-05
 0.2011224482E-05  0.1336264357E-05
 0.6630727677E-07  0.2617262800E-06
 0.4068529612E-05 -0.1483792146E-06
 0.9047594766E-05  0.3145626240E-05
 0.7430965135E-05  0.1162928388E-04
 0.7203320648E-05  0.1072666360E-05
 0.1077306723E-04  0.4666021568E-05
 0.2359134344E-05 -0.4549357132E-05
 0.7312448233E-06 -0.7886134721E-06
-0.2390349051E-04  0.1099666594E-04
-0.8689567669E-05  0.4856930742E-05
 0.1924125180E-06 -0.1362501716E-04
 0.1360027139E-04  0.1131452013E-06
 0.8747835402E-05 -0.2524656806E-05
 0.1636024061E-04 -0.2699270365E-05
-0.4680173079E-05  0.5048238928E-05
-0.1916091032E-05 -0.8786772606E-06
-0.3368729417E-05 -0.2452161002E-05
-0.9376951294E-06 -0.1222984820E-05
 0.7999774646E-05 -0.1936080292E-05
 0.2434557730E-04  0.4944791117E-04
 0.1276751507E-04 -0.4945248956E-06
 0.1383762535E-04  0.3503931979E-05
 0.1499726921E-04  0.3745837007E-05
-0.3644571169E-05 -0.3642464825E-05
 0.1056404783E-05  0.1204236404E-04
-0.1479258013E-04  0.1963014190E-04
 0.1397666859E-05  0.1354732531E-04
 0.9635134299E-06 -0.7807632800E-05
 0.1443576970E-04  0.4307507367E-05
 0.1320402248E-04  0.7664895798E-05
 0.1372533938E-04  0.6992021685E-05
-0.4112700311E-05 -0.7798841757E-05
-0.8199746687E-06 -0.9437068339E-05
-0.3656107967E-05 -0.5995834326E-05
-0.7165955303E-06 -0.7686659795E-05
 0.1406648771E-04  0.6162244499E-05
-0.4732677219E-05 -0.1635383046E-04
 0.9306457810E-05  0.4166198538E-06
 0.3673763561E-05 -0.9238889617E-05
 0.4558392370E-05 -0.8297524604E-05
-0.5016148676E-05  0.7252947244E-05
-0.1079940987E-04 -0.2750243362E-04
-0.1676022577E-04 -0.3538962053E-04
-0.7615506659E-05 -0.3327324484E-04
-0.1167324632E-04  0.3645917152E-04
-0.3012598769E-05 -0.2552502214E-04
-0.9848875535E-05 -0.2672215278E-04
-0.1212579560E-04 -0.4101223402E-04
-0.2837364823E-06  0.2793954359E-04
-0.6285030990E-05  0.2851615153E-04
-0.3471475388E-05  0.1842953900E-04
-0.5097855223E-05  0.2012132742E-04
-0.1952364685E-05 -0.2404096416E-04
-0.1945673009E-04  0.3572004680E-04
-0.4624889340E-05  0.1877280230E-04
-0.9426011925E-05 -0.2045483767E-04
-0.2784920280E-04 -0.2159260025E-04
-0.2604954475E-05  0.5039182119E-05
-0.4239468365E-05 -0.2711700579E-05
-0.1842556018E-05 -0.5479717685E-05
 0.9872494274E-05  0.1966383569E-05
-0.5211232739E-05 -0.2026568009E-04
-0.8970416531E-06 -0.6388394896E-05
-0.5450037800E-05 -0.1690685710E-04
-0.1327503076E-04  0.1847596863E-04
 0.2419390750E-06  0.8773879815E-05
-0.2006634579E-04  0.8709269036E-05
-0.5622472161E-05 -0.6558102207E-05
-0.1013354817E-05  0.1355692358E-05
-0.9546547022E-05 -0.1418185382E-04
 0.5277320646E-05 -0.5197888209E-05
-0.3107330449E-05 -0.1007142440E-04
-0.2332960890E-04  0.1757367225E-04
 0.7996916326E-06 -0.3675883570E-05
-0.2403464100E-05  0.9283337014E-06
 0.1826756349E-05  0.9271016397E-06
 0.1252067194E-04 -0.8352637738E-06
 0.8498217808E-05  0.2023393700E-04
 0.7891466136E-06  0.4814842036E-05
 0.1329023114E-04  0.1215231798E-04
-0.4364234634E-05  0.4339824262E-06
 0.9176119072E-05  0.1011504008E-06
-0.1932836404E-04  0.9210635058E-05
 0.3419927406E-05  0.6680346685E-05
 0.8278265220E-05  0.1161176586E-05
 0.2318671779E-04  0.3121956052E-04
 0.2938147053E-04  0.6197545888E-05
-0.1505427418E-04  0.3321565964E-04
 0.3031310682E-04  0.1232339352E-04
 0.4016897558E-04  0.2402180800E-04
 0.2113224862E-04  0.6226070075E-04
 0.5923181050E-05  0.6464822466E-04
-0.2182216827E-04  0.3533649078E-06
-0.4418367134E-04  0.1621242658E-04
 0.2023077361E-04 -0.7041495349E-05
 0.4219842874E-04  0.3369446739E-04
 0.3728387965E-04  0.3648389515E-04
 0.1265862613E-04  0.3179979364E-04
 0.7473445602E-04  0.6608550201E-04
-0.1987993191E-04  0.9193172115E-05
 0.3459304043E-04  0.3838913340E-04
 0.2852676622E-04  0.2370536167E-04
 0.3407062255E-04  0.2980064093E-04
-0.3309488772E-04 -0.2901413825E-04
 0.2459739008E-04  0.1090868034E-04
 0.2199083115E-04  0.9477800603E-06
 0.2636209025E-04  0.6482568529E-05
-0.1994705685E-04 -0.4076842618E-05
 0.3558789976E-04  0.2358749874E-04
 0.3246146540E-04  0.1271278469E-04
 0.3415323947E-04  0.1747501881E-04
-0.3277026867E-04 -0.1623381161E-04
-0.2883840290E-04 -0.1121076415E-04
-0.3345656119E-04 -0.2303057904E-04
-0.2516167611E-04 -0.1663531535E-04
 0.3059030683E-04  0.1748244804E-04
 0.1395772342E-04 -0.2432733012E-05
 0.3985918058E-05 -0.8124983784E-05
-0.1592789657E-04 -0.1295694908E-04
-0.1106445933E-04 -0.1140704271E-04
 0.2567768221E-04  0.1829374831E-04
 0.7637924968E-05  0.8639978336E-05
-0.4041364889E-04 -0.7910286703E-05
-0.2472668093E-04 -0.1501941856E-04
-0.4121682999E-04 -0.1205005637E-04
-0.3960952857E-04 -0.1129542625E-04
-0.2285757324E-04 -0.1310574240E-05
 0.3498556487E-04  0.3828830381E-05
-0.2994437121E-04 -0.3778173439E-05
-0.2842056229E-04  0.2220617410E-06
-0.1233769167E-04  0.8887598166E-05
 0.2597876211E-04 -0.8002199586E-05
 0.2081914592E-04  0.7916778601E-05
 0.2927667275E-05  0.7665673322E-07
-0.2809152251E-04 -0.1023328755E-04
-0.1904911499E-04 -0.1458096278E-04
 0.1469152175E-04  0.2389013173E-04
 0.1994468447E-04  0.2151921081E-04
 0.1431450239E-04  0.1797244064E-04
-0.1965061592E-04 -0.1544027867E-04
 0.2305360585E-04  0.1956364624E-04
 0.2410327085E-04  0.1851365253E-04
 0.2057727579E-04  0.1707513524E-04
-0.2281036434E-04 -0.1860612184E-04
 0.1667063760E-04  0.1453775625E-04
 0.1679393958E-04  0.1452984434E-04
 0.1013274583E-04  0.1242761175E-04
-0.1630646727E-04 -0.1348759757E-04
-0.2267961442E-04 -0.1597764714E-04
-0.1837819058E-04 -0.1509275820E-04
-0.2234304670E-04 -0.1761919463E-04
 0.1827101802E-04  0.1652796079E-04
 0.1576708929E-04  0.1865784929E-04
 0.9312998963E-05  0.7278178485E-05
-0.4368745317E-04 -0.6705401468E-06
-0.1233751170E-04 -0.3778654341E-05
 0.7342583363E-05  0.1133313180E-04
 0.9319246229E-05  0.1169086972E-04
 0.4539470390E-05  0.1000834325E-04
-0.5999352339E-05 -0.1095588267E-04
 0.8338949952E-05  0.1418787494E-04
 0.4482698720E-04  0.3652358721E-05
-0.5866599349E-04 -0.2085196407E-05
 0.2280020595E-05 -0.3148418199E-05
 0.3210021993E-05  0.1181992813E-04
 0.5120357785E-04 -0.5654617863E-05
-0.5947694817E-04 -0.3352541496E-05
 0.2009810218E-06 -0.1664136076E-05
-0.7482547393E-05 -0.1116932274E-04
-0.1421272081E-04 -0.7594283946E-05
 0.4435157960E-05 -0.7930745736E-05
 0.6164514876E-05  0.9185158880E-05
 0.3212863078E-04 -0.9221370546E-05
-0.3036591997E-04 -0.1018065314E-04
-0.9135702495E-04 -0.2911669274E-04
 0.5923443120E-05  0.1138172354E-04
-0.1475018794E-04 -0.1157772266E-04
-0.1206575135E-04 -0.1202074834E-04
-0.1962730594E-04 -0.1378279734E-04
 0.1291054415E-04  0.1271704297E-04
 0.2447802798E-04 -0.1345738728E-04
-0.2841110513E-04 -0.1628185168E-04
-0.1175336843E-04 -0.1385812144E-04
-0.3294127109E-05  0.1494201883E-04
 0.1705583502E-04  0.1824738886E-04
 0.1573778197E-06  0.2035797872E-04
 0.9658589659E-05  0.1397131721E-04
-0.2388812159E-04 -0.1560635474E-04
-0.3994083889E-04 -0.1658489833E-04
-0.3583796836E-04 -0.1514853888E-04
-0.2367689214E-04 -0.1211717484E-04
 0.2753612233E-04  0.1345716497E-04
-0.4654093269E-04 -0.1834310856E-04
-0.4329817772E-04 -0.1608772784E-04
-0.2739365958E-04 -0.9680554259E-05
 0.3644367661E-04  0.1209290816E-04
 0.2439287171E-04  0.2138738225E-04
 0.1515160617E-04  0.1239491418E-04
-0.4801422407E-04 -0.6573418659E-05
-0.2478563622E-04 -0.1201033356E-04
-0.2810686491E-04 -0.1950384360E-04
-0.2714891650E-04 -0.2029836601E-04
-0.3185071279E-04 -0.2262573729E-04
 0.2777210195E-04  0.2162643405E-04
-0.2479036752E-04 -0.1789236160E-04
 0.1553637356E-05  0.6026639901E-05
 0.4427225085E-05  0.5769033823E-05
 0.2394731632E-04  0.2758767870E-04
-0.3665469213E-04 -0.2376942413E-04
 0.6425819790E-05  0.5775024299E-05
 0.2091565148E-05  0.5723801733E-05
 0.3374060791E-04  0.3564061720E-04
 0.2970223812E-04  0.3130865032E-04
 0.3144420971E-04  0.2870430051E-04
 0.2650812361E-04  0.2501319710E-04
-0.3013398012E-04 -0.2060996075E-04
-0.3886911929E-04 -0.2022882784E-04
-0.4368076719E-04 -0.2799903384E-04
-0.4011588930E-04 -0.2624223661E-04
 0.3776947226E-04  0.2594845311E-04
-0.5762065700E-04 -0.2931645746E-04
-0.9797156558E-06  0.8745428244E-05
-0.7622072130E-04 -0.2600311756E-04
 0.5939640095E-04  0.4036191870E-04
-0.4137036848E-04 -0.3193649514E-04
-0.5331241239E-04 -0.2885565408E-04
-0.4665699073E-04 -0.3088098398E-04
 0.3897560390E-04  0.4197235009E-04
 0.6268959414E-04  0.4427187930E-04
 0.4251345370E-04  0.3402851737E-04
 0.3878284739E-04  0.3236416067E-04
-0.5241645799E-04 -0.3000178375E-04
 0.4475641950E-04  0.4276055160E-04
 0.3895834778E-04  0.3332946539E-04
 0.3696857917E-04  0.3261624553E-04
-0.4259516708E-04 -0.2791088261E-04
 0.3733170418E-04  0.2717860901E-04
 0.3679694622E-04  0.2067539204E-04
 0.3436409068E-04  0.2127792912E-04
-0.3767464089E-04 -0.2160115996E-04
 0.3234960684E-04  0.2448206112E-04
 0.3258734730E-04  0.2075140275E-04
 0.2739742398E-04  0.1917369297E-04
-0.3180217775E-04 -0.2071098306E-04
-0.3777144428E-04 -0.2129793142E-04
-0.3738685728E-04 -0.2544988274E-04
-0.4089724375E-04 -0.2678785040E-04
 0.3598947492E-04  0.2581150120E-04
 0.2276859944E-04  0.3138746198E-05
-0.1648505399E-04  0.1465457107E-04
-0.1162172395E-04  0.1778459225E-04
-0.1564520260E-04 -0.1901149522E-04
-0.8170500835E-05  0.7309952007E-05
-0.2101283377E-04 -0.4449701792E-05
-0.1445009557E-04  0.3201943578E-05
 0.1233868342E-04 -0.4801789795E-05
 0.2765766096E-04  0.3886529427E-04
-0.3300316259E-05  0.3899573971E-05
-0.4716579271E-05 -0.2116751346E-04
-0.1122844450E-04  0.5746931952E-05
-0.8384853751E-05 -0.8315591582E-05
-0.2093416139E-04 -0.7905302101E-05
-0.1494249255E-04 -0.7524361800E-06
 0.1880358021E-04 -0.1680815538E-05
-0.8680948088E-05 -0.3480182667E-05
-0.1997557320E-04 -0.2388205742E-05
-0.1576176700E-04  0.3777597046E-05
 0.1800899044E-04 -0.4313527883E-05
 0.3385596515E-04  0.2834055705E-04
 0.1227564510E-04  0.1246475033E-04
 0.9762503772E-05 -0.1990642582E-04
-0.8418099944E-05 -0.1676628789E-05
 0.3303858456E-04  0.3676766322E-04
 0.8870684156E-05  0.1743363513E-04
 0.8333567349E-05 -0.2892274770E-04
-0.1070317033E-04 -0.1982991338E-05
-0.8138866069E-05  0.3503950782E-05
-0.1718844402E-04  0.2494947902E-05
-0.1712589934E-04  0.5569451320E-05
 0.1297748285E-04 -0.7565780353E-05
-0.4954563259E-05 -0.3329162720E-05
 0.1071054411E-04 -0.2069578816E-04
-0.6467614074E-05 -0.2116275181E-04
 0.1358543226E-04  0.6831527984E-05
 0.2805077337E-04  0.2495576969E-04
 0.6970750771E-05  0.1129902758E-04
 0.1351937297E-04 -0.1151376327E-04
-0.7002121842E-05 -0.1004017984E-05
 0.3381596618E-04  0.2445993567E-04
 0.1043998497E-04  0.6983871946E-05
 0.1058077767E-04 -0.1473536422E-04
-0.5315182806E-05  0.1214832956E-05
 0.2051020829E-03  0.2042775202E-03
-0.2494968082E-03  0.1710296096E-03
-0.1470310286E-03 -0.2955374236E-04
 0.2656438462E-03 -0.1471094715E-03
-0.3538028168E-03  0.9776408659E-04
-0.3512890400E-03  0.8197741398E-04
-0.3055236693E-03  0.6803715691E-04
 0.3343154940E-03 -0.9313804193E-04
 0.8029431856E-04  0.1461183859E-03
-0.2237525573E-03  0.8398019055E-04
-0.2746929759E-04 -0.7078306661E-04
 0.2262144625E-03 -0.7668487540E-04
 0.2591654838E-03 -0.8604199153E-04
 0.4675704620E-03 -0.1156443776E-03
 0.3900972420E-03 -0.8860191348E-04
-0.3772692515E-03  0.4780094379E-04
-0.3435140919E-03  0.6932553436E-04
-0.3214060021E-03  0.6115820444E-04
-0.2853611339E-03  0.5283825909E-04
 0.3031131426E-03 -0.7747279077E-04
-0.2723290898E-03  0.5435082257E-04
-0.2221133287E-03  0.4892093774E-04
-0.4227149069E-04 -0.1726416909E-05
-0.2360845550E-03  0.4560405370E-04
-0.2196179773E-03  0.5044862911E-04
-0.2039589147E-03  0.4478973170E-04
 0.1985107181E-03 -0.5826349008E-04
 0.2034675003E-03 -0.5825334825E-04
 0.2443273366E-03 -0.6517873675E-04
 0.2534841443E-03 -0.6412663347E-04
-0.2623899952E-03  0.5204770739E-04
-0.2862659815E-04  0.8110573794E-04
-0.1656674692E-03  0.4442298947E-04
 0.5863734539E-04 -0.7458766243E-04
 0.1620653803E-03 -0.4439147637E-04
-0.1961945893E-03  0.2865877488E-04
-0.1879147532E-03  0.3602279782E-04
-0.1699992556E-03  0.2612247195E-04
 0.1657820203E-03 -0.3713292409E-04
-0.1075639814E-03  0.3108078213E-04
-0.1223389891E-03  0.2022360076E-04
 0.1189110631E-03 -0.6332159127E-04
 0.1178558620E-03 -0.1879783225E-04
 0.1680223957E-03 -0.2762901215E-04
 0.2461055099E-03 -0.3229836505E-04
 0.1697987554E-03 -0.2495068505E-04
-0.2120303132E-03  0.8548518180E-05
 0.1806220973E-03 -0.4799501096E-04
 0.1920078527E-03 -0.4232495737E-04
 0.2163529255E-03 -0.5369604733E-04
-0.2137006427E-03  0.3764483489E-04
 0.2003071987E-03 -0.5042916991E-04
 0.3560282228E-03 -0.5756391029E-04
 0.2731113454E-03 -0.4151026149E-04
-0.2901310424E-03  0.1462029496E-04
 0.2663310280E-03 -0.6404484626E-04
 0.2840418719E-03 -0.6376862156E-04
 0.3250482415E-03 -0.8064804241E-04
-0.3031572211E-03  0.5540699744E-04
-0.2723114500E-03  0.4352201410E-04
-0.2525322420E-03  0.4345096392E-04
-0.2232523146E-03  0.3662429447E-04
 0.2339910668E-03 -0.5376939119E-04
-0.1349243788E-03 -0.4792613330E-05
-0.5161945690E-04 -0.7072247801E-06
 0.1332052127E-03 -0.4533092310E-04
 0.5791680404E-04  0.4064037605E-05
-0.4872480381E-04 -0.2896007127E-05
-0.4107136347E-04 -0.4137134293E-05
-0.3103189168E-04 -0.1846686589E-05
 0.5422500824E-04  0.1998368135E-05
-0.1128831080E-03 -0.1583359144E-04
-0.1872706283E-04 -0.2216995145E-05
 0.1037241021E-03 -0.2869230098E-04
 0.2691243865E-04  0.7180398025E-05
 0.6402350662E-04  0.9822281391E-06
 0.7072561232E-04 -0.6048582393E-05
 0.2938639137E-04  0.4647172962E-05
-0.3724841843E-04  0.9143709551E-06
-0.3065060101E-04 -0.4108035839E-05
-0.2651039757E-04  0.1062097964E-05
-0.2060883904E-04  0.1061756876E-05
 0.4035968076E-04 -0.4372140105E-05
-0.2820724253E-04  0.1013745014E-04
-0.2586623986E-04  0.1303082558E-04
-0.7119304075E-05  0.5572905248E-05
-0.1949375309E-04  0.4983567394E-05
-0.2287959720E-04  0.9356717292E-05
-0.1801572499E-04  0.7123077503E-05
 0.1963259923E-04 -0.7569518300E-05
 0.2411022684E-04 -0.8946938398E-05
 0.2584123068E-04 -0.6659828413E-05
 0.3404530708E-04 -0.9696535470E-05
-0.2422736876E-04  0.6821073137E-05
-0.8093557069E-04 -0.8746356244E-05
-0.9687947654E-05  0.4915760249E-05
 0.7416667275E-04 -0.1859196940E-04
 0.1563535632E-04  0.2093137018E-05
-0.1228738933E-04  0.5275174410E-05
-0.1330855283E-04  0.6848226203E-05
-0.9893269931E-05  0.7300578238E-05
 0.1210409346E-04 -0.6882996994E-05
-0.6311192453E-04 -0.2896925545E-05
-0.3976912158E-05  0.8980125204E-05
 0.5876846939E-04 -0.1118797954E-04
 0.7858611222E-05 -0.3773761001E-06
 0.2182364892E-04 -0.5736908543E-05
 0.1876404528E-04 -0.7642687032E-05
 0.2749911948E-06 -0.3108439000E-05
-0.1125131854E-04  0.5759911629E-05
 0.1603664619E-04 -0.7036479807E-05
 0.1690414328E-04 -0.5637406633E-05
 0.1919412448E-04 -0.5506476848E-05
-0.1606154794E-04  0.5092149150E-05
 0.3397524157E-04 -0.3536198687E-05
 0.3477717998E-04 -0.7600353166E-05
 0.4270308107E-05  0.8931698716E-06
-0.1586405423E-04  0.3434416627E-05
 0.2831144851E-04 -0.3569454993E-05
 0.3336477420E-04 -0.1761588366E-05
 0.4644875367E-04 -0.7712985216E-06
-0.2217896440E-04 -0.1417286923E-05
-0.1596272783E-04  0.3648421350E-07
-0.1680617454E-04  0.2181503551E-05
-0.1584890715E-04  0.3710188648E-05
 0.2043741857E-04 -0.3137262752E-05
 0.3147662878E-05  0.3148016448E-05
 0.5961072140E-04 -0.9026087044E-05
 0.7394470278E-04 -0.1450353112E-05
 0.1080888110E-03 -0.4945009570E-05
-0.4754995994E-04 -0.5457806380E-05
 0.3182816706E-04  0.1162795800E-04
-0.6730751903E-04 -0.8682939206E-05
-0.3487112603E-04  0.1716166833E-05
 0.2318960747E-04  0.1869861888E-05
 0.8318079011E-04  0.2923212570E-06
 0.8458605178E-04 -0.8242147469E-06
 0.1270732346E-03 -0.3448092882E-05
-0.7863834564E-04 -0.7945047749E-06
 0.1179668659E-03 -0.8977699649E-06
 0.1351558593E-03 -0.9930466167E-05
 0.1117974403E-03 -0.2221574407E-05
-0.1030345654E-03  0.2117319484E-05
 0.1738273301E-03 -0.1737492079E-04
 0.1547559206E-03 -0.2267853671E-04
 0.1671450020E-03 -0.3807401547E-04
-0.1762871260E-03  0.2649632898E-04
-0.1545728338E-03  0.9157964824E-05
-0.1604739367E-03  0.3041891423E-05
-0.8552719419E-04  0.3976139255E-05
 0.1549623588E-03  0.4940055807E-06
-0.5934066467E-04  0.4688571510E-04
 0.1702123089E-03 -0.4563228520E-04
 0.1763532095E-03 -0.5152158131E-04
 0.1718988560E-03 -0.5426311952E-04
-0.2027717912E-03  0.5181944563E-04
-0.4430465436E-04  0.1191927548E-04
-0.1958657364E-03  0.4902591468E-04
-0.1995533934E-03  0.4831671841E-04
-0.5181643642E-04  0.2875733277E-04
-0.1931582212E-03  0.4140974089E-04
-0.2110372682E-03  0.4416807707E-04
-0.1941887512E-03  0.2330926867E-04
 0.1842715593E-03 -0.3563054546E-04
-0.2175129402E-03  0.2867234931E-04
-0.1335900317E-03 -0.1710980122E-05
-0.1531024807E-04  0.3869452747E-04
-0.1152178781E-03  0.3166493335E-05
-0.1043020443E-03 -0.3001188868E-05
-0.6507533754E-04 -0.5307053298E-05
 0.1256444598E-03 -0.1099068213E-05
 0.1640512382E-03 -0.3415439246E-05
 0.2055983596E-03 -0.5243639841E-05
 0.2027066871E-03 -0.2177619984E-04
-0.2105490373E-03  0.1115213115E-04
 0.6550123448E-04 -0.2709314161E-03
 0.6853919857E-04 -0.1719473751E-03
 0.2692600036E-04 -0.1448163178E-03
 0.3954442885E-04  0.1730334647E-03
 0.7464346226E-04 -0.2388979040E-03
 0.1619327113E-03 -0.2706222647E-03
 0.1028369038E-03 -0.1526171439E-03
 0.8417226642E-04  0.2658295574E-03
-0.1919655703E-04  0.1843413071E-04
-0.1198088303E-04  0.3558894740E-04
-0.5420011394E-04  0.1153319993E-03
 0.2048043548E-04 -0.5068427334E-04
 0.1556098026E-04  0.7221101362E-04
 0.3262279699E-04  0.8455107148E-04
 0.4940765012E-04  0.1893841935E-03
 0.3520044896E-04 -0.1299437367E-03
 0.1509773474E-03 -0.8162653421E-04
-0.8071657752E-04  0.1872228162E-03
-0.7756135837E-04  0.2292095075E-03
-0.6674927958E-04  0.1665454334E-03
-0.8166274438E-05 -0.2152166628E-03
-0.1921983738E-04  0.3204748150E-03
 0.1189240503E-03  0.4154356459E-03
 0.3716330071E-04  0.2887221844E-03
-0.9275684057E-04 -0.2897464473E-03
-0.5246476823E-04  0.1624471202E-03
-0.2026622267E-04  0.1861778448E-03
-0.2056529288E-04  0.1258644883E-03
-0.4506041992E-04 -0.1687999845E-03
-0.8156367936E-04 -0.2411866563E-03
-0.2564576512E-04 -0.1933760233E-03
-0.5260942444E-04 -0.2764668452E-03
-0.5532690109E-04  0.2146736765E-03
-0.4144079910E-04 -0.2244247023E-03
-0.4829722458E-04 -0.3225887842E-03
 0.2118877978E-05 -0.3279336716E-03
 0.7285686651E-04  0.4628420925E-03
-0.2783533666E-04 -0.2530871612E-03
 0.9576685075E-05 -0.1664399894E-03
-0.1048504977E-04 -0.1240683886E-03
-0.6578705410E-04  0.1746769527E-03
 0.1629394803E-03 -0.3329984138E-03
-0.6909441155E-05  0.2805718454E-04
 0.1718212189E-03  0.2762628905E-03
 0.2925098908E-03 -0.8648528298E-04
 0.2794835750E-04  0.1115265389E-03
 0.1753451273E-03  0.3413040839E-03
-0.2480592269E-04  0.2881545945E-03
-0.3018351786E-04 -0.2304404168E-03
-0.1152897105E-04  0.1204794253E-03
 0.6167849982E-05  0.1344030638E-03
 0.7004906266E-05  0.1133899377E-03
-0.6284745939E-04 -0.1209736572E-03
 0.1508423550E-04  0.1500492525E-03
 0.4986761417E-04  0.8463416029E-04
 0.1182154184E-04  0.1191137283E-03
-0.1320845488E-03 -0.1051752836E-03
-0.2941784942E-04  0.2017698415E-03
 0.2213988921E-04  0.1541662133E-03
-0.7047939171E-04  0.1850714976E-03
-0.9035618586E-04 -0.1713527018E-03
-0.1160676680E-03 -0.1372255846E-03
-0.7535868591E-04 -0.1186739294E-03
-0.1222422292E-03 -0.1418597246E-03
-0.4181796155E-05  0.1512945423E-03
 0.1473233883E-03  0.2086459196E-04
 0.5116258302E-03 -0.1013920153E-03
 0.2037372291E-03 -0.7855530055E-04
-0.4615724881E-03  0.1465409013E-03
 0.2702830160E-03  0.1093222441E-04
 0.8584087403E-03 -0.3686014927E-03
-0.1135429212E-02  0.8473713630E-03
 0.2238103843E-03 -0.1517120485E-03
 0.4633257073E-03 -0.2559255584E-03
 0.2920512220E-03 -0.1798153497E-03
-0.4267213726E-03  0.2004134859E-03
-0.7554186528E-03  0.4062556154E-03
-0.3166546739E-03  0.1518186045E-03
-0.5015319386E-03  0.3625816449E-03
 0.4491041686E-03 -0.2225927391E-03
 0.7510681313E-04  0.1467456938E-04
 0.5922533829E-04  0.4747935099E-04
-0.1410905491E-03 -0.3281460606E-04
-0.2076685855E-04 -0.8130858981E-04
 0.4669399254E-04  0.3787468504E-04
 0.2049178173E-03 -0.1141815375E-03
-0.2877572454E-04 -0.1778113661E-05
-0.1857968457E-03  0.1640233758E-04
 0.1787475270E-03 -0.1045870866E-03
 0.3798964085E-04 -0.1821192854E-03
-0.8336341345E-04  0.9339228805E-05
-0.4664653471E-04  0.4811097272E-04
-0.2945520890E-03  0.1146060943E-03
-0.1977524222E-03  0.2471014735E-04
-0.2508605396E-03  0.6084225028E-04
 0.1325700103E-03 -0.8113835298E-04
-0.3648071540E-04  0.6578877057E-05
 0.3058791669E-04 -0.4344495204E-04
-0.7997478672E-04 -0.9628927631E-04
 0.3443615057E-04 -0.2377932781E-04
-0.2446572285E-03  0.1754234809E-04
-0.1395728378E-03 -0.9377398264E-04
-0.1616115921E-03  0.8266537200E-05
 0.5092100139E-04  0.3010832182E-04
 0.5906196522E-04  0.4924370345E-04
 0.1111909153E-03 -0.4298046726E-04
 0.8711494997E-04 -0.7809209380E-05
-0.1599235882E-03 -0.4053718012E-04
-0.5881334932E-03  0.6129614957E-03
-0.2597269410E-03 -0.3733337462E-04
 0.1867733302E-03  0.3520032812E-03
-0.2376625796E-03  0.5354641488E-04
-0.2088581935E-03 -0.1500042394E-03
-0.1038820853E-03  0.7665159132E-04
 0.2160349691E-03  0.1997771343E-03
-0.1127664146E-03 -0.1698904530E-03
-0.5670092427E-04 -0.1359075273E-03
-0.1020192586E-03 -0.2080775657E-03
-0.2704669499E-05  0.1536968927E-03
 0.6969301727E-05 -0.6224307580E-04
-0.1356880628E-03 -0.2492789063E-03
-0.1548622575E-04 -0.1370112076E-03
 0.2108352621E-03  0.3667476543E-03
 0.7133726533E-04  0.2515211451E-03
 0.2722073308E-03  0.3251066678E-03
 0.5551565705E-04  0.1974191925E-03
-0.1797696033E-03 -0.2127006658E-03
 0.7544144730E-04  0.3923053149E-03
 0.8477496613E-04 -0.7675216147E-04
-0.4922995144E-04 -0.7611981265E-04
 0.4139407770E-03 -0.3492957418E-03
 0.4921903454E-03 -0.2477158742E-03
 0.4462516206E-03 -0.3479353157E-03
-0.4072965400E-03  0.3646167323E-03
-0.4891223042E-03  0.2782778872E-03
-0.3823529036E-03  0.4064087513E-03
-0.2057778104E-05 -0.8817465148E-04
-0.6537613945E-04 -0.4136764340E-04
-0.4859289713E-04 -0.1330051143E-04
 0.3789068248E-03 -0.9205332704E-04
 0.3129270159E-03 -0.7405539753E-04
 0.3677381910E-03 -0.9741435885E-04
-0.3864735667E-03  0.7973770078E-04
-0.3331938747E-03  0.6594314318E-04
-0.4006531313E-03  0.8719767546E-04
-0.5637958995E-04 -0.2588945228E-04
 0.4160306636E-03 -0.2913551651E-03
 0.4474587167E-03 -0.2124703931E-03
 0.3820564502E-03 -0.2331409615E-03
-0.3669648476E-03  0.2571668224E-03
 0.4280994568E-03 -0.1514652945E-03
 0.3796718270E-03 -0.1094211993E-03
 0.3747698998E-03 -0.1217961481E-03
-0.3908491562E-03  0.1201026845E-03
 0.4491313767E-03 -0.1842233458E-03
 0.2752687246E-03 -0.1595778597E-03
 0.4756347322E-03 -0.2224629755E-03
-0.3872002950E-03  0.1333080791E-03
-0.3512392044E-03  0.1509023792E-03
-0.3615265212E-03  0.2102246694E-03
-0.4052248788E-03  0.1802283439E-03
 0.3958808078E-03 -0.1818336368E-03
-0.3987707266E-03  0.9931651100E-04
-0.4417025754E-03  0.1458844409E-03
-0.4492640257E-03  0.1125507544E-03
 0.4302915542E-03 -0.1300756626E-03
-0.4486780552E-03  0.2166236731E-03
-0.3924948970E-03  0.3129719775E-03
-0.4928294339E-03  0.2501464899E-03
 0.4994378785E-03 -0.2530970884E-03
-0.4608492153E-03  0.1228470051E-03
-0.5039723258E-03  0.1847709130E-03
-0.6281904815E-04 -0.5993499247E-04
 0.4904141466E-03 -0.1723411216E-03
 0.4404635212E-03 -0.1216713652E-03
 0.4815405978E-03 -0.1792958331E-03
-0.4919909451E-03  0.1658092273E-03
-0.2835561472E-03  0.7804753723E-04
 0.3057578723E-03  0.2020701697E-03
-0.1707115518E-03  0.3028216823E-03
 0.1896927767E-03 -0.2621361087E-03
-0.3312695330E-03  0.2413764221E-03
 0.2398882353E-03  0.7168908563E-04
 0.7722020821E-04  0.4101074748E-03
-0.5968734395E-04 -0.3506774704E-03
-0.2053158811E-03  0.2955453450E-03
-0.8129244870E-04  0.3595144175E-03
-0.2226446364E-03  0.3610172235E-03
 0.2494527746E-03 -0.3325327869E-03
 0.2134975060E-03 -0.3051394328E-03
 0.1395171695E-03 -0.2693121381E-03
 0.1620712642E-03 -0.3299335883E-03
-0.1215281363E-03  0.2342605851E-03
-0.1770509418E-03  0.3638967666E-03
-0.5329545320E-04 -0.1240633140E-03
 0.3738702431E-03  0.3798154801E-03
-0.3622549675E-03 -0.3116894361E-03
 0.1479447123E-03  0.3084683813E-03
-0.3744069339E-03 -0.1859956662E-03
 0.3924692589E-03  0.2451092506E-03
-0.3859453360E-03 -0.1560266045E-03
 0.6464549961E-03  0.3457629196E-03
 0.6496076452E-03  0.2841375740E-03
 0.7987210278E-03  0.3963028779E-03
-0.6442949325E-03 -0.3201112242E-03
-0.6071724301E-03 -0.2182237017E-03
-0.4823629157E-03 -0.2436299917E-03
-0.7207285814E-03 -0.2281660177E-03
 0.6529442230E-03  0.1937505676E-03
-0.1965085400E-03  0.4392722460E-03
 0.1261935591E-03  0.5364736738E-03
-0.1371680220E-03  0.5205933150E-03
 0.2345198183E-03 -0.4707986715E-03
 0.5233058647E-03  0.5780342392E-03
 0.8599350819E-03  0.5398412713E-03
 0.7778846544E-03  0.6735703930E-03
-0.5445372821E-03 -0.5535557432E-03
-0.1744304404E-04  0.5712344764E-03
 0.4811944491E-03  0.6773918112E-03
 0.2882864694E-03 -0.3708176977E-04
-0.3064200645E-03 -0.5429692725E-03
 0.1274266745E-03 -0.4757649404E-03
-0.1279208797E-03 -0.5433663757E-03
 0.2907735066E-03  0.6326517301E-03
-0.6490749573E-03 -0.4379821222E-03
-0.3553912229E-03 -0.4798114428E-03
-0.4625331833E-03 -0.3720959680E-03
 0.6301774831E-03  0.4664153789E-03
-0.1239227327E-04 -0.4601587835E-03
 0.2552609693E-03 -0.3935483772E-03
 0.6334301561E-04 -0.3698450265E-03
 0.1838322091E-04  0.4390222574E-03
-0.2789878169E-03 -0.3282551761E-03
-0.1965794288E-03 -0.3227641963E-03
-0.3837025731E-03 -0.3395028576E-03
 0.3649746606E-03  0.2710552927E-03
 0.2236981415E-03  0.4030736330E-03
 0.4205137894E-03  0.4050090813E-03
 0.3324326666E-03  0.4875510208E-03
-0.2264950264E-03 -0.4139934260E-03
 0.3853790162E-03  0.1362016210E-03
-0.4520822017E-03 -0.7986671588E-04
 0.1192713817E-03  0.1825900979E-03
-0.1088643069E-03 -0.5136101010E-04
 0.4011686928E-03  0.1738089673E-04
-0.3122784953E-03  0.1670481843E-04
-0.1147379002E-03  0.1987629716E-03
 0.1204202021E-03 -0.5549826583E-04
 0.4854796018E-04  0.1615951611E-03
-0.1538543891E-03  0.1785699046E-03
-0.9447857664E-04  0.2060821755E-03
 0.5835698490E-04 -0.1706021851E-03
-0.1623343548E-04 -0.1136624633E-03
 0.7316847112E-04 -0.1128832133E-03
-0.2431565486E-04 -0.1191921354E-03
-0.4479032634E-04  0.1230747606E-03
 0.3125391358E-03 -0.2590465270E-04
-0.1751726939E-03  0.2621190059E-04
-0.1547755471E-03  0.1783828591E-03
 0.7877101942E-04 -0.6121838234E-04
-0.1757722484E-03  0.1677896863E-03
-0.9999197529E-04  0.1410714316E-03
-0.2310571170E-03  0.1654607924E-03
 0.2072289759E-03 -0.1689491144E-03
 0.3298855579E-03 -0.1078226993E-03
 0.2411060678E-03 -0.1266216502E-03
-0.1169318658E-03 -0.2186395176E-03
-0.1094032980E-03  0.5827723608E-04
-0.2779995074E-03  0.2620401880E-03
-0.4247068586E-03  0.2777579461E-03
-0.5071532584E-03  0.3903738111E-03
 0.3543418269E-03 -0.2723214976E-03
-0.4303265565E-03  0.2555580803E-03
-0.3635283754E-03  0.1917491218E-03
-0.4942681321E-03  0.3025948893E-03
 0.4146469277E-03 -0.2608501872E-03
-0.7725249258E-03  0.6094522877E-03
-0.8823618309E-03  0.5467235106E-03
-0.1441979414E-03  0.5923930982E-04
 0.6861148781E-03 -0.3480164361E-03
 0.5498492818E-03 -0.3509756648E-03
 0.4458699089E-03 -0.2875693751E-03
-0.5705448883E-03  0.3864818541E-03
 0.3012447085E-03 -0.1861227009E-03
 0.3497275913E-03 -0.2254042157E-03
 0.2625303945E-03 -0.1621156687E-03
-0.3206948844E-03  0.1880133578E-03
 0.3187668062E-03 -0.2293256515E-03
 0.1932249584E-03 -0.2141635603E-03
 0.2031264840E-03 -0.1834161862E-03
-0.2774112177E-03  0.2189527526E-03
 0.1181705360E-03 -0.9304235635E-04
 0.2691239116E-03 -0.1494371484E-03
 0.1940294687E-03 -0.1216676753E-03
-0.2484816719E-03  0.1232828548E-03
-0.2463601152E-03  0.1857433110E-03
-0.2897390824E-03  0.1734081098E-03
-0.3443313734E-03  0.2228939829E-03
 0.2618496117E-03 -0.1884378980E-03
-0.1806937608E-03  0.7343737829E-04
 0.1012021375E-03  0.1975202775E-03
 0.3136837275E-03 -0.2837788908E-03
-0.1054122404E-03 -0.2301662610E-03
 0.9740706927E-04 -0.2339231187E-03
-0.1925374230E-03  0.3285665326E-03
 0.3082026274E-04  0.3668594989E-03
-0.4370690113E-03  0.4814566251E-03
-0.1225704196E-03  0.1313152115E-03
 0.6197924220E-03  0.2310632980E-03
 0.5107963030E-03  0.4935197775E-04
-0.1050025807E-02 -0.4336897747E-03
-0.7696466293E-03 -0.5299793209E-03
-0.8673847750E-03 -0.4828046102E-03
 0.1131688567E-02  0.6097277231E-03
 0.1013082274E-02  0.6787681212E-03
 0.1300724124E-02  0.5687664951E-03
 0.6643304046E-03  0.1527693315E-03
-0.7285174272E-04 -0.1923428149E-03
-0.4010195683E-03 -0.1978610185E-03
-0.1934459739E-03 -0.1600410835E-03
 0.1994436109E-03  0.1911750952E-03
-0.6870045974E-03 -0.2561569644E-03
-0.7879651925E-03 -0.3476983837E-03
-0.6215090793E-03 -0.2352211948E-03
 0.7589542171E-03  0.2951307389E-03
-0.4011109548E-03 -0.1205494675E-03
-0.3349006983E-03 -0.1233910489E-03
-0.4891653608E-03 -0.1249843345E-03
 0.4006978707E-03  0.1176622912E-03
 0.5350353055E-03  0.1986235821E-03
 0.2957299444E-03  0.1736204931E-03
 0.5192230884E-03  0.2227010439E-03
-0.4462516027E-03 -0.1791876262E-03
 0.9855723520E-03  0.4330710717E-03
 0.8211288632E-03  0.3142448790E-03
 0.1158563034E-02  0.4738089689E-03
-0.9365347107E-03 -0.3644215114E-03
 0.4472293215E-03  0.2399938102E-03
 0.3440056495E-04  0.2322446231E-03
 0.2870277013E-03  0.2966107473E-03
-0.2975089948E-03 -0.2177033112E-03
 0.1162480390E-02  0.4167283643E-03
 0.6477421659E-03  0.3344471020E-03
 0.3806894069E-03  0.2403248834E-03
-0.6078999001E-03 -0.2314928207E-03
-0.9906911213E-03 -0.3083568686E-03
-0.7049096828E-03 -0.2604520688E-03
 0.8147650087E-03  0.3466537667E-03
 0.7643163057E-04 -0.1884210513E-03
-0.1225995223E-04 -0.1998015542E-03
-0.3106638648E-04 -0.1243420311E-03
-0.6437563896E-04  0.1132865660E-03
 0.1492170070E-04 -0.7060858679E-04
 0.7576893790E-05 -0.1392484394E-03
-0.1801945128E-04 -0.1035512022E-03
-0.4548319840E-04  0.7322783856E-04
-0.5566132325E-05 -0.7457050146E-05
 0.2716226103E-04  0.1567029687E-03
-0.9578707608E-04  0.1346489326E-03
-0.1866859459E-04 -0.1097815454E-03
 0.1459482577E-04 -0.9251993671E-04
 0.3614348791E-04 -0.1516254438E-03
 0.4289572080E-05 -0.1505898003E-03
-0.7491647530E-04  0.9093635969E-04
 0.3435043341E-04 -0.1310324588E-03
 0.6362743331E-04 -0.1781359760E-03
 0.3259779164E-04 -0.1887456285E-03
-0.1027597158E-03  0.1087353121E-03
-0.3508838149E-04 -0.8817519401E-04
-0.4273518787E-04  0.1884408477E-03
-0.1216594419E-03  0.2157651017E-03
 0.5509522164E-05 -0.1127839133E-03
 0.5326126645E-04 -0.8309553745E-04
 0.8124987436E-04 -0.1163046094E-03
 0.4957483636E-04 -0.2768696575E-04
-0.7066068488E-04  0.5270601306E-04
 0.5779814650E-04  0.1015644439E-03
 0.3974835446E-04  0.3572201651E-04
-0.6016963720E-04  0.5412625919E-04
 0.7148990633E-04 -0.1162387146E-03
 0.1116681104E-04 -0.1330596679E-03
 0.2029166705E-04  0.8075356289E-04
-0.1030233297E-03  0.2982272006E-03
 0.3339936458E-04 -0.2034579344E-04
-0.4514345662E-04 -0.1694972126E-03
-0.5243793511E-04  0.2220764544E-03
-0.1303504079E-03  0.2957345321E-03
 0.3155013049E-04 -0.1133970318E-03
-0.1334121148E-04 -0.4177064488E-04
-0.5150127166E-05  0.1472880058E-03
-0.1165717626E-03  0.1721855065E-03
-0.2523304932E-04 -0.9265661662E-04
 0.1339844753E-03  0.3816092141E-04
 0.7658299327E-04  0.2878927118E-04
 0.9328891652E-04  0.2351681627E-04
-0.9712416325E-04 -0.1615832300E-04
 0.1628072189E-03  0.4191760516E-04
 0.9001702808E-04  0.3185909041E-04
 0.1164527745E-03  0.2558398697E-04
-0.1183967978E-03 -0.1544174871E-04
-0.8862890351E-04 -0.3608754832E-04
 0.1299841256E-04 -0.4370909363E-04
-0.1408164193E-04  0.1752522213E-04
 0.8672145316E-04  0.2974718819E-04
 0.1971996805E-03  0.4859166234E-04
 0.1070887462E-03  0.3655106520E-04
 0.1458438706E-03  0.2981722364E-04
-0.1449058968E-03 -0.1608422774E-04
 0.2339720739E-03  0.6107354359E-04
 0.1268990265E-03  0.4475011721E-04
 0.1797766671E-03  0.3836069672E-04
-0.1747270474E-03 -0.2043464548E-04
-0.1290553928E-03 -0.5506611303E-04
 0.5637442142E-04 -0.7402523397E-04
-0.6214189862E-04  0.1094047363E-04
 0.1277961551E-03  0.4277838501E-04
-0.1074251913E-03 -0.4342955340E-04
 0.3205339918E-04 -0.5715033943E-04
-0.3540430117E-04  0.1506034113E-04
 0.1055901757E-03  0.3460958398E-04
 0.2644426134E-03  0.8283524285E-04
 0.1447334274E-03  0.5842958810E-04
 0.2121781230E-03  0.5384306289E-04
-0.2011802171E-03 -0.3158097763E-04
 0.2735405828E-03  0.1169017573E-03
 0.1535122258E-03  0.7990578398E-04
 0.2346727886E-03  0.8056768338E-04
-0.2130439357E-03 -0.5305035729E-04
-0.1619799430E-03 -0.1026942215E-03
 0.1213913685E-03 -0.1118280731E-03
-0.1374697714E-03 -0.1548698869E-04
 0.1651839609E-03  0.7896891005E-04
 0.2400242785E-03  0.1670608859E-03
 0.1435235215E-03  0.1125246297E-03
 0.2313228914E-03  0.1232526730E-03
-0.1925191167E-03 -0.8934677368E-04
 0.1286485265E-03  0.2281476525E-03
 0.9636166880E-04  0.1570559838E-03
 0.1665882416E-03  0.1817778615E-03
-0.1037381248E-03 -0.1412235889E-03
-0.1203521800E-03 -0.2030562691E-03
 0.1774347659E-03 -0.1175623248E-03
-0.2233669941E-03 -0.9644171643E-04
 0.1329374312E-03  0.1628437387E-03
-0.1570233834E-03 -0.1449761169E-03
 0.1560520621E-03 -0.1240929236E-03
-0.1822704842E-03 -0.4621636630E-04
 0.1646717481E-03  0.1134786095E-03
-0.1495867628E-03 -0.7398194768E-04
 0.8684999603E-04 -0.9327712741E-04
-0.9650418744E-04  0.1978645737E-05
 0.1499306908E-03  0.5671725850E-04
 0.7573861815E-04  0.2745260630E-04
 0.7101258550E-04  0.2947924223E-04
 0.7755689301E-04  0.3037327497E-04
-0.7746136597E-04 -0.2736851509E-04
 0.6133891318E-04  0.2628957960E-04
-0.4245232633E-05  0.9430369405E-06
-0.3394277510E-05  0.2288240263E-05
-0.6376165964E-04 -0.2625718085E-04
 0.7183651769E-04  0.2722352066E-04
-0.2904828422E-05  0.3457266109E-05
-0.2602023009E-05  0.4534344164E-05
-0.7431752983E-04 -0.2745114409E-04
-0.6845583047E-04 -0.2681588077E-04
-0.7917233095E-04 -0.2869256583E-04
-0.7284665623E-04 -0.2810909671E-04
 0.6610296297E-04  0.2679138727E-04
 0.9999112705E-04  0.2026611977E-03
 0.1468496599E-03  0.1967254418E-03
 0.7968993229E-04  0.2318429478E-03
-0.6604675962E-04 -0.2303308836E-03
 0.1659477185E-03  0.1482051592E-03
 0.2499006379E-04  0.4447437433E-04
 0.4196172142E-04  0.4567948560E-04
-0.1599361570E-03 -0.1707271535E-03
 0.3681906237E-04  0.2152688561E-03
 0.6685887163E-04  0.4248295368E-04
 0.1004759181E-03  0.3263411294E-04
-0.1125862417E-04 -0.2526303793E-03
-0.1045430852E-03 -0.2109516232E-03
-0.4269778691E-04 -0.2506541738E-03
-0.1241244592E-03 -0.2070767605E-03
 0.1185773103E-03  0.1816985174E-03
-0.1863589913E-03 -0.1360474836E-03
-0.1737056433E-03 -0.1668004255E-03
-0.1967557454E-03 -0.1330454312E-03
 0.1883118879E-03  0.1198696279E-03
-0.1334800645E-03 -0.1937952876E-03
-0.9860336486E-04 -0.2059269013E-03
-0.1230380350E-03 -0.1728546554E-03
 0.1503028819E-03  0.1824942493E-03
-0.1917448459E-03 -0.1269731158E-03
-0.1814843786E-03 -0.1389290925E-03
-0.1756397963E-03 -0.1155118222E-03
 0.1956842221E-03  0.1246591277E-03
 0.1858246293E-03  0.1417989194E-03
 0.2035774071E-03  0.1332433013E-03
 0.1889498507E-03  0.1628442576E-03
-0.1729276808E-03 -0.1550093362E-03
-0.1761109370E-03 -0.5771011994E-04
-0.1963218083E-03 -0.6879273069E-04
-0.1849626238E-03 -0.5739750404E-04
 0.1718352169E-03  0.5246981296E-04
-0.1961342502E-03 -0.8307419863E-04
-0.2002318862E-03 -0.9061393732E-04
-0.1817950427E-03 -0.7719634507E-04
 0.1947916783E-03  0.8482936845E-04
-0.1790219650E-03 -0.5735717713E-04
-0.1896199174E-03 -0.6049128262E-04
-0.1668861089E-03 -0.5386495179E-04
 0.1754739251E-03  0.6040814711E-04
 0.1895230770E-03  0.6521773519E-04
 0.1822093035E-03  0.6264822698E-04
 0.1958217064E-03  0.7364029180E-04
-0.1903021303E-03 -0.6664305859E-04
 0.2021977589E-03  0.9493038352E-04
 0.2028846764E-03  0.8902713931E-04
 0.2098093669E-03  0.1082971253E-03
-0.1987392384E-03 -0.1000697922E-03
 0.1825664853E-03  0.6234245727E-04
-0.1737643496E-05  0.2675231284E-04
 0.3775856219E-05  0.3236344192E-04
-0.1870771846E-03 -0.6971048903E-04
 0.1955004157E-03  0.9597781484E-04
 0.8173658432E-05  0.3704221441E-04
 0.1373656949E-04  0.4088933845E-04
-0.1968519460E-03 -0.1084294911E-03
-0.1948229362E-03 -0.8663159956E-04
-0.2051895556E-03 -0.1054467492E-03
-0.2024056734E-03 -0.8454041897E-04
 0.1912504567E-03  0.7715247837E-04
-0.1220229456E-03 -0.3445869821E-04
-0.1435569873E-03 -0.3816541952E-04
-0.1288814013E-03 -0.3490060746E-04
 0.1189916353E-03  0.3312684772E-04
-0.1526339831E-03 -0.4277428055E-04
-0.1655724004E-03 -0.4282668661E-04
-0.1427887563E-03 -0.4014685858E-04
 0.1490201873E-03  0.4591782511E-04
-0.1248893915E-03 -0.3465143267E-04
-0.1373725489E-03 -0.3300245354E-04
-0.1176520872E-03 -0.3272815554E-04
 0.1219193397E-03  0.3731467365E-04
 0.1371069835E-03  0.3778871213E-04
 0.1264975720E-03  0.3911491881E-04
 0.1413212091E-03  0.4261707161E-04
-0.1392526915E-03 -0.3699900171E-04
-0.8107215882E-04 -0.2816643661E-04
-0.9491826990E-04 -0.3006020643E-04
-0.8627680337E-04 -0.2947219904E-04
 0.7853923834E-04  0.2781015259E-04
-0.1018418820E-03 -0.3083351693E-04
-0.1119305440E-03 -0.2827234347E-04
-0.9675853331E-04 -0.2909367639E-04
 0.9926498985E-04  0.3255140523E-04
-0.8431541014E-04 -0.2869922183E-04
-0.9181493108E-04 -0.2594757036E-04
-0.8028882280E-04 -0.2672493519E-04
 0.8213966127E-04  0.2970651347E-04
 0.9124619016E-04  0.2938712877E-04
 0.8449061485E-04  0.3156941551E-04
 0.9312721299E-04  0.3251868017E-04
-0.9302814732E-04 -0.2914425528E-04
 0.1113135248E-03  0.3220811330E-04
 0.1021944562E-03  0.3409794063E-04
 0.1142821614E-03  0.3597063020E-04
-0.1131234447E-03 -0.3152201744E-04
 0.8585197962E-04  0.2799637059E-04
-0.2799176660E-05  0.5653895251E-05
-0.2313247506E-05  0.7412790835E-05
-0.8854316741E-04 -0.2844398651E-04
 0.1068979398E-03  0.3084202776E-04
-0.2398477123E-05  0.9192159521E-05
-0.3336915201E-05  0.1087008219E-04
-0.1102368047E-03 -0.3182321890E-04
-0.9842857250E-04 -0.2970325855E-04
-0.1159793465E-03 -0.3227465616E-04
-0.1041504547E-03 -0.3087911990E-04
 0.9534097803E-04  0.2910691145E-04
 0.1651091157E-03  0.4780847444E-04
 0.1545429452E-03  0.4772776156E-04
 0.1701635695E-03  0.5380237289E-04
-0.1672675334E-03 -0.4761560150E-04
 0.1314310210E-03  0.3543601727E-04
-0.3590898847E-05  0.1272438705E-04
-0.2442850104E-05  0.1580043248E-04
-0.1359658210E-03 -0.3779471682E-04
 0.1590834077E-03  0.4475446431E-04
-0.2473779408E-05  0.1902724517E-04
-0.3090404567E-05  0.2257393172E-04
-0.1648380117E-03 -0.4917231082E-04
-0.1505271825E-03 -0.4272418997E-04
-0.1724573952E-03 -0.4873118047E-04
-0.1575643665E-03 -0.4272462662E-04
 0.1449199366E-03  0.3940644598E-04
-0.1412047688E-03  0.2889661921E-03
 0.3312725291E-03  0.1921137354E-03
 0.4652010824E-03  0.2000914456E-03
-0.1164559759E-03 -0.1382323376E-03
 0.3128616812E-03  0.2169481460E-03
 0.3761928982E-03  0.2578340329E-03
 0.3801105436E-03  0.2833007224E-03
-0.3238391470E-03 -0.2568224330E-03
 0.4269607530E-03  0.2821559488E-03
 0.4645828651E-03  0.2902209117E-03
 0.6743837442E-03  0.3608387326E-03
-0.4446971501E-03 -0.3462513698E-03
 0.4106957548E-03  0.3353171869E-03
 0.5568462041E-03  0.3737281268E-03
 0.3881362539E-03  0.3788853756E-03
-0.4747340030E-03 -0.3841155716E-03
-0.4578442145E-03 -0.3763578391E-03
-0.3793118779E-03 -0.3106181904E-03
-0.3855268820E-03 -0.2876091564E-03
 0.4697626708E-03  0.3299903201E-03
-0.2301967889E-04 -0.5141800493E-04
 0.4763773304E-03  0.4209661882E-03
-0.2532170878E-04 -0.9456152153E-05
 0.5921425989E-03  0.3398267203E-03
-0.5755444457E-03 -0.5946652467E-03
 0.2824098875E-03 -0.5128178454E-04
-0.6507762561E-03 -0.8340483505E-03
-0.5102052433E-03 -0.6907610492E-03
-0.4278190388E-03 -0.4724215311E-03
-0.7437431567E-03 -0.5654378791E-03
 0.5676397318E-03  0.4600703937E-03
-0.7383914749E-03 -0.5165448635E-03
-0.5359795331E-03 -0.4616581697E-03
-0.9327249493E-05  0.2947806671E-04
 0.8182216914E-03  0.4086372814E-03
 0.2542569958E-03  0.1768812256E-03
-0.9988880706E-03 -0.6819176781E-03
-0.1820162742E-03 -0.4391977568E-03
 0.2204521650E-04 -0.3458528924E-03
-0.4512364603E-05  0.2355885299E-03
-0.2857380149E-04  0.1898199423E-03
 0.3133625566E-06 -0.2827954104E-03
 0.2654897205E-04 -0.3515221695E-03
-0.8899496613E-05 -0.2865481779E-03
-0.1138651036E-03  0.3421923925E-03
-0.1861535278E-03 -0.5871224769E-03
 0.2310849376E-04 -0.3590496470E-03
-0.3478362125E-04  0.3933447829E-03
 0.9502442340E-05  0.1502888637E-03
-0.2196669017E-04  0.2881522071E-03
 0.3229714308E-04  0.2816374540E-03
-0.2612677696E-04  0.2333291871E-03
-0.8070041878E-04 -0.1704587869E-03
 0.9463129058E-04 -0.3186474817E-03
 0.3185967121E-03 -0.1417382867E-03
 0.1446939498E-03  0.1748544397E-04
-0.2241248671E-03  0.1430995724E-03
 0.6274192902E-03  0.1261299699E-03
 0.5139452487E-03  0.7401386013E-03
 0.4825496786E-03  0.7549174724E-04
 0.1544187252E-03  0.3689149671E-03
 0.2065704232E-03  0.7063321316E-03
 0.9184476785E-04  0.4949498122E-03
-0.1798663459E-05 -0.5152026103E-03
 0.1531118263E-04 -0.6279611234E-03
-0.1262558563E-03 -0.2615701426E-03
-0.1757124632E-03 -0.2171519134E-03
 0.3454126752E-03  0.3864901866E-03
-0.1262416650E-03 -0.5387320472E-03
 0.1151515775E-03 -0.8231090305E-04
 0.1848332528E-04  0.2891040966E-03
 0.1437763609E-05 -0.1329156400E-04
 0.8709067804E-04  0.3331305223E-03
 0.1053535878E-03  0.3763758229E-03
 0.1053742307E-03  0.5704516572E-03
 0.3147877210E-04 -0.3691774329E-03
-0.8569913437E-04 -0.1039769654E-03
-0.5456160866E-04 -0.1046019709E-03
 0.4922572768E-04 -0.2225952454E-03
 0.1388061968E-03  0.2728777341E-03
 0.2886616488E-04 -0.3878313520E-03
 0.3796022628E-05 -0.2274527624E-03
-0.4678003636E-04 -0.2498392989E-03
 0.8832461633E-04  0.3119449103E-03
 0.2577485915E-04 -0.3526255917E-04
 0.6134621570E-04  0.9799763609E-04
 0.1524789421E-04  0.7836512748E-04
-0.3029307646E-04 -0.2117737028E-04
-0.1171590862E-03  0.3417378958E-04
-0.7624572727E-04  0.1912552708E-03
-0.1688911607E-03  0.3120258831E-03
 0.4850849276E-04 -0.1896821755E-03
 0.2443975004E-04 -0.1143311326E-03
 0.8421239333E-04  0.6156174615E-04
 0.4549967092E-04  0.4816115976E-04
-0.4253325594E-04 -0.2345486736E-04
 0.2942068883E-03  0.4450937933E-03
-0.3003905429E-03  0.2459233813E-03
-0.2899739433E-03  0.4886983936E-03
-0.3746690711E-03  0.6548092920E-03
 0.2806867714E-03 -0.5696888840E-03
-0.1832692166E-03  0.5901452184E-03
 0.6225250294E-03 -0.9837984593E-03
 0.6894935162E-03 -0.5037522317E-03
-0.1600077871E-04  0.6367682369E-03
-0.2078083033E-03  0.4695689488E-03
-0.1324993046E-03  0.3602331349E-03
-0.2373498740E-03  0.4827611017E-03
 0.3029045959E-04 -0.3848033567E-03
-0.6707572012E-04  0.2912359516E-03
-0.1011976729E-04  0.2669505782E-03
-0.5381176052E-04  0.1892309961E-03
-0.4689609213E-04 -0.1687296789E-03
-0.2518968500E-03  0.4267294356E-03
-0.1616716313E-03  0.2686646940E-03
-0.2352356542E-03  0.3548838753E-03
 0.8906144292E-04 -0.2912741994E-03
 0.5344857179E-04 -0.2277372988E-03
 0.6605285512E-04 -0.3518301963E-03
 0.6115854631E-05 -0.3044708562E-03
-0.1597963248E-03  0.3378597998E-03
-0.9980890387E-04  0.2642673870E-03
-0.3820000700E-03  0.6118440330E-03
-0.2928933548E-03  0.4643730681E-03
-0.3389847325E-03  0.4805641330E-03
 0.2628144502E-03 -0.5247937118E-03
-0.9829654803E-04 -0.1709496257E-03
 0.4900499470E-03 -0.5823174098E-03
 0.5675568236E-03 -0.7708519148E-03
-0.1239945691E-04  0.7258380741E-04
 0.1393345387E-03 -0.3840903345E-03
 0.3179445041E-03 -0.6266941755E-03
 0.1340867641E-03 -0.4563874141E-03
-0.3471367677E-03  0.5509569177E-03
 0.6106851045E-03 -0.9245040746E-03
 0.5926565788E-03 -0.1058954968E-02
-0.1834448889E-03  0.4374336781E-03
 0.9726139801E-04 -0.5169854024E-03
 0.2621064884E-03 -0.7480442908E-03
 0.7439875447E-04 -0.5007346343E-03
-0.3330978780E-03  0.6502901372E-03
-0.4214322658E-03  0.7680201706E-03
-0.3582211495E-03  0.6318319226E-03
-0.4318341046E-03  0.7030776277E-03
 0.2963213306E-03 -0.7201928060E-03
-0.3431169486E-03 -0.5201975510E-03
-0.2467610601E-03 -0.5027931899E-04
-0.2301545682E-03 -0.3198757945E-03
 0.3470455617E-03  0.2200097839E-04
-0.1358930024E-03  0.8324071230E-04
-0.1135556749E-03  0.7728535940E-04
-0.1217453324E-03  0.8096084662E-07
-0.2387232814E-04 -0.3434324175E-04
-0.4291730422E-03 -0.3671736056E-03
-0.2092969310E-03 -0.1476816156E-03
-0.2840929968E-03 -0.3012738630E-03
 0.2418169596E-03  0.2486126425E-03
 0.5910867878E-04  0.1054179836E-03
 0.2219545277E-03  0.1774904413E-03
 0.2614185925E-04 -0.2075896828E-05
-0.1110209987E-03 -0.8313354290E-04
-0.3622039405E-04  0.7608863248E-04
 0.6635669655E-05  0.4025808865E-03
 0.2242330685E-03  0.1766909000E-03
-0.1612894736E-03 -0.1418428036E-03
-0.3331937678E-03 -0.3085956464E-03
-0.2752753478E-03 -0.2225845979E-03
-0.3559038246E-03 -0.3014593688E-03
 0.2610684454E-03  0.2924524113E-03
-0.1200262820E-03 -0.1833795660E-03
 0.9403296992E-04  0.9819191207E-04
 0.2794513307E-03  0.3480040600E-04
-0.1457806267E-04  0.3476899573E-04
-0.2683656071E-03 -0.3147921580E-03
-0.1209070833E-03 -0.3004907800E-03
-0.1995724846E-03 -0.2397391307E-03
 0.2989043014E-03  0.2657572860E-03
-0.2218636352E-04  0.1393843758E-03
 0.3217975248E-03  0.2825778195E-03
 0.1179346888E-03  0.1328140645E-03
-0.2197030103E-03 -0.1860714307E-03
-0.2188729582E-03  0.2547357450E-03
 0.1454271151E-03  0.1122852544E-03
 0.1507332132E-03  0.2744542664E-04
-0.8060497898E-05  0.1619397486E-06
 0.1840988128E-03  0.2034191872E-03
 0.2604151197E-03  0.3073285176E-03
 0.1456605279E-03  0.1796944610E-03
-0.2005286928E-03 -0.1823949674E-03
-0.1573341564E-03 -0.1120298366E-03
 0.3680069526E-04  0.2137006361E-04
-0.6624534033E-04 -0.1757565606E-03
-0.9847277314E-04  0.9295801148E-04
-0.7865949647E-04 -0.1085130337E-03
 0.1150866578E-03 -0.9867606980E-04
-0.3611186619E-04 -0.1763991346E-03
 0.6226014627E-04  0.1808293811E-03
-0.2763546067E-03 -0.1455172848E-03
 0.4624717886E-04 -0.1533888415E-03
 0.9227441091E-04 -0.3063657874E-04
 0.1192374391E-04  0.1510828212E-03
 0.3756701657E-04 -0.7915892131E-04
 0.2472717460E-05 -0.9937423989E-04
 0.5459006230E-04 -0.1746735679E-03
-0.1127191972E-03  0.1949521745E-03
 0.9616205072E-04 -0.1234619348E-03
 0.3784914861E-03 -0.3450844074E-03
 0.3389887669E-03 -0.3304138772E-03
-0.1431416684E-03  0.1182655377E-04
 0.5876363239E-04 -0.2902287050E-03
 0.1558229648E-03 -0.4050632239E-03
 0.9752733918E-04 -0.3373801662E-03
-0.2359234482E-03  0.3785884880E-03
-0.2793932702E-03  0.3331388743E-03
-0.1851454176E-03  0.2955621610E-03
-0.9446480254E-04  0.2024042297E-03
 0.4571196422E-04 -0.2472712810E-03
-0.1191016966E-03 -0.2955287684E-03
 0.1009724133E-03 -0.2396890517E-03
 0.4429024587E-04  0.6160351243E-04
-0.6188718420E-04  0.1453028333E-03
 0.6653551948E-04 -0.1837987612E-03
 0.8998720194E-04 -0.2545671850E-03
 0.5741856575E-04 -0.2113195239E-03
-0.1482037614E-03  0.2322267310E-03
-0.1838591455E-03 -0.3395474678E-03
 0.7697248629E-04 -0.2473412942E-03
 0.3051948875E-04  0.1254255539E-03
-0.7030364435E-04  0.1435720498E-03
-0.9190240140E-04  0.1892457394E-03
-0.4441807636E-04  0.2091539160E-03
-0.2816361232E-04  0.1292675538E-03
 0.4583411105E-05 -0.1178170699E-03
-0.1956173320E-03  0.3046302217E-03
-0.1173291789E-03  0.2149954876E-03
-0.1674452342E-03  0.2746776752E-03
 0.4485014946E-04 -0.2774149289E-03
-0.5722351198E-04  0.1988193498E-03
-0.7990345921E-04  0.3075892761E-03
 0.1005374548E-03  0.2794388316E-03
-0.7444720040E-04 -0.2045141672E-03
-0.1067068404E-03  0.2161518578E-03
 0.6790659642E-04  0.1062631326E-03
 0.1389732772E-04  0.6828505504E-04
 0.4085950776E-04 -0.2369474990E-04
-0.1200258289E-03 -0.3244143412E-03
 0.5589860879E-04 -0.2953961013E-03
-0.2678256459E-04 -0.3259919598E-03
-0.1096851791E-03  0.2852772230E-03
-0.2627652964E-03 -0.3164799570E-03
-0.1268272790E-04 -0.2182379159E-03
 0.6425970218E-05 -0.9474482509E-04
 0.2026757819E-03 -0.1519900015E-03
-0.1185153614E-03 -0.9177725684E-04
 0.4219511445E-03 -0.9625326629E-04
 0.1848610895E-03 -0.1170604068E-03
-0.3584250517E-03 -0.2924005332E-03
-0.3400079603E-03 -0.2452715097E-03
-0.2292615114E-03 -0.1935470922E-03
 0.3253160066E-03  0.2261452065E-03
-0.3180185487E-03 -0.2326892688E-03
-0.2965773162E-03 -0.2078573643E-03
-0.2533602309E-03 -0.1875254794E-03
 0.2902969582E-03  0.2057398714E-03
-0.1532078592E-03 -0.1504063470E-03
-0.1952824049E-03 -0.1532803850E-03
-0.9828437358E-04 -0.1185756573E-03
 0.1574826435E-03  0.1398963325E-03
 0.2358309307E-03  0.1729050660E-03
 0.2281465563E-03  0.1764543462E-03
 0.3169502122E-03  0.2186181879E-03
-0.2543175744E-03 -0.1901521694E-03
 0.2541873007E-03 -0.1416114536E-03
 0.2721388478E-03 -0.1028420681E-03
 0.4251803339E-03 -0.1135391001E-03
-0.2436284615E-03  0.1065475925E-03
 0.1142665741E-03 -0.9104141923E-04
 0.2301364630E-04 -0.9483941601E-04
 0.1537325353E-03 -0.7231471727E-04
-0.9173266978E-04  0.8262562960E-04
 0.4097943217E-03 -0.9446452285E-04
 0.3011113555E-03 -0.8062621040E-04
 0.4060810952E-03 -0.8318781268E-04
-0.3640372619E-03  0.7624282354E-04
-0.2532314190E-03  0.7899793092E-04
-0.3647933407E-03  0.9154681727E-04
-0.2237651938E-03  0.9137608332E-04
 0.2866785334E-03 -0.8331782242E-04
 0.2762559187E-04  0.1072190807E-03
-0.5144255375E-04  0.9712657304E-04
 0.9040308969E-04  0.1338696169E-03
-0.3798714797E-04 -0.1097410332E-03
-0.1830719174E-03  0.8058148240E-04
-0.1247050958E-03  0.6679929639E-04
-0.4336294961E-04  0.1052897396E-03
 0.6440359377E-04 -0.1084940239E-03
 0.1711814926E-03  0.1674114698E-03
 0.8281539776E-04  0.1337116388E-03
 0.2899081773E-03  0.1945662250E-03
-0.1526757264E-03 -0.2112128003E-03
 0.4131263821E-04 -0.1510810704E-03
-0.7946236470E-04 -0.1402591839E-03
 0.3091551467E-04 -0.1013830016E-03
 0.3840256574E-05  0.1263937394E-03
 0.6926448908E-03 -0.2324994387E-03
 0.7009015650E-03 -0.2261739682E-03
 0.6806726583E-03 -0.2763501458E-03
-0.6377187038E-03  0.1946704598E-03
 0.6135351596E-03 -0.1656304960E-03
 0.5155917848E-03 -0.1276044152E-03
 0.5732766806E-03 -0.1553396834E-03
-0.5487426541E-03  0.1285087476E-03
 0.6013992533E-03 -0.2667028023E-03
 0.5724893690E-03 -0.2175404441E-03
 0.5324845807E-03 -0.2455388847E-03
-0.5243904570E-03  0.2154200794E-03
-0.5654318917E-03  0.1726451612E-03
-0.5981697778E-03  0.2233845086E-03
-0.6302024681E-03  0.1794611542E-03
 0.6445025389E-03 -0.2175321323E-03
 0.1260832060E-03 -0.2885936143E-03
 0.2482719490E-03 -0.3223308781E-03
 0.8227398144E-04 -0.2917825740E-03
-0.8688810922E-04  0.2449118118E-03
 0.3630755059E-03 -0.3143669907E-03
 0.4039839193E-03 -0.2828179600E-03
 0.3072541252E-03 -0.2831981089E-03
-0.2971707508E-03  0.2685054171E-03
 0.3670310165E-04 -0.2711998817E-03
 0.1011359965E-03 -0.2706689008E-03
 0.2151729242E-04 -0.2411033026E-03
 0.1621208612E-05  0.2440746601E-03
-0.1140654331E-03  0.2523623836E-03
-0.3185211460E-04  0.2632549512E-03
-0.1806510893E-03  0.2837950563E-03
 0.1783579248E-03 -0.2981946186E-03
-0.4165027292E-03  0.2425194371E-03
-0.3662675216E-03  0.2833947056E-03
-0.5027868646E-03  0.2624600863E-03
 0.5020061676E-03 -0.2989227705E-03
-0.2567163763E-03  0.2597831554E-03
 0.1378251470E-03  0.1449584466E-04
 0.1759547769E-03 -0.9969849813E-05
 0.3095828543E-03 -0.3079963102E-03
-0.5598043760E-03  0.2323274832E-03
 0.2008151997E-03 -0.3990810132E-04
 0.2017377056E-03 -0.7131757509E-04
 0.6241418423E-03 -0.2787615650E-03
 0.4927500376E-03 -0.3040330215E-03
 0.5876777318E-03 -0.3151244110E-03
 0.4465471485E-03 -0.3307809032E-03
-0.4295641763E-03  0.2553534721E-03
-0.4837062464E-03  0.1015115185E-03
-0.5881904254E-03  0.1343863350E-03
-0.4911550824E-03  0.1062062295E-03
 0.5232030595E-03 -0.1205865339E-03
-0.6451583515E-03  0.1545133426E-03
 0.1796416586E-03 -0.9363688617E-04
 0.1498340372E-03 -0.1086940992E-03
 0.6942244245E-03 -0.1840619466E-03
-0.4597280107E-03  0.1051291832E-03
 0.1604944714E-03 -0.1229648000E-03
 0.2026869518E-03 -0.6960582038E-04
 0.4223087696E-03 -0.1210582904E-03
 0.6260310873E-03 -0.1455951967E-03
 0.5075581314E-03 -0.1312493547E-03
 0.6449729250E-03 -0.1740794711E-03
-0.5859186383E-03  0.1207983182E-03
-0.1816575067E-03 -0.2304138338E-03
-0.1808526787E-03 -0.1141563721E-03
 0.4019136442E-03  0.3367030003E-04
 0.1300627123E-03  0.7884701149E-04
-0.2997056145E-04 -0.2703410481E-03
 0.1563202949E-03 -0.7364104602E-04
-0.2323155590E-03 -0.1691165132E-03
 0.4678951374E-04  0.2221851839E-03
-0.1239595160E-03  0.2854880022E-03
-0.2039873331E-04  0.2019414159E-03
-0.2866023493E-04  0.2360685524E-03
 0.1101422047E-03 -0.1956133988E-03
-0.5105924555E-03  0.2809186619E-03
-0.2417241716E-03  0.2152598155E-03
-0.3633676635E-03  0.2379910542E-03
 0.4323472243E-03 -0.2082293052E-03
 0.1624998488E-03 -0.3164821684E-03
 0.4733131819E-04  0.2519290425E-04
-0.1688040482E-03 -0.2512527499E-03
-0.1540405805E-03  0.2577910754E-03
-0.7521175370E-03  0.2130072500E-03
-0.3905852907E-03  0.1633415410E-03
-0.5948469715E-03  0.1759055730E-03
 0.6283800184E-03 -0.1612564657E-03
-0.7318462010E-03  0.1318160604E-03
-0.3800796650E-03  0.8363947082E-04
-0.6111165859E-03  0.9959829426E-04
 0.5946929215E-03 -0.9375020545E-04
 0.3935082751E-03 -0.1999778978E-03
-0.3843569801E-03  0.2362060382E-03
 0.2488708480E-03 -0.2515943982E-03
-0.3994344478E-03  0.1315924000E-03
 0.3310223718E-03 -0.2875668891E-03
-0.1556289673E-03  0.1528310244E-03
 0.2338260702E-05 -0.2928639411E-03
-0.3320426395E-03  0.2233074825E-03
-0.4802050638E-03  0.9002557595E-04
-0.2102010327E-03  0.3577315395E-04
-0.4336434844E-03  0.6029388215E-04
 0.3700680808E-03 -0.5754609495E-04
-0.1457887456E-03  0.9293081454E-04
 0.1730542296E-04  0.4428517921E-04
-0.1729127197E-03  0.6650744529E-04
 0.8252315008E-04 -0.6947279343E-04
 0.1385575975E-03 -0.9721028075E-04
-0.5416810308E-03  0.1484182369E-03
 0.5658067088E-03 -0.4634945862E-04
-0.1375337063E-03 -0.3341757232E-05
 0.1468285876E-03  0.1296610670E-03
 0.2192844267E-03  0.9694637391E-04
 0.5603670385E-04  0.1047210524E-03
-0.1565253978E-03 -0.1142814061E-03
 0.2754687432E-03  0.1654207604E-03
 0.3167414344E-03  0.1603602913E-03
 0.1521335629E-03  0.1306699154E-03
-0.2724548839E-03 -0.1559135547E-03
-0.1589315825E-03 -0.1962079683E-03
-0.2883126799E-03 -0.4583673484E-04
 0.4688873318E-03  0.3473458371E-04
 0.1753538184E-03  0.4605241473E-04
-0.3800781187E-04 -0.1326473935E-03
-0.4417132425E-03  0.3627464160E-04
 0.5423751003E-03  0.1216296752E-04
 0.4915305412E-04  0.4100447624E-05
 0.3068483248E-03 -0.1192758575E-03
-0.5296911287E-03  0.2296976500E-03
 0.4680324912E-03 -0.1461260714E-03
-0.3126623203E-03  0.4045130375E-04
 0.1965149092E-04  0.8129314844E-05
-0.9090533435E-05 -0.4864866926E-05
-0.1963983118E-04 -0.3853269726E-05
 0.1079659927E-04  0.1531881415E-05
-0.1217234801E-04 -0.4130531955E-05
-0.1302178077E-04 -0.4125351030E-05
-0.1344745097E-04 -0.3732677243E-05
 0.1283133152E-04  0.4167737683E-05
-0.1467903480E-04 -0.4544478032E-05
-0.1073924560E-04 -0.5397088567E-05
-0.1524278725E-04 -0.4639871935E-05
 0.9675973357E-05  0.4692922140E-05
-0.1493317220E-04 -0.3752051302E-05
-0.1478503173E-04 -0.3393458240E-05
-0.1456905206E-04 -0.1673621378E-05
 0.1451083542E-04  0.3785249928E-05
 0.1355316694E-04  0.4475984476E-05
 0.1430355315E-04  0.4464992391E-05
 0.1320501310E-04  0.4495568182E-05
-0.1479697698E-04 -0.4187854423E-05
-0.1841263134E-04  0.1000275286E-05
-0.1829286779E-04  0.3072932625E-05
-0.2205724227E-04  0.6177941139E-05
 0.2126123905E-04 -0.2111819358E-06
-0.2201718491E-04  0.3441513729E-05
-0.2647900459E-04  0.2673779178E-05
-0.4052739862E-04  0.9398860572E-05
 0.3768078747E-04  0.2780165858E-05
-0.4382551344E-04  0.9107462030E-05
-0.5470038700E-04  0.1157120091E-04
-0.8004189190E-04  0.1331869899E-04
 0.6417839141E-04 -0.5674014798E-05
 0.5189684247E-04 -0.2859501092E-05
 0.3789806798E-04 -0.1698880247E-05
 0.2850376502E-04  0.4102198913E-06
-0.3018984654E-04  0.8119675488E-05
 0.4203494882E-05  0.2341807350E-05
 0.2057525286E-04  0.4338375836E-05
-0.9539345954E-06  0.1002263496E-05
-0.1638738128E-04 -0.2864584719E-05
 0.1707161449E-04  0.2659459577E-05
 0.1685886639E-04  0.3056989052E-05
 0.1442049274E-04  0.4019364013E-05
-0.1519434869E-04 -0.1338730000E-05
-0.3782608796E-05  0.4852007409E-07
 0.1205775328E-04  0.4505932514E-05
-0.4358471835E-05  0.2309709378E-06
-0.1117545443E-04 -0.5708287502E-05
-0.1420227587E-04 -0.3776099743E-05
-0.1422751696E-04 -0.5284760165E-05
-0.1590626571E-04 -0.1460086667E-05
 0.1428477031E-04  0.4536764506E-05
-0.9748900877E-04 -0.3222051651E-05
-0.1031459089E-03 -0.1118364899E-04
-0.8912589620E-04 -0.1623749999E-04
 0.9891501988E-04  0.6596230445E-05
-0.1032039588E-03 -0.2023510728E-04
-0.8951787973E-04 -0.2425324186E-04
-0.8315166295E-04 -0.2715075350E-04
 0.8127938728E-04  0.1758116056E-04
-0.7621126533E-04 -0.2332330187E-04
-0.7320257823E-04 -0.2603798381E-04
-0.6807526044E-04 -0.2392709402E-04
 0.6661048227E-04  0.2235777469E-04
 0.7418534626E-04  0.2174354407E-04
 0.7877802002E-04  0.1744477486E-04
 0.9533258881E-04  0.1337348317E-04
-0.8798507329E-04 -0.2269280216E-04
-0.6300278963E-04 -0.2442929328E-04
-0.6367235519E-04 -0.2580583667E-04
-0.6560684029E-04 -0.2342271475E-04
 0.6059206698E-04  0.2534612880E-04
-0.6442661737E-04 -0.2709231034E-04
-0.6015261538E-04 -0.2578408576E-04
-0.6795122250E-04 -0.2749773965E-04
 0.5771488199E-04  0.2583958056E-04
-0.6805704698E-04 -0.2501357162E-04
-0.7110247618E-04 -0.2691995773E-04
-0.7595721854E-04 -0.2429030317E-04
 0.6885600007E-04  0.2736270777E-04
 0.6598123782E-04  0.2841074479E-04
 0.6426063523E-04  0.2577081043E-04
 0.6187390354E-04  0.2749727642E-04
-0.6659741851E-04 -0.2598969904E-04
-0.5596596226E-05 -0.7140667156E-06
 0.5556601901E-04  0.2523382642E-04
-0.7597710551E-05 -0.2953771035E-05
-0.5868271823E-04 -0.2554455937E-04
 0.6000383070E-04  0.2633769519E-04
 0.6020156605E-04  0.2403580715E-04
 0.6282021646E-04  0.2505076725E-04
-0.6531370536E-04 -0.2586498267E-04
-0.1148365076E-04 -0.6579753646E-05
 0.6250745887E-04  0.2254756075E-04
-0.1879656512E-04 -0.1272468195E-04
-0.7000793043E-04 -0.2629306264E-04
-0.6877192417E-04 -0.2748881277E-04
-0.6060394489E-04 -0.2566654585E-04
-0.6375312338E-04 -0.2692501837E-04
 0.5583983619E-04  0.2428038373E-04
-0.2234824307E-04 -0.1824805615E-04
 0.1064848630E-03  0.6321526068E-05
-0.7405912485E-05 -0.1358030016E-04
-0.1087894606E-03 -0.1155487110E-04
 0.1135182879E-03  0.4569516862E-06
 0.1026185767E-03 -0.3981123883E-05
 0.8576244748E-04 -0.4776552946E-05
-0.1016408483E-03  0.7136915474E-05
 0.1336755714E-04 -0.1759987977E-05
 0.6843658138E-04 -0.7921152899E-06
 0.1101025449E-04  0.2921861454E-05
-0.5158446410E-04  0.9586819428E-05
-0.7230108715E-04  0.1018870647E-04
-0.1047819514E-03  0.9905478702E-05
-0.1155924901E-03 -0.2590370873E-05
 0.1165103306E-03 -0.5799716222E-05
 0.3866687896E-05  0.1977133909E-04
-0.7276125705E-04 -0.3057867271E-04
-0.3163556939E-05 -0.3278584601E-04
 0.7158721478E-04  0.2642593580E-04
 0.7457331967E-04  0.2203349906E-04
 0.1111453945E-03  0.3559228986E-04
 0.6672005866E-04  0.2647148429E-04
-0.8083685903E-04 -0.1735515794E-04
 0.6125939154E-04  0.2090878838E-04
 0.9401245837E-04  0.3302790281E-04
 0.6272169415E-04  0.2441462401E-04
-0.7150028935E-04 -0.1897805893E-04
 0.1934855049E-04  0.2187492609E-04
-0.6150945134E-04 -0.2672640625E-04
-0.1743562251E-04 -0.2401801173E-04
 0.6013408625E-04  0.2393635472E-04
 0.5679101044E-04  0.1923618162E-04
 0.9639122801E-04  0.2930558148E-04
 0.7810588069E-04  0.1988919574E-04
-0.7812487209E-04 -0.2121405979E-04
 0.6909168505E-04  0.9671471713E-05
 0.1228896459E-03  0.1171950715E-04
 0.1136000872E-03  0.1276022365E-05
-0.9629606153E-04 -0.1203314624E-04
 0.6155829398E-04  0.3508193050E-04
-0.6912874736E-04 -0.1766986335E-04
-0.5651769479E-04 -0.1331067617E-04
 0.6781443602E-04  0.1435948719E-04
 0.3710069564E-04  0.2672866095E-04
-0.5850423669E-04 -0.2450062442E-04
-0.3408681138E-04 -0.1778406885E-04
 0.5652298688E-04  0.2187962913E-04
 0.6697506842E-04 -0.1101605415E-04
 0.8753153471E-04 -0.1549833646E-05
 0.6313587039E-04 -0.3586746088E-05
-0.4915145935E-04  0.3860835870E-05
 0.1619646382E-04 -0.2913773622E-05
 0.4370029875E-04  0.5180414757E-05
 0.2868984752E-04  0.2195742035E-05
-0.2233851057E-04  0.4964319934E-06
 0.5676102779E-04  0.2145629198E-04
-0.2945772678E-04  0.1124455861E-04
-0.7130012031E-04  0.1350369320E-04
 0.3150513154E-04 -0.1074558797E-04
 0.1053128190E-04  0.2395336192E-05
 0.2696820474E-04  0.7028107810E-05
 0.1976875988E-04  0.4690951496E-05
-0.1633700696E-04 -0.3238968332E-05
 0.9798656086E-05  0.3433643615E-05
 0.1984665898E-04  0.5371829564E-05
 0.1600049193E-04  0.4231994719E-05
-0.1410455956E-04 -0.3710099858E-05
 0.2174234155E-04  0.9084429782E-05
-0.1159890031E-04 -0.4490167768E-05
-0.2506455724E-04 -0.1903724589E-05
 0.1389514126E-04  0.1754301691E-05
 0.3253418740E-04  0.1216914601E-04
-0.1504058159E-04  0.4731363710E-06
-0.4331082480E-04  0.6088276493E-05
 0.1762663875E-04 -0.1785175976E-05
 0.7846675310E-04  0.3539500679E-04
-0.7518515470E-04  0.8673542964E-05
-0.7831768807E-04 -0.5724648387E-06
 0.7664458367E-04 -0.9389990786E-05
-0.1457389509E-04  0.5826254369E-04
-0.1227191335E-04  0.3809700745E-04
-0.5811522166E-05  0.3644652504E-04
 0.4344091321E-06 -0.3895077168E-04
-0.4144638883E-05  0.2992022082E-04
-0.9092416694E-05 -0.1276392733E-05
 0.2882500877E-04 -0.4891317589E-04
-0.1060240416E-04 -0.1083974112E-04
-0.1185822590E-04 -0.2480533449E-04
-0.1122734078E-04 -0.2091355041E-04
 0.2496842585E-04 -0.3961382401E-05
-0.1988901113E-04  0.2845236505E-04
-0.1330940435E-04  0.4597329815E-04
-0.2760467541E-04  0.4381484932E-04
-0.1748415653E-04  0.3484295197E-04
-0.8105332189E-05 -0.4182856259E-04
-0.1475742338E-04  0.1321807550E-04
-0.3360086528E-04  0.2386466626E-05
-0.1315030252E-04 -0.4951393670E-05
 0.3216328319E-05 -0.1594057935E-04
-0.1311377840E-04  0.7976303494E-05
 0.7342412738E-06 -0.3113759993E-04
-0.1358180957E-04 -0.4607569278E-05
-0.3379513076E-04  0.2286274292E-04
 0.9020993248E-05  0.4261623119E-04
 0.2582901075E-05 -0.2054844192E-04
 0.3550789955E-04 -0.5280048629E-04
-0.1062588618E-04 -0.1428794620E-05
 0.7577284860E-05 -0.6687624120E-05
 0.4289356651E-05 -0.7813705627E-05
 0.8348688185E-05 -0.6279169509E-05
 0.1328678409E-05  0.7108374084E-05
 0.9087933840E-05  0.3234308177E-04
 0.6008053408E-05 -0.2112731219E-04
 0.3638995286E-04 -0.4637690735E-04
-0.7749653983E-05  0.2629847972E-05
-0.1211961174E-04  0.1293194184E-05
-0.2071776580E-04  0.7694963069E-05
-0.5169896236E-05  0.6809110587E-05
 0.1511119608E-04  0.3368733037E-05
 0.4400726670E-05 -0.3519657534E-06
 0.1429241487E-06 -0.2582407878E-05
 0.2447685149E-05 -0.1478121082E-04
 0.2423769947E-05  0.2611311226E-05
-0.1323397840E-04 -0.8479406264E-05
-0.2123892163E-04 -0.2499117278E-05
-0.6634077903E-05 -0.1442678619E-04
 0.8925424617E-05  0.1094811362E-04
-0.2002431556E-05 -0.2984092046E-04
-0.2056926128E-05 -0.2705577831E-04
-0.5630977188E-05 -0.3794180126E-04
-0.5065227737E-05  0.3398282800E-04
 0.7753698322E-06  0.1466224323E-04
-0.1752664022E-05  0.1672317191E-04
 0.4232724938E-05  0.4176936025E-05
-0.2075147419E-05 -0.1500988816E-04
 0.1549683457E-05 -0.8548364617E-04
-0.1103205221E-04 -0.8514334987E-05
-0.2271109672E-04 -0.8837066656E-05
-0.8580972802E-05 -0.4383636341E-05
 0.8424421036E-05  0.1113246041E-05
-0.4755467749E-04 -0.3506118918E-05
-0.7946397166E-05 -0.2555114431E-04
-0.2606046458E-04  0.8069416580E-05
 0.2781988747E-04 -0.2066478593E-04
-0.1033724002E-04 -0.8258984263E-05
-0.1476895902E-04 -0.7870249843E-06
-0.1338540070E-04 -0.1323327303E-04
 0.1221377582E-04  0.6394799913E-05
 0.1129921817E-04 -0.4892075273E-05
 0.1266285049E-04  0.2152794711E-05
 0.2772563075E-04 -0.5763003325E-05
-0.1965610651E-04 -0.3350763522E-06
 0.3719447891E-05 -0.2202305120E-04
 0.6916861848E-05 -0.1740258974E-04
-0.2281767370E-04  0.1468514387E-04
 0.1985917729E-04 -0.2247233573E-04
 0.5243740516E-05 -0.1326403769E-04
 0.3716592060E-05 -0.1078366019E-04
-0.2303819447E-04  0.1412837620E-04
 0.2154158906E-04 -0.2016301668E-04
-0.1977699230E-04  0.1188279859E-04
-0.2084719007E-04  0.1327495898E-04
-0.2082185513E-04  0.5921322161E-05
 0.1754281941E-04 -0.1396065549E-04
 0.1848304296E-04 -0.2187388271E-04
 0.1774095762E-04 -0.2307796897E-04
 0.2138274347E-04 -0.2193361253E-04
-0.2309439116E-04  0.1485125889E-04
-0.8447067386E-05 -0.2285232358E-04
-0.2180831348E-04 -0.1386566941E-04
-0.2066568993E-04 -0.1014247034E-04
 0.1532714912E-04  0.2107614965E-04
-0.1242050427E-04 -0.1206023289E-04
-0.2420566598E-04 -0.3260505186E-05
-0.2447171611E-04 -0.1439195591E-05
 0.1724423582E-04  0.9440387707E-05
-0.2496609249E-04  0.1239407671E-04
 0.6707898193E-06  0.1239560025E-04
 0.1203402725E-04  0.4237977499E-05
-0.1117501309E-04  0.4456792763E-05
 0.1717305789E-04 -0.4276106399E-05
 0.1717254114E-04 -0.1220107423E-05
 0.1682200145E-04 -0.1258500111E-04
-0.1810423083E-04  0.1389142307E-05
 0.1563279977E-04  0.4968659375E-05
 0.1414337197E-04  0.1058421015E-04
 0.1366692754E-04 -0.1754000396E-05
-0.1482053710E-04 -0.9127712905E-05
 0.1680274432E-04 -0.2231217629E-04
 0.1389923318E-04 -0.1726961103E-04
 0.2269788945E-04 -0.2266929748E-04
-0.2321810269E-04  0.1323789202E-04
-0.1663957997E-04  0.5180191293E-05
-0.1901583312E-04  0.9954913759E-05
-0.1863337418E-04 -0.1523484006E-05
 0.1589133125E-04 -0.8465196934E-05
 0.3348443155E-04 -0.3974967968E-04
 0.1012110616E-04  0.2297926892E-04
 0.1270875744E-04  0.2688634285E-04
-0.2784316539E-05 -0.8470519445E-04
-0.2271676751E-04 -0.5735192251E-04
-0.1893454834E-04  0.1810393254E-04
 0.4570185815E-05  0.1964492413E-04
 0.1034824844E-04  0.1606531912E-04
-0.8472659677E-05  0.1761749410E-05
-0.1356364606E-04  0.3466844703E-04
 0.1703701610E-04  0.4383360526E-04
-0.2532342903E-05  0.1733600398E-04
 0.1494502695E-04 -0.2215057859E-04
 0.1262753181E-04  0.1769201936E-04
 0.1057905212E-04  0.2176618743E-04
 0.1099011462E-04  0.1269048568E-04
-0.8824317912E-05 -0.2172243022E-04
 0.9722118254E-05  0.2355786843E-04
 0.5075793177E-05  0.1967026872E-04
 0.9015153476E-05  0.1920141043E-04
-0.2149824138E-05 -0.2590151341E-04
 0.8715368318E-05  0.9050225068E-05
 0.9386527993E-05  0.1234710377E-04
 0.9000854301E-05  0.3785507973E-05
-0.3769291848E-05 -0.9048889813E-05
-0.3368236197E-05 -0.1759422370E-04
-0.6218271752E-05 -0.1393478711E-04
-0.6332606971E-05 -0.2292768912E-04
 0.9932212964E-05  0.1760565042E-04
 0.9641385081E-05 -0.3822808444E-04
-0.1074107249E-04 -0.3474239406E-04
-0.1326785779E-04 -0.2053997089E-04
 0.9485903325E-05  0.3538602652E-04
-0.2706399404E-05 -0.3193009440E-04
-0.1693089466E-04 -0.2640766728E-04
-0.1589056289E-04 -0.1733447032E-04
 0.1217174489E-04  0.3254486581E-04
-0.1071468236E-04  0.2304338382E-04
 0.9940604378E-05  0.2377904305E-04
 0.8377204482E-05  0.2398724786E-04
-0.5557806436E-05 -0.1416381176E-05
 0.1406565225E-04  0.2150365515E-04
 0.2021497677E-04  0.1045410272E-04
-0.8964789784E-05 -0.7212566877E-04
 0.1713136970E-04 -0.1784190160E-04
 0.1679024895E-04  0.7261922100E-05
 0.2723686155E-05  0.1414659822E-04
-0.2275795736E-04 -0.1517830700E-04
-0.1558719549E-04 -0.3082548503E-04
 0.8160739552E-05  0.1080062706E-04
 0.3318212475E-05  0.7800179105E-05
 0.8075444094E-05  0.1603077465E-04
 0.4671293083E-05 -0.8604981504E-05
-0.1201172904E-04  0.1422685908E-05
-0.1860333843E-04  0.8540826347E-05
-0.4412272306E-05  0.9191504152E-05
 0.1446237465E-04  0.8785076829E-06
 0.7236812434E-05  0.1518959795E-04
 0.2336925318E-05  0.9922781894E-05
 0.6617011442E-05  0.1063202238E-04
 0.5362888223E-05 -0.1105994811E-04
 0.9059583219E-05 -0.9974739296E-05
 0.5249909621E-05 -0.1212473976E-04
 0.7114262807E-05 -0.5926710949E-05
 0.2637312072E-05  0.1148094179E-04
-0.4386449284E-05  0.1967067979E-04
 0.6223814499E-05  0.7117365937E-06
-0.6455858904E-05  0.1731784223E-04
-0.3018515598E-04 -0.1645057644E-04
-0.1205818344E-04 -0.1679394203E-04
-0.2997088655E-04 -0.2733190691E-04
-0.1240676462E-04 -0.2174243709E-04
 0.9079835081E-05  0.1129175455E-04
-0.1094212756E-04 -0.2114124853E-04
-0.3617427222E-04 -0.3010929083E-04
-0.6735709806E-05 -0.1470877811E-04
 0.1490572337E-04  0.1743065434E-04
-0.9415910854E-05  0.2018497850E-04
 0.1156215119E-04  0.1765811337E-04
-0.7183822893E-05  0.2034518927E-04
-0.3335885303E-04 -0.3246229500E-04
 0.8726244759E-05  0.2430405059E-04
 0.3762172692E-05 -0.1734224143E-04
 0.3657124064E-04 -0.4194946944E-04
-0.4109382771E-05  0.2166591954E-05
 0.5054131132E-05 -0.6224208488E-05
 0.2683888517E-05 -0.8348196900E-05
 0.3028988222E-05 -0.7588038180E-05
 0.3443719737E-05  0.6576844445E-05
 0.1046808102E-04  0.2026765936E-04
 0.5816308502E-06 -0.2307566783E-04
 0.2662870525E-04 -0.4263592631E-04
-0.6062766458E-05  0.4607376916E-05
-0.1381675912E-04  0.6579718933E-06
-0.1537620521E-04  0.5420695029E-05
-0.3494096041E-05  0.4205602339E-05
 0.8466530501E-05  0.3013422130E-05
-0.1418762234E-05 -0.1170668361E-04
-0.6609134521E-05 -0.8313598634E-05
-0.1132357494E-05 -0.1661004101E-04
 0.9128626023E-05  0.3791646285E-05
-0.5736625345E-05 -0.7064006953E-05
-0.6305065894E-05 -0.9320060422E-05
-0.2739018517E-05 -0.1147408634E-04
 0.1169669240E-04  0.2579965233E-05
-0.5251904833E-05 -0.1481957012E-04
-0.3804759614E-05 -0.1652576390E-04
-0.2777702537E-05 -0.1340993601E-04
 0.8180708737E-05  0.1869312900E-04
 0.9067157884E-05  0.1213072576E-04
 0.9413830414E-05  0.1336622733E-04
 0.7010662963E-05 -0.1743368360E-05
-0.1797982993E-05 -0.1342934585E-04
 0.4454097755E-05  0.9848996948E-05
 0.9686063077E-06 -0.2574876299E-04
 0.3780406217E-04 -0.4431081239E-04
-0.8216299902E-05  0.1151869011E-04
-0.7910633555E-05  0.8071626992E-05
-0.2400957794E-04  0.1383084487E-05
 0.4807246681E-05  0.1694538806E-04
-0.4870804047E-05  0.5154472699E-05
-0.5087054694E-05  0.3716236429E-04
 0.1308643630E-04  0.2821759922E-04
-0.2077164460E-05  0.1362731898E-04
 0.1107412227E-04 -0.1832512416E-04
 0.8959078950E-05  0.1265666554E-04
 0.4494172403E-05  0.9398551945E-05
 0.9807498971E-05  0.7851552887E-05
 0.1513109028E-05 -0.1633306062E-04
 0.7338530616E-05 -0.2867857709E-04
-0.3479485937E-05 -0.3011812713E-04
 0.1197888979E-04 -0.3657229008E-04
 0.9219564277E-05  0.2539903072E-04
-0.9452244317E-05 -0.3939149431E-05
-0.1425638727E-04  0.4048243290E-05
-0.3119335482E-05 -0.2962089781E-05
-0.1260479220E-04  0.4694845394E-05
 0.1245625405E-04 -0.5648336207E-05
 0.1753624015E-04 -0.1301773842E-04
-0.8474165243E-06 -0.2983408041E-05
-0.7881687553E-06 -0.3025552033E-05
-0.4656114987E-05  0.3057708999E-05
 0.4895591877E-05 -0.4455908620E-05
-0.8304683406E-05  0.4774827502E-05
-0.7392918590E-05  0.4376384737E-05
-0.7797827499E-05  0.4604892324E-05
 0.6561893686E-05 -0.4144744676E-05
-0.6112445141E-05  0.3962535628E-05
-0.5130377235E-05  0.3760803065E-05
-0.5725329183E-05  0.4017431837E-05
 0.4473126086E-05 -0.3575907252E-05
-0.2760231070E-05  0.3094657041E-05
-0.9746767094E-05  0.3569694378E-05
-0.7950425166E-05  0.4703820770E-05
 0.4864796457E-05 -0.3439978240E-05
 0.4690715079E-05 -0.3693103445E-05
 0.5894830552E-05 -0.4485790522E-05
 0.5734059470E-05 -0.4072838217E-05
-0.6505212789E-05  0.4129065756E-05
 0.4371864680E-05 -0.4081070845E-05
 0.5302373834E-05 -0.4511383285E-05
 0.5705029579E-05 -0.4907998729E-05
-0.5656381278E-05  0.3315724979E-05
 0.6849573028E-05 -0.4877564678E-05
 0.6971060086E-05 -0.4666775781E-05
 0.9477132265E-05 -0.6820991857E-05
-0.8046447403E-05  0.4131982458E-05
-0.2674513966E-05 -0.2693525379E-05
-0.9342934875E-06 -0.2970778861E-05
-0.6853730379E-05  0.3699803041E-05
 0.6282748104E-05 -0.5536791296E-05
-0.1691660877E-05 -0.1443256653E-05
 0.7793470742E-05  0.3260355230E-05
 0.8380994199E-05  0.3486265758E-05
 0.9373786022E-05  0.3729690773E-05
-0.1044450066E-04 -0.3939430593E-05
 0.7283798517E-05  0.3355263228E-05
 0.7339207012E-05  0.3420005409E-05
 0.1159389456E-04  0.3664383022E-05
-0.8551758788E-05 -0.3714488211E-05
 0.1029846984E-04  0.3861526107E-05
 0.1165441759E-04  0.3969033584E-05
 0.1135816777E-04  0.3974146780E-05
-0.1136911162E-04 -0.3693953289E-05
-0.1125155873E-04 -0.3600360191E-05
-0.1110754928E-04 -0.3640973107E-05
-0.1132705546E-04 -0.3992745956E-05
 0.1000811382E-04  0.3831610471E-05
-0.8045784962E-06 -0.7368185731E-05
-0.9932583133E-05 -0.4529230951E-05
-0.7113353873E-05 -0.9220393774E-06
-0.9470367400E-05 -0.4967961493E-05
-0.7834775814E-05 -0.4595908230E-05
-0.2108052729E-05 -0.1272072202E-05
-0.4211104718E-05 -0.1046150977E-05
-0.3322833716E-04  0.8758076951E-05
-0.7613690692E-05  0.2851690495E-05
 0.1801041817E-04  0.2679313229E-05
-0.2801404350E-05 -0.2515972423E-05
 0.5525915388E-05  0.2707635734E-05
-0.1815470700E-05  0.2475138433E-05
 0.4569267296E-05  0.3625440292E-05
-0.3081893745E-05 -0.3128156994E-05
-0.2197335806E-04 -0.2203431114E-05
 0.2096011750E-04  0.3651378573E-05
-0.1315971683E-05 -0.4655856555E-05
 0.3974489616E-05  0.7661618069E-06
 0.6670523803E-05  0.2618501053E-05
-0.8083262828E-06  0.2222516989E-05
 0.4871046396E-05  0.3086403401E-05
-0.4399018905E-05 -0.2637586049E-05
 0.8275852477E-05  0.2679063890E-05
 0.1331389979E-05  0.2195432298E-05
 0.8016128370E-05  0.3048154395E-05
-0.6553556428E-05 -0.2714860690E-05
-0.2133444910E-04 -0.1349824826E-05
 0.2108704771E-04  0.6215855631E-05
-0.3409338244E-05 -0.4191567962E-05
 0.4280002503E-05  0.1736595947E-06
 0.1040674979E-04  0.2933449794E-05
 0.3859790588E-05  0.2384266339E-05
 0.1109527817E-04  0.3254915510E-05
-0.8950498002E-05 -0.2877461948E-05
 0.1284491330E-04  0.3445675601E-05
 0.6760239236E-05  0.2847438773E-05
 0.1487914505E-04  0.3898570359E-05
-0.1139685609E-04 -0.3217113041E-05
-0.1961301217E-04 -0.3151397977E-05
 0.2020410985E-04  0.7608022506E-05
-0.7078303212E-05 -0.4455232251E-05
 0.8228418798E-05  0.8255060141E-06
-0.2064245612E-04 -0.2148987092E-05
 0.2094337161E-04  0.7019462101E-05
-0.5178376602E-05 -0.4215541057E-05
 0.6145924719E-05  0.3633844437E-06
-0.2250446045E-04 -0.5092422508E-06
 0.2121955806E-04  0.6101813851E-05
-0.1975003097E-05 -0.4573201710E-05
 0.3224149291E-05  0.4799869017E-07
-0.1062398832E-04 -0.3402529993E-05
-0.9648144051E-05 -0.3712385495E-05
-0.1030920030E-04 -0.3600875726E-05
 0.9772552906E-05  0.3610354719E-05
-0.8274421795E-05 -0.3055234172E-05
-0.7235414254E-05 -0.3405942827E-05
-0.7720287844E-05 -0.3221361218E-05
 0.7098641516E-05  0.3208917683E-05
-0.9914882200E-05 -0.3410663818E-05
-0.8473096871E-05 -0.3189802839E-05
-0.8855106180E-05 -0.3643750250E-05
 0.8211037559E-05  0.3449326795E-05
 0.7783901034E-05  0.3447813087E-05
 0.8952249854E-05  0.3655995889E-05
 0.8472380405E-05  0.3543421664E-05
-0.9143619108E-05 -0.3329173135E-05
-0.5935992396E-05 -0.2854364848E-05
-0.5022170164E-05 -0.3286229755E-05
-0.5345857751E-05 -0.3041222301E-05
 0.4708565402E-05  0.3028774179E-05
-0.3871799183E-05 -0.2859308967E-05
-0.3084126341E-05 -0.3430286761E-05
-0.3268032685E-05 -0.3119619739E-05
 0.2822575749E-05  0.3068604741E-05
-0.4841909711E-05 -0.2834270882E-05
-0.3838870432E-05 -0.2892069149E-05
-0.4031421963E-05 -0.3223775842E-05
 0.3523875003E-05  0.3055813960E-05
 0.3214237762E-05  0.3184014845E-05
 0.4011381023E-05  0.3173824988E-05
 0.3671926719E-05  0.3178777191E-05
-0.4388292424E-05 -0.2953318253E-05
-0.6490510951E-05 -0.4321958737E-05
-0.5315822691E-05 -0.4152302052E-05
-0.1541961706E-05 -0.1602029628E-05
-0.4254035481E-05 -0.4052176564E-05
-0.3248938325E-05 -0.4006429986E-05
-0.1399496923E-05 -0.1851020369E-05
-0.1459390669E-05 -0.1736374545E-05
 0.3412066674E-05  0.2811433266E-05
 0.4408366216E-05  0.2863852785E-05
 0.4564576508E-05  0.3075011034E-05
-0.5067033240E-05 -0.3227751095E-05
 0.5500817586E-05  0.2949681925E-05
 0.6641283608E-05  0.3081389477E-05
 0.6918322115E-05  0.3260648594E-05
-0.7442923975E-05 -0.3419325053E-05
 0.5287995391E-05  0.3197546871E-05
 0.6319684051E-05  0.3290016217E-05
 0.5874748084E-05  0.3249203121E-05
-0.6568413968E-05 -0.3012368274E-05
-0.7129013812E-05 -0.2972417035E-05
-0.5932659362E-05 -0.2903155634E-05
-0.6189120010E-05 -0.3295719108E-05
 0.5694773542E-05  0.3128522312E-05
-0.2196667654E-05 -0.3114540021E-05
-0.1337768090E-05 -0.3525375649E-05
-0.1377651207E-05 -0.3281539151E-05
 0.1238388506E-05  0.3195833469E-05
-0.1404905356E-05 -0.3037605529E-05
-0.1150425048E-04 -0.4669214051E-05
 0.4932702714E-06 -0.4322872065E-05
-0.3581936390E-05  0.2932433344E-05
-0.1002368755E-05 -0.2902667579E-05
 0.4835705938E-06 -0.3063948874E-05
-0.7135286905E-06 -0.2610439192E-05
-0.1631153499E-05  0.3368001129E-05
-0.2357272081E-05  0.3478699289E-05
-0.4102122742E-06  0.3361232150E-05
-0.1169906735E-05  0.3221283107E-05
-0.2269890647E-06 -0.3210306804E-05
-0.1871346001E-04 -0.2549219584E-05
 0.1181779172E-04  0.3659345989E-05
 0.4594235755E-06 -0.5121913212E-05
 0.1631399585E-05 -0.1866686500E-06
-0.2157096963E-04 -0.1694911584E-06
 0.1693903403E-04  0.2014407798E-05
 0.3462612867E-05 -0.5713480212E-05
-0.3200067273E-05  0.6532122611E-06
 0.2255991057E-05 -0.3272578628E-05
 0.3621248861E-05 -0.3928336849E-05
 0.3405964845E-05 -0.3495113074E-05
-0.4049352760E-05  0.3712443083E-05
-0.6531812313E-06  0.2756862713E-05
-0.6383796736E-05  0.3192550341E-05
-0.4550868277E-05  0.3473395629E-05
 0.1752844822E-05 -0.3030745185E-05
 0.5652921274E-05 -0.2905137808E-05
 0.1520144985E-05 -0.2927142849E-05
 0.1077602144E-05 -0.2551126059E-05
-0.3872343352E-05  0.2102330516E-05
 0.2069295932E-05 -0.3430429304E-05
 0.3329580991E-05 -0.3800313013E-05
 0.3949141884E-05 -0.4107341239E-05
-0.3673651009E-05  0.2803644484E-05
-0.9370077625E-06 -0.3157689083E-05
-0.3252648587E-05 -0.3031734051E-05
-0.3190389847E-05  0.2573175864E-05
 0.2252548012E-05 -0.3654221213E-05
-0.3758498422E-05  0.3504732407E-05
-0.2952567565E-05  0.3416231620E-05
-0.3081021986E-05  0.3834864696E-05
 0.2217329581E-05 -0.3145277238E-05
-0.2692980974E-05  0.3029234060E-05
-0.2674908288E-05  0.2641545610E-05
-0.3149262548E-05  0.3397278123E-05
 0.2360665877E-05 -0.2530372728E-05
 0.2308457546E-05  0.3178635083E-05
-0.4207946324E-05  0.3581558565E-05
 0.1783726118E-04  0.3966342256E-05
-0.9265333639E-05 -0.3269920185E-05
 0.1382355706E-05 -0.3129948563E-05
 0.1371844346E-05 -0.3704719336E-05
 0.1620477679E-05 -0.3010182600E-05
-0.1989773927E-05  0.3659323760E-05
-0.7906903507E-05 -0.3289872985E-05
-0.5643237105E-05  0.2572204369E-05
 0.1087172926E-04 -0.8913247742E-05
-0.1341385153E-05 -0.1955002507E-05
-0.3955391624E-05  0.3010070287E-05
 0.3893143250E-07  0.2761365043E-05
 0.1227805051E-06  0.3197864699E-05
-0.1333476490E-05 -0.2783378718E-05
 0.1413906681E-05  0.2827955213E-05
 0.2437848975E-05  0.2800453466E-05
 0.2505157062E-05  0.3090133950E-05
-0.3079038458E-05 -0.3236231381E-05
 0.1348723624E-05  0.3284183664E-05
 0.2098672448E-05  0.3242396077E-05
 0.2080204706E-05  0.3302508174E-05
-0.2419486017E-05 -0.3089427009E-05
-0.2623873028E-05 -0.2874045392E-05
-0.1781962826E-05 -0.2875917035E-05
-0.1311056130E-05 -0.3135897079E-05
 0.1393908194E-05  0.3062022012E-05
-0.2311007286E-05 -0.3991104857E-05
-0.1671965715E-05 -0.4083501130E-05
-0.1324976881E-05 -0.2060006502E-05
 0.1640855177E-05 -0.4278910602E-05
 0.3462626624E-05 -0.3407694517E-05
-0.2851165142E-05 -0.2095987452E-05
-0.2644997617E-05 -0.2050867307E-05
-0.2305612672E-04  0.7674989491E-06
 0.1711942653E-04  0.1033369452E-05
 0.5351216594E-05 -0.6596366658E-05
-0.4854952930E-05  0.1239602202E-05
-0.2306469535E-04  0.9773487914E-06
 0.1519382516E-04 -0.3224752635E-06
 0.6823371971E-05 -0.7505032914E-05
-0.6405920885E-05  0.1841462433E-05
 0.6598557381E-05 -0.4410957679E-05
 0.7877357411E-05 -0.5312902320E-05
 0.7310383674E-05 -0.4849073809E-05
-0.8474940876E-05  0.4918659138E-05
-0.4517554241E-05  0.3498087124E-05
-0.1171093339E-04  0.4240344727E-05
-0.1013992209E-04  0.5530334580E-05
 0.7038801192E-05 -0.3929012607E-05
-0.2302935746E-04  0.1256141418E-05
 0.1279431778E-04 -0.1895733423E-05
 0.8272791986E-05 -0.8306445679E-05
-0.8204441964E-05  0.2679430419E-05
-0.2463422832E-04  0.2254315019E-05
 0.1076424817E-04 -0.2432454477E-05
 0.9673934279E-05 -0.9504423171E-05
-0.9568417392E-05  0.3480030849E-05
 0.1054759961E-04 -0.5895154618E-05
 0.1201526431E-04 -0.6912617702E-05
 0.1159406676E-04 -0.7023046817E-05
-0.1249060210E-04  0.6356869148E-05
-0.8515973071E-05  0.3909414852E-05
-0.1585939626E-04  0.5467436981E-05
-0.1651842448E-04  0.7557822005E-05
 0.1107040195E-04 -0.4444721474E-05
 0.7374903183E-05 -0.4776673087E-05
 0.1046226217E-04 -0.5508665738E-05
 0.1405903570E-04 -0.6117606023E-05
-0.1099946176E-04  0.4758535290E-05
 0.1000953694E-04 -0.6090794064E-05
 0.1105510186E-04 -0.6954573585E-05
 0.1060284168E-04 -0.7547070284E-05
-0.1224530805E-04  0.6546015675E-05
 0.8095603879E-05 -0.4822526645E-05
 0.1015986115E-04 -0.6833997692E-05
-0.3261774473E-05 -0.4032820286E-05
-0.1182878640E-04  0.5101253586E-05
-0.1162341245E-04  0.4027672621E-05
-0.1132119307E-04  0.5748590909E-05
 0.9579624187E-05 -0.6259954584E-05
-0.1255528261E-04  0.6717249247E-05
-0.1179054394E-04  0.6299167402E-05
-0.1211059729E-04  0.6145393719E-05
 0.1056989758E-04 -0.6165795183E-05
-0.1073131869E-04  0.5674898487E-05
-0.9985014599E-05  0.5503685002E-05
-0.1001662124E-04  0.5499553187E-05
 0.8581138623E-05 -0.5200739459E-05
-0.6646444487E-05  0.3768824482E-05
-0.1365119864E-04  0.4912253103E-05
-0.1286267957E-04  0.6378349381E-05
 0.9097910157E-05 -0.4265168196E-05
 0.8660097316E-05 -0.5184913752E-05
 0.1005056165E-04 -0.5994613361E-05
 0.9958820552E-05 -0.5895280720E-05
-0.1055894551E-04  0.5638912936E-05
-0.2945330638E-04  0.3911857683E-05
 0.1022497649E-04 -0.5517070067E-05
 0.9366697883E-05 -0.1186601411E-04
-0.3171584985E-05  0.3091321554E-05
 0.8371320031E-05 -0.9627984633E-05
 0.2192517417E-05 -0.1132886272E-04
 0.1212825000E-04 -0.1154614551E-04
-0.1732540741E-04  0.1033337784E-04
-0.4527638095E-04  0.1259721253E-04
-0.2167932466E-04  0.7718214456E-05
 0.1336516608E-04  0.1986864141E-04
 0.5227072529E-05 -0.4174318812E-05
-0.2740114632E-04  0.8152749299E-05
-0.7668767089E-06  0.5261082446E-05
 0.1243825557E-04 -0.4589627842E-05
-0.1270544818E-04  0.5769313528E-05
 0.1668591310E-04 -0.1023609801E-04
 0.1822239931E-04 -0.1010939839E-04
 0.1898511594E-04 -0.1331386009E-04
-0.1888459938E-04  0.1052805756E-04
 0.1679335481E-04 -0.7931978820E-05
 0.1749531414E-04 -0.7596525029E-05
 0.1738055261E-04 -0.1441393194E-04
-0.1886809507E-04  0.6835945010E-05
 0.1741332884E-04 -0.1705127603E-04
 0.1785952338E-04 -0.1971735303E-04
 0.1899408488E-04 -0.1731632123E-04
-0.2195588594E-04  0.1248544381E-04
-0.2003825923E-04  0.1303395836E-04
-0.2020308930E-04  0.1260241468E-04
-0.1965707568E-04  0.9728523393E-05
 0.1739051627E-04 -0.1360574137E-04
-0.1402454126E-04 -0.3775774486E-05
-0.2266093261E-04  0.2086132979E-05
-0.2296913861E-04  0.3545604645E-05
 0.1425107967E-04  0.1886795881E-05
-0.1232658463E-04  0.3888184893E-05
-0.2178571347E-04  0.8971091229E-05
 0.3933740707E-05  0.5125636152E-05
 0.7388583508E-05 -0.5704491531E-05
-0.2261521986E-04  0.1336957833E-05
-0.1442670124E-04  0.1883272615E-05
 0.1010109236E-04 -0.7356450775E-05
-0.8578290377E-05  0.7223407224E-06
-0.1549030712E-05 -0.8637179228E-05
-0.1270399508E-04 -0.5641219993E-05
-0.2233418092E-04  0.9620907637E-05
 0.1612434772E-04 -0.1320516129E-04
-0.3545366636E-05 -0.5248570319E-05
-0.2171760926E-04  0.9993351705E-05
-0.2430731070E-04  0.9527389674E-05
-0.2078285435E-04  0.1038085566E-04
 0.1566072660E-04 -0.1088471510E-04
 0.2408528015E-04 -0.1306229976E-04
 0.2533463719E-04 -0.1560449071E-04
 0.2861011053E-04 -0.2572789095E-04
-0.2860624679E-04  0.7900517762E-05
 0.1729889300E-06 -0.4392192861E-05
-0.4279832893E-06 -0.4388590975E-05
-0.1406937508E-04  0.6824547289E-05
-0.1294745324E-04  0.5996746577E-05
-0.1342734863E-04  0.7323287337E-05
 0.1224151258E-04 -0.8732254493E-05
 0.1260296860E-04 -0.8320166425E-05
 0.1376960597E-04 -0.9733422150E-05
-0.2665108944E-07 -0.4337965791E-05
-0.1876323752E-04  0.9038604823E-05
-0.1666521912E-04  0.8471022054E-05
-0.1673258987E-04  0.7971774199E-05
 0.1354499325E-04 -0.8380082854E-05
-0.1461544489E-04  0.7802496154E-05
-0.1395588723E-04  0.7461914382E-05
-0.1414297457E-04  0.6994796868E-05
 0.1272936641E-04 -0.7332184974E-05
-0.7220793821E-05  0.3617065760E-05
-0.1757869691E-04  0.6032918448E-05
-0.1867952895E-04  0.8842403168E-05
 0.1273672321E-04 -0.4971093187E-05
 0.1244097728E-04 -0.6892244250E-05
 0.1326379733E-04 -0.8221853493E-05
 0.1361160836E-04 -0.8041464126E-05
-0.1359344398E-04  0.7064963660E-05
 0.1228513061E-04 -0.7698617725E-05
 0.1357384225E-04 -0.8349945473E-05
 0.1340303143E-04 -0.9902707375E-05
-0.1461552185E-04  0.8059324552E-05
 0.1436886248E-04 -0.8402819067E-05
 0.1482153373E-04 -0.9184855450E-05
 0.1541234377E-04 -0.1054441278E-04
-0.1822479007E-04  0.9305665206E-05
 0.1464833676E-04 -0.1142880216E-04
 0.1847865989E-04 -0.1466876473E-04
-0.2141396718E-05 -0.4039928612E-05
-0.1763736680E-04  0.8820133264E-05
-0.1568748172E-04  0.7750406497E-05
-0.1610615755E-04  0.8716490552E-05
 0.1502652279E-04 -0.1092007641E-04
 0.1480706485E-04 -0.3907304977E-05
 0.6839961430E-05 -0.2847870203E-05
 0.1279516730E-04 -0.3438732657E-05
-0.1143598921E-04  0.3230989744E-05
 0.1112422779E-04 -0.3279905981E-05
 0.3889154609E-05 -0.2386854788E-05
 0.1041237185E-04 -0.2935861673E-05
-0.9008192100E-05  0.2896532848E-05
-0.7114748926E-05  0.4484813521E-05
 0.2033215692E-04 -0.7642717886E-05
-0.1966077951E-04  0.3134527666E-05
 0.8229982152E-05 -0.8248291313E-06
 0.7983815070E-05 -0.3068245389E-05
 0.1380081348E-05 -0.2200357359E-05
 0.8272970288E-05 -0.2681352990E-05
-0.6611757039E-05  0.2734625031E-05
 0.4797252890E-05 -0.3108529708E-05
-0.7620777575E-06 -0.2226817194E-05
 0.6665963843E-05 -0.2622150203E-05
-0.4461287755E-05  0.2657510754E-05
-0.3441591841E-05  0.4228492697E-05
 0.2104969160E-04 -0.6216264348E-05
-0.2139990576E-04  0.1345009852E-05
 0.4298567039E-05 -0.1683705898E-06
-0.5214992558E-05  0.4251430107E-05
 0.2097286206E-04 -0.7033168360E-05
-0.2070897683E-04  0.2139403847E-05
 0.6169846292E-05 -0.3620188724E-06
 0.4507489197E-05 -0.3628484169E-05
-0.1759108415E-05 -0.2476840576E-05
 0.5524164231E-05 -0.2698947110E-05
-0.3145880830E-05  0.3151890248E-05
 0.1791029246E-04 -0.2668985416E-05
-0.7700660191E-05 -0.2878365455E-05
-0.3368239740E-04 -0.8933724590E-05
-0.2654089581E-05  0.2455451905E-05
-0.1329116787E-05  0.4683154953E-05
 0.2093471681E-04 -0.3676951259E-05
-0.2201569740E-04  0.2216280967E-05
 0.4004494920E-05 -0.7227340486E-06
-0.2006764944E-05  0.4610764735E-05
 0.2115570583E-04 -0.6090558306E-05
-0.2257201805E-04  0.5073704228E-06
 0.3240896197E-05 -0.4617836122E-07
 0.1141695415E-04 -0.3990381464E-05
 0.1169180565E-04 -0.3990269243E-05
 0.1034615110E-04 -0.3882587767E-05
-0.1141060199E-04  0.3717024014E-05
 0.1164588729E-04 -0.3697231267E-05
 0.7367682519E-05 -0.3452461549E-05
 0.7280840281E-05 -0.3400135011E-05
-0.8582102209E-05  0.3750955805E-05
 0.9396622771E-05 -0.3750628908E-05
 0.8365009173E-05 -0.3503310546E-05
 0.7804275284E-05 -0.3285312316E-05
-0.1046650985E-04  0.3975763682E-05
-0.1135850432E-04  0.4029534481E-05
-0.1113621841E-04  0.3667793081E-05
-0.1128395471E-04  0.3627125641E-05
 0.1003334110E-04 -0.3862462914E-05
-0.1643967660E-05  0.1403072919E-05
-0.7831078184E-05  0.4637674332E-05
-0.9477094961E-05  0.5018966492E-05
-0.2065045333E-05  0.1239109870E-05
-0.1001316511E-04  0.4616010168E-05
-0.5442589573E-06  0.7437017066E-05
-0.7433360476E-05  0.9060815659E-06
-0.4118747908E-05  0.1035314900E-05
-0.8151979460E-05 -0.4798105854E-05
-0.9672466991E-05 -0.3579236659E-05
-0.2708455945E-05 -0.3096633061E-05
 0.4778043694E-05  0.3475409522E-05
-0.5694349844E-05 -0.4054791996E-05
-0.5149037451E-05 -0.3805831011E-05
-0.6094600745E-05 -0.4000239218E-05
 0.4459699630E-05  0.3616009872E-05
-0.7778149765E-05 -0.4635235763E-05
-0.7373000461E-05 -0.4412473982E-05
-0.8297556433E-05 -0.4812442782E-05
 0.6546034869E-05  0.4180990564E-05
 0.5715577165E-05  0.4108639876E-05
 0.5863330269E-05  0.4513597405E-05
 0.4674817202E-05  0.3728040049E-05
-0.6444509391E-05 -0.4149800272E-05
-0.4696936271E-05 -0.3103483270E-05
-0.5814478461E-06  0.2965627958E-05
-0.6237105950E-06  0.2924216947E-05
 0.4868059501E-05  0.4523321418E-05
-0.1261242999E-04 -0.4738035772E-05
-0.2951574091E-05  0.2909152166E-05
-0.1422542671E-04 -0.4078423881E-05
 0.1239174779E-04  0.5691213564E-05
-0.9932581768E-05  0.3752532967E-05
 0.1804134836E-04  0.1307221713E-04
 0.9470071075E-05  0.6886306138E-05
 0.6959687717E-05  0.4704479801E-05
 0.6844897335E-05  0.4916395222E-05
-0.8039798199E-05 -0.4177084298E-05
 0.5668399311E-05  0.4978923465E-05
 0.5289914272E-05  0.4553916111E-05
 0.4357050766E-05  0.4120411177E-05
-0.5674233907E-05 -0.3354837303E-05
-0.6842463573E-05 -0.3740458374E-05
-0.7113608312E-06  0.2910964985E-05
-0.2462586531E-05  0.2633749966E-05
 0.6246811866E-05  0.5610392712E-05
 0.3946701470E-05  0.4174607968E-05
 0.3337097640E-05  0.3838996183E-05
 0.2077109007E-05  0.3472926581E-05
-0.3677038028E-05 -0.2852402137E-05
 0.1068521656E-05  0.2608229601E-05
 0.1475443246E-05  0.2963623896E-05
 0.5576441912E-05  0.2962599521E-05
-0.3802778081E-05 -0.2134382043E-05
-0.3180225920E-05 -0.2602545971E-05
-0.3100385356E-05  0.2991144228E-05
-0.7595554041E-06  0.3098184797E-05
 0.2256816271E-05  0.3713579059E-05
 0.3415581937E-05  0.3532738013E-05
 0.3612853399E-05  0.3966880715E-05
 0.2228050968E-05  0.3310284678E-05
-0.4068752415E-05 -0.3744683806E-05
 0.3479900635E-05  0.5765274474E-05
 0.1671548722E-04 -0.1989145034E-05
-0.2172251106E-04  0.1544641069E-06
-0.3051195304E-05 -0.6749708106E-06
 0.3997467729E-06  0.5168113061E-05
 0.1218754999E-04 -0.3633187723E-05
-0.1836898479E-04  0.2664316173E-05
 0.1456988421E-05  0.6284725393E-07
-0.4625272944E-05 -0.3552073173E-05
-0.6366360701E-05 -0.3198740400E-05
-0.7285242031E-06 -0.2806043371E-05
 0.1689148552E-05  0.3061152978E-05
-0.7197609697E-06  0.2648022940E-05
 0.4551760924E-06  0.3101940088E-05
-0.1017453368E-05  0.2935287743E-05
-0.1614946438E-05 -0.3393904727E-05
 0.4239819540E-06  0.4382612238E-05
-0.1176238824E-04  0.4693142203E-05
-0.1439439807E-05  0.3082612634E-05
-0.3600342501E-05 -0.2916123681E-05
-0.1376047498E-05  0.3300131855E-05
-0.1346018508E-05  0.3546497065E-05
-0.2226446277E-05  0.3135157656E-05
 0.1266369579E-05 -0.3211207084E-05
-0.1222168308E-05 -0.3242021123E-05
-0.4172313641E-06 -0.3394428359E-05
-0.2344507802E-05 -0.3504913425E-05
-0.2191795334E-06  0.3242909221E-05
 0.1786617781E-04 -0.3869411285E-05
-0.4070898331E-05 -0.3559186787E-05
 0.2242363614E-05 -0.3176091921E-05
-0.9382496876E-05  0.3306031672E-05
-0.3106292736E-05 -0.3427609562E-05
-0.2655793073E-05 -0.2686209247E-05
-0.2681390140E-05 -0.3068285451E-05
 0.2347067614E-05  0.2564693102E-05
-0.3091090759E-05 -0.3858047360E-05
-0.2956699140E-05 -0.3451128421E-05
-0.3787932392E-05 -0.3546346115E-05
 0.2218955424E-05  0.3179003130E-05
 0.1586647533E-05  0.3046694528E-05
 0.1336203646E-05  0.3740185355E-05
 0.1347868362E-05  0.3163877982E-05
-0.1966944940E-05 -0.3682357595E-05
-0.3253208298E-05  0.4052341878E-05
-0.4255982166E-05  0.4096210080E-05
-0.1347950369E-05  0.1809949080E-05
-0.5320551526E-05  0.4198643655E-05
-0.6487272455E-05  0.4365033743E-05
-0.1483353461E-05  0.1556476541E-05
-0.1409008691E-05  0.1692829040E-05
-0.4039295018E-05  0.3255800011E-05
-0.3850956131E-05  0.2919496069E-05
-0.4856575558E-05  0.2862639435E-05
 0.3542222783E-05 -0.3081709111E-05
-0.3274742192E-05  0.3140674528E-05
-0.3103716867E-05  0.3452107540E-05
-0.3910048160E-05  0.2884178294E-05
 0.2858571661E-05 -0.3083766484E-05
-0.5355941716E-05  0.3062336099E-05
-0.5043646988E-05  0.3307791600E-05
-0.5977566748E-05  0.2880344340E-05
 0.4746693136E-05 -0.3044352070E-05
 0.3684393942E-05 -0.3188742610E-05
 0.4027232702E-05 -0.3200083975E-05
 0.3220584270E-05 -0.3209610653E-05
-0.4392262499E-05  0.2972993591E-05
-0.8874793031E-05  0.3680357144E-05
-0.8484726287E-05  0.3214418679E-05
-0.9935809408E-05  0.3437743973E-05
 0.8224168792E-05 -0.3472969449E-05
-0.7732069602E-05  0.3240846733E-05
-0.7260913780E-05  0.3426788245E-05
-0.8319004737E-05  0.3080657277E-05
 0.7129513490E-05 -0.3222078958E-05
-0.1033075395E-04  0.3621220532E-05
-0.9667550512E-05  0.3729215259E-05
-0.1066332054E-04  0.3424868088E-05
 0.9802848260E-05 -0.3625201632E-05
 0.8466137500E-05 -0.3546902303E-05
 0.8961769458E-05 -0.3677771532E-05
 0.7785897814E-05 -0.3468744307E-05
-0.9153543323E-05  0.3345603275E-05
 0.5890192808E-05 -0.3257625448E-05
 0.6332383098E-05 -0.3313364184E-05
 0.5294370733E-05 -0.3221997935E-05
-0.6572959341E-05  0.3030456194E-05
 0.6928335998E-05 -0.3282726580E-05
 0.6675140900E-05 -0.3109310335E-05
 0.5526595645E-05 -0.2979848232E-05
-0.7453575323E-05  0.3453058904E-05
 0.4572719491E-05 -0.3101328067E-05
 0.4432930671E-05 -0.2893536829E-05
 0.3426030460E-05 -0.2842794763E-05
-0.5084568399E-05  0.3262719515E-05
-0.6205951053E-05  0.3331532211E-05
-0.5941457008E-05  0.2928653746E-05
-0.7138239867E-05  0.2997767885E-05
 0.5707432685E-05 -0.3153754004E-05
 0.2093505668E-05 -0.3311771539E-05
 0.2114508326E-05 -0.3267254538E-05
 0.1348987626E-05 -0.3309789272E-05
-0.2418963795E-05  0.3108076746E-05
 0.2517337105E-05 -0.3116197736E-05
 0.2457520857E-05 -0.2826293576E-05
 0.1450380331E-05 -0.2856797557E-05
-0.3094040110E-05  0.3271847914E-05
 0.1219392820E-06 -0.3230223247E-05
 0.5666937876E-07 -0.2796900609E-05
-0.3939582627E-05 -0.3037320446E-05
-0.1352224823E-05  0.2814789161E-05
-0.1324410892E-05  0.3170363326E-05
-0.1789711511E-05  0.2901878106E-05
-0.2632855943E-05  0.2900899151E-05
 0.1405954026E-05 -0.3086614117E-05
-0.1243149568E-05  0.1914463299E-05
-0.5584343538E-05 -0.2596745443E-05
-0.8158487187E-05  0.3218639268E-05
 0.1105625505E-04  0.8936209449E-05
 0.3462380503E-05  0.3438070663E-05
 0.1654700278E-05  0.4318448959E-05
-0.2793035712E-05  0.2062070124E-05
-0.1671555712E-05  0.4125607535E-05
-0.2322511508E-05  0.4036535042E-05
-0.1235959050E-05  0.2014826051E-05
-0.2601901173E-05  0.2002337777E-05
-0.2440488589E-04  0.1063524999E-05
-0.2418044783E-04  0.3291029826E-05
-0.1231143155E-04  0.1201771004E-04
 0.1706153137E-04 -0.9369112857E-05
-0.2042448127E-04  0.1001742108E-04
-0.2173543006E-04  0.1381790873E-04
-0.8407687264E-05  0.2283325311E-04
 0.1525447888E-04 -0.2103043374E-04
 0.1175399281E-04 -0.4234345078E-05
-0.1576442605E-06 -0.1278109260E-04
-0.2481905578E-04 -0.1234924348E-04
-0.1101702472E-04 -0.4443425331E-05
-0.2077487567E-04 -0.5940600043E-05
-0.2080178616E-04 -0.1333588134E-04
-0.1971244041E-04 -0.1194419658E-04
 0.1748803120E-04  0.1395589819E-04
-0.2303270619E-04 -0.1431527565E-04
 0.4296672116E-05  0.1076327084E-04
 0.5847108083E-05  0.1324804654E-04
 0.2134598938E-04  0.2036895973E-04
-0.2272876925E-04 -0.1495399057E-04
 0.7528485598E-05  0.1739298998E-04
 0.4209187853E-05  0.2202519448E-04
 0.1959371377E-04  0.2276840751E-04
 0.2116924623E-04  0.2218496528E-04
 0.1761072848E-04  0.2308394973E-04
 0.1837377589E-04  0.2186541250E-04
-0.2305998273E-04 -0.1505856610E-04
-0.1335002970E-04  0.1319859041E-04
-0.1471427057E-04  0.7453927338E-06
-0.1030492605E-04  0.8163352183E-05
 0.1216230726E-04 -0.6344612668E-05
-0.2573011473E-04 -0.8332093496E-05
-0.7126346736E-05  0.2559065579E-04
-0.4745685087E-04  0.3406807894E-05
 0.2739105745E-04  0.2071161673E-04
-0.8582957430E-05  0.4255311260E-05
-0.2301602143E-04  0.8870411382E-05
-0.1133262980E-04  0.8642540339E-05
 0.8425697526E-05 -0.8881164525E-06
 0.2762092471E-04  0.6238554451E-05
 0.1262985272E-04 -0.1957538229E-05
 0.1116632431E-04  0.4954599399E-05
-0.1960676738E-04  0.1534320519E-06
 0.2243180856E-04  0.2297540853E-04
 0.1373210486E-04  0.1724742148E-04
 0.1674502247E-04  0.2228712209E-04
-0.2304302723E-04 -0.1348684306E-04
 0.1361217385E-04  0.1786215958E-05
 0.1403646217E-04 -0.1052887982E-04
 0.1556770756E-04 -0.4921392367E-05
-0.1477320694E-04  0.9075747202E-05
 0.1679480297E-04  0.1256309067E-04
 0.1703625384E-04  0.1242874284E-05
 0.1720117031E-04  0.4315095935E-05
-0.1806226370E-04 -0.1369551830E-05
-0.1856400411E-04  0.1485880639E-05
-0.1896042889E-04 -0.9972258873E-05
-0.1654030379E-04 -0.5231259608E-05
 0.1583421160E-04  0.8438625926E-05
 0.1074862037E-05  0.8571380545E-04
 0.1316568192E-04 -0.2678920183E-04
 0.1056163748E-04 -0.2314816402E-04
-0.2542464795E-05  0.8466261057E-04
 0.3349223566E-04  0.3990882893E-04
-0.2288380982E-04  0.5694360698E-04
 0.3670965136E-04  0.4659367322E-04
 0.5872902520E-05  0.2096305301E-04
 0.8787615631E-05 -0.3239483688E-04
-0.7688944354E-05 -0.2626248854E-05
 0.8186683897E-05  0.6285213669E-05
 0.4452356409E-05  0.7925765140E-05
 0.7647928815E-05  0.6740613769E-05
 0.1322276075E-05 -0.7171655665E-05
 0.3573565682E-04  0.5302125141E-04
 0.2524912713E-05  0.2042803370E-04
 0.8741436691E-05 -0.4262234893E-04
-0.1053033506E-04  0.1362261139E-05
-0.5214000224E-05 -0.6807889875E-05
-0.2081429270E-04 -0.7764867056E-05
-0.1217094262E-04 -0.1260249919E-05
 0.1511606842E-04 -0.3188111041E-05
-0.1278908708E-04  0.4882859753E-05
-0.3453043718E-04 -0.2729545554E-05
-0.1510371795E-04 -0.1309624770E-04
 0.3605857745E-05  0.1587887619E-04
-0.1721417275E-04 -0.3473891794E-04
-0.2788194083E-04 -0.4391853784E-04
-0.1348418082E-04 -0.4596188955E-04
-0.7739634673E-05  0.4175396842E-04
-0.1353138096E-04  0.4502997660E-05
 0.5038683945E-06  0.3112663866E-04
-0.1303457436E-04 -0.8011369009E-05
-0.3371179700E-04 -0.2227102635E-04
 0.2897219162E-04  0.4905554436E-04
-0.9153245531E-05  0.1208922393E-05
-0.4445170965E-05 -0.3005012128E-04
-0.1054317704E-04  0.1076689705E-04
-0.5902058419E-05 -0.3636109156E-04
-0.1230220619E-04 -0.3804178587E-04
-0.1476449752E-04 -0.5824509773E-04
 0.4783306684E-06  0.3885510305E-04
 0.2516273436E-04  0.4041199225E-05
-0.1126407026E-04  0.2091625853E-04
-0.1190159704E-04  0.2490714494E-04
-0.1990928857E-04 -0.2845442191E-04
-0.5500312159E-05  0.3792838347E-04
-0.1973892180E-05  0.2695758938E-04
-0.1894147957E-05  0.2973170280E-04
-0.5056286507E-05 -0.3392160639E-04
-0.6669224157E-05  0.1443518498E-04
-0.2131353597E-04  0.2472508503E-05
-0.1330079787E-04  0.8567488594E-05
 0.8966980204E-05 -0.1079427316E-04
 0.2502355956E-05  0.1476040751E-04
 0.2049505604E-06  0.2540415562E-05
 0.4462895034E-05  0.2571701855E-06
 0.2345991059E-05 -0.2639216913E-05
 0.4113323854E-05 -0.4174036171E-05
-0.1690115629E-05 -0.1663026748E-04
 0.7330743767E-06 -0.1459359184E-04
-0.2006284939E-05  0.1492420667E-04
-0.6118184607E-05 -0.1756449977E-04
 0.6262448046E-05 -0.8226780327E-06
-0.4372429150E-05 -0.1975777746E-04
-0.3060631574E-04  0.1688334401E-04
 0.6635011203E-05 -0.1066063646E-04
 0.2365046630E-05 -0.1000083537E-04
 0.7228884008E-05 -0.1522408338E-04
 0.5436036083E-05  0.1104206961E-04
-0.4416191034E-05 -0.9244813602E-05
-0.1882365587E-04 -0.8614751258E-05
-0.1195878212E-04 -0.1539829024E-05
 0.1446160487E-04 -0.8761730988E-06
 0.8107143930E-05 -0.1612209588E-04
 0.3320522688E-05 -0.7947730243E-05
 0.8125664430E-05 -0.1102204014E-04
 0.4654579978E-05  0.8736448298E-05
 0.7095158777E-05  0.6063242926E-05
 0.5302525770E-05  0.1219814283E-04
 0.8977266694E-05  0.9965553500E-05
 0.2651544956E-05 -0.1156093799E-04
 0.3302158192E-05 -0.1433851310E-04
 0.1676637933E-04 -0.7594062577E-05
 0.1717590378E-04  0.1762787719E-04
-0.2285847017E-04  0.1563006743E-04
 0.2030363615E-04 -0.1060740779E-04
 0.1364029367E-04 -0.2149759905E-04
-0.9153331029E-05  0.7256143327E-04
-0.1543977907E-04  0.3100450096E-04
-0.6959595881E-05  0.1492723548E-04
-0.3598732057E-04  0.2995840582E-04
-0.1163022483E-04  0.2143927856E-04
 0.1498415550E-04 -0.1757298163E-04
-0.1210091089E-04  0.2174986189E-04
-0.3152897827E-04  0.2767175929E-04
-0.1169487150E-04  0.1676690496E-04
 0.9127977381E-05 -0.1124666827E-04
-0.6743825010E-05 -0.2068093075E-04
 0.1157673479E-04 -0.1772281262E-04
-0.9336533282E-05 -0.2041458343E-04
-0.3335814335E-04  0.3314517756E-04
 0.8926038879E-05 -0.3798319110E-05
 0.9349496060E-05 -0.1231249370E-04
 0.8774642865E-05 -0.8948697334E-05
-0.3724977773E-05  0.8949437607E-05
 0.8986812277E-05 -0.1916057297E-04
 0.5058046438E-05 -0.1963869233E-04
 0.9673734582E-05 -0.2351922744E-04
-0.2157485982E-05  0.2584793052E-04
 0.1102066236E-04 -0.1258555248E-04
 0.1064155557E-04 -0.2168579173E-04
 0.1255381276E-04 -0.1765359187E-04
-0.8815491721E-05  0.2164882181E-04
-0.6365945407E-05  0.2284366532E-04
-0.6246453682E-05  0.1386177004E-04
-0.3359367164E-05  0.1752475074E-04
 0.9941275045E-05 -0.1754443312E-04
-0.2768823188E-05 -0.1740181289E-04
 0.1692879033E-04 -0.4389205525E-04
-0.1331178223E-04 -0.3459390905E-04
 0.1484619545E-04  0.2191443947E-04
 0.9989215902E-05 -0.1615744261E-04
 0.4001893758E-05 -0.1995226384E-04
-0.1860974107E-04 -0.1804417725E-04
-0.8326387548E-05 -0.1741759194E-05
-0.1591447992E-04  0.1747927361E-04
-0.1680225450E-04  0.2633796476E-04
-0.2848782549E-05  0.3197070755E-04
 0.1259742816E-04 -0.3237071018E-04
-0.1280523910E-04  0.2042245912E-04
-0.1073967091E-04  0.3476861340E-04
 0.9613271422E-05  0.3817595756E-04
 0.9342136753E-05 -0.3537035131E-04
 0.8199001357E-05 -0.2408615010E-04
 0.9663129885E-05 -0.2411257851E-04
-0.1062325809E-04 -0.2312722660E-04
-0.5497570790E-05  0.1412035573E-05
 0.3752081143E-04  0.4408897839E-04
 0.1115423834E-05  0.2553935329E-04
 0.3508042744E-05 -0.1000035560E-04
-0.7886896485E-05 -0.1132278165E-04
-0.2820370164E-05  0.1337290966E-04
-0.3829784919E-05  0.1648538154E-04
-0.5234651220E-05  0.1478174358E-04
 0.8157891352E-05 -0.1865639520E-04
-0.2745882816E-05  0.1144271839E-04
-0.5986988794E-05  0.9085280434E-05
-0.5776239462E-05  0.6982669091E-05
 0.1167709237E-04 -0.2503506512E-05
-0.1153155382E-05  0.1664430243E-04
-0.6604338764E-05  0.8341136925E-05
-0.1409979047E-05  0.1178878977E-04
 0.9128745702E-05 -0.3793616466E-05
 0.7026044686E-05  0.1803559292E-05
 0.9388182291E-05 -0.1335230184E-04
 0.9048489600E-05 -0.1211508672E-04
-0.1857382794E-05  0.1340227832E-04
 0.2694128158E-04  0.4256981275E-04
 0.4371393007E-06  0.2303563178E-04
 0.1006811356E-04 -0.2033471866E-04
-0.5972586731E-05 -0.4635652078E-05
 0.2913049433E-05  0.7636818281E-05
 0.2811960531E-05  0.8366854053E-05
 0.5119222171E-05  0.6295492891E-05
 0.3438692393E-05 -0.6639129626E-05
 0.3690904681E-04  0.4209401592E-04
 0.3699687949E-05  0.1757455585E-04
 0.8867926457E-05 -0.2455467955E-04
-0.4124779445E-05 -0.2290672061E-05
-0.3462798783E-05 -0.4300772878E-05
-0.1541957392E-04 -0.5517930975E-05
-0.1381710726E-04 -0.7176399821E-06
 0.8442014628E-05 -0.2705220381E-05
 0.9773660978E-05 -0.7916237867E-05
 0.4489299457E-05 -0.9482121812E-05
 0.8974272001E-05 -0.1268250630E-04
 0.1542059632E-05  0.1637549801E-04
-0.2045213697E-05 -0.1374950167E-04
 0.1327506975E-04 -0.2835204451E-04
-0.4728948867E-05 -0.3692922049E-04
 0.1087206997E-04  0.1825617285E-04
 0.4757926588E-05 -0.1693698691E-04
-0.2408861555E-04 -0.1277131208E-05
-0.7867310388E-05 -0.8130183363E-05
-0.5048327756E-05 -0.5044834986E-05
 0.1195734810E-04  0.3671140622E-04
-0.3453761761E-05  0.3019296979E-04
 0.7286648839E-05  0.2879927582E-04
 0.9358232280E-05 -0.2539743225E-04
 0.1905355535E-04  0.1750312028E-04
 0.1781748972E-04  0.1976282553E-04
 0.1740693456E-04  0.1711935865E-04
-0.2197271008E-04 -0.1259447128E-04
 0.1734088331E-04  0.1442710321E-04
 0.1746774627E-04  0.7610510670E-05
 0.1674669766E-04  0.7950875568E-05
-0.1881306482E-04 -0.6852436046E-05
 0.1892061107E-04  0.1338472873E-04
 0.1817007594E-04  0.1014621845E-04
 0.1660691742E-04  0.1030323930E-04
-0.1882885841E-04 -0.1059190045E-04
-0.1960020895E-04 -0.9767847214E-05
-0.2016274453E-04 -0.1267742499E-04
-0.1999783235E-04 -0.1311187786E-04
 0.1735424708E-04  0.1365099317E-04
 0.1244610018E-04  0.4588453499E-05
-0.1693547755E-05 -0.5429299129E-05
-0.2729990663E-04 -0.8038605966E-05
-0.1265416047E-04 -0.5649508540E-05
 0.1215101138E-04  0.1164195370E-04
 0.2335082631E-05  0.1172873286E-04
 0.8398905207E-05  0.9620579925E-05
-0.1739594393E-04 -0.1047248468E-04
 0.9405521323E-05  0.1186984916E-04
 0.9764501357E-05  0.5420288124E-05
-0.2958745988E-04 -0.3866511296E-05
-0.3011531341E-05 -0.2980909872E-05
 0.1322725521E-04 -0.2002758547E-04
-0.2165630533E-04 -0.7757042829E-05
-0.4572678888E-04 -0.1267817331E-04
 0.5191167927E-05  0.4165294889E-05
 0.4160543937E-05 -0.5014703740E-05
-0.2170846257E-04 -0.9021444622E-05
-0.1231421689E-04 -0.3957181203E-05
 0.7354361071E-05  0.5677297858E-05
-0.2299326324E-04 -0.3844094484E-05
-0.2259816720E-04 -0.2017421855E-05
-0.1395903372E-04  0.3712341088E-05
 0.1403698963E-04 -0.1787245850E-05
 0.1027329610E-04  0.7366820340E-05
-0.1458356773E-04 -0.1680477325E-05
-0.2234941543E-04 -0.1333123530E-05
-0.8596574735E-05 -0.7293192544E-06
 0.1026127555E-04  0.6918348772E-05
 0.7836846942E-05  0.4884951989E-05
-0.2943256408E-05  0.4000090828E-05
 0.1060472315E-04  0.7602094877E-05
 0.1103245763E-04  0.7006496956E-05
 0.9958731620E-05  0.6136689326E-05
-0.1221785983E-04 -0.6588620214E-05
 0.1412933837E-04  0.6153658245E-05
 0.1045754604E-04  0.5557856009E-05
 0.7325552450E-05  0.4823610447E-05
-0.1097404679E-04 -0.4790203428E-05
-0.1130016226E-04 -0.5798486567E-05
-0.1157586805E-04 -0.4068959441E-05
-0.1177244577E-04 -0.5145102735E-05
 0.9444857540E-05  0.6331093009E-05
 0.1158582716E-04  0.7065001471E-05
 0.1200406508E-04  0.6952508347E-05
 0.1048354410E-04  0.5923756941E-05
-0.1247958048E-04 -0.6394473158E-05
 0.9747479489E-05  0.9489478233E-05
 0.1016887035E-04  0.2466438534E-05
-0.2470354029E-04 -0.2224596415E-05
-0.9369850529E-05 -0.3400435351E-05
 0.8346407669E-05  0.8314821783E-05
 0.1230082914E-04  0.1908913359E-05
-0.2314952967E-04 -0.1224487633E-05
-0.8000809512E-05 -0.2623778149E-05
-0.1658843367E-04 -0.7636413358E-05
-0.1579164473E-04 -0.5474996739E-05
-0.8538683561E-05 -0.3965280089E-05
 0.1096504444E-04  0.4507406145E-05
 0.7307014144E-05  0.4885357233E-05
 0.7868592353E-05  0.5357468215E-05
 0.6593230812E-05  0.4446081914E-05
-0.8474072437E-05 -0.4955456929E-05
 0.6886051257E-05  0.7525534698E-05
 0.1477919877E-04  0.3394188490E-06
-0.2320121180E-04 -0.9470774286E-06
-0.6216306968E-05 -0.1809161982E-05
 0.5280668796E-05  0.6642424878E-05
 0.1672206956E-04 -0.1023721623E-05
-0.2317125858E-04 -0.7893506530E-06
-0.4794876729E-05 -0.1201843426E-05
-0.1022082623E-04 -0.5565872194E-05
-0.1163391235E-04 -0.4244201540E-05
-0.4578729840E-05 -0.3550987417E-05
 0.6942765658E-05  0.3976706426E-05
-0.1292689237E-04 -0.6428528474E-05
-0.1357847081E-04 -0.4921557157E-05
-0.6706117052E-05 -0.3839102954E-05
 0.8993732695E-05  0.4321732380E-05
-0.9986648203E-05 -0.5530296268E-05
-0.9986423958E-05 -0.5553970521E-05
-0.1071924639E-04 -0.5714393052E-05
 0.8560922372E-05  0.5241358772E-05
-0.1207486182E-04 -0.6170825237E-05
-0.1177617991E-04 -0.6343479986E-05
-0.1254150094E-04 -0.6763280790E-05
 0.1054181031E-04  0.6203979544E-05
 0.9948296787E-05  0.5932196946E-05
 0.1002397210E-04  0.6040518691E-05
 0.8623174289E-05  0.5209674099E-05
-0.1053393756E-04 -0.5661866868E-05
-0.1869312133E-04 -0.8914446818E-05
-0.1751957811E-04 -0.6030922797E-05
-0.7259379902E-05 -0.3705959885E-05
 0.1257276939E-04  0.5064321673E-05
-0.1410247274E-04 -0.7016972313E-05
-0.1393934444E-04 -0.7507872913E-05
-0.1460323709E-04 -0.7847802114E-05
 0.1271885841E-04  0.7369908365E-05
-0.1674260775E-04 -0.8016741489E-05
-0.1666297924E-04 -0.8521999660E-05
-0.1875649048E-04 -0.9105724343E-05
 0.1354834655E-04  0.8446858477E-05
 0.1359379471E-04  0.8072754689E-05
 0.1321626435E-04  0.8267931734E-05
 0.1240403276E-04  0.6899903120E-05
-0.1357488287E-04 -0.7077008885E-05
-0.1340266913E-04 -0.7371185052E-05
-0.1289273348E-04 -0.6028362590E-05
-0.1403860114E-04 -0.6895139952E-05
 0.1221331259E-04  0.8811227157E-05
-0.1372760205E-06  0.4313641111E-05
 0.6026446631E-06  0.4355912630E-05
 0.1381448369E-04  0.9837411946E-05
 0.1255246576E-04  0.8401816001E-05
 0.2886781686E-06  0.4256183448E-05
-0.2073125877E-04 -0.1043072712E-04
-0.2429006340E-04 -0.9611342883E-05
-0.2165707939E-04 -0.1004577416E-04
 0.1561190339E-04  0.1094051179E-04
-0.3059443648E-05  0.5215815025E-05
-0.2233579978E-04 -0.9735295178E-05
-0.1299570623E-04  0.5466327901E-05
-0.9217465614E-06  0.8599498935E-05
 0.1568375651E-04  0.1334494646E-04
 0.2933541767E-04  0.2584960878E-04
 0.2542647921E-04  0.1560958635E-04
 0.2382959544E-04  0.1316403758E-04
-0.2859544057E-04 -0.7945749824E-05
 0.1853234277E-04  0.1477593490E-04
 0.1453598218E-04  0.1153880642E-04
-0.1740155375E-05  0.3978412634E-05
 0.1539251505E-04  0.1060477162E-04
 0.1481353395E-04  0.9253755875E-05
 0.1434158632E-04  0.8457687018E-05
-0.1819866758E-04 -0.9355243723E-05
 0.1338314568E-04  0.9947059965E-05
 0.1354184109E-04  0.8396727935E-05
 0.1228041286E-04  0.7747564511E-05
-0.1457957207E-04 -0.8099974641E-05
-0.1607564026E-04 -0.8759110209E-05
-0.1566927721E-04 -0.7804753970E-05
-0.1762539563E-04 -0.8903543464E-05
 0.1500160129E-04  0.1098872725E-04
-0.7806508899E-07  0.3282247962E-04
-0.7277364291E-04  0.3060069584E-04
 0.6149834665E-05 -0.2033672021E-04
 0.7019425393E-04 -0.2624701069E-04
-0.7586247889E-04  0.2432965154E-04
-0.7089016776E-04  0.2694359108E-04
-0.6778568907E-04  0.2495491280E-04
 0.6876008078E-04 -0.2737464687E-04
-0.6779884217E-04  0.2756753474E-04
-0.6010710169E-04  0.2582447288E-04
-0.6434339492E-04  0.2716534757E-04
 0.5785335092E-04 -0.2601156367E-04
-0.6573513576E-04  0.2351597077E-04
-0.6379223280E-04  0.2590740186E-04
-0.6341464763E-04  0.2460168115E-04
 0.6067059177E-04 -0.2537236740E-04
 0.6186561008E-04 -0.2754321475E-04
 0.6399508308E-04 -0.2570416299E-04
 0.6585466979E-04 -0.2844868668E-04
-0.6650436764E-04  0.2603582203E-04
-0.6825220735E-04  0.2394971128E-04
-0.7335925413E-04  0.2600281889E-04
-0.7642241716E-04  0.2329168545E-04
 0.6682961041E-04 -0.2230203491E-04
-0.8324143062E-04  0.2703050852E-04
-0.9009558887E-04  0.2429348641E-04
-0.1041138289E-03  0.2014107679E-04
 0.8160807133E-04 -0.1738297026E-04
-0.8933809300E-04  0.1599621549E-04
-0.1038555657E-03  0.1092386132E-04
-0.9818906731E-04  0.2879013318E-05
 0.9939932008E-04 -0.6298012130E-05
 0.9614739741E-04 -0.1318147556E-04
 0.7911086051E-04 -0.1731974347E-04
 0.7443293805E-04 -0.2164627366E-04
-0.8833358166E-04  0.2257900793E-04
-0.1912862255E-04  0.1287951226E-04
 0.6370823474E-04 -0.2286192916E-04
-0.1329604043E-04  0.7291908421E-05
-0.7061036183E-04  0.2641953368E-04
 0.6346016151E-04 -0.2516602594E-04
 0.6064157197E-04 -0.2414328118E-04
 0.6020794466E-04 -0.2642888694E-04
-0.6575458096E-04  0.2601107558E-04
-0.9402993730E-05  0.3647323854E-05
 0.5562010911E-04 -0.2532206233E-04
-0.6990882474E-05  0.1275028234E-05
-0.5821091771E-04  0.2540208406E-04
-0.6389444902E-04  0.2705994660E-04
-0.6041583280E-04  0.2561461175E-04
-0.6938287142E-04  0.2768560355E-04
 0.5636921782E-04 -0.2453015064E-04
-0.5966754071E-04 -0.9442674732E-05
-0.5414225026E-04 -0.1164432457E-04
-0.4286092848E-04 -0.9029169153E-05
 0.6203626477E-04  0.5980506204E-05
-0.4022029898E-04 -0.9287121165E-05
-0.2618141163E-04 -0.2596944874E-05
-0.2194584383E-04 -0.3270044292E-05
 0.3735543201E-04 -0.2808914848E-05
-0.2199414865E-04 -0.6117000395E-05
-0.1832312959E-04 -0.2958713202E-05
-0.1851354418E-04 -0.9146591256E-06
 0.2128668062E-04  0.1514758160E-06
 0.2856253309E-04 -0.5493000508E-06
 0.3809179840E-04  0.1582918856E-05
 0.5122853134E-04  0.2774406247E-05
-0.2995676722E-04 -0.7972254191E-05
-0.1458766058E-04  0.1666939596E-05
-0.1481132501E-04  0.3411794564E-05
-0.1500629495E-04  0.3774927284E-05
 0.1448687242E-04 -0.3807873901E-05
-0.1526214653E-04  0.4662387113E-05
-0.1077572129E-04  0.5434216126E-05
-0.1473396161E-04  0.4572721509E-05
 0.9642266590E-05 -0.4710771777E-05
-0.1347558208E-04  0.3738926292E-05
-0.1306358990E-04  0.4147026666E-05
-0.1222626593E-04  0.4150604311E-05
 0.1285376116E-04 -0.4185589150E-05
 0.1329207902E-04 -0.4521434594E-05
 0.1437876736E-04 -0.4500558558E-05
 0.1351927889E-04 -0.4484561183E-05
-0.1487278235E-04  0.4216213349E-05
-0.4364373345E-05 -0.2298050502E-06
 0.1224955720E-04 -0.4527237417E-05
-0.3862627399E-05 -0.2586522742E-07
-0.1122281246E-04  0.5739414289E-05
 0.1455921735E-04 -0.4053272593E-05
 0.1705464247E-04 -0.3098455427E-05
 0.1727820496E-04 -0.2734098219E-05
-0.1531346621E-04  0.1357637854E-05
-0.8855173298E-06 -0.9598639577E-06
 0.2063851627E-04 -0.4398544556E-05
 0.3815015170E-05 -0.2281149165E-05
-0.1656148012E-04  0.2987967604E-05
-0.1604144326E-04  0.1503641609E-05
-0.1432753576E-04  0.5368041862E-05
-0.1433055451E-04  0.3838403153E-05
 0.1438259734E-04 -0.4588063448E-05
 0.1070223588E-04 -0.2840431440E-05
 0.6669761537E-04  0.7929696616E-06
 0.1373841493E-04  0.1411615757E-05
-0.5092576424E-04 -0.9390796819E-05
 0.8474266873E-04  0.4860131910E-05
 0.1033281662E-03  0.4162677112E-05
 0.1141261744E-03 -0.2326543215E-06
-0.1007497807E-03 -0.7334923514E-05
-0.7330284874E-05  0.1313875066E-04
 0.1073331443E-03 -0.6221214936E-05
-0.2181770145E-04  0.1808725476E-04
-0.1086223640E-03  0.1121656829E-04
-0.1154912273E-03  0.2388549223E-05
-0.1050907810E-03 -0.1017288498E-04
-0.7149466582E-04 -0.1045227464E-04
 0.1169638547E-03  0.5915472825E-05
-0.1958441863E-04  0.3871199408E-05
-0.9160520175E-05  0.4892019676E-05
 0.1983938222E-04 -0.8159274842E-05
 0.1086251808E-04 -0.1576164473E-05
 0.1597793717E-04 -0.4246834442E-05
 0.2010097546E-04 -0.5376444697E-05
 0.9881111299E-05 -0.3438686099E-05
-0.1412128640E-04  0.3719467013E-05
 0.1992718709E-04 -0.4715456543E-05
 0.2735567261E-04 -0.7079052989E-05
 0.1062033702E-04 -0.2397643464E-05
-0.1645253137E-04  0.3266271894E-05
-0.2492933257E-04  0.2001324537E-05
-0.1165870688E-04  0.4532063680E-05
 0.2198903771E-04 -0.9151212333E-05
 0.1390569968E-04 -0.1795210438E-05
 0.2887184728E-04 -0.2239938201E-05
 0.4406043299E-04 -0.5308313969E-05
 0.1624512967E-04  0.2897930729E-05
-0.2246288722E-04 -0.4329135335E-06
 0.6397220833E-04  0.3659155560E-05
 0.8725206594E-04  0.1298104111E-05
 0.4841880278E-04  0.7562181841E-05
-0.5073343586E-04 -0.3927946452E-05
-0.7170728010E-04 -0.1342698886E-04
-0.2947516395E-04 -0.1117137454E-04
 0.5648523591E-04 -0.2137297953E-04
 0.3214624502E-04  0.1069996163E-04
-0.4328644856E-04 -0.5994921616E-05
-0.1507797335E-04 -0.3693345604E-06
 0.3255810281E-04 -0.1220100569E-04
 0.1769958909E-04  0.1741891012E-05
 0.1139379738E-03 -0.8953753638E-06
 0.1233381819E-03 -0.1143422426E-04
 0.6944827830E-04 -0.9430595662E-05
-0.9614609515E-04  0.1176605375E-04
 0.7846982088E-04 -0.1983290208E-04
 0.9777564014E-04 -0.2955410562E-04
 0.5687780258E-04 -0.1920476813E-04
-0.7839081870E-04  0.2123392306E-04
-0.5576394840E-04  0.1302891421E-04
-0.6929480921E-04  0.1753248825E-04
 0.6221610042E-04 -0.3539263956E-04
 0.6757910664E-04 -0.1400683246E-04
 0.6311866599E-04 -0.2455873906E-04
 0.9675416209E-04 -0.3405296827E-04
 0.6094430531E-04 -0.2082862229E-04
-0.7195390968E-04  0.1922420306E-04
 0.6598466197E-04 -0.2624276077E-04
 0.1117302410E-03 -0.3593447962E-04
 0.7473275843E-04 -0.2207139945E-04
-0.8027975191E-04  0.1714154240E-04
-0.1584275166E-04  0.2394022771E-04
-0.6140457671E-04  0.2672433511E-04
 0.2155763921E-04 -0.2273492031E-04
 0.5958671467E-04 -0.2393249308E-04
-0.3262626305E-04  0.1775560476E-04
-0.5860108621E-04  0.2453441524E-04
 0.3824842029E-04 -0.2721162500E-04
 0.5643539938E-04 -0.2193547306E-04
-0.7771358458E-04  0.1543925106E-06
-0.7432571058E-04 -0.8954441570E-05
 0.7753616862E-04 -0.3517531639E-04
 0.7639488188E-04  0.9732607140E-05
 0.1059097217E-03 -0.5707817638E-03
 0.1061159034E-03 -0.3769968791E-03
 0.8681111329E-04 -0.3338993863E-03
 0.3007031918E-04  0.3694370404E-03
 0.1796546248E-04 -0.2896203002E-03
 0.1146381454E-03  0.7988021234E-04
-0.1259736316E-03  0.5375556099E-03
 0.1811064035E-05  0.1354778363E-04
 0.4815515349E-04  0.2217927120E-03
-0.5550533131E-04  0.1040549893E-03
-0.8608555059E-04  0.1032987922E-03
 0.1392744761E-03 -0.2719023159E-03
 0.9220119211E-04 -0.4955938015E-03
 0.2068097169E-03 -0.7063027912E-03
 0.1545002130E-03 -0.3691401796E-03
-0.1689104796E-05  0.5147286537E-03
 0.5141675517E-03 -0.7392831578E-03
 0.6279174732E-03 -0.1296855614E-03
 0.4823547934E-03 -0.7566990188E-04
 0.1449673997E-03 -0.1645258689E-04
 0.3186162447E-03  0.1444300602E-03
 0.9509154744E-04  0.3202107200E-03
-0.2244549245E-03 -0.1442955863E-03
-0.1765675476E-03  0.2194634649E-03
-0.1269449600E-03  0.2626912469E-03
 0.1436745651E-04  0.6269169196E-03
 0.3459699756E-03 -0.3869833236E-03
-0.3498799576E-04 -0.3933317458E-03
 0.2315745301E-04  0.3525780603E-03
-0.1850353053E-03  0.5841223208E-03
 0.8746883110E-05 -0.1467860599E-03
-0.9374131849E-05  0.2857446489E-03
 0.2705579666E-04  0.3514206847E-03
 0.5918391999E-06  0.2815273445E-03
-0.1144418394E-03 -0.3415380633E-03
-0.5191836968E-05 -0.2350567294E-03
 0.2170252535E-04  0.3390053961E-03
-0.1822485833E-03  0.4328925135E-03
-0.2893040973E-04 -0.1858311806E-03
-0.2770970041E-04 -0.2339629862E-03
 0.3197686416E-04 -0.2794811827E-03
-0.2212822642E-04 -0.2854090362E-03
-0.8121664170E-04  0.1714881822E-03
-0.1697216497E-03 -0.3125560079E-03
-0.7567310811E-04 -0.1907788461E-03
-0.1178041306E-03 -0.3395277436E-04
 0.4863192930E-04  0.1897869852E-03
 0.1308463382E-04 -0.8109872877E-04
 0.6168763856E-04 -0.9660552228E-04
 0.2598905943E-04  0.3497213440E-04
-0.3033856891E-04  0.2332629199E-04
-0.4666530895E-04  0.2505479169E-03
 0.4139057223E-05  0.2279125962E-03
 0.2834151819E-04  0.3877422014E-03
 0.8840995944E-04 -0.3125651733E-03
 0.4519110140E-04 -0.4765562729E-04
 0.8424017756E-04 -0.6157416915E-04
 0.2432735357E-04  0.1147312432E-03
-0.4255388346E-04  0.2404596157E-04
 0.2917771534E-03  0.4588701305E-04
 0.5872541848E-03 -0.3376152814E-03
-0.2479961891E-04  0.8411553109E-05
 0.4729281382E-03 -0.4183161324E-03
-0.5749663253E-03  0.5964751591E-03
-0.6494767558E-03  0.8369430346E-03
-0.1296921795E-04  0.4932020798E-04
 0.3866539123E-03 -0.3754043621E-03
 0.5553184833E-03 -0.3711336932E-03
 0.4110554088E-03 -0.3318854288E-03
-0.4749850240E-03  0.3806745525E-03
 0.6758384636E-03 -0.3607475364E-03
 0.4661717025E-03 -0.2913290528E-03
 0.4277419541E-03 -0.2818787047E-03
-0.4464762166E-03  0.3468898687E-03
 0.3812474373E-03 -0.2810678828E-03
 0.3773826217E-03 -0.2565914482E-03
 0.3147638604E-03 -0.2155004701E-03
-0.3245167357E-03  0.2542060583E-03
-0.3864059517E-03  0.2860066488E-03
-0.3805215344E-03  0.3077062428E-03
-0.4590723774E-03  0.3748207477E-03
 0.4711623906E-03 -0.3286455160E-03
-0.5389925732E-03  0.4648808275E-03
-0.7383896596E-03  0.5167925301E-03
-0.9427378267E-05 -0.3185252214E-04
-0.7429076235E-03  0.5646600762E-03
-0.4278025380E-03  0.4701990425E-03
-0.5108178506E-03  0.6945487273E-03
 0.5663694477E-03 -0.4584992612E-03
 0.2544726057E-03 -0.1779153326E-03
 0.8151002177E-03 -0.4104899942E-03
-0.1001638924E-02  0.6834402787E-03
 0.4752881154E-03 -0.1992397754E-03
 0.3309607602E-03 -0.1901335785E-03
-0.1431016094E-03 -0.2881233804E-03
-0.1174905933E-03  0.1354158821E-03
-0.2007337198E-03  0.2374139760E-03
-0.1243943114E-03  0.2976237413E-03
-0.2693026891E-03  0.3103745063E-03
 0.3052722169E-03 -0.2634878455E-03
 0.2779422188E-03 -0.3581126986E-04
 0.9118302745E-04 -0.1094947917E-03
-0.1209207833E-03  0.1803175799E-03
-0.1414916314E-04 -0.3076401407E-04
-0.3568774719E-03  0.2973769773E-03
-0.2754939642E-03  0.2176055029E-03
-0.3335920076E-03  0.3030481518E-03
 0.2610572128E-03 -0.2884088152E-03
 0.1182215109E-03 -0.1276494550E-03
 0.3222453506E-03 -0.2793103496E-03
-0.2465392706E-04 -0.1331936848E-03
-0.2203631146E-03  0.1827209594E-03
 0.1388429773E-03 -0.1179795276E-03
 0.3433808605E-04 -0.2455358054E-03
-0.7855389713E-04 -0.1518087741E-03
-0.6788915930E-05  0.4038619269E-04
-0.2838803928E-03  0.2958467642E-03
-0.2108021355E-03  0.1369116983E-03
-0.4271648780E-03  0.3669037946E-03
 0.2391228187E-03 -0.2427873610E-03
-0.1255361064E-03 -0.2388704221E-04
-0.1311435795E-03 -0.1270994369E-03
-0.1308067854E-03 -0.8436878677E-04
-0.1387913250E-04  0.5805332495E-04
-0.2276122727E-03  0.3306732054E-03
-0.2397104634E-03  0.6202436570E-04
-0.3400958140E-03  0.5302881207E-03
 0.3391653543E-03 -0.2445083048E-04
 0.1972175409E-04  0.1070552716E-04
 0.2197795116E-03 -0.1758022123E-03
 0.5943512040E-04 -0.9441872545E-04
-0.1074488761E-03  0.8156277421E-04
 0.6699629441E-06  0.1746291197E-03
 0.4677845177E-04 -0.1004282252E-04
-0.1461729617E-03  0.1126865867E-03
-0.1087727476E-03 -0.1207629610E-03
 0.1457763067E-03 -0.1715119178E-03
 0.2589825147E-03 -0.3023576145E-03
 0.1845769102E-03 -0.1983109812E-03
-0.2019146884E-03  0.1722380993E-03
 0.1182802882E-03 -0.1752606947E-04
 0.1401150232E-03 -0.1068542171E-03
-0.2178129583E-03 -0.2525108525E-03
-0.8857852133E-05 -0.8298616741E-06
-0.3746170264E-04  0.1705573593E-03
 0.9094209766E-04  0.9034383840E-04
-0.8695679465E-04  0.8950188875E-04
 0.5928228867E-04 -0.1713184242E-03
-0.9899955328E-04  0.1735502741E-03
-0.3439442268E-03 -0.4680122822E-03
-0.3011917550E-03 -0.4596683399E-03
-0.3845463159E-03 -0.6112443532E-03
 0.2716468734E-03  0.5092305251E-03
-0.9734859064E-04 -0.2615054441E-03
 0.5682106185E-03  0.7634754967E-03
 0.4905386395E-03  0.5594692116E-03
-0.1402485933E-04 -0.7490966549E-04
-0.2409915851E-03 -0.3576770586E-03
-0.1625150484E-03 -0.2731865382E-03
-0.2530661962E-03 -0.4297764964E-03
 0.8999385927E-04  0.2974234371E-03
-0.5142236914E-04 -0.1895732133E-03
-0.8363980507E-05 -0.2627152818E-03
-0.6633831800E-04 -0.2888124597E-03
-0.4898243183E-04  0.1658253056E-03
-0.2377440246E-03 -0.4838150101E-03
-0.1329060135E-03 -0.3597833856E-03
-0.2086176191E-03 -0.4698599059E-03
 0.3084265200E-04  0.3848993741E-03
 0.5862651600E-05  0.3025796389E-03
 0.6626430428E-04  0.3539800381E-03
 0.5129639860E-04  0.2297957972E-03
-0.1598466508E-03 -0.3381917635E-03
-0.1814684783E-03 -0.5836752133E-03
-0.3760243762E-03 -0.6560248891E-03
-0.2907635066E-03 -0.4903835805E-03
-0.3006108688E-03 -0.2520249667E-03
 0.2811122425E-03  0.5718352318E-03
 0.2940257119E-03 -0.4390922205E-03
 0.6899545825E-03  0.5096167687E-03
 0.6237462744E-03  0.9847481534E-03
-0.1534087272E-04 -0.6322648344E-03
 0.7512775775E-04  0.5015098027E-03
 0.2625037206E-03  0.7528855498E-03
 0.9806451049E-04  0.5188750495E-03
-0.3335895988E-03 -0.6525042109E-03
 0.5923184809E-03  0.1061471150E-02
 0.6115379612E-03  0.9257058507E-03
-0.1830996940E-03 -0.4339815744E-03
 0.1357816459E-03  0.4601939167E-03
 0.3209397814E-03  0.6266779094E-03
 0.1459824763E-03  0.3825856917E-03
-0.3493514601E-03 -0.5536137646E-03
-0.4332175111E-03 -0.7057590416E-03
-0.3586640379E-03 -0.6337719708E-03
-0.4202923457E-03 -0.7753244006E-03
 0.2975065683E-03  0.7221124465E-03
 0.3014063177E-04 -0.1227873268E-03
 0.6700506005E-04  0.2425506653E-03
-0.1794085612E-03  0.3209804694E-03
-0.6749642594E-04 -0.1428601418E-03
 0.5329925011E-04  0.2195105934E-03
 0.1003602829E-03  0.2490194379E-03
 0.7924698222E-04  0.1695729983E-03
-0.1598528411E-03 -0.2344612354E-03
 0.6978237397E-04 -0.5803729903E-04
 0.9178498513E-04  0.1919938813E-03
-0.1930228401E-03  0.2475148326E-03
-0.8850854517E-04 -0.1255534917E-03
-0.4789958446E-04 -0.1273113087E-03
-0.2702481771E-04 -0.2090333209E-03
-0.8706886523E-04 -0.1929950909E-03
-0.1920915037E-04  0.1286613817E-03
 0.1172356495E-03  0.3069964495E-03
 0.1625569466E-03  0.3734477840E-03
 0.6982993540E-04  0.2355525617E-03
-0.2421820464E-03 -0.3586988872E-03
 0.3302158785E-03  0.3111115332E-03
 0.3771420948E-03  0.3296267039E-03
 0.8303016555E-04  0.1175492560E-03
-0.1382395742E-03  0.6702315183E-05
 0.2045737090E-04  0.1882190076E-03
-0.2229883464E-04  0.1190863445E-03
 0.1716116159E-04  0.1553531457E-03
-0.1186476705E-03 -0.1904527298E-03
-0.8663404464E-04 -0.1813766537E-03
-0.1800801584E-03 -0.2636690268E-03
-0.2782356986E-03 -0.3134784032E-03
 0.2953195008E-04  0.2284421161E-03
 0.5976305156E-04  0.9734133201E-06
 0.8881903323E-04  0.1910966310E-03
-0.1304106767E-03  0.1797338645E-03
-0.6459763344E-04 -0.1531418489E-03
-0.4582152652E-04  0.2886484840E-03
 0.6706496766E-04  0.2421762131E-03
-0.2186893411E-04  0.1943074159E-03
-0.5163259014E-04 -0.2618376502E-03
 0.1131702940E-03 -0.1883468906E-03
-0.1182021413E-03 -0.2948591437E-03
-0.5736187888E-04 -0.1492646981E-03
-0.7666568320E-04  0.1336519153E-03
-0.1091280278E-03 -0.1841085341E-03
-0.8500125465E-04 -0.1642333172E-03
-0.1319766722E-03 -0.1993077600E-03
 0.2253261694E-04  0.2126159953E-03
-0.3237579214E-05 -0.1068488988E-03
-0.2829052368E-04 -0.2092161112E-03
-0.7356242524E-04 -0.1431291418E-03
-0.1468267137E-04  0.1122061993E-03
-0.1693394382E-03 -0.2383509636E-03
-0.1389156382E-03 -0.1907557063E-03
-0.2106952138E-03 -0.2948007090E-03
 0.8376156942E-04  0.2070904597E-03
 0.5534270232E-04  0.1691241454E-03
 0.6253055653E-04  0.1834589890E-03
 0.5249161716E-04  0.1568126204E-03
-0.1098723525E-03 -0.1744263693E-03
 0.9387627204E-04 -0.2626304223E-04
 0.5868994407E-04 -0.3718073609E-04
 0.3877338526E-04 -0.2167274431E-03
-0.9658497013E-05  0.2512793264E-03
 0.3268504239E-04 -0.4101960902E-04
 0.1489622735E-04 -0.4022956746E-04
 0.1681074467E-03 -0.1498592104E-03
-0.1581087125E-03  0.1700150781E-03
 0.8009589654E-04 -0.2326431873E-03
 0.1469797625E-03 -0.1971181142E-03
 0.9861718446E-04 -0.2025101673E-03
-0.6503875449E-04  0.2304647085E-03
-0.1237506448E-03  0.2073729796E-03
-0.4226409407E-04  0.2510466619E-03
-0.1025697380E-03  0.2097735525E-03
 0.1207333942E-03 -0.1833364247E-03
-0.5556442201E-05 -0.3653486933E-05
-0.5559935168E-05 -0.2672263156E-05
 0.7240710897E-04 -0.2766927935E-04
-0.7374613447E-04  0.2741173618E-04
-0.5813755294E-05 -0.1550991501E-05
-0.5784124664E-05 -0.5369170441E-06
 0.6194719618E-04 -0.2671985513E-04
-0.6358459850E-04  0.2634670436E-04
 0.7773260508E-04 -0.3058138284E-04
 0.7119454404E-04 -0.2967139964E-04
 0.7571549628E-04 -0.2754258387E-04
-0.7749202262E-04  0.2750801561E-04
-0.7291057025E-04  0.2833464944E-04
-0.7919833157E-04  0.2891120850E-04
-0.6800546571E-04  0.2681271791E-04
 0.6668884978E-04 -0.2724273415E-04
 0.1639979676E-03 -0.1810211531E-03
 0.9681394920E-04 -0.1577720238E-03
 0.1393060334E-03 -0.2335993607E-03
-0.1042639589E-03  0.1418322378E-03
 0.2303021110E-03 -0.1233519123E-03
 0.1430601908E-03 -0.1128218260E-03
 0.2479796584E-03 -0.1704119709E-03
-0.1913315046E-03  0.8935006457E-04
-0.2166411802E-03  0.9327751655E-04
 0.1852003471E-03  0.1160630520E-03
-0.1194625388E-03  0.2026683948E-03
 0.1315406322E-03 -0.1632471167E-03
 0.2334837612E-03 -0.8049677232E-04
 0.1533036322E-03 -0.8028144690E-04
 0.2821765714E-03 -0.1203723777E-03
-0.2122610909E-03  0.5331415943E-04
 0.2112988487E-03 -0.5389345755E-04
 0.1442075788E-03 -0.5862379297E-04
 0.2711341649E-03 -0.8530989153E-04
-0.2000618667E-03  0.3170991153E-04
-0.1304556219E-03  0.1289719522E-04
 0.1291681427E-03  0.1118343540E-03
-0.1609291137E-03  0.1024373295E-03
 0.1637408160E-03 -0.7937364814E-04
-0.1746100288E-03  0.4319796154E-04
 0.1637028596E-03  0.1233829955E-03
-0.1558841816E-03  0.1444683460E-03
 0.1627413663E-03 -0.1135870229E-03
 0.1789902364E-03 -0.3838151122E-04
 0.1265928561E-03 -0.4497344841E-04
 0.2402033387E-03 -0.6335760697E-04
-0.1740169055E-03  0.2067256554E-04
 0.1453061098E-03 -0.2989432981E-04
 0.1068693504E-03 -0.3673328427E-04
 0.2022464320E-03 -0.5040377180E-04
-0.1443389265E-03  0.1630019976E-04
-0.5687165512E-04 -0.1280046256E-04
 0.6250956523E-04  0.7469306268E-04
-0.1283595608E-03  0.5502334244E-04
 0.1267622065E-03 -0.4314251714E-04
 0.1162159781E-03 -0.2570365874E-04
 0.9004637148E-04 -0.3208535799E-04
 0.1675702159E-03 -0.4366743876E-04
-0.1182063275E-03  0.1570338189E-04
 0.9304445726E-04 -0.2359082692E-04
 0.7659340655E-04 -0.2892720951E-04
 0.1365247607E-03 -0.3914871266E-04
-0.9699737596E-04  0.1633478888E-04
-0.1113196947E-04 -0.1846957519E-04
 0.1727972387E-04  0.4419684158E-04
-0.8826583411E-04  0.3609548118E-04
 0.8613986830E-04 -0.3003729199E-04
-0.3096265357E-04 -0.1662981880E-04
 0.3688474483E-04  0.5778110203E-04
-0.1070976693E-03  0.4348544012E-04
 0.1048825319E-03 -0.3495020369E-04
-0.9020115651E-04 -0.4234343267E-05
 0.9385975866E-04  0.9378989042E-04
-0.1486804702E-03  0.7382304374E-04
 0.1485150943E-03 -0.5701873121E-04
-0.8027838686E-04  0.2683328085E-04
-0.9175180206E-04  0.2607030213E-04
-0.8435367049E-04  0.2887521033E-04
 0.8213801119E-04 -0.2982608972E-04
-0.9674811851E-04  0.2927101018E-04
-0.1118499953E-03  0.2841726919E-04
-0.1017162372E-03  0.3101883511E-04
 0.9923237524E-04 -0.3270009452E-04
-0.8640533954E-04  0.2972897365E-04
-0.9461783123E-04  0.3021572132E-04
-0.8038724333E-04  0.2796317250E-04
 0.7853988119E-04 -0.2797772581E-04
 0.9313698918E-04 -0.3270953479E-04
 0.8466369094E-04 -0.3180737888E-04
 0.9129405084E-04 -0.2956278223E-04
-0.9299160086E-04  0.2934370515E-04
-0.1175574561E-03  0.3289827913E-04
-0.1369830657E-03  0.3308395053E-04
-0.1246009845E-03  0.3478553198E-04
 0.1216560746E-03 -0.3739999539E-04
-0.1424870252E-03  0.4030449882E-04
-0.1650369606E-03  0.4285678623E-04
-0.1521461192E-03  0.4290239009E-04
 0.1485785153E-03 -0.4598282935E-04
-0.1286321781E-03  0.3506612230E-04
-0.1430282945E-03  0.3829087272E-04
-0.1224003587E-03  0.3455487773E-04
 0.1188140717E-03 -0.3330652676E-04
 0.1410482769E-03 -0.4277532879E-04
 0.1263721583E-03 -0.3930942596E-04
 0.1368864427E-03 -0.3794531055E-04
-0.1388905150E-03  0.3716303939E-04
-0.6085276428E-05 -0.9949278791E-05
-0.6663552383E-05 -0.8027472116E-05
 0.1066693863E-03 -0.3096763683E-04
-0.1087400290E-03  0.3146306848E-04
-0.6200620544E-05 -0.6315747902E-05
-0.5510908873E-05 -0.4935734440E-05
 0.8654481801E-04 -0.2859266342E-04
-0.8847760956E-04  0.2865971652E-04
 0.1141189341E-03 -0.3611255068E-04
 0.1022946379E-03 -0.3436844522E-04
 0.1112622543E-03 -0.3237872676E-04
-0.1130700228E-03  0.3172453490E-04
-0.1042376286E-03  0.3122659330E-04
-0.1157508920E-03  0.3246604017E-04
-0.9755335975E-04  0.2960770930E-04
 0.9575446231E-04 -0.2956477331E-04
-0.1664675770E-03  0.5398447027E-04
-0.1888406259E-03  0.6047863936E-04
-0.1784016802E-03  0.5742494142E-04
 0.1749197340E-03 -0.6044908990E-04
-0.1814344535E-03  0.7738751701E-04
-0.1994465019E-03  0.9056040725E-04
-0.1954675922E-03  0.8314354569E-04
 0.1941726295E-03 -0.8484766658E-04
-0.1844891718E-03  0.5754479077E-04
-0.1955260118E-03  0.6887318093E-04
-0.1766779436E-03  0.5789549684E-04
 0.1716171542E-03 -0.5272065608E-04
 0.1954301743E-03 -0.7380663172E-04
 0.1820032352E-03 -0.6288906537E-04
 0.1892740912E-03 -0.6544122215E-04
-0.1897477410E-03  0.6679835884E-04
-0.1751707695E-03  0.1156539031E-03
-0.1805683328E-03  0.1388702786E-03
-0.1908877875E-03  0.1269468284E-03
 0.1949830191E-03 -0.1246707163E-03
-0.1231165493E-03  0.1732311381E-03
-0.9700937785E-04  0.2055651881E-03
-0.1324792439E-03  0.1936130311E-03
 0.1486209248E-03 -0.1819550436E-03
-0.1959650208E-03  0.1331024112E-03
-0.1733206806E-03  0.1670585767E-03
-0.1865179359E-03  0.1361887254E-03
 0.1899288620E-03 -0.1210722688E-03
 0.1885473721E-03 -0.1629630826E-03
 0.2035154197E-03 -0.1335475442E-03
 0.1856745076E-03 -0.1420613233E-03
-0.1724960196E-03  0.1551531938E-03
 0.5867309665E-05 -0.3763936419E-04
-0.9061406773E-06 -0.3373701786E-04
 0.1951637325E-03 -0.9625544822E-04
-0.1939688227E-03  0.1073406292E-03
-0.4978079098E-05 -0.2951640348E-04
-0.5898588136E-05 -0.2587539342E-04
 0.1839009972E-03 -0.6344832195E-04
-0.1863338753E-03  0.6986349182E-04
 0.2092411063E-03 -0.1084107635E-03
 0.2028405903E-03 -0.8936818413E-04
 0.2018999404E-03 -0.9515212508E-04
-0.1983340105E-03  0.1002525563E-03
-0.2022421846E-03  0.8501101886E-04
-0.2045130434E-03  0.1056175050E-03
-0.1924896487E-03  0.8597536604E-04
 0.1920138168E-03 -0.7797037220E-04
-0.7514834288E-05 -0.2111083010E-04
-0.9032689435E-05 -0.1714641761E-04
 0.1586609123E-03 -0.4485667318E-04
-0.1625124229E-03  0.4847705012E-04
-0.8502759909E-05 -0.1411190442E-04
-0.6579541358E-05 -0.1224910646E-04
 0.1322761262E-03 -0.3620596942E-04
-0.1355183052E-03  0.3801180604E-04
 0.1697518077E-03 -0.5391562201E-04
 0.1544378393E-03 -0.4800978853E-04
 0.1647931262E-03 -0.4796091256E-04
-0.1669122460E-03  0.4777764222E-04
-0.1573960547E-03  0.4311726488E-04
-0.1719306281E-03  0.4889445063E-04
-0.1488603030E-03  0.4241565712E-04
 0.1453552478E-03 -0.3998736596E-04
-0.2274406775E-03  0.1659905889E-03
 0.1589663078E-03  0.6950593547E-04
-0.2591522668E-04  0.2687766088E-03
 0.3957226965E-04 -0.2194167722E-03
 0.4001372389E-03 -0.3358923019E-04
-0.1819714061E-03  0.1116530012E-03
-0.1824170799E-03  0.2285730622E-03
 0.1309205841E-03 -0.7849781513E-04
 0.2309033063E-04  0.2410993618E-03
 0.1007728304E-03  0.2713406377E-03
 0.3682800517E-04  0.2718615627E-03
 0.1621744150E-05 -0.2448143073E-03
 0.3088781763E-03  0.2828385308E-03
 0.4038739596E-03  0.2830074926E-03
 0.3636708203E-03  0.3139400773E-03
-0.2977237262E-03 -0.2687714195E-03
 0.8291858274E-04  0.2925931958E-03
 0.2498797329E-03  0.3218147626E-03
 0.1297478861E-03  0.2876747885E-03
-0.8840876939E-04 -0.2455536328E-03
-0.1821417011E-03 -0.2839069598E-03
-0.3224806015E-04 -0.2638977111E-03
-0.1155540691E-03 -0.2524145387E-03
 0.1793119191E-03  0.2984110647E-03
 0.5327202885E-03  0.2450218635E-03
 0.5711095882E-03  0.2175080423E-03
 0.6006729226E-03  0.2660132841E-03
-0.5242103816E-03 -0.2155440761E-03
 0.5720171834E-03  0.1550226958E-03
 0.5140156821E-03  0.1279559589E-03
 0.6116841656E-03  0.1653545384E-03
-0.5474536698E-03 -0.1289661846E-03
 0.6782555022E-03  0.2754977867E-03
 0.6991743294E-03  0.2253305365E-03
 0.6931175233E-03  0.2330795677E-03
-0.6359416289E-03 -0.1946789116E-03
-0.6286877630E-03 -0.1794153924E-03
-0.5971285355E-03 -0.2231903668E-03
-0.5642526942E-03 -0.1726228632E-03
 0.6429602334E-03  0.2169905985E-03
 0.2071061788E-03  0.7086294873E-04
 0.2064241539E-03  0.4466706941E-04
-0.5596475936E-03 -0.2313228492E-03
 0.6217505692E-03  0.2762402600E-03
 0.1773898021E-03  0.1571899426E-04
 0.1361712408E-03 -0.8902988348E-05
-0.2552638316E-03 -0.2613535901E-03
 0.3086636403E-03  0.3079931728E-03
-0.5035311126E-03 -0.2619684617E-03
-0.3660777925E-03 -0.2834571402E-03
-0.4169846377E-03 -0.2423667644E-03
 0.5023968012E-03  0.2985388621E-03
 0.4461710629E-03  0.3304524284E-03
 0.5880950663E-03  0.3137021996E-03
 0.4918150463E-03  0.3022913913E-03
-0.4298243516E-03 -0.2556246607E-03
 0.4053696927E-03  0.8321774947E-04
 0.3004019046E-03  0.8124076131E-04
 0.4088551328E-03  0.9462135067E-04
-0.3634213230E-03 -0.7701020574E-04
 0.1536552264E-03  0.7240830551E-04
 0.2270465592E-04  0.9518684961E-04
 0.1135756345E-03  0.9134444866E-04
-0.9165957631E-04 -0.8319855095E-04
 0.4234307957E-03  0.1137802526E-03
 0.2709295163E-03  0.1032700550E-03
 0.2599830932E-03  0.1417460649E-03
-0.2423745095E-03 -0.1069329070E-03
-0.2231938638E-03 -0.9197701936E-04
-0.3643879345E-03 -0.9216735921E-04
-0.2525489621E-03 -0.7946936212E-04
 0.2867824420E-03  0.8342092874E-04
-0.9800670358E-04  0.1180781483E-03
-0.1953064731E-03  0.1528342729E-03
-0.1534257994E-03  0.1501171885E-03
 0.1576485923E-03 -0.1398378190E-03
-0.2533000759E-03  0.1861191472E-03
-0.2968147789E-03  0.2062922763E-03
-0.3187378015E-03  0.2313960973E-03
 0.2914165039E-03 -0.2048361557E-03
-0.2301695009E-03  0.1935261752E-03
-0.3408549181E-03  0.2447099338E-03
-0.3591168921E-03  0.2922151890E-03
 0.3263998555E-03 -0.2262446913E-03
 0.3182960664E-03 -0.2181785258E-03
 0.2286404989E-03 -0.1764202716E-03
 0.2369740063E-03 -0.1722602128E-03
-0.2544717943E-03  0.1892707757E-03
-0.1246023176E-03  0.9471538834E-04
 0.2036283148E-03  0.1517817029E-03
 0.4333003208E-03  0.9383872354E-04
-0.1283722638E-04  0.2189550328E-03
-0.2641410590E-03  0.3184969138E-03
 0.9627369795E-05  0.9249331817E-04
 0.1903263502E-03  0.1142914308E-03
 0.2894244286E-03 -0.1948687281E-03
 0.8362251353E-04 -0.1340575014E-03
 0.1719608881E-03 -0.1676728861E-03
-0.1532535821E-03  0.2116826522E-03
-0.4159564006E-04 -0.1052369544E-03
-0.1228380492E-03 -0.6753067257E-04
-0.1825423538E-03 -0.8098805027E-04
 0.5841555246E-04  0.1100723480E-03
 0.9073343780E-04 -0.1341345472E-03
-0.5147600107E-04 -0.9751525420E-04
 0.2798525066E-04 -0.1072663721E-03
-0.3804322908E-04  0.1095884891E-03
 0.2936762207E-04  0.1018337989E-03
-0.7997414962E-04  0.1404800090E-03
 0.4098095892E-04  0.1516223655E-03
 0.4829596190E-05 -0.1267643040E-03
 0.2013258727E-03  0.6577967012E-04
 0.1809417516E-03  0.1237333427E-03
-0.4580081927E-03 -0.1052865281E-03
 0.4116154692E-03  0.1217309964E-03
 0.1634820451E-03  0.1087886162E-03
 0.1901785280E-03  0.9477742654E-04
-0.6446463558E-03 -0.1554004074E-03
 0.6876940271E-03  0.1852380507E-03
-0.4899882397E-03 -0.1065476142E-03
-0.5869128760E-03 -0.1347031665E-03
-0.4822850933E-03 -0.1018803006E-03
 0.5218753361E-03  0.1203599209E-03
 0.6439227702E-03  0.1733147685E-03
 0.5050423955E-03  0.1302247824E-03
 0.6216642549E-03  0.1472169394E-03
-0.5864234141E-03 -0.1215349198E-03
 0.1544312817E-03 -0.1293823856E-03
 0.3178904306E-03 -0.1593827451E-03
 0.2748237700E-03 -0.1638840410E-03
-0.2727265440E-03  0.1553615278E-03
 0.5695766163E-04 -0.1038653283E-03
 0.2194673296E-03 -0.9658446947E-04
 0.1431020575E-03 -0.1289001589E-03
-0.1570562023E-03  0.1144382709E-03
 0.4645126416E-03 -0.3343012445E-04
-0.2894945469E-03  0.4399284256E-04
-0.1592463987E-03  0.1947884321E-03
 0.1764370033E-03 -0.4576298206E-04
-0.1723709585E-03 -0.6637925453E-04
 0.1767635407E-04 -0.4447311265E-04
-0.1508114742E-03 -0.9362729848E-04
 0.8104521689E-04  0.7022744842E-04
-0.4327140760E-03 -0.6059717245E-04
-0.2091300627E-03 -0.3602489239E-04
-0.4839667255E-03 -0.9138128720E-04
 0.3673777276E-03  0.5820605292E-04
 0.5571758643E-03  0.4724208412E-04
-0.5445797524E-03 -0.1502722124E-03
 0.1375155962E-03  0.9718419337E-04
-0.1367968585E-03  0.3568418869E-05
 0.5356540502E-03 -0.1048090333E-04
-0.4427761653E-03 -0.3802483198E-04
-0.3858081095E-04  0.1321745971E-03
 0.4953460288E-04 -0.3872061854E-05
-0.6095651127E-03 -0.9984564580E-04
-0.3788899737E-03 -0.8373078107E-04
-0.7353112021E-03 -0.1345315207E-03
 0.5906992815E-03  0.9420835772E-04
-0.5941762055E-03 -0.1759486155E-03
-0.3905435495E-03 -0.1630460712E-03
-0.7522813347E-03 -0.2154783100E-03
 0.6251782430E-03  0.1608648284E-03
 0.2400243787E-03  0.2506410740E-03
-0.3888058733E-03 -0.2395018751E-03
 0.3917773810E-03  0.1992083727E-03
-0.3983864979E-03 -0.1307416262E-03
-0.3640922808E-03 -0.2380790451E-03
-0.2427929207E-03 -0.2153113551E-03
-0.5065442381E-03 -0.2859197019E-03
 0.4311316064E-03  0.2080538354E-03
-0.3014685039E-04 -0.2360953676E-03
-0.1973038727E-04 -0.2029377725E-03
-0.1191353591E-03 -0.2877813421E-03
 0.1074225787E-03  0.1963286973E-03
-0.1679789514E-03  0.2484602711E-03
 0.4926801082E-04 -0.3072521130E-04
 0.1638270371E-03  0.3153926990E-03
-0.1558309544E-03 -0.2572688008E-03
-0.3504054159E-05  0.2916914767E-03
-0.1581815061E-03 -0.1570194300E-03
 0.3299722835E-03  0.2866449828E-03
-0.3321327752E-03 -0.2224644141E-03
 0.4557840952E-03  0.1473145585E-03
-0.5332681600E-03 -0.2314766990E-03
 0.3050519412E-03  0.1190716852E-03
-0.3112790798E-03 -0.3992924795E-04
 0.2729992205E-04  0.1407519354E-04
 0.1741964926E-04  0.9634207590E-05
 0.1720716963E-04  0.8644169968E-05
-0.1941192289E-04 -0.8301590252E-05
 0.1675393126E-04  0.9210917518E-05
 0.1654025277E-04  0.9242093345E-05
 0.1656579014E-04  0.9453237014E-05
-0.1709307386E-04 -0.9253285072E-05
 0.1697471327E-04  0.9479773572E-05
 0.1652872987E-04  0.9567726637E-05
 0.1667404794E-04  0.9681157883E-05
-0.1728633591E-04 -0.9504710207E-05
-0.1712859863E-04 -0.9517399065E-05
-0.1779539237E-04 -0.9283874291E-05
-0.1717521933E-04 -0.9459825770E-05
 0.1679425176E-04  0.9479866248E-05
 0.1650320828E-04  0.9165215173E-05
 0.1654989661E-04  0.8983284677E-05
 0.1655355114E-04  0.9354513542E-05
-0.1688264122E-04 -0.9075375822E-05
 0.1657429947E-04  0.8661190874E-05
 0.1643923988E-04  0.8213716735E-05
 0.1698354341E-04  0.8772412451E-05
-0.1673160532E-04 -0.8299809103E-05
 0.1666266395E-04  0.9582837625E-05
 0.1749723250E-04  0.9666150054E-05
 0.1617437360E-04  0.9462297820E-05
-0.1737723167E-04 -0.9634497503E-05
-0.1702066263E-04 -0.8942588329E-05
-0.1693801555E-04 -0.9251932141E-05
-0.1686105452E-04 -0.8791348768E-05
 0.1681134746E-04  0.9189975291E-05
 0.1656873571E-04  0.9789064800E-05
 0.1619643617E-04  0.9591823589E-05
 0.1679693224E-04  0.9993013232E-05
-0.1684020920E-04 -0.9511982084E-05
 0.1576368368E-04  0.9230195196E-05
 0.1518186755E-04  0.8757139503E-05
 0.1634759228E-04  0.9171993969E-05
-0.1571031560E-04 -0.8513936676E-05
 0.1724392349E-04  0.1029064146E-04
 0.1775946734E-04  0.1022805358E-04
 0.1733212537E-04  0.1035235001E-04
-0.1784535877E-04 -0.1008007225E-04
-0.1677049628E-04 -0.9173965160E-05
-0.1709435773E-04 -0.9651779661E-05
-0.1637652147E-04 -0.9139316958E-05
 0.1667356814E-04  0.9742878324E-05
-0.1637562580E-04 -0.9113644004E-05
-0.1631063858E-04 -0.9199694844E-05
-0.1681725393E-04 -0.9489617367E-05
 0.1586191042E-04  0.9367443162E-05
-0.1659962053E-04 -0.9407614339E-05
-0.1699105266E-04 -0.9545667584E-05
-0.1690575184E-04 -0.9542881994E-05
 0.1626979585E-04  0.9601885446E-05
-0.1684001027E-04 -0.9375474220E-05
-0.1692255208E-04 -0.9430026728E-05
-0.1691993796E-04 -0.9236587373E-05
 0.1645619093E-04  0.9416584158E-05
 0.1632302030E-04  0.9544900412E-05
 0.1631803564E-04  0.9529471779E-05
 0.1598809920E-04  0.9472470287E-05
-0.1672438868E-04 -0.9480053361E-05
 0.3437973386E-04  0.1578320144E-04
 0.1992149147E-04  0.1102883615E-04
 0.2293423438E-04  0.9460066878E-05
-0.2438991679E-04 -0.8014025378E-05
 0.1986296904E-04  0.1036695736E-04
 0.1884747554E-04  0.1058811778E-04
 0.1952459652E-04  0.1074037321E-04
-0.1996681688E-04 -0.1037158299E-04
 0.2139256794E-04  0.1061936031E-04
 0.2004799927E-04  0.1083018007E-04
 0.2113803734E-04  0.1104563215E-04
-0.2152885642E-04 -0.1055406142E-04
-0.2058655155E-04 -0.1070129546E-04
-0.2245665632E-04 -0.1032785148E-04
-0.2046760989E-04 -0.1070305942E-04
 0.2037895462E-04  0.1086978086E-04
 0.1824059178E-04  0.1056734806E-04
 0.1769920887E-04  0.1043349297E-04
 0.1832522342E-04  0.1067834600E-04
-0.1848622935E-04 -0.1023661184E-04
 0.1716477422E-04  0.1013214720E-04
 0.1666490062E-04  0.9722071196E-05
 0.1772883571E-04  0.9978701405E-05
-0.1699741684E-04 -0.9243343918E-05
 0.1849580325E-04  0.1070401808E-04
 0.1886465479E-04  0.1067826667E-04
 0.1826510573E-04  0.1026224388E-04
-0.1921233852E-04 -0.1033169552E-04
-0.1817807701E-04 -0.9817451217E-05
-0.1866635698E-04 -0.1025893622E-04
-0.1781342802E-04 -0.9871877861E-05
 0.1808120553E-04  0.1048196739E-04
 0.2131812028E-04  0.1134704015E-04
 0.2027174945E-04  0.1102926909E-04
 0.2212519466E-04  0.1192559208E-04
-0.2151298219E-04 -0.1075967453E-04
 0.1918935538E-04  0.1043292128E-04
 0.1818657727E-04  0.9610421435E-05
 0.2078913569E-04  0.1082742894E-04
-0.1872318623E-04 -0.9081393601E-05
 0.2321660044E-04  0.1270627225E-04
 0.2368535950E-04  0.1284329731E-04
 0.2358368117E-04  0.1290555662E-04
-0.2405100524E-04 -0.1243507668E-04
-0.2138031566E-04 -0.1068720450E-04
-0.2241792634E-04 -0.1135987756E-04
-0.2022275774E-04 -0.1010216901E-04
 0.2156297470E-04  0.1160008220E-04
-0.1864099641E-04 -0.9525072198E-05
-0.1898799993E-04 -0.9851738758E-05
-0.1894449433E-04 -0.1029414973E-04
 0.1826904255E-04  0.1036040897E-04
-0.2005862738E-04 -0.1031394190E-04
-0.2132001950E-04 -0.1063793787E-04
-0.2028081091E-04 -0.1057004689E-04
 0.1992043980E-04  0.1089509856E-04
-0.1901500561E-04 -0.1045185830E-04
-0.1969282996E-04 -0.1052729473E-04
-0.1910350902E-04 -0.1042907562E-04
 0.1873920205E-04  0.1073121967E-04
 0.1916433440E-04  0.1077300945E-04
 0.1857264072E-04  0.1071629554E-04
 0.1893259557E-04  0.1063662822E-04
-0.1937210380E-04 -0.1039055153E-04
-0.1738814349E-04 -0.9779988272E-05
-0.1738732035E-04 -0.9883556474E-05
-0.1745465144E-04 -0.1003343812E-04
 0.1699856188E-04  0.1025179208E-04
-0.1792061501E-04 -0.1011145494E-04
-0.1860857418E-04 -0.1024790557E-04
-0.1809578208E-04 -0.1016234399E-04
 0.1772174979E-04  0.1040944310E-04
-0.1728572011E-04 -0.9864315151E-05
-0.1769707470E-04 -0.9952302883E-05
-0.1724802025E-04 -0.9721277001E-05
 0.1702663733E-04  0.1007932606E-04
 0.1737689291E-04  0.1028365598E-04
 0.1711277591E-04  0.1027877696E-04
 0.1723454692E-04  0.1032310360E-04
-0.1760216287E-04 -0.1007039576E-04
-0.1928763613E-04 -0.1041200613E-04
-0.2072234331E-04 -0.1005079923E-04
-0.1924110061E-04 -0.1040133431E-04
 0.1902298911E-04  0.1050948344E-04
-0.2073282432E-04 -0.1286589249E-04
 0.1875817314E-05 -0.9242426479E-05
-0.3501976253E-05  0.2289802761E-06
 0.2017555924E-04  0.9414276161E-05
-0.1944438822E-04 -0.1224764824E-04
 0.2035721451E-06 -0.8381259359E-05
-0.1558558193E-05  0.8892524997E-06
 0.1901640144E-04  0.9193852055E-05
 0.3219948274E-04  0.1548978197E-04
 0.1887596939E-04  0.1067505347E-04
 0.2089691117E-04  0.9232235710E-05
-0.2258479278E-04 -0.8124376750E-05
-0.1739481936E-04 -0.9690512253E-05
-0.1832413771E-04 -0.9436880172E-05
-0.1747754758E-04 -0.9725081145E-05
 0.1709278251E-04  0.9748087666E-05
-0.1822232984E-04 -0.1154630788E-04
-0.1440133291E-05 -0.7525457679E-05
 0.2902546601E-06  0.1570573341E-05
 0.1780809210E-04  0.8849560791E-05
-0.1754315401E-04 -0.1102329543E-04
-0.3189164935E-05 -0.6795862039E-05
 0.2313739006E-05  0.2383437067E-05
 0.1695883465E-04  0.8564385315E-05
 0.2844087115E-04  0.1453173059E-04
 0.1746298649E-04  0.9934347113E-05
 0.1804443489E-04  0.8801986533E-05
-0.2000009904E-04 -0.8181961652E-05
 0.3016163284E-04  0.1500640518E-04
 0.1802966335E-04  0.1028462159E-04
 0.1943026336E-04  0.9065728717E-05
-0.2111669271E-04 -0.8136093808E-05
 0.1766275463E-04  0.9757775419E-05
 0.1698250111E-04  0.9863271407E-05
 0.1750236341E-04  0.1010299145E-04
-0.1782503651E-04 -0.9724421946E-05
 0.1868949959E-04  0.1009746535E-04
 0.1786197427E-04  0.1027960282E-04
 0.1839716453E-04  0.1043707173E-04
-0.1884230262E-04 -0.1010278279E-04
-0.1824626665E-04 -0.1008655992E-04
-0.1945677559E-04 -0.9782704858E-05
-0.1816321969E-04 -0.1001281613E-04
 0.1802089975E-04  0.1016612759E-04
 0.1618302671E-04  0.7777049399E-05
 0.1632744315E-04  0.7353693040E-05
 0.1515895315E-04  0.6911861165E-05
-0.1698599749E-04 -0.7407032360E-05
 0.1817968292E-04  0.6094891442E-05
 0.2295079023E-04  0.4695381850E-05
 0.6681767365E-05 -0.5884258026E-06
-0.2463772266E-04 -0.7821809314E-05
 0.2018369615E-04  0.9355506747E-05
 0.1900371598E-04  0.8376320798E-05
 0.3111817665E-04  0.1840051750E-04
-0.1540047806E-04 -0.7760376916E-05
-0.8913047670E-05 -0.1683372863E-05
-0.1275278211E-04 -0.5127628057E-05
-0.1901676696E-04 -0.7603492337E-05
 0.1198678153E-04  0.5022809773E-05
 0.3579527194E-04 -0.1044597176E-05
 0.1323338863E-04  0.6841120847E-05
-0.3295047706E-04 -0.1931904808E-04
-0.1006144791E-04  0.1974748221E-05
 0.4134665682E-04  0.2353039541E-04
-0.5534715070E-05 -0.5720968760E-06
-0.3486095678E-04 -0.7523779394E-05
 0.1101026361E-04 -0.8047724058E-05
 0.3816347637E-05 -0.3849298843E-05
 0.2248472313E-04  0.1077650401E-04
 0.2154011098E-04  0.9985464146E-05
 0.2427550027E-04  0.7639378920E-05
-0.2571284807E-04 -0.8137454949E-05
 0.2069857803E-04  0.9807088044E-05
 0.2920924575E-04  0.4263686217E-05
 0.1661563968E-04 -0.2248674195E-05
-0.2508760110E-04 -0.5109086657E-05
 0.3966879302E-04  0.1202908810E-04
 0.3821665186E-04  0.1264800334E-04
 0.4151519355E-04  0.2864987874E-04
-0.4421020255E-04 -0.2235212124E-06
-0.2519284978E-04  0.4116585847E-05
-0.2819770208E-04 -0.2338992989E-05
-0.2701245946E-04 -0.7479312532E-05
 0.2046651490E-04  0.3913815687E-05
-0.1945724811E-04 -0.1265874763E-04
-0.2562363544E-04 -0.1482007609E-04
-0.1949351363E-04 -0.1141381908E-04
 0.3119947902E-04  0.1841734279E-04
-0.2732818446E-04 -0.1340685212E-04
-0.2556341497E-04 -0.1226997000E-04
-0.2401842299E-04 -0.1263300999E-04
 0.2473511441E-04  0.1364578066E-04
-0.1797570842E-04 -0.7296956930E-05
-0.1931856449E-04 -0.9342255369E-05
-0.1798694771E-04 -0.7947134239E-05
 0.1990787208E-04  0.9486192609E-05
 0.2400281465E-04  0.1266935905E-04
 0.2513085201E-04  0.1220587870E-04
 0.2621407514E-04  0.1488235703E-04
-0.2170856918E-04 -0.1236106015E-04
-0.1921885359E-04 -0.7393687576E-05
-0.2036108270E-04 -0.1182127900E-04
-0.1673633607E-04 -0.1023944441E-04
 0.2337915939E-04  0.1344415725E-04
-0.2094433317E-04 -0.1047825587E-04
-0.1961877920E-04 -0.9677531759E-05
-0.1943797058E-04 -0.1039625729E-04
 0.1889539872E-04  0.1042458122E-04
-0.1585239583E-04 -0.7592315252E-05
-0.1696028301E-04 -0.8891900363E-05
-0.1663850993E-04 -0.8547630035E-05
 0.1716048087E-04  0.9097703501E-05
 0.1922975401E-04  0.1043290500E-04
 0.1996613304E-04  0.1019525919E-04
 0.1985037656E-04  0.1084947622E-04
-0.1826156080E-04 -0.1025547776E-04
 0.1756678147E-04  0.8825985295E-05
 0.1673931493E-04  0.8161631227E-05
 0.1949536910E-04  0.7710620303E-05
-0.1933933023E-04 -0.7063313381E-05
 0.1704838858E-04  0.8467774774E-05
 0.3375964198E-04  0.2757949006E-05
 0.1893743965E-04 -0.5443675087E-07
-0.2091802555E-04 -0.1877250843E-05
 0.3150178189E-04  0.1193840907E-04
 0.2622156191E-04  0.1346127348E-04
 0.2898817314E-04  0.3001626811E-04
-0.3217087747E-04 -0.5771069360E-06
-0.2024234506E-04  0.3245661550E-05
-0.2119313321E-04 -0.3553875631E-05
-0.2039330654E-04 -0.6909847101E-05
 0.1709592594E-04  0.5374545177E-05
-0.2866607662E-04 -0.1906098320E-04
-0.1647368766E-04  0.1283253097E-05
 0.3331986981E-04  0.1845212377E-04
-0.5995114462E-05 -0.2335107124E-05
-0.2175953903E-04 -0.9866070671E-05
 0.3406176891E-05 -0.3512792474E-05
 0.3110244246E-05 -0.2539996020E-05
-0.2186226596E-04 -0.1313677561E-04
-0.2145393915E-04 -0.1141176870E-04
-0.1541751832E-04 -0.8985813561E-05
 0.2304548018E-04  0.1316381377E-04
-0.2039321285E-04 -0.1073861779E-04
-0.1851261847E-04 -0.1007197269E-04
-0.1830436294E-04 -0.1006672701E-04
 0.1842264951E-04  0.1065208344E-04
-0.1395291367E-04 -0.6691816344E-05
-0.1569767948E-04 -0.8166672024E-05
-0.1509760358E-04 -0.7799931811E-05
 0.1546818543E-04  0.8217453851E-05
 0.1822284064E-04  0.9860190115E-05
 0.1839370944E-04  0.9290624477E-05
 0.2003822215E-04  0.1110383209E-04
-0.1758724555E-04 -0.9667716081E-05
-0.2632504557E-04 -0.1322285160E-04
-0.2281595469E-04 -0.1140041272E-04
-0.1760527556E-04 -0.9102432419E-05
 0.2380703496E-04  0.1229396169E-04
-0.1967815883E-04 -0.1036592573E-04
-0.1734870033E-04 -0.9458135943E-05
-0.1832346338E-04 -0.9835131756E-05
 0.1741197250E-04  0.9874703669E-05
-0.1504187751E-04 -0.6819443835E-05
-0.1654231914E-04 -0.8162458857E-05
-0.1656756755E-04 -0.7697874725E-05
 0.1657873283E-04  0.7996705732E-05
 0.1864900302E-04  0.9572379059E-05
 0.1957921461E-04  0.9312206583E-05
 0.1988502420E-04  0.1048794628E-04
-0.1876946852E-04 -0.9701354290E-05
 0.1465028515E-04  0.8383801852E-05
 0.1455015230E-04  0.8151228868E-05
 0.1410559795E-04  0.7011848612E-05
-0.1540483380E-04 -0.7435684451E-05
 0.1514954508E-04  0.7188247985E-05
 0.1649769974E-04  0.6463263364E-05
 0.5941963164E-05 -0.6804012589E-06
-0.1915446091E-04 -0.7202035624E-05
 0.1920791469E-04  0.9036512049E-05
 0.1818785002E-04  0.7070317528E-05
 0.3112899613E-04  0.1988137224E-04
-0.1521992091E-04 -0.7391449535E-05
-0.1153085285E-04 -0.1034667190E-05
-0.1290493869E-04 -0.4942022113E-05
-0.1705733533E-04 -0.7279243450E-05
 0.1150194558E-04  0.4992508124E-05
 0.1649982232E-04  0.9398099164E-05
 0.1646193789E-04  0.8942726211E-05
 0.1679254501E-04  0.7912117292E-05
-0.1786855198E-04 -0.8030997521E-05
 0.1633222153E-04  0.7920717999E-05
 0.1715799075E-04  0.7554992682E-05
 0.8167285391E-05 -0.7452563840E-06
-0.1946284558E-04 -0.7152151538E-05
 0.2445887841E-04  0.1119305100E-04
 0.2937341017E-04  0.9635774877E-05
 0.2516179031E-04  0.2915795052E-04
-0.2532974686E-04 -0.5702474594E-05
-0.1604191462E-04 -0.4739904091E-06
-0.1748204164E-04 -0.5293324236E-05
-0.1944663862E-04 -0.7280605985E-05
 0.1484678351E-04  0.5275179020E-05
-0.4038928414E-04  0.1205672877E-04
-0.7973178290E-05 -0.3975971246E-05
-0.1961753164E-04 -0.1316204657E-04
 0.8431850474E-04  0.6138309736E-04
 0.4529677399E-04  0.4102434312E-04
 0.7207279345E-04  0.3928355239E-04
-0.6569105903E-04 -0.3011837802E-04
 0.5726946683E-04  0.3575126858E-04
 0.5449124281E-04  0.3536032378E-04
 0.5569802163E-04  0.3921908524E-04
-0.5568527010E-04 -0.3809095229E-04
 0.5624950619E-04  0.4409110575E-04
 0.5449520900E-04  0.4331388184E-04
 0.5368553554E-04  0.4803771428E-04
-0.5427136245E-04 -0.4758404347E-04
-0.5525292682E-04 -0.4359166072E-04
-0.5984338170E-04 -0.4498028153E-04
-0.5358311234E-04 -0.4151650821E-04
 0.5620432961E-04  0.4235430906E-04
 0.5334910594E-04  0.3379125969E-04
 0.5239892859E-04  0.3216268043E-04
 0.5324491476E-04  0.3574246841E-04
-0.5282435529E-04 -0.3404322857E-04
 0.5207383621E-04  0.3001470552E-04
 0.5195991017E-04  0.2676790964E-04
 0.5595084710E-04  0.3229829189E-04
-0.5106494032E-04 -0.2766695194E-04
 0.5291733381E-04  0.3679835646E-04
 0.5495383138E-04  0.3516047658E-04
 0.5300517344E-04  0.3561690310E-04
-0.5279645069E-04 -0.3472815147E-04
-0.5400691505E-04 -0.3323986838E-04
-0.5278284906E-04 -0.3545966916E-04
-0.5206154876E-04 -0.3136201616E-04
 0.5390899923E-04  0.3413605980E-04
 0.5134244260E-04  0.5068975203E-04
 0.5259179518E-04  0.4793524516E-04
 0.4954465670E-04  0.5341841222E-04
-0.5008408972E-04 -0.5279744436E-04
 0.5411776908E-04  0.4465609126E-04
 0.5564115764E-04  0.4034048365E-04
 0.5671947011E-04  0.4717576050E-04
-0.5291650048E-04 -0.4336695714E-04
 0.4777869902E-04  0.5529309035E-04
 0.5206483150E-04  0.5134089725E-04
 0.4733671083E-04  0.5575575907E-04
-0.4664671510E-04 -0.5436078756E-04
-0.5235307196E-04 -0.5017857631E-04
-0.4834559046E-04 -0.5467419023E-04
-0.5184053240E-04 -0.4858942739E-04
 0.5250553195E-04  0.5037725333E-04
-0.5123869220E-04 -0.3655198370E-04
-0.5196716810E-04 -0.4217225697E-04
-0.5192691410E-04 -0.3813281081E-04
 0.5273616162E-04  0.3951129570E-04
-0.5230004347E-04 -0.4676069697E-04
-0.5210710845E-04 -0.5039811559E-04
-0.5359301468E-04 -0.4513165512E-04
 0.5326513062E-04  0.4557177939E-04
-0.5299783639E-04 -0.3796613411E-04
-0.5433864512E-04 -0.4046986263E-04
-0.5389755679E-04 -0.3643876959E-04
 0.5388539824E-04  0.3743832627E-04
 0.5387229560E-04  0.4109488732E-04
 0.5291754448E-04  0.3892111616E-04
 0.5307094309E-04  0.4278117412E-04
-0.5281612906E-04 -0.4170654543E-04
-0.5774700031E-04  0.1215526034E-03
-0.2158019720E-04  0.7807446674E-04
-0.2210259946E-04  0.8698817074E-04
 0.4298901335E-04 -0.7778498138E-04
 0.2666828669E-05  0.7782256202E-04
 0.1065893075E-04  0.7773608634E-04
-0.6874915959E-05  0.8420873748E-04
 0.6037024932E-05 -0.8813335918E-04
-0.4283715760E-04  0.8855525841E-04
-0.3027659820E-04  0.9013905810E-04
-0.5614018574E-04  0.9576982899E-04
 0.5523238588E-04 -0.1017425590E-03
 0.2858727985E-04 -0.9627025217E-04
 0.3752342243E-04 -0.9737454614E-04
 0.2317918182E-04 -0.9085000713E-04
-0.1995345181E-04  0.8735867080E-04
 0.1938697688E-04  0.7487629305E-04
 0.2671562178E-04  0.7147511832E-04
 0.1267700803E-04  0.7773683454E-04
-0.1368871226E-04 -0.8056988185E-04
 0.3395608565E-04  0.6750362486E-04
 0.4190736268E-04  0.6285904866E-04
 0.3022631338E-04  0.6847399617E-04
-0.2995628600E-04 -0.6889728625E-04
 0.6380478796E-05  0.7927307922E-04
 0.1630138402E-04  0.7261147398E-04
 0.2234393614E-05  0.7997382759E-04
-0.2700267953E-06 -0.8082558262E-04
-0.1650535305E-04 -0.7454122323E-04
-0.6699216005E-05 -0.8190728780E-04
-0.2195502010E-04 -0.7509674570E-04
 0.2133175108E-04  0.7330242732E-04
-0.6948915206E-04  0.1003919699E-03
-0.5242457326E-04  0.9840093275E-04
-0.8287012825E-04  0.1044733997E-03
 0.8251397675E-04 -0.1109643026E-03
-0.3590104045E-04  0.9435053690E-04
-0.1905794518E-04  0.8864715379E-04
-0.4608409608E-04  0.9539414978E-04
 0.4583943062E-04 -0.9919599274E-04
-0.9647390690E-04  0.1073729396E-03
-0.7448397589E-04  0.1021536228E-03
-0.1109339072E-03  0.1088100844E-03
 0.1112795392E-03 -0.1146748906E-03
 0.7589610302E-04 -0.1063749658E-03
 0.9671136366E-04 -0.1136208534E-03
 0.6393732200E-04 -0.1063169563E-03
-0.6392269588E-04  0.1011442392E-03
 0.1994056576E-04 -0.9046646905E-04
 0.3571602024E-04 -0.9829654727E-04
 0.1222293207E-04 -0.8961834254E-04
-0.1199838537E-04  0.8676016958E-04
 0.5189259921E-04 -0.1038607901E-03
 0.6853278020E-04 -0.1069885319E-03
 0.4018768885E-04 -0.1001704994E-03
-0.4105452336E-04  0.9462780176E-04
 0.3939090702E-05 -0.8813284266E-04
 0.1551902229E-04 -0.9274214483E-04
-0.4260683031E-05 -0.8524811030E-04
 0.3156351608E-05  0.8148165644E-04
-0.1681852382E-04  0.8798263289E-04
-0.4786206355E-05  0.8436766896E-04
-0.2628819960E-04  0.9153276275E-04
 0.2566131012E-04 -0.9592552016E-04
-0.3931139035E-04 -0.6075568218E-04
-0.3350724629E-04 -0.6752734745E-04
-0.4190142988E-04 -0.6038906911E-04
 0.4223201207E-04  0.6097165101E-04
-0.2736265762E-04 -0.7307449050E-04
-0.2066200237E-04 -0.7756989908E-04
-0.3256462031E-04 -0.7015630838E-04
 0.3176900836E-04  0.6853585230E-04
-0.4499611847E-04 -0.5906568457E-04
-0.4187495173E-04 -0.6301069161E-04
-0.4788721771E-04 -0.5660344674E-04
 0.4710873842E-04  0.5635704736E-04
 0.4080210014E-04  0.6214450789E-04
 0.4425082167E-04  0.5893524923E-04
 0.3714630718E-04  0.6506209952E-04
-0.3756122753E-04 -0.6558866357E-04
-0.1230686822E-04 -0.8185682911E-04
-0.7564272523E-05 -0.8395087619E-04
-0.1505295260E-04 -0.7748702414E-04
 0.1771146883E-04  0.7545304361E-04
 0.3434042636E-05 -0.1070481860E-03
 0.4792779622E-04 -0.2683527298E-04
-0.8101484265E-04 -0.7559522880E-04
 0.1153424006E-05  0.8208798096E-04
-0.2514716322E-04 -0.9367358795E-04
 0.5881879147E-04 -0.3864550125E-04
-0.8532302979E-04 -0.5875381930E-04
 0.3006926302E-04  0.7086987182E-04
 0.9134116111E-05  0.1080682712E-03
 0.1007844353E-04  0.6954408550E-04
 0.2470779263E-04  0.7448917786E-04
-0.8853534199E-05 -0.6469634137E-04
-0.5069585576E-04 -0.5421578177E-04
-0.5301063159E-04 -0.5606902585E-04
-0.4984803415E-04 -0.5165295518E-04
 0.5207758984E-04  0.5179630655E-04
-0.4196346164E-04 -0.7903120848E-04
 0.6058702752E-04 -0.4320020266E-04
-0.8164606399E-04 -0.4432219612E-04
 0.4623802977E-04  0.5868493423E-04
-0.5100911945E-04 -0.6576741546E-04
 0.5710940290E-04 -0.4322866598E-04
-0.7357866803E-04 -0.3290560351E-04
 0.5393444164E-04  0.4769335179E-04
 0.7459199994E-04  0.7557786498E-04
 0.4073697597E-04  0.4962805898E-04
 0.6738677699E-04  0.4936983597E-04
-0.5853738553E-04 -0.3948741581E-04
 0.5142185792E-04  0.9153931035E-04
 0.2981835552E-04  0.5939216963E-04
 0.5367826384E-04  0.6158849893E-04
-0.4120635636E-04 -0.5117476345E-04
 0.4910784155E-04  0.5422232506E-04
 0.4959365972E-04  0.5331710422E-04
 0.4514869994E-04  0.5911589347E-04
-0.4571264733E-04 -0.5938653343E-04
 0.3273444334E-04  0.6587161337E-04
 0.3634043191E-04  0.6509670909E-04
 0.2625594101E-04  0.7145470361E-04
-0.2707616217E-04 -0.7336008662E-04
-0.3764003203E-04 -0.6726426486E-04
-0.3726196257E-04 -0.6957800303E-04
-0.3791872989E-04 -0.6369783388E-04
 0.4083902019E-04  0.6329326477E-04
 0.5287271146E-04  0.2195481827E-04
 0.5590648495E-04  0.1559320302E-04
 0.6430323707E-04  0.2536325701E-04
-0.5401373380E-04 -0.1599311315E-04
 0.4804337683E-04  0.8079628867E-05
 0.4133267120E-04  0.1620958952E-05
 0.8140850388E-04  0.1854586106E-04
-0.6315912266E-04  0.3095549546E-05
 0.7890750260E-04  0.4452911300E-04
 0.1204338430E-03  0.6891964836E-04
 0.6099200223E-04  0.1845347139E-04
-0.9937385518E-05 -0.2830253897E-04
-0.1277892919E-03  0.1105982976E-05
-0.5281358889E-04 -0.2572293112E-04
-0.7486341462E-04 -0.4656019263E-05
 0.9147405894E-04  0.2264175319E-04
-0.1299887074E-03  0.1072442199E-03
-0.9730164893E-04  0.1015442210E-03
-0.1566834858E-03  0.9539531743E-04
 0.1483556521E-03 -0.1069615534E-03
-0.4929314298E-04  0.9318990517E-04
-0.2052339130E-04  0.1151218348E-03
-0.8281079000E-04  0.1957057443E-04
 0.5502020617E-04 -0.7035873158E-04
-0.1699289382E-03  0.9016928252E-04
-0.1675061623E-03  0.8655642951E-04
-0.1616751384E-03  0.1223918325E-03
 0.1698665346E-03 -0.9152065610E-04
 0.1837657723E-03 -0.6513993718E-04
 0.1727684713E-03 -0.8603329679E-04
 0.1189245986E-03 -0.9848305988E-04
-0.1379209623E-03  0.7696399931E-04
-0.1532469099E-04  0.2257558369E-03
-0.1835539057E-03 -0.5337072347E-04
 0.1081360860E-03 -0.6480607586E-04
 0.2601524343E-03 -0.6816728565E-04
-0.1773894546E-03  0.2778018762E-03
 0.8304807915E-04 -0.6150134498E-05
 0.3654034030E-04 -0.5390155900E-04
-0.6541237929E-04 -0.5923811959E-04
-0.1769200866E-03 -0.6812941993E-04
 0.2168865984E-04 -0.8619697101E-04
 0.1195716971E-04 -0.2268546185E-04
-0.3531005858E-05 -0.1128046897E-04
-0.1629321167E-04 -0.5501204468E-04
-0.8495223574E-04 -0.6847061273E-04
 0.5552633626E-04  0.9934101460E-04
-0.7649962725E-05 -0.5242482832E-04
 0.4121404297E-04 -0.8402143241E-04
 0.6475617214E-04 -0.9043647343E-04
 0.4466909856E-04 -0.7074322978E-04
-0.3673131697E-04  0.8115512537E-04
 0.9844911444E-04 -0.1057004119E-03
 0.1274549589E-03 -0.1145995809E-03
 0.8704894814E-04 -0.1043984571E-03
-0.8327150688E-04  0.1023193498E-03
 0.3652735807E-04 -0.8466821090E-04
 0.5589954535E-04 -0.9566178983E-04
 0.2761134930E-04 -0.9097947468E-04
-0.2873253796E-04  0.8827275196E-04
-0.5469046678E-04  0.9287963088E-04
-0.4014412905E-04  0.8024258161E-04
-0.5503877441E-04  0.9095709941E-04
 0.6345994868E-04 -0.8783222371E-04
-0.4683932533E-04 -0.3948923107E-04
-0.2347807652E-04 -0.5146655755E-04
-0.3932617275E-04 -0.4581349325E-04
 0.3664767171E-04  0.4442982175E-04
-0.9045429935E-05 -0.6510081095E-04
 0.4620700480E-05 -0.7979169828E-04
-0.1162330218E-04 -0.6941794311E-04
 0.1517623139E-04  0.7021454158E-04
-0.3791948829E-04 -0.6033985451E-04
-0.2665296269E-04 -0.6702685391E-04
-0.3788766550E-04 -0.6203089500E-04
 0.4115582348E-04  0.6388986676E-04
 0.2523573715E-04  0.6464051255E-04
 0.3560625977E-04  0.5614874147E-04
 0.2547743789E-04  0.5780003069E-04
-0.2370476630E-04 -0.5739013210E-04
-0.1083864626E-07  0.8144990130E-04
 0.2062858866E-04  0.7167610960E-04
-0.7068762898E-05  0.8153628396E-04
 0.8385004701E-05 -0.8236650031E-04
 0.3949729071E-04  0.6560915963E-04
 0.6579033565E-04  0.8089627195E-04
 0.4938758343E-04  0.7606121561E-04
-0.2302798116E-04 -0.6378135134E-04
-0.2758013734E-04  0.6301927057E-04
-0.7863434090E-05  0.9116712566E-05
-0.1741828087E-04  0.8500534491E-04
 0.3526943163E-04 -0.5117553947E-04
-0.1223265186E-04 -0.4847123921E-04
 0.1496810789E-04 -0.7436966705E-04
-0.9025701455E-05 -0.6995074261E-04
 0.2358047190E-04  0.7178738662E-04
-0.7286038105E-04 -0.1202945466E-04
-0.7609468574E-04 -0.3206211965E-04
-0.6282485798E-04 -0.3633744763E-04
 0.6740298180E-04  0.3062237347E-04
-0.5532593279E-04 -0.4263806426E-04
-0.4528010436E-04 -0.5215271016E-04
-0.5337528260E-04 -0.4806300361E-04
 0.5268526289E-04  0.4894686101E-04
-0.5547001715E-04 -0.4052833785E-04
-0.5633274358E-04 -0.4557475420E-04
-0.5212811257E-04 -0.3663567759E-04
 0.6139040639E-04  0.4344764791E-04
 0.5802903970E-04  0.4744645950E-04
 0.6412902775E-04  0.4353461623E-04
 0.5994894551E-04  0.4059270481E-04
-0.6280848411E-04 -0.4214053529E-04
-0.5895441203E-04 -0.8510555606E-05
-0.7079179440E-04 -0.1613138321E-04
-0.5064971663E-04 -0.3122539642E-04
 0.5301966563E-04  0.2177720568E-04
-0.6116772225E-04 -0.2394256886E-04
-0.5268695303E-04 -0.3022237960E-04
-0.5709626723E-04 -0.3237533774E-04
 0.5473948192E-04  0.3113286981E-04
-0.5005380590E-04 -0.2794404945E-04
-0.5448535127E-04 -0.3088510642E-04
-0.4954354471E-04 -0.2241998029E-04
 0.5816420485E-04  0.2937442564E-04
 0.5884935516E-04  0.3442280737E-04
 0.6277413499E-04  0.3515538573E-04
 0.5554169958E-04  0.2575640045E-04
-0.6127029419E-04 -0.3117594000E-04
 0.5761388877E-04  0.3444487795E-04
 0.6343271363E-04  0.2679113600E-04
 0.6793379082E-04  0.4028815388E-04
-0.5323872511E-04 -0.2906949893E-04
 0.7335554804E-04  0.1779791006E-04
 0.5053819263E-04  0.5937848328E-05
 0.1684157930E-03  0.7761037619E-04
-0.9745738043E-04  0.6194306882E-05
 0.7867277910E-04  0.4764695248E-04
 0.9819609836E-04  0.8471679409E-04
 0.7471964727E-04  0.2626644033E-04
-0.4456529452E-04 -0.3030671206E-04
-0.7937657871E-04 -0.3410932247E-04
-0.5131905084E-04 -0.3801255547E-04
-0.7128472786E-04 -0.2081016973E-04
 0.9745359003E-04  0.4567929242E-04
 0.5055275982E-04  0.5683492004E-04
 0.6118024822E-04  0.4974388306E-04
 0.5424282131E-04  0.5949193035E-04
-0.4446244322E-04 -0.5394126219E-04
 0.9169720265E-04  0.4837897296E-04
 0.1423393782E-03  0.6342233390E-04
 0.1432661510E-03  0.6091014362E-04
-0.1141795105E-03 -0.4388848742E-04
 0.4590198836E-04  0.4266625514E-04
 0.4070310432E-04  0.2294927593E-04
 0.3141445311E-04  0.9793935157E-05
-0.4613872649E-04 -0.2494012809E-04
-0.1974645639E-04 -0.4503462772E-04
-0.4251344194E-04 -0.5173463831E-04
-0.5716251592E-04 -0.4919757572E-04
 0.6933958410E-04  0.5958550677E-04
 0.5935217516E-04  0.3766145590E-04
-0.3516958527E-04 -0.2614138253E-04
-0.2908934283E-04 -0.3803725196E-04
 0.7058947049E-04  0.3744700971E-04
-0.3927641628E-04 -0.1401116418E-04
-0.5693908524E-04 -0.1487429746E-04
-0.3960096604E-04 -0.2452983033E-04
 0.4770668825E-04  0.2182661161E-04
-0.5973769566E-04 -0.1694129099E-04
-0.5189240934E-04 -0.2023700311E-04
-0.5358192514E-04 -0.2349381771E-04
 0.5062323128E-04  0.2255746348E-04
-0.4139258787E-04 -0.1825540486E-04
-0.4667088453E-04 -0.2102104928E-04
-0.4161424884E-04 -0.1526629941E-04
 0.4741532904E-04  0.2013215236E-04
 0.5142033113E-04  0.2519708694E-04
 0.5322124465E-04  0.2617176937E-04
 0.4894852914E-04  0.2081202271E-04
-0.5180212267E-04 -0.2352459017E-04
-0.2731808434E-04 -0.1709552341E-04
-0.4354733427E-04 -0.1595949040E-04
-0.3321736686E-04 -0.1912393867E-04
 0.4496675727E-04  0.2254120264E-04
-0.4816476591E-04 -0.1490388064E-04
-0.4338850601E-04 -0.1586823078E-04
-0.4300781513E-04 -0.1812425141E-04
 0.4222941178E-04  0.1851663935E-04
-0.3432688378E-04 -0.1214842373E-04
-0.3679993713E-04 -0.1496679697E-04
-0.3435853223E-04 -0.1187805780E-04
 0.3770970693E-04  0.1472985154E-04
 0.4189296879E-04  0.1918168998E-04
 0.4414547881E-04  0.1918300746E-04
 0.4195955600E-04  0.1899971095E-04
-0.3997978743E-04 -0.1828950536E-04
 0.4267043158E-04  0.1599494477E-04
 0.4296563310E-04  0.1189386446E-04
 0.5166049594E-04  0.1609005581E-04
-0.4514354759E-04 -0.1056344024E-04
 0.3430161216E-04  0.7750007022E-05
 0.3283864006E-04  0.2396207763E-05
 0.3561138671E-04  0.5943071701E-07
-0.4313369022E-04 -0.2137983728E-05
 0.6913590963E-04  0.3246896337E-04
 0.1125332593E-03  0.4336687705E-04
 0.3898629178E-04  0.2891322049E-04
-0.3103714926E-04 -0.2593194869E-04
-0.8989254840E-04  0.1193337089E-04
-0.4859970933E-04 -0.1454335174E-04
-0.5641868104E-04 -0.2518386505E-05
 0.6454832874E-04  0.1057808312E-04
-0.2050885907E-04 -0.1722387230E-04
-0.3450315491E-04 -0.1623997526E-04
-0.2784979432E-04 -0.1524199594E-04
 0.4085063634E-04  0.2195344045E-04
-0.3909482515E-04 -0.1443542434E-04
-0.3640783178E-04 -0.1408081808E-04
-0.3468378549E-04 -0.1529193396E-04
 0.3516957294E-04  0.1643347761E-04
-0.2778151223E-04 -0.8897780159E-05
-0.2908021005E-04 -0.1173403365E-04
-0.2796310560E-04 -0.1007817926E-04
 0.2990968907E-04  0.1174190484E-04
 0.3417696295E-04  0.1574917527E-04
 0.3639383467E-04  0.1508692668E-04
 0.3582569134E-04  0.1772524926E-04
-0.3134671497E-04 -0.1522298189E-04
-0.1794926351E-04 -0.1576861099E-04
-0.2878139280E-04 -0.1556240764E-04
-0.2336767724E-04 -0.1246282217E-04
 0.3632117713E-04  0.2032940226E-04
-0.3209704063E-04 -0.1378929529E-04
-0.3026750662E-04 -0.1291504829E-04
-0.2837724841E-04 -0.1359538853E-04
 0.2928592386E-04  0.1481627112E-04
-0.2267170574E-04 -0.7548973886E-05
-0.2357490190E-04 -0.1021565105E-04
-0.2312886138E-04 -0.9400972303E-05
 0.2422585688E-04  0.1039931899E-04
 0.2832503574E-04  0.1375626348E-04
 0.3010000205E-04  0.1281266770E-04
 0.3056007086E-04  0.1619264561E-04
-0.2543938399E-04 -0.1324269281E-04
 0.2747621991E-04  0.1151449382E-04
 0.2613204753E-04  0.1009420304E-04
 0.3111405854E-04  0.8429576640E-05
-0.3099697329E-04 -0.7973358871E-05
 0.2282244481E-04  0.9144361514E-05
 0.2577069954E-04  0.3690261750E-05
 0.1748213126E-04 -0.1911832271E-05
-0.2679128061E-04 -0.5451702926E-05
 0.4906663709E-04  0.1541027837E-04
 0.5772330675E-04  0.1903861512E-04
 0.4174658220E-04  0.3112147242E-04
-0.5065401558E-04 -0.5934504153E-05
-0.3561220569E-04  0.5868842244E-05
-0.3526314888E-04 -0.3397345051E-05
-0.3268478865E-04 -0.6000246672E-05
 0.2863112490E-04  0.4052452254E-05
 0.3433182065E-04  0.1320046765E-04
 0.3329027649E-04  0.1089786523E-04
 0.4040603430E-04  0.1102330680E-04
-0.3791150436E-04 -0.8781191837E-05
 0.2733687192E-04  0.8912928416E-05
 0.2778717158E-04  0.3014218785E-05
 0.2361800789E-04 -0.1156240651E-05
-0.3248973930E-04 -0.4906259577E-05
 0.5931179814E-04  0.2169702258E-04
 0.8473418952E-04  0.2964541101E-04
 0.3917400032E-04  0.3335152911E-04
-0.4918793997E-04 -0.1553775350E-04
-0.5644533966E-04  0.8574353516E-05
-0.4314017019E-04 -0.7196075209E-05
-0.4250030261E-04 -0.4627069173E-05
 0.4274633178E-04  0.5983692703E-05
-0.4913434337E-04 -0.2376948649E-04
-0.4994299541E-04 -0.2728388196E-04
-0.4926609399E-04 -0.2557976123E-04
 0.4921644309E-04  0.2680507786E-04
-0.5153215122E-04 -0.3021748045E-04
-0.5338415258E-04 -0.3245887877E-04
-0.5199376256E-04 -0.2940711433E-04
 0.5183460062E-04  0.3048744598E-04
-0.4956452362E-04 -0.2563616819E-04
-0.5117110614E-04 -0.2688769454E-04
-0.4985676800E-04 -0.2479007752E-04
 0.4912202265E-04  0.2576211784E-04
 0.5033784081E-04  0.2778346218E-04
 0.4887492110E-04  0.2666493523E-04
 0.5031669970E-04  0.2882098878E-04
-0.5025624523E-04 -0.2744925894E-04
-0.5487227461E-04 -0.3496650841E-04
-0.5996532086E-04 -0.3569453815E-04
-0.5345028231E-04 -0.3354582922E-04
 0.5519539168E-04  0.3435887122E-04
-0.5296371305E-04 -0.5389874522E-04
 0.5174129968E-04 -0.4053179865E-04
-0.6512640315E-04 -0.2464639842E-04
 0.5527514718E-04  0.3823990127E-04
-0.5312820303E-04 -0.4485348464E-04
 0.4547493246E-04 -0.3700756433E-04
-0.5665205406E-04 -0.1861038057E-04
 0.5500718083E-04  0.3138836482E-04
 0.8706200724E-04  0.5014855638E-04
 0.4566568302E-04  0.3380910829E-04
 0.7026560802E-04  0.3093844073E-04
-0.6600504281E-04 -0.2272507800E-04
-0.5032942517E-04 -0.2408480064E-04
-0.5535148806E-04 -0.2397181821E-04
-0.4899484491E-04 -0.2336472328E-04
 0.4973672777E-04  0.2408662022E-04
-0.5144270703E-04 -0.3773431213E-04
 0.3958426139E-04 -0.3328574988E-04
-0.4886139228E-04 -0.1409157498E-04
 0.5267353325E-04  0.2595614383E-04
-0.4888241244E-04 -0.3215003504E-04
 0.3344690446E-04 -0.2970825593E-04
-0.4075731137E-04 -0.1032050498E-04
 0.4937436150E-04  0.2180546282E-04
 0.8135308143E-04  0.3456780325E-04
 0.4271786032E-04  0.2410378649E-04
 0.6229056932E-04  0.2051055322E-04
-0.6059626509E-04 -0.1391619259E-04
 0.8554895703E-04  0.4140652126E-04
 0.4467803289E-04  0.2834335020E-04
 0.6688517465E-04  0.2494802740E-04
-0.6401966744E-04 -0.1754422875E-04
 0.5247345542E-04  0.2432721094E-04
 0.4929330625E-04  0.2449792149E-04
 0.5136510965E-04  0.2661691741E-04
-0.5208827146E-04 -0.2548434933E-04
 0.5527717931E-04  0.2911150762E-04
 0.5207419113E-04  0.2897951403E-04
 0.5407520787E-04  0.3191297372E-04
-0.5437414678E-04 -0.3067082913E-04
-0.5297325865E-04 -0.2870666753E-04
-0.5829199900E-04 -0.2898101483E-04
-0.5169338153E-04 -0.2772830460E-04
 0.5293817864E-04  0.2852112029E-04
-0.2383681950E-04 -0.1180879987E-04
-0.2387601560E-04 -0.1192891383E-04
-0.2365290663E-04 -0.1222671743E-04
 0.2316885011E-04  0.1263125776E-04
-0.2496731825E-04 -0.1225973058E-04
-0.2643328337E-04 -0.1248555526E-04
-0.2509834053E-04 -0.1225327140E-04
 0.2477941945E-04  0.1278239736E-04
-0.2305755429E-04 -0.1166571593E-04
-0.2400120828E-04 -0.1177278267E-04
-0.2260517828E-04 -0.1115224292E-04
 0.2278523779E-04  0.1202373986E-04
 0.2382667268E-04  0.1249065260E-04
 0.2319521778E-04  0.1256570437E-04
 0.2370856816E-04  0.1268028724E-04
-0.2405903392E-04 -0.1217690566E-04
-0.2787557158E-04 -0.1281557627E-04
-0.3071657211E-04 -0.1228695683E-04
-0.2737362752E-04 -0.1260348564E-04
 0.2757167226E-04  0.1305628500E-04
-0.3074821900E-04 -0.1752655977E-04
 0.1105437833E-04 -0.1530905746E-04
-0.1386687348E-04 -0.2217301404E-05
 0.3034921608E-04  0.1212576045E-04
-0.2771997918E-04 -0.1592410133E-04
 0.8104930575E-05 -0.1337657953E-04
-0.1047447423E-04 -0.1349642365E-05
 0.2728214319E-04  0.1116569680E-04
 0.4684036182E-04  0.1839732720E-04
 0.2581017213E-04  0.1307688794E-04
 0.3229489532E-04  0.1091565012E-04
-0.3321070185E-04 -0.8199155130E-05
-0.2249569667E-04 -0.1097785954E-04
-0.2465172591E-04 -0.1062613364E-04
-0.2221320830E-04 -0.1097872970E-04
 0.2223501163E-04  0.1127581639E-04
-0.2487568828E-04 -0.1447785122E-04
 0.5691015926E-05 -0.1165062462E-04
-0.7789853964E-05 -0.7610984612E-06
 0.2446096321E-04  0.1037909294E-04
-0.2269847355E-04 -0.1360903507E-04
 0.3577220584E-05 -0.1026370089E-04
-0.5441568345E-05 -0.3057521441E-06
 0.2203343758E-04  0.9843682479E-05
 0.3778771901E-04  0.1631656583E-04
 0.2131579216E-04  0.1140273131E-04
 0.2545312047E-04  0.9715210240E-05
-0.2663594221E-04 -0.7832354548E-05
 0.4230785822E-04  0.1728451202E-04
 0.2351780985E-04  0.1215372721E-04
 0.2878149605E-04  0.1030184793E-04
-0.2979231358E-04 -0.7970699340E-05
 0.2387354231E-04  0.1123521399E-04
 0.2235727813E-04  0.1147795734E-04
 0.2386081005E-04  0.1202436540E-04
-0.2392270155E-04 -0.1117675395E-04
 0.2654873898E-04  0.1203866049E-04
 0.2485347852E-04  0.1243637175E-04
 0.2625307248E-04  0.1281628764E-04
-0.2662247478E-04 -0.1211316185E-04
-0.2517036129E-04 -0.1198581056E-04
-0.2763716039E-04 -0.1148362287E-04
-0.2464632188E-04 -0.1166795135E-04
 0.2494774676E-04  0.1219422608E-04
 0.5216875853E-04  0.1981983943E-04
 0.2835416590E-04  0.1410894236E-04
 0.3655233914E-04  0.1172771019E-04
-0.3718578571E-04 -0.8462962094E-05
 0.2950447159E-04  0.1287324991E-04
 0.2751553906E-04  0.1327116505E-04
 0.2925929898E-04  0.1384294250E-04
-0.2952875179E-04 -0.1298052071E-04
 0.3271938438E-04  0.1381943706E-04
 0.3040536130E-04  0.1429346777E-04
 0.3211422484E-04  0.1472786863E-04
-0.3280426497E-04 -0.1402489728E-04
-0.3099969667E-04 -0.1393882800E-04
-0.3439744454E-04 -0.1335683125E-04
-0.3035313054E-04 -0.1359665327E-04
 0.3075993861E-04  0.1416082700E-04
 0.2619675879E-04  0.1318835737E-04
 0.2491864993E-04  0.1293243689E-04
 0.2675376971E-04  0.1366589835E-04
-0.2644887709E-04 -0.1258700207E-04
 0.2372797089E-04  0.1238940074E-04
 0.2282668703E-04  0.1159565894E-04
 0.2505659859E-04  0.1227098296E-04
-0.2346087986E-04 -0.1075059726E-04
 0.2771313742E-04  0.1424615720E-04
 0.2803946866E-04  0.1420454622E-04
 0.2814978649E-04  0.1418509098E-04
-0.2857397252E-04 -0.1363176386E-04
-0.2586015863E-04 -0.1199228489E-04
-0.2710001694E-04 -0.1291581479E-04
-0.2497566602E-04 -0.1188586677E-04
 0.2596346957E-04  0.1325749769E-04
 0.3188032528E-04  0.1513288510E-04
 0.3028941060E-04  0.1478185272E-04
 0.3241698295E-04  0.1567210742E-04
-0.3231596357E-04 -0.1446757387E-04
 0.2885432077E-04  0.1404785654E-04
 0.2778582262E-04  0.1288937324E-04
 0.3057078223E-04  0.1398435802E-04
-0.2861337944E-04 -0.1200470336E-04
 0.3344100683E-04  0.1627512416E-04
 0.3379693296E-04  0.1615175808E-04
 0.3407480906E-04  0.1606611496E-04
-0.3455246321E-04 -0.1537461757E-04
-0.3168994636E-04 -0.1369855754E-04
-0.3299248871E-04 -0.1479256933E-04
-0.3051975028E-04 -0.1352851498E-04
 0.3150332489E-04  0.1515685104E-04
-0.2852770135E-04 -0.1286696621E-04
-0.2891948768E-04 -0.1337283377E-04
-0.2840364171E-04 -0.1367971873E-04
 0.2788486906E-04  0.1415388175E-04
-0.3046024480E-04 -0.1398978456E-04
-0.3240029217E-04 -0.1439243426E-04
-0.3072402172E-04 -0.1410086942E-04
 0.3016513083E-04  0.1462468505E-04
-0.2803021744E-04 -0.1338253248E-04
-0.2939149829E-04 -0.1358898450E-04
-0.2781797443E-04 -0.1300507358E-04
 0.2772966956E-04  0.1380970340E-04
 0.2895717340E-04  0.1426961162E-04
 0.2794545029E-04  0.1424394095E-04
 0.2872010301E-04  0.1439825104E-04
-0.2921372526E-04 -0.1384734885E-04
 0.7639217113E-04  0.2972803309E-04
 0.4036293447E-04  0.2103647007E-04
 0.5688430775E-04  0.1737262584E-04
-0.5651571426E-04 -0.1177803712E-04
 0.4447075955E-04  0.1820212677E-04
 0.4121700668E-04  0.1862057959E-04
 0.4380350082E-04  0.1985277765E-04
-0.4441887282E-04 -0.1874780081E-04
 0.4867627483E-04  0.2073971787E-04
 0.4534928394E-04  0.2110134586E-04
 0.4791976709E-04  0.2264427221E-04
-0.4881342662E-04 -0.2157287288E-04
-0.4645232105E-04 -0.2077691820E-04
-0.5165043944E-04 -0.2044001217E-04
-0.4525143396E-04 -0.2018956035E-04
 0.4592607151E-04  0.2091343463E-04
 0.3921216516E-04  0.1827423982E-04
 0.3738380705E-04  0.1776784555E-04
 0.3975714694E-04  0.1905084279E-04
-0.3970886093E-04 -0.1764221827E-04
 0.3580489996E-04  0.1682240121E-04
 0.3457725351E-04  0.1526558631E-04
 0.3816203373E-04  0.1716778983E-04
-0.3558986117E-04 -0.1449814465E-04
 0.4058855814E-04  0.1963125178E-04
 0.4114342083E-04  0.1937863380E-04
 0.4113169403E-04  0.1896838616E-04
-0.4184457324E-04 -0.1835063925E-04
-0.3945210031E-04 -0.1695298621E-04
-0.4044566532E-04 -0.1814868673E-04
-0.3777568338E-04 -0.1643271312E-04
 0.3887783400E-04  0.1841838610E-04
 0.4758224624E-04  0.2374159389E-04
 0.4593240665E-04  0.2290059527E-04
 0.4803721704E-04  0.2495196955E-04
-0.4837579404E-04 -0.2344270056E-04
 0.4440445054E-04  0.2155166085E-04
 0.4294015820E-04  0.1929745645E-04
 0.4767569396E-04  0.2276774028E-04
-0.4424246839E-04 -0.1910227560E-04
 0.4863021338E-04  0.2567923716E-04
 0.4991754547E-04  0.2517162775E-04
 0.4925177657E-04  0.2455048662E-04
-0.5042649956E-04 -0.2410180738E-04
-0.4918579903E-04 -0.2300968672E-04
-0.4914790483E-04 -0.2434392869E-04
-0.4677057350E-04 -0.2175318838E-04
 0.4777295055E-04  0.2411821939E-04
-0.4177923847E-04 -0.1760150623E-04
-0.4347462231E-04 -0.1964840728E-04
-0.4181533753E-04 -0.1908221356E-04
 0.4149436939E-04  0.2005081673E-04
-0.4594208218E-04 -0.2140375295E-04
-0.4836202264E-04 -0.2263258123E-04
-0.4599713252E-04 -0.2111295550E-04
 0.4529536769E-04  0.2199738702E-04
-0.4174755457E-04 -0.1904193537E-04
-0.4401498349E-04 -0.1973039902E-04
-0.4172150873E-04 -0.1850106304E-04
 0.4129033169E-04  0.1948811559E-04
 0.4317758334E-04  0.2060038354E-04
 0.4132033446E-04  0.2009890903E-04
 0.4318061079E-04  0.2114564717E-04
-0.4359387880E-04 -0.2006968761E-04
-0.3462155504E-04 -0.1460909234E-04
-0.3544073766E-04 -0.1562550256E-04
-0.3444356765E-04 -0.1564696625E-04
 0.3402194235E-04  0.1638671276E-04
-0.3738027138E-04 -0.1661697559E-04
-0.3969020800E-04 -0.1727682568E-04
-0.3752614615E-04 -0.1655793541E-04
 0.3698831420E-04  0.1731098497E-04
-0.3413507120E-04 -0.1543157227E-04
-0.3589733686E-04 -0.1578181046E-04
-0.3404266215E-04 -0.1505652630E-04
 0.3366728686E-04  0.1590304680E-04
 0.3524930813E-04  0.1657345646E-04
 0.3387951486E-04  0.1642144615E-04
 0.3519561441E-04  0.1690232344E-04
-0.3561631256E-04 -0.1607105567E-04
-0.4191059817E-04 -0.1810251170E-04
-0.4662710623E-04 -0.1757929476E-04
-0.4093038186E-04 -0.1767641397E-04
 0.4137681116E-04  0.1830679143E-04
-0.4492630477E-04 -0.2748659635E-04
 0.2801193138E-04 -0.2614090912E-04
-0.3385695318E-04 -0.7834696808E-05
 0.4497089195E-04  0.1844770250E-04
-0.4127814952E-04 -0.2410245389E-04
 0.2240354726E-04 -0.2279581162E-04
-0.2730578834E-04 -0.5786370362E-05
 0.4112224431E-04  0.1623734110E-04
 0.6945530840E-04  0.2578352332E-04
 0.3674458125E-04  0.1836674155E-04
 0.5088009760E-04  0.1501667725E-04
-0.5077601724E-04 -0.1006108270E-04
-0.3428010837E-04 -0.1490628021E-04
-0.3804306713E-04 -0.1431595918E-04
-0.3374765969E-04 -0.1474812604E-04
 0.3381503578E-04  0.1514682166E-04
-0.3763023287E-04 -0.2146877455E-04
 0.1782560245E-04 -0.1986010027E-04
-0.2201265745E-04 -0.4317697747E-05
 0.3736221426E-04  0.1459288275E-04
-0.3440139717E-04 -0.1948590683E-04
 0.1383333671E-04 -0.1737624517E-04
-0.1726441879E-04 -0.3033203817E-05
 0.3374484203E-04  0.1328396433E-04
 0.5762971673E-04  0.2141299783E-04
 0.3108097593E-04  0.1530146477E-04
 0.4062542000E-04  0.1243848981E-04
-0.4140943262E-04 -0.8852866109E-05
 0.6372766833E-04  0.2340980567E-04
 0.3388669927E-04  0.1664041041E-04
 0.4546044879E-04  0.1348511318E-04
-0.4600208127E-04 -0.9317627589E-05
 0.3615035277E-04  0.1481388950E-04
 0.3355935212E-04  0.1528729172E-04
 0.3564086122E-04  0.1600194974E-04
-0.3625255903E-04 -0.1509183109E-04
 0.3992474637E-04  0.1616811346E-04
 0.3705426835E-04  0.1670354001E-04
 0.3938841055E-04  0.1755862690E-04
-0.4005322859E-04 -0.1659513349E-04
-0.3790867873E-04 -0.1633736585E-04
-0.4219056296E-04 -0.1572811272E-04
-0.3718456343E-04 -0.1599077410E-04
 0.3744619432E-04  0.1652988695E-04
 0.9101203297E-04  0.7640273606E-04
 0.1417906836E-03  0.4463596384E-04
 0.1307117639E-04  0.5488569527E-04
-0.7026180974E-04 -0.6154490507E-04
 0.1786716330E-03  0.1206907349E-03
 0.2093202292E-03  0.9004091827E-04
 0.8209790383E-04  0.8532006648E-04
-0.1518665954E-03 -0.1025651725E-03
-0.8536307871E-04 -0.1180827150E-03
-0.1946788580E-03 -0.3206171548E-04
 0.3220719580E-03  0.2880613824E-04
 0.1118473309E-03  0.9711390798E-05
 0.2807430073E-04  0.5380829351E-04
-0.1226705278E-05  0.5304224645E-04
 0.5235866472E-04  0.6634104936E-04
-0.1482638742E-05 -0.5870281923E-04
-0.4505123170E-04  0.5704692988E-04
-0.9051248690E-04  0.6569797256E-04
-0.2829911517E-04  0.6742948531E-04
 0.8698681236E-04 -0.6280482073E-04
 0.8591919717E-04  0.7923028536E-04
 0.4571015849E-04  0.7634632773E-04
 0.1277747486E-03  0.9467217781E-04
-0.4760086198E-04 -0.8313708127E-04
 0.2374400272E-04 -0.6887544826E-04
-0.2269911488E-04 -0.7095157958E-04
 0.3832138089E-04 -0.5895562767E-04
 0.1788089030E-04  0.6437329464E-04
 0.2126420475E-03  0.1395114265E-03
 0.2280387941E-03  0.1413785297E-03
 0.2813253459E-03  0.1838951356E-03
-0.1950282369E-03 -0.1593449522E-03
 0.2269929491E-03  0.1343316429E-03
 0.2138987321E-03  0.1240708176E-03
 0.2955397259E-03  0.1653901528E-03
-0.1952433440E-03 -0.1402974784E-03
 0.3387123755E-03  0.2260453690E-03
 0.3607707062E-03  0.2165929864E-03
 0.3813516704E-03  0.2655251250E-03
-0.3029024271E-03 -0.2329740354E-03
-0.2573645865E-03 -0.1838384806E-03
-0.2466889321E-03 -0.1957958600E-03
-0.2034545472E-03 -0.1512278135E-03
 0.2921514948E-03  0.1765864035E-03
-0.1230639630E-03 -0.1069117494E-03
-0.1503596964E-03 -0.1173357610E-03
-0.8737161633E-04 -0.9026676279E-04
 0.1581215177E-03  0.1027087474E-03
-0.1639609323E-03 -0.1268017110E-03
-0.1654121261E-03 -0.1274374617E-03
-0.1289635594E-03 -0.1050852066E-03
 0.1740917294E-03  0.1174013059E-03
-0.5993332096E-04 -0.7626588349E-04
-0.8693493033E-04 -0.8228403604E-04
-0.3734866877E-04 -0.6125371159E-04
 0.8536323310E-04  0.7078171901E-04
 0.1281220498E-03  0.9141902504E-04
 0.1172165001E-03  0.8540010825E-04
 0.1698452673E-03  0.1105057717E-03
-0.1140063218E-03 -0.9713724016E-04
 0.2173003324E-03  0.2359313675E-03
 0.2496319567E-03  0.2191753783E-03
 0.1283566737E-03  0.1617910148E-03
-0.1762433202E-03 -0.1855844111E-03
 0.2871559996E-03  0.2675985018E-03
 0.3651858392E-03  0.3026681644E-03
 0.3164936008E-03  0.3122992338E-03
-0.2898100506E-03 -0.2836876051E-03
 0.1902394266E-03  0.2411938147E-03
 0.2553476499E-03  0.3011303973E-03
 0.1769257186E-03  0.2696701921E-03
-0.1555908161E-03 -0.2508149069E-03
-0.2430356195E-03 -0.2795465182E-03
-0.2024788669E-03 -0.2431549631E-03
-0.2248334329E-03 -0.2472412051E-03
 0.2338908457E-03  0.2651770188E-03
-0.1508959730E-03  0.7733380686E-04
 0.7416040628E-04  0.2145369609E-03
-0.3592568767E-04  0.3292812486E-04
-0.7325941561E-04 -0.9837258296E-04
-0.3470490281E-03  0.1864116927E-03
 0.2175959700E-04  0.1761052672E-04
 0.6588877119E-04 -0.3931571017E-04
 0.1023521571E-03  0.8319712511E-04
-0.2985340468E-05 -0.1116139578E-03
 0.1343947099E-03  0.2624967884E-03
 0.2283967759E-03  0.1841534642E-04
-0.1452805348E-03 -0.3347173689E-05
-0.4010115677E-04 -0.2645164319E-03
 0.1447370629E-03 -0.2462565099E-03
-0.1132681156E-04 -0.2497850954E-03
 0.7567567443E-04  0.2658188468E-03
-0.1020011041E-03 -0.2807484764E-03
 0.2351585776E-04 -0.6878903492E-04
 0.2543564414E-03 -0.1306523875E-04
 0.4856588954E-04  0.1462740284E-03
-0.1981605690E-03  0.3408439265E-03
 0.1557798504E-03  0.2079222730E-03
 0.1415181214E-03  0.1023533341E-03
 0.1039914361E-04 -0.1046114708E-03
-0.3142804720E-03 -0.2728780790E-03
-0.2753677629E-03 -0.2476831386E-03
-0.2796920651E-03 -0.2400454565E-03
 0.3157311863E-03  0.2633670783E-03
-0.1414997343E-03 -0.2480941321E-03
 0.1753716594E-03 -0.1073735649E-03
 0.2017976266E-03 -0.3624280833E-04
 0.1588060524E-03  0.9213296976E-04
-0.2162110429E-03 -0.2393040898E-03
-0.1458493137E-03 -0.2770431822E-03
-0.1404654731E-03 -0.1640129555E-03
 0.2749905373E-03  0.1979749336E-03
-0.8743306011E-05  0.1531987761E-03
 0.3251226894E-03  0.2323222974E-03
 0.1951442901E-03  0.1932020357E-03
-0.1550954150E-03 -0.2010062823E-03
-0.1147455821E-03 -0.1599867135E-03
-0.1481225227E-03 -0.1468297100E-03
 0.3248333784E-03  0.2677990587E-04
 0.1162565609E-03  0.3854531689E-04
-0.1347178027E-03  0.1468584314E-03
 0.2807204262E-03  0.1350345316E-03
 0.4642822186E-03  0.2372620422E-03
-0.7113109612E-04 -0.1505603148E-03
-0.1372973417E-03  0.7867613642E-04
-0.1794178345E-03  0.9294640120E-04
-0.1299556598E-03  0.8843922631E-04
 0.1923493177E-03 -0.7989811838E-04
-0.2122842614E-03  0.1029290294E-03
-0.2334488030E-03  0.1003227995E-03
-0.2073763488E-03  0.1082662169E-03
 0.2676708423E-03 -0.8565366347E-04
-0.1171402841E-03  0.9783283185E-04
-0.1647419916E-03  0.1089344563E-03
-0.9537497915E-04  0.1018488847E-03
 0.1972319205E-03 -0.8044519169E-04
 0.2458245385E-03 -0.8639129874E-04
 0.1971502034E-03 -0.8314494833E-04
 0.2374645015E-03 -0.8706778334E-04
-0.1745742475E-03  0.1011478361E-03
-0.2434688823E-03  0.7081306024E-04
-0.2917772699E-03 -0.1542912630E-06
-0.2118293323E-03  0.9095234352E-04
 0.2714587243E-03 -0.2796868022E-04
-0.5431266031E-03 -0.2892195399E-03
-0.1947033563E-03  0.9796317389E-04
-0.3689330495E-03 -0.4903012760E-03
-0.1590407475E-03 -0.1091229595E-03
 0.1206528912E-03 -0.3316502627E-04
 0.4513405136E-03  0.7796910869E-04
-0.4296805185E-03  0.1679353756E-03
-0.5526792588E-04  0.1061825680E-03
-0.9178243213E-04  0.1195320879E-03
-0.1645114461E-04  0.5950058626E-04
 0.1523305561E-03 -0.2411017617E-04
-0.1013547744E-03  0.2074163218E-03
-0.4283388411E-03  0.6189082300E-03
-0.6634261822E-03 -0.4234792212E-03
-0.7239819726E-04 -0.1187398279E-03
 0.9568811708E-04  0.1278643803E-03
 0.1192603511E-03  0.2325171309E-03
 0.1204469423E-03 -0.5932376383E-04
 0.1053269733E-03  0.1240790521E-03
 0.1595450192E-03  0.2073900441E-03
 0.1331466836E-03  0.3129266740E-04
 0.1476659144E-03  0.3603179178E-04
-0.1044856700E-03 -0.4817611124E-04
 0.8173424568E-03 -0.1197648413E-03
 0.2943542812E-03 -0.7099383678E-04
 0.3609501012E-03  0.4473947832E-04
-0.3238743379E-03  0.6687556638E-06
 0.2256313726E-03 -0.6149069314E-04
 0.1812054090E-03 -0.6937342220E-04
 0.2519190070E-03 -0.7438944713E-04
-0.1463250018E-03  0.1017939238E-03
 0.2760227222E-03 -0.6842797444E-04
 0.2767651384E-03 -0.8275631320E-04
 0.2787615714E-03 -0.6886869672E-04
-0.2240203784E-03  0.1053701615E-03
-0.1989127597E-03  0.1164300086E-03
-0.2111903974E-03  0.1240815230E-03
-0.1945653535E-03  0.8018401437E-04
 0.3022834561E-03 -0.5139257447E-04
 0.3206051149E-04  0.1296090540E-03
 0.2391797562E-03  0.1786298540E-04
-0.2100033426E-03 -0.2125113906E-03
-0.1083398737E-04 -0.4922188629E-03
-0.2818697079E-03 -0.2687338744E-03
-0.6999893079E-04 -0.1797132027E-03
-0.1159418114E-03 -0.3345002397E-03
 0.1584173350E-04  0.2682749383E-03
-0.7765417038E-04 -0.1554123495E-03
-0.9368862462E-04 -0.1829659599E-03
-0.7718358410E-04 -0.2904237710E-03
 0.5791106460E-05  0.3003118434E-03
 0.1931384899E-04 -0.2439068282E-03
-0.2797644720E-05 -0.3200164270E-03
 0.3551956959E-04 -0.3374326076E-03
-0.5849813157E-04  0.3626784664E-03
-0.3492367563E-04  0.3513450587E-03
-0.3372194107E-04  0.2484287750E-03
-0.2289587504E-05  0.2290893163E-03
-0.8321128064E-04 -0.2466699711E-03
-0.1101872910E-03 -0.2467610066E-03
-0.1219182414E-03 -0.3547636305E-03
-0.1106937381E-03 -0.5967605925E-03
 0.1920362714E-04  0.6337359652E-03
-0.1072843478E-03 -0.5311440972E-03
-0.1351941681E-04 -0.8301445019E-03
-0.1593046860E-03 -0.1420101502E-02
 0.2417974881E-04  0.1518055188E-02
-0.5869921523E-05 -0.1068740178E-02
 0.1100824917E-04 -0.1676889610E-02
 0.2409031257E-03 -0.1626644794E-02
-0.2826856299E-03  0.1867783316E-02
-0.7281443502E-04  0.1854380432E-02
-0.5824562902E-04  0.1178467515E-02
 0.2720487344E-04  0.9635461888E-03
-0.1395798718E-03 -0.9060076602E-03
 0.1350359784E-03 -0.4113788386E-03
 0.1763294809E-03 -0.6175222278E-03
 0.1634804619E-03 -0.5514280130E-03
-0.2353236613E-03  0.6206816821E-03
 0.2535910064E-03 -0.9216108401E-03
 0.3856765333E-03 -0.1404486775E-02
 0.4218719508E-03 -0.1135384935E-02
-0.5294361149E-03  0.1371093335E-02
 0.2815079704E-03 -0.5892671401E-03
 0.3925190843E-03 -0.8865826157E-03
 0.2873468277E-03 -0.7296840022E-03
-0.4492001014E-03  0.8500134201E-03
-0.5197865478E-03  0.1085173340E-02
-0.3368681958E-03  0.7207052102E-03
-0.3595085323E-03  0.9113011120E-03
 0.2799060216E-03 -0.7610693800E-03
-0.4542741694E-03  0.1661754168E-02
-0.3103629558E-03  0.1082806987E-02
-0.1982084110E-03  0.1197152235E-02
 0.1510175598E-03 -0.1048018637E-02
-0.2184838185E-03  0.7206413660E-03
-0.1404624073E-03  0.4737552466E-03
-0.1024318148E-03  0.5254464308E-03
 0.6975090843E-04 -0.4599818027E-03
-0.4880186757E-04  0.7710777234E-03
-0.4021479476E-04  0.5143191939E-03
 0.1167541655E-04  0.4283381571E-03
-0.8791947560E-04 -0.4047970213E-03
-0.7891955321E-05 -0.4649312409E-03
-0.8681156886E-05 -0.6988869391E-03
 0.1002500577E-03 -0.6896453947E-03
-0.1433150585E-03  0.7867679007E-03
 0.2674366735E-03 -0.1359367625E-02
 0.9022409466E-03 -0.2296780304E-02
 0.3220428421E-04 -0.3992412911E-02
-0.1927570006E-03  0.4410049071E-02
 0.2283234113E-02 -0.3828814232E-02
 0.8944683237E-02 -0.6456183530E-02
 0.1277075282E-02 -0.1379868060E-01
-0.1340116337E-02  0.1280562834E-01
 0.8161602715E-03 -0.8332087102E-02
 0.2185268259E-02 -0.1599669283E-01
 0.3629137619E-02 -0.1341646499E-01
-0.2592150688E-02  0.1703190288E-01
-0.1219619354E-02  0.1846319683E-01
-0.5116143572E-03  0.9650022439E-02
-0.5856580802E-03  0.8160773206E-02
 0.3098641757E-03 -0.7272724249E-02
 0.8338560768E-02 -0.1518130551E-01
 0.1900487915E-01 -0.2262756483E-01
 0.1106309790E-01 -0.8260894611E-02
-0.1390973769E-01  0.1740958313E-01
 0.5489774339E-01 -0.2888158927E-01
 0.7996947544E-01 -0.2675155100E-01
 0.1123909812E-01  0.3968444689E-01
-0.9475153919E-02 -0.1894665106E-01
 0.8032680502E-02  0.4398272944E-02
 0.2709336002E-02  0.2096316411E-01
 0.1245798410E-02  0.1101329305E-01
-0.6948022077E-02 -0.1303753786E-01
-0.1637185574E-01 -0.2247181142E-01
-0.1442299720E-01  0.3804250245E-03
-0.2678764454E-01  0.1372539376E-01
 0.1750322400E-01  0.2104774869E-02
-0.1183919245E-01  0.3081416599E-01
-0.1606883719E-01  0.3893756904E-01
-0.7631285871E-02  0.2268608333E-01
-0.5546807564E-02  0.3325888729E-01
 0.9207774550E-02 -0.2581421547E-01
-0.1694339042E-02  0.1729541841E-01
-0.1304682523E-01 -0.4278880316E-02
 0.1629669103E-01 -0.2057178157E-01
 0.1337061798E-01 -0.3451373480E-01
 0.3693695099E-01 -0.5409982418E-01
-0.7414386193E-02  0.2189862381E-01
 0.3575405922E-03 -0.6897748495E-03
 0.5010513218E-03 -0.9620106258E-03
 0.3217614260E-03 -0.7579375863E-03
-0.5645219940E-03  0.9079387048E-03
 0.7271663750E-03 -0.1198023863E-02
 0.1073002961E-02 -0.1323237154E-02
 0.7167937381E-03 -0.8280917531E-03
-0.1086135830E-02  0.1196109596E-02
 0.3466852376E-03 -0.5245957818E-03
 0.4835478129E-03 -0.5264622599E-03
 0.2988660866E-03 -0.4000570776E-03
-0.4991652827E-03  0.5035568689E-03
-0.7423579878E-03  0.7689687096E-03
-0.5309946425E-03  0.7449481885E-03
-0.7873669486E-03  0.1100117585E-02
 0.4955699257E-03 -0.8138636547E-03
 0.1552934766E-02 -0.1050871139E-02
 0.2057986182E-02  0.1020488002E-03
 0.1236879497E-02  0.3240825054E-03
-0.1881836801E-02  0.4602851606E-04
 0.2116109602E-02  0.2679357872E-02
 0.6693771742E-03  0.6311040827E-02
 0.4024565121E-03  0.3872848912E-02
-0.1481500124E-02 -0.4656572460E-02
 0.7191000435E-03  0.1374250203E-02
 0.2642716154E-03  0.2512155958E-02
 0.1855144868E-03  0.1706788601E-02
-0.3835834314E-03 -0.2006423742E-02
-0.7432043094E-03 -0.2989059274E-02
-0.1163083262E-02 -0.1432014443E-02
-0.2079689370E-02 -0.1896615280E-02
 0.1197808549E-02  0.1914056081E-02
 0.2759534403E-03  0.1072230582E-04
 0.3290083817E-03  0.2811598597E-03
 0.2124332571E-03  0.1960723629E-03
-0.2564853354E-03 -0.2362965175E-03
 0.3002543210E-03  0.7459040014E-03
 0.1374918734E-03  0.1206050685E-02
 0.1072526044E-03  0.8812153735E-03
-0.9868507223E-04 -0.1016262606E-02
 0.1421517795E-03  0.4623987529E-03
 0.9239340508E-04  0.6659380710E-03
 0.8915375884E-04  0.5176407209E-03
 0.1746641285E-04 -0.6143013887E-03
-0.3626855529E-04 -0.7656783921E-03
-0.1022575782E-03 -0.5018831674E-03
-0.2267964264E-03 -0.6254120328E-03
 0.2019395257E-03  0.5668707390E-03
-0.1985781555E-03 -0.1402042892E-02
-0.3908890017E-03 -0.8098585366E-03
-0.6690887371E-03 -0.1071631539E-02
 0.4542065893E-03  0.1002178853E-02
-0.4355477153E-03 -0.2456164527E-03
-0.3736576583E-03  0.1162118946E-03
-0.6226150256E-03  0.2685532939E-03
 0.4157733675E-03 -0.1083442706E-03
-0.1142363470E-02 -0.1822036113E-03
-0.9541227836E-03  0.5123843292E-03
-0.1469588755E-02  0.9585246107E-03
 0.9904454620E-03 -0.5300195402E-03
 0.6428692131E-03 -0.2570954632E-03
 0.7703927817E-03  0.3579029280E-03
 0.4944796122E-03  0.3275155977E-03
-0.7055734192E-03 -0.2441313460E-03
-0.3096368212E-02 -0.7610017198E-02
-0.3839823434E-02 -0.2367914145E-02
-0.7326832627E-02 -0.2325627564E-02
 0.3985799498E-02  0.3655604328E-02
-0.3147068932E-02  0.7001221349E-03
-0.2266943039E-02  0.1807523077E-02
-0.3463344747E-02  0.3449015630E-02
 0.2463353612E-02 -0.2072294514E-02
-0.8817135822E-02  0.6769388870E-02
-0.5107884667E-02  0.6616973249E-02
-0.6921988415E-02  0.1255825859E-01
 0.5984182309E-02 -0.7997250959E-02
 0.3900761398E-02 -0.4086979869E-02
 0.6245998456E-02 -0.2716280589E-02
 0.3540982910E-02 -0.6330211427E-03
-0.5297971224E-02  0.2419000944E-02
-0.1569295872E-02  0.1897888596E-02
-0.1083248011E-02  0.1604736171E-02
-0.1446846605E-02  0.2363958703E-02
 0.1027731059E-02 -0.1776645195E-02
-0.7561883624E-03  0.1237806277E-02
-0.5071466830E-03  0.8868593912E-03
-0.6591894589E-03  0.1205737514E-02
 0.4542805055E-03 -0.9601035794E-03
-0.1160182531E-02  0.2375350121E-02
-0.7646472741E-03  0.1602143963E-02
-0.7972587124E-03  0.2090292460E-02
 0.6495374913E-03 -0.1705022523E-02
 0.5757108597E-03 -0.1287816032E-02
 0.8796606052E-03 -0.1868056303E-02
 0.6770435138E-03 -0.1338898927E-02
-0.9664349373E-03  0.1714373060E-02
-0.3662681796E-02  0.1244729496E-01
-0.1940340440E-02  0.7120197495E-02
-0.1265515993E-02  0.8985438955E-02
 0.1628362286E-02 -0.7409869930E-02
-0.1118958789E-02  0.4238049020E-02
-0.6929266761E-03  0.2613262526E-02
-0.4255070004E-03  0.3011998713E-02
 0.4157568139E-03 -0.2596051146E-02
-0.2132240872E-03  0.5238982260E-02
-0.1077790186E-03  0.3036097142E-02
-0.2478484075E-04  0.2511602275E-02
-0.1257620454E-03 -0.2321532951E-02
 0.7500668814E-04 -0.2725933001E-02
 0.2780153989E-03 -0.4638349907E-02
 0.7861084916E-03 -0.4294298571E-02
-0.6955681710E-03  0.5066863699E-02
 0.6194551807E-03 -0.2179010546E-02
 0.1061201486E-02 -0.3458184608E-02
 0.1045741315E-02 -0.2583759151E-02
-0.1253999718E-02  0.3242718567E-02
 0.1957115168E-02 -0.5614278333E-02
 0.3891699030E-02 -0.9261349345E-02
 0.3197954536E-02 -0.5816252766E-02
-0.3668572337E-02  0.8086065035E-02
 0.1402158797E-02 -0.2645509555E-02
 0.2321413123E-02 -0.3540975256E-02
 0.1594776682E-02 -0.2151793181E-02
-0.2222614906E-02  0.3068609002E-02
-0.3001093044E-02  0.5008267290E-02
-0.1827730486E-02  0.3496673887E-02
-0.2080386042E-02  0.5105651184E-02
 0.1779066730E-02 -0.3915590313E-02
-0.5083793141E-02  0.1945766468E-02
-0.2095265865E-02  0.4874440617E-02
-0.3507716566E-02  0.2647704521E-02
 0.6006490397E-02 -0.1001035327E-02
-0.9879322325E-03  0.2847055543E-02
-0.4252000957E-03  0.1570619543E-02
-0.1162805222E-02  0.6946870377E-03
 0.1401401984E-02 -0.2539901986E-03
-0.2479869434E-02  0.1157371674E-02
-0.1729456167E-02  0.2999301539E-03
-0.1745476820E-02  0.3143585393E-03
 0.3098393418E-02  0.4156294890E-03
 0.2679189804E-02  0.4113346171E-03
 0.4529397211E-02  0.2278659064E-03
 0.2905507601E-02 -0.5345512231E-03
-0.2053217284E-02  0.1562652222E-02
-0.1537467581E-02  0.5561159487E-03
-0.1455543580E-02  0.3264203202E-03
-0.8757479973E-03  0.5074177036E-03
 0.1873162075E-02 -0.8774111475E-04
-0.9573405015E-03 -0.6310995171E-03
-0.5781462575E-03  0.3787881241E-03
-0.5281391508E-03  0.1479453926E-04
 0.3554538899E-03 -0.1036948402E-03
 0.1201970725E-02 -0.2210594592E-04
 0.1011694528E-02 -0.1192598960E-03
 0.6886656589E-03 -0.7921802598E-03
-0.8659165325E-03  0.1425842548E-03
 0.2866054524E-02  0.4254414980E-03
 0.3270418516E-02  0.6988736758E-03
 0.3878314097E-02 -0.2413732170E-03
-0.2109730659E-02  0.1105434171E-02
 0.6679617047E-02 -0.4823291046E-04
 0.8913226823E-02 -0.2428844698E-02
-0.8416937285E-02 -0.3602899184E-02
-0.3412929857E-02  0.1090198024E-02
-0.4043077197E-02 -0.1507819061E-02
 0.2858150518E-02 -0.2444865462E-02
-0.1577629506E-03  0.9108565776E-03
-0.4518296395E-04  0.5626319329E-03
-0.3164232945E-03  0.9995287471E-04
 0.2159850750E-03 -0.3033861991E-04
-0.3507343691E-05  0.3678586273E-03
 0.9076184674E-05  0.2520917750E-03
-0.7852955781E-04  0.1082273280E-04
-0.2947469800E-04 -0.5660050157E-05
-0.4175645057E-03 -0.2637276135E-03
-0.2493087499E-03 -0.2302768612E-03
-0.4587034006E-03 -0.3980591785E-03
 0.4877793122E-03  0.4711334225E-03
 0.1809976949E-03  0.2606175351E-03
 0.3936173916E-03  0.3376696625E-03
 0.4046857353E-04 -0.8684571573E-05
-0.1577077689E-03  0.3228279376E-04
 0.1078206195E-04  0.1835187326E-03
 0.1052692600E-04  0.1485121061E-03
-0.2405743371E-04  0.1486489792E-04
-0.4574558763E-04 -0.1318690229E-04
 0.6771083146E-04  0.9671403780E-04
 0.2909262114E-03  0.5560476951E-04
 0.1236447593E-03 -0.5676958016E-04
-0.7331136707E-04  0.6058409541E-04
-0.7452835751E-04 -0.1150660015E-03
-0.7990185887E-04 -0.1049702213E-03
-0.1019852012E-03 -0.1901722646E-03
 0.2504823471E-04  0.1790176663E-03
 0.1806353424E-04  0.8501229420E-04
 0.1051078318E-04  0.1161639249E-03
-0.2710483511E-04 -0.1069984857E-04
-0.4949060707E-05  0.1520099326E-04
-0.4574980437E-03 -0.4215510440E-03
-0.3245570853E-03 -0.3644338982E-03
-0.4310418452E-03 -0.3966661098E-03
 0.5025570218E-03  0.4555399048E-03
-0.2273321754E-03 -0.3021905707E-03
-0.1517270447E-03 -0.2491402852E-03
-0.2360228314E-03 -0.2944791026E-03
 0.2466319509E-03  0.3231622336E-03
-0.3934657418E-03 -0.3553989804E-03
-0.3109847723E-03 -0.3199676575E-03
-0.3519994554E-03 -0.3118723305E-03
 0.4156216089E-03  0.3510245648E-03
 0.3439073026E-03  0.3544307410E-03
 0.4653575631E-03  0.4044588543E-03
 0.3503916186E-03  0.3887225520E-03
-0.3231315815E-03 -0.3491652608E-03
 0.1366447820E-03  0.2628019187E-03
 0.2122668474E-03  0.3261656551E-03
 0.8194660543E-04  0.2281128523E-03
-0.1384790998E-03 -0.2229177608E-03
 0.3314816531E-03  0.4042130674E-03
 0.5163182937E-03  0.4888653206E-03
 0.2781985294E-03  0.3755547433E-03
-0.3037124689E-03 -0.3388967461E-03
 0.2508863948E-04  0.1444904353E-03
 0.7389638951E-04  0.1940402040E-03
-0.5032746911E-04 -0.8874362483E-05
-0.4080133793E-04  0.8173171223E-05
-0.1519335641E-03 -0.1836498744E-03
-0.9875176138E-04 -0.1416825976E-03
-0.2025770605E-03 -0.2753694437E-03
 0.1553177823E-03  0.2923254917E-03
-0.6661979310E-04  0.1151266408E-03
-0.1735809603E-03  0.4353831006E-04
 0.3414657230E-04  0.3414811660E-04
 0.2674181391E-03  0.5993018926E-04
-0.2716968425E-03 -0.4829706526E-04
-0.3528189414E-03 -0.1278174618E-03
-0.1682778507E-03 -0.8232149691E-04
 0.4326695248E-03  0.1453258741E-03
 0.6982375311E-04 -0.2621935966E-04
-0.1403039121E-04 -0.6213408226E-04
 0.1003140401E-03 -0.5744579223E-04
 0.5651927134E-04  0.9386834947E-04
 0.2243625496E-03  0.1162799786E-03
 0.1468549239E-03  0.1078367029E-03
 0.3572879501E-03  0.1075868369E-03
-0.6750536842E-04 -0.2873719118E-04
-0.4004426445E-03 -0.1920029701E-03
-0.4114546818E-03 -0.2379529555E-03
-0.3021215470E-03 -0.1707414962E-03
 0.4953007386E-03  0.2184385465E-03
-0.3935611770E-03 -0.2649827408E-03
-0.3579426901E-03 -0.2753556094E-03
-0.3210141799E-03 -0.2221345277E-03
 0.4359344192E-03  0.2611538990E-03
-0.2270846772E-03 -0.1476361067E-03
-0.2527605123E-03 -0.1688104110E-03
-0.1685984644E-03 -0.1259236941E-03
 0.2852054868E-03  0.1503883275E-03
 0.3770552360E-03  0.2022471613E-03
 0.3764916868E-03  0.1817523483E-03
 0.4770457170E-03  0.2454750368E-03
-0.3237539719E-03 -0.2018563742E-03
 0.1206944907E-03 -0.7621498885E-04
 0.4927692351E-04 -0.8112163106E-04
 0.1339739627E-03 -0.7956435676E-04
-0.3570298544E-04  0.9515829570E-04
-0.2076009800E-04 -0.8725155329E-04
-0.7967626731E-04 -0.9615043686E-04
 0.4795871178E-05 -0.7853543515E-04
 0.8313425795E-04  0.8967411439E-04
 0.1389300660E-03 -0.7647039804E-04
 0.7915397983E-04 -0.7085306566E-04
 0.1398648380E-03 -0.7029710846E-04
-0.7908446870E-04  0.7588454878E-04
-0.5356980457E-05  0.7852607897E-04
-0.6167719696E-04  0.8632185698E-04
 0.2648620919E-04  0.8983171655E-04
 0.6723825282E-04 -0.7770109201E-04
 0.1825977991E-03  0.1127979792E-03
 0.1338285916E-03  0.1041936019E-03
 0.2546009303E-03  0.1336804365E-03
-0.1214758476E-03 -0.1094655537E-03
 0.7119828563E-04  0.1007238215E-03
 0.3923458123E-05  0.1021789185E-03
 0.1328585745E-03  0.1071775347E-03
 0.2382868429E-04 -0.7703843583E-04
 0.3508340024E-03  0.1576141540E-03
 0.2980188091E-03  0.1343148123E-03
 0.4814170729E-03  0.1831545203E-03
-0.2502298088E-03 -0.1301291128E-03
-0.1025695629E-03 -0.9306367286E-04
-0.1764898501E-03 -0.1216908106E-03
-0.5499599844E-04 -0.9308029330E-04
 0.2022824365E-03  0.1187770938E-03
 0.4495203648E-03  0.3151494716E-03
 0.5338890635E-03  0.3151992309E-03
 0.5307651665E-03  0.3745523957E-03
-0.4190124174E-03 -0.3221246654E-03
 0.6075674167E-03  0.2975887589E-03
 0.6554355061E-03  0.2609261826E-03
 0.7782516057E-03  0.3599581969E-03
-0.5228364948E-03 -0.2754586721E-03
 0.6210217160E-03  0.4422203541E-03
 0.8059278431E-03  0.4563872357E-03
 0.7123946818E-03  0.5115525614E-03
-0.5624510419E-03 -0.4231040163E-03
-0.5847078340E-03 -0.3627805118E-03
-0.4882614516E-03 -0.3735068610E-03
-0.4802471365E-03 -0.3124874673E-03
 0.6561418953E-03  0.3802859623E-03
 0.6629820931E-03  0.2085429319E-03
 0.6260286771E-03  0.1483626438E-03
 0.9171449276E-03  0.2298729272E-03
-0.4961601139E-03 -0.1041302327E-03
 0.5604849773E-03  0.9082313073E-04
 0.5097015039E-03  0.6203595014E-04
 0.8103888315E-03  0.2965827824E-04
-0.3729259613E-03  0.1591163610E-03
 0.1297283977E-02  0.2505605993E-03
 0.1319008899E-02  0.1164288263E-03
 0.1853739610E-02  0.2310511058E-03
-0.9668901487E-03  0.1176239354E-03
-0.6156037928E-03  0.1764467672E-03
-0.6896296872E-03 -0.3882297586E-04
-0.4257649530E-03  0.2524279204E-04
 0.8927753904E-03  0.1332611514E-03
 0.7920750210E-03  0.5666553456E-03
 0.1179893896E-02  0.6125594717E-03
 0.8332172131E-03  0.5644778738E-03
-0.6857363696E-03 -0.4253260706E-03
 0.1682209673E-02  0.5972569572E-03
 0.2261502294E-02  0.5075273294E-03
 0.2144294742E-02  0.6045006827E-03
-0.1370025484E-02 -0.1644699136E-03
 0.7924823601E-03  0.4117376821E-03
 0.1500997431E-02  0.4490625470E-03
 0.6069518649E-03 -0.9744047067E-04
-0.6199894154E-03  0.2784409038E-03
-0.1124219990E-02 -0.1030648849E-03
-0.6944694117E-03 -0.2468937855E-03
-0.9950705635E-03 -0.3722543237E-03
 0.1371039843E-02  0.6247765602E-03
-0.1313647632E-02 -0.6013957815E-04
-0.1092863222E-02 -0.3111709611E-03
-0.9499751656E-03 -0.1599926359E-03
 0.1613683638E-02  0.4157114533E-03
-0.8521416561E-03 -0.4304269222E-03
-0.6338947698E-03 -0.4540823769E-03
-0.7090351322E-03 -0.4087918879E-03
 0.9818495830E-03  0.5385803512E-03
-0.7071960374E-03 -0.2022448569E-03
-0.6652312954E-03 -0.3094313825E-03
-0.5315741691E-03 -0.2061077687E-03
 0.8734179527E-03  0.3089711395E-03
 0.1003397941E-02  0.4336476693E-03
 0.1181131306E-02  0.3636625702E-03
 0.1296999814E-02  0.5133553075E-03
-0.8501667223E-03 -0.3287350744E-03
-0.3701552056E-04 -0.3931615839E-03
 0.1671625569E-03  0.2980353101E-03
-0.2088187793E-03  0.3801665136E-03
-0.1517882591E-04 -0.3609926254E-03
 0.7792000949E-04 -0.5904492504E-03
 0.2332183527E-05 -0.6006924169E-03
 0.4243290537E-04 -0.4400045075E-03
 0.6483340678E-04  0.5116317106E-03
-0.7361652875E-04 -0.2398992530E-03
-0.1209096778E-03 -0.1407130698E-03
-0.1629167221E-03 -0.3577018734E-04
 0.9601840676E-04  0.2081252409E-03
-0.1227932381E-03 -0.1004624596E-02
 0.2265093144E-03 -0.3141098868E-04
-0.1407342982E-03  0.8658289946E-03
-0.5270569001E-04 -0.2265881931E-03
-0.2525021709E-03  0.3538551769E-03
-0.2154087926E-03  0.4450383442E-03
-0.2989685382E-03  0.4473705096E-03
 0.1193596043E-03 -0.2647103945E-03
-0.3468446137E-03  0.6988456652E-03
-0.2508054153E-03  0.7000226826E-03
-0.3088186523E-03  0.6120897184E-03
 0.1285555943E-03 -0.4792542458E-03
-0.2230075438E-03 -0.1147274492E-02
 0.3485624017E-03 -0.7807578868E-03
 0.1709324441E-03  0.6781418584E-03
-0.1979284652E-03  0.3874235536E-03
-0.1774954296E-03 -0.1288152915E-02
 0.3089890615E-03 -0.5172207160E-03
 0.3074846813E-04  0.9108026999E-03
-0.1366833609E-03  0.1206338297E-03
-0.3197243443E-03  0.6742607156E-03
-0.2077096486E-03  0.6826714609E-03
-0.2067205308E-03  0.5269572266E-03
 0.9608529962E-04 -0.4598906496E-03
-0.1927345491E-03  0.5114755274E-03
-0.9229820042E-04  0.5794780682E-03
-0.5568353677E-04  0.3719799491E-03
-0.6392342206E-05 -0.3627131960E-03
-0.3144233714E-03 -0.5830824314E-03
 0.2777351978E-03 -0.5382140362E-03
 0.3022768622E-03  0.1685288254E-03
-0.1919337521E-03  0.3802566120E-03
-0.6036162076E-04  0.3293756024E-03
 0.9111942052E-05  0.4606961354E-03
 0.6677482547E-04  0.2273400560E-03
-0.7371289242E-04 -0.2473973660E-03
-0.1234531476E-04  0.2106611154E-03
-0.4203155314E-04  0.4991112712E-03
 0.2327660947E-03  0.2087777278E-03
-0.1853384329E-03 -0.2071152613E-03
-0.2505599408E-03 -0.1130600148E-03
 0.1234507033E-03 -0.2714883114E-03
 0.1620745010E-03 -0.6124253426E-04
-0.5628652109E-04  0.2862148912E-03
-0.3517214981E-03 -0.3346628138E-03
 0.1700820826E-03 -0.3684753834E-03
 0.2738360035E-03  0.3286324216E-04
-0.1321535273E-03  0.3176215713E-03
-0.2668352401E-03 -0.8633738898E-03
 0.3485943168E-03 -0.7160888884E-03
 0.2616657278E-03  0.3781731744E-03
-0.2203195583E-03  0.4329704231E-03
 0.1522143964E-04 -0.9971618695E-04
 0.6904962436E-03 -0.1507372836E-03
-0.4978255010E-03  0.5071288280E-03
 0.2681532084E-03 -0.3656638944E-04
 0.2785673814E-03 -0.6828751029E-04
 0.2865542301E-03 -0.9007271174E-04
-0.2461894075E-03  0.1212071503E-03
 0.3714517523E-03  0.2118238735E-05
 0.3091744435E-03 -0.6830852473E-04
 0.2704755969E-03 -0.9914210321E-04
-0.2668559088E-03  0.9319265618E-04
-0.2690787091E-03  0.8450677562E-04
-0.3685683086E-03  0.5745660891E-04
-0.2292800419E-03  0.1708508636E-03
 0.2852092480E-03 -0.8562666741E-04
 0.2795192742E-03 -0.8747722135E-04
 0.2615904156E-03 -0.9198087233E-04
 0.2763516293E-03 -0.9829898845E-04
-0.2358576486E-03  0.1097687867E-03
 0.2291746237E-03 -0.8582606809E-04
 0.1863759794E-03 -0.7453304400E-04
 0.2204912558E-03 -0.8115833217E-04
-0.1813168345E-03  0.8490708517E-04
 0.2713524796E-03 -0.9787806479E-04
 0.2457227721E-03 -0.8777789225E-04
 0.2631188036E-03 -0.9221145193E-04
-0.2355409432E-03  0.9826646984E-04
-0.2138436517E-03  0.9207833460E-04
-0.2376903765E-03  0.1052888222E-03
-0.2137417828E-03  0.9970788527E-04
 0.2537997650E-03 -0.9262850884E-04
 0.2734449691E-03 -0.9582272541E-04
 0.2812828848E-03 -0.9988674769E-04
 0.2824342348E-03 -0.8404986639E-04
-0.2602203127E-03  0.1030435126E-03
 0.2811699096E-03 -0.9950372535E-04
 0.2711530244E-03 -0.9306035616E-04
 0.2740530928E-03 -0.9090126934E-04
-0.2515547567E-03  0.1005339174E-03
 0.2860856948E-03 -0.8914826470E-04
 0.2794102566E-03 -0.8978183794E-04
 0.2862207410E-03 -0.9191528319E-04
-0.2651685755E-03  0.9661189436E-04
-0.2576451083E-03  0.9751523806E-04
-0.2638331996E-03  0.9864142022E-04
-0.2578125989E-03  0.1060310261E-03
 0.2804178186E-03 -0.9244150215E-04
-0.2465269455E-03  0.1016482138E-03
-0.2561320470E-03  0.1117028972E-03
-0.2519054467E-03  0.1095297445E-03
 0.2813076677E-03 -0.1010624888E-03
-0.2580810713E-03  0.1177933508E-03
-0.2525712449E-03  0.1262091733E-03
-0.2644761497E-03  0.1086826567E-03
 0.2891658635E-03 -0.1019127481E-03
-0.2529385051E-03  0.1115789044E-03
-0.2620381472E-03  0.1071921716E-03
-0.2456598521E-03  0.1131342793E-03
 0.2855495940E-03 -0.9623235971E-04
 0.2977827459E-03 -0.9320150647E-04
 0.2878287878E-03 -0.1009140540E-03
 0.2908332098E-03 -0.1041340927E-03
-0.2614414422E-03  0.1139593062E-03
 0.3554345416E-04 -0.3504669094E-04
 0.3057136997E-03 -0.3576536403E-04
 0.1618338616E-03 -0.5047054570E-04
-0.1853344728E-03  0.1227334542E-04
 0.5847297497E-03 -0.1532139062E-03
 0.3122472700E-03 -0.4000448620E-04
 0.2512202622E-03 -0.8291766386E-05
-0.3457985596E-03  0.5810533855E-04
-0.2270980115E-03  0.1289124413E-03
-0.1488382436E-03  0.8977370668E-05
 0.1881368932E-03 -0.9392939803E-04
 0.2872565103E-03 -0.6311209551E-04
 0.2810015759E-03 -0.8188816462E-04
 0.2743834124E-03 -0.9179403149E-04
-0.2641190541E-03  0.9032947766E-04
 0.2870999516E-03 -0.9330797026E-04
 0.2892878833E-03 -0.9574469715E-04
 0.2880534956E-03 -0.1003620479E-03
-0.2711703488E-03  0.1007996889E-03
 0.2705660052E-03 -0.9933924168E-04
 0.2812019913E-03 -0.1031410240E-03
 0.2686741181E-03 -0.1033621428E-03
-0.2554990816E-03  0.1027984432E-03
-0.2661358536E-03  0.1037827414E-03
-0.2567235245E-03  0.1028145859E-03
-0.2676520864E-03  0.9888284732E-04
 0.2828229325E-03 -0.9836889739E-04
 0.1756602429E-03 -0.8515618250E-04
 0.2235502335E-03 -0.9392886500E-04
 0.1847680609E-03 -0.9896898894E-04
-0.1821498234E-03  0.1017026431E-03
 0.2521098262E-03 -0.1024838147E-03
 0.2767697918E-03 -0.1091861453E-03
 0.2375743097E-03 -0.1137074138E-03
-0.2366538482E-03  0.1061890479E-03
 0.1837578872E-03 -0.1015144763E-03
 0.2027152537E-03 -0.1126959783E-03
 0.1695761759E-03 -0.1143460335E-03
-0.1720946508E-03  0.1061821176E-03
-0.2005487940E-03  0.1076462878E-03
-0.1813631803E-03  0.1006876607E-03
-0.2114587800E-03  0.1023912127E-03
 0.2113707485E-03 -0.1074447035E-03
-0.2748469982E-03  0.1011340555E-03
-0.2553236268E-03  0.9189528019E-04
-0.2409538025E-03  0.9646831850E-04
 0.2914338208E-03 -0.9710268509E-04
-0.2398393274E-03  0.7367515564E-04
-0.2182036736E-03  0.3982037567E-04
-0.2598572386E-03  0.6497984494E-04
 0.2688549129E-03 -0.5629173019E-04
-0.2396365996E-03  0.9929475235E-04
-0.2060510161E-03  0.9087464080E-04
-0.2562489202E-03  0.7451935376E-04
 0.2531335288E-03 -0.8088167225E-04
 0.2288235034E-03 -0.6808816806E-04
 0.2530899566E-03 -0.8931706069E-04
 0.2705223247E-03 -0.7999803748E-04
-0.2242745901E-03  0.8112433016E-04
-0.2700851238E-03  0.9782536734E-04
-0.2691286746E-03  0.9644460648E-04
-0.2680520145E-03  0.9684527506E-04
 0.2884869771E-03 -0.9105121022E-04
-0.2649317088E-03  0.8560825813E-04
-0.2734799112E-03  0.6543462176E-04
-0.2509268695E-03  0.8642682992E-04
 0.2646358288E-03 -0.7165485325E-04
-0.2671072147E-03  0.8880363755E-04
-0.2748383847E-03  0.6799951977E-04
-0.2613055465E-03  0.8549200324E-04
 0.2861017204E-03 -0.6244169550E-04
 0.2823505730E-03 -0.7040788882E-04
 0.2878403720E-03 -0.8102477387E-04
 0.2821368088E-03 -0.8415077992E-04
-0.2652885671E-03  0.9168683556E-04
-0.3171682194E-03  0.3127123630E-04
-0.2667552762E-03 -0.1598523913E-03
-0.3100427551E-03  0.2902069277E-03
 0.5274095395E-03 -0.6531224036E-04
-0.2297834205E-03  0.1423280715E-03
-0.3080178050E-03  0.2727071552E-03
-0.2515038941E-03  0.4159438156E-06
 0.1373935951E-03 -0.7692646035E-04
-0.3065147154E-03 -0.2372517391E-03
 0.9290592180E-04 -0.5403944894E-04
 0.4288236557E-03  0.3003893159E-04
 0.2603464903E-03 -0.7937818175E-04
 0.3244412346E-03 -0.2557604700E-04
-0.2959537849E-03  0.5629982019E-04
 0.1656216530E-03 -0.8249991443E-04
 0.2235526977E-03 -0.5960217974E-04
 0.2899227485E-03 -0.6168675339E-04
-0.2565857731E-03  0.1226489902E-03
-0.2754959596E-03  0.2387621732E-04
-0.3453543953E-03 -0.2429032032E-05
-0.5832530958E-03 -0.1432076760E-03
 0.2239815566E-03  0.2558051768E-04
 0.1389336380E-03 -0.6306131019E-04
 0.9267018178E-04 -0.5476033674E-04
 0.1374455224E-03 -0.5521784584E-04
-0.9820259612E-04  0.5612081503E-04
 0.4923095577E-04 -0.5000521631E-04
 0.1472763107E-04 -0.5044418237E-04
 0.5787272883E-04 -0.3834859097E-04
-0.1721268728E-04  0.4185124061E-04
 0.1355549052E-03 -0.4761349824E-04
 0.1037209060E-03 -0.4118841957E-04
 0.1358236365E-03 -0.3553080543E-04
-0.1078462151E-03  0.3570113313E-04
-0.7057454193E-04  0.3801936501E-04
-0.1025379083E-03  0.4626695239E-04
-0.5937387299E-04  0.4780658624E-04
 0.9873786021E-04 -0.4637157297E-04
-0.2257193324E-04 -0.7305319504E-04
-0.2461291085E-03  0.2184717761E-04
 0.3131578143E-03  0.1241286699E-04
 0.4352164174E-04 -0.1346361405E-04
 0.1111656038E-03 -0.4062757068E-04
-0.2018046538E-03  0.1024777218E-03
 0.2025553780E-03 -0.8288476013E-04
-0.1328856583E-03 -0.4687294099E-06
-0.1634132648E-03  0.2798847443E-04
-0.4055005089E-04  0.8641848770E-05
-0.1629499429E-03  0.2293172364E-04
 0.1334935614E-03 -0.2145656484E-04
-0.2590491857E-04  0.4315400213E-04
 0.4945883863E-04  0.1721795190E-04
-0.7710016826E-04  0.2909282245E-04
 0.3388975201E-04 -0.3369978734E-04
 0.4321320444E-04 -0.4924571007E-04
-0.2509047528E-03  0.6761468016E-04
 0.2786837201E-03 -0.2032079866E-04
-0.3609659932E-04 -0.1518402671E-04
 0.1515182835E-03 -0.1198609674E-03
 0.1725610738E-03 -0.1216063944E-03
 0.1339664672E-03 -0.1195381899E-03
-0.1347706696E-03  0.1115896614E-03
 0.1921008717E-03 -0.1196932205E-03
 0.2104712300E-03 -0.1141539709E-03
 0.1736683414E-03 -0.1166281424E-03
-0.1749602541E-03  0.1070132945E-03
 0.1172774960E-03 -0.1168372108E-03
 0.1367484983E-03 -0.1162503308E-03
 0.1014120573E-03 -0.1126145342E-03
-0.1021580243E-03  0.1051127710E-03
-0.1380651304E-03  0.1073949188E-03
-0.1179563850E-03  0.1090453792E-03
-0.1557003983E-03  0.1109254576E-03
 0.1546277327E-03 -0.1199767297E-03
 0.2273675710E-03 -0.1052047605E-03
 0.2184677956E-03 -0.9480311571E-04
 0.2116088231E-03 -0.9785293581E-04
-0.2107248534E-03  0.8990941731E-04
 0.1606187147E-03 -0.9485587850E-04
-0.1137608553E-03  0.8541166152E-04
 0.8072398591E-04 -0.1054129273E-03
-0.1673558950E-03  0.7166466588E-04
 0.1328836620E-03 -0.1120668562E-03
-0.5875671239E-04  0.5359822660E-04
 0.1925830626E-04 -0.1100540472E-03
-0.1373231700E-03  0.8905975448E-04
-0.3307238878E-03  0.1128565933E-03
-0.1664088356E-03  0.6928236826E-04
-0.2373783904E-03  0.8613491024E-04
 0.2586824360E-03 -0.7648956072E-04
 0.8580826860E-04 -0.1078644451E-03
 0.9860907252E-04 -0.1061188560E-03
 0.7635265759E-04 -0.1013355541E-03
-0.7370279845E-04  0.9608495255E-04
 0.8768460664E-04 -0.1190883423E-03
-0.1243342820E-04  0.2188333012E-04
-0.2936955081E-04 -0.1045889666E-03
-0.8667336700E-04  0.9441797437E-04
 0.4106160799E-04 -0.1167718074E-03
 0.2473739740E-04 -0.6562660477E-05
-0.6319124372E-04 -0.9170247990E-04
-0.3747177169E-04  0.9114330317E-04
-0.1456173776E-03  0.1297228129E-03
-0.6450848852E-04  0.8269944107E-04
-0.8875272009E-04  0.9563313811E-04
 0.1142857856E-03 -0.8651798963E-04
-0.2502431611E-03  0.1285678817E-03
-0.1153359625E-03  0.8071902990E-04
-0.1701773398E-03  0.9678187124E-04
 0.1992487711E-03 -0.8772151424E-04
-0.1035098366E-03  0.9504007511E-04
-0.8733681600E-04  0.9995890451E-04
-0.1207646443E-03  0.1028079476E-03
 0.1198463792E-03 -0.1107418143E-03
-0.1730683288E-03  0.9274674310E-04
-0.1568465996E-03  0.1023560871E-03
-0.1930447249E-03  0.9983292037E-04
 0.1914175028E-03 -0.1097433791E-03
 0.1547531707E-03 -0.1122891236E-03
 0.1675785964E-03 -0.1063753820E-03
 0.1422306786E-03 -0.1049651870E-03
-0.1399561667E-03  0.9835974926E-04
-0.3817611097E-03  0.9320799032E-04
-0.1743175376E-03  0.4957730590E-04
-0.2827289768E-03  0.7007731132E-04
 0.2963219571E-03 -0.6138289676E-04
-0.2170198517E-03  0.8027527069E-04
-0.2289463534E-03  0.9453261879E-04
-0.2316947379E-03  0.8685863304E-04
 0.2355342991E-03 -0.9687225006E-04
-0.2429259901E-03  0.6505836992E-04
-0.2444417848E-03  0.7880310239E-04
-0.2528780855E-03  0.7211009326E-04
 0.2595941863E-03 -0.7951530765E-04
 0.2496770710E-03 -0.8819710899E-04
 0.2484281845E-03 -0.7743394597E-04
 0.2367176308E-03 -0.8047881188E-04
-0.2318987456E-03  0.7230829808E-04
-0.2114537472E-03  0.1039333387E-03
-0.1927098776E-03  0.1099520359E-03
-0.2286155060E-03  0.1069400943E-03
 0.2289441239E-03 -0.1166297187E-03
-0.1734568947E-03  0.1124147398E-03
-0.1533894098E-03  0.1114194580E-03
-0.1894244800E-03  0.1110287993E-03
 0.1894378033E-03 -0.1193048188E-03
-0.2443556636E-03  0.1084459370E-03
-0.2224900074E-03  0.1102852871E-03
-0.2596779604E-03  0.1075900971E-03
 0.2619913014E-03 -0.1157379758E-03
 0.2245121935E-03 -0.1179251279E-03
 0.2460916143E-03 -0.1173281119E-03
 0.2094310457E-03 -0.1202179803E-03
-0.2087849291E-03  0.1111077493E-03
-0.2608546659E-03  0.7876159521E-04
-0.2636196064E-03  0.9070242655E-04
-0.2666299524E-03  0.8566349830E-04
 0.2780079187E-03 -0.8908660039E-04
-0.2615033656E-03  0.9935318126E-04
-0.2519500297E-03  0.1027765762E-03
-0.2646480862E-03  0.1022635498E-03
 0.2781074816E-03 -0.1043383803E-03
-0.2697881077E-03  0.9189191773E-04
-0.2705590825E-03  0.1001415139E-03
-0.2708843101E-03  0.9628236997E-04
 0.2879577943E-03 -0.9657375791E-04
 0.2857164354E-03 -0.1009906460E-03
 0.2841894563E-03 -0.9365793864E-04
 0.2809365352E-03 -0.9894041025E-04
-0.2683234514E-03  0.9600445166E-04
 0.3006029384E-03 -0.1109055116E-03
 0.2718667638E-03 -0.1048898939E-03
 0.2842079293E-03 -0.1126738276E-03
-0.2816290311E-03  0.1037503127E-03
 0.2732309015E-03 -0.9612657094E-04
 0.2695111901E-03 -0.8433195293E-04
 0.2627176672E-03 -0.9246366737E-04
-0.2555694531E-03  0.8511002360E-04
 0.2662733469E-03 -0.1117641478E-03
 0.2495158244E-03 -0.1008245926E-03
 0.2472884109E-03 -0.1090194692E-03
-0.2475707652E-03  0.9909149231E-04
-0.2440922166E-03  0.9170423996E-04
-0.2651266522E-03  0.1021980863E-03
-0.2543801730E-03  0.9601281536E-04
 0.2619744246E-03 -0.1035665602E-03
-0.4259987110E-03 -0.2666856183E-04
-0.4761940203E-04  0.6950577101E-06
 0.2475619697E-03  0.6199144735E-04
 0.1711961581E-03 -0.6114114471E-05
-0.1712177878E-03  0.2633109374E-04
-0.1947616769E-03  0.3550029099E-04
-0.1720396419E-03  0.3048494037E-04
 0.1970694225E-03 -0.3245314168E-04
-0.4804716208E-03 -0.1523690659E-04
-0.1569287142E-03  0.1798358717E-04
-0.2147360773E-03  0.2164014777E-04
 0.3178758147E-03 -0.1764196879E-04
 0.2087014442E-03 -0.2767285928E-04
 0.4183480215E-03 -0.2547551560E-05
 0.2011735583E-03 -0.1993759528E-04
-0.1440174311E-03  0.1278383819E-04
-0.2213889900E-03  0.5199495585E-04
-0.2408186970E-03  0.6792654764E-04
-0.2243502192E-03  0.6232274126E-04
 0.2434030957E-03 -0.6304626087E-04
-0.2559165395E-03  0.8196253610E-04
-0.2657880788E-03  0.9243071803E-04
-0.2568225836E-03  0.8977734038E-04
 0.2771098578E-03 -0.8661437304E-04
-0.2311249727E-03  0.7529685656E-04
-0.2470901849E-03  0.8882503514E-04
-0.2394771568E-03  0.8914787244E-04
 0.2610963426E-03 -0.8214543496E-04
 0.2679458832E-03 -0.8332152255E-04
 0.2515581513E-03 -0.7175010067E-04
 0.2626536984E-03 -0.7646683926E-04
-0.2431960489E-03  0.7776519541E-04
-0.1453407699E-03  0.3880793913E-04
-0.1826647104E-03  0.5644538356E-04
-0.1459930793E-03  0.5083382892E-04
 0.1708636286E-03 -0.5110638282E-04
-0.2094346497E-03  0.7263489499E-04
-0.2304560247E-03  0.8797162837E-04
-0.2122173430E-03  0.8314006677E-04
 0.2372980172E-03 -0.7949418838E-04
-0.1437428025E-03  0.5990985055E-04
-0.1818187657E-03  0.7587467234E-04
-0.1414195912E-03  0.6926478764E-04
 0.1800445399E-03 -0.6761190923E-04
 0.2122397718E-03 -0.7406437415E-04
 0.1743214371E-03 -0.5996641440E-04
 0.2054851065E-03 -0.6516016351E-04
-0.1819571133E-03  0.6671071981E-04
 0.2531520818E-03 -0.8186753396E-04
 0.2295149881E-03 -0.6854396812E-04
 0.2429372744E-03 -0.6921079095E-04
-0.2226230835E-03  0.7486798882E-04
 0.2011177652E-03 -0.5510289159E-04
 0.1688069316E-03 -0.4400470732E-04
 0.2050276940E-03 -0.3926812546E-04
-0.1914604723E-03  0.4444663477E-04
 0.2307738910E-03 -0.5705804244E-04
 0.2085308866E-03 -0.4135150445E-04
 0.2181510242E-03 -0.4708728749E-04
-0.1994577406E-03  0.4494666704E-04
-0.1857771157E-03  0.4201848941E-04
-0.2099216829E-03  0.5925573501E-04
-0.2047814495E-03  0.6015730784E-04
 0.2228032855E-03 -0.5473611093E-04
 0.2848458360E-03 -0.9136595652E-04
 0.2741882481E-03 -0.8222702485E-04
 0.2819169337E-03 -0.8805330487E-04
-0.2654921857E-03  0.8692775678E-04
 0.2580421242E-03 -0.6983541007E-04
 0.2370334561E-03 -0.5589525555E-04
 0.2530329997E-03 -0.6253498988E-04
-0.2395688728E-03  0.5943390245E-04
 0.2768485376E-03 -0.8255256220E-04
 0.2645809706E-03 -0.6950835155E-04
 0.2694463343E-03 -0.7603061452E-04
-0.2596140009E-03  0.7256638486E-04
-0.2531896388E-03  0.6644354151E-04
-0.2637254671E-03  0.8016104793E-04
-0.2549827660E-03  0.7422060480E-04
 0.2702079552E-03 -0.7641073745E-04
 0.2100671514E-03 -0.4107730563E-04
 0.2008178431E-03 -0.3609415967E-04
 0.2096861651E-03 -0.3425139030E-04
-0.1967979657E-03  0.3030136853E-04
 0.1373234389E-03 -0.3996244859E-04
-0.2722307298E-03  0.1297047382E-03
 0.2296050702E-03 -0.7528958286E-04
-0.1501415436E-03  0.1501229561E-04
 0.1541529275E-03 -0.4540434100E-04
-0.2236076012E-03  0.1289944487E-03
 0.2310921259E-03 -0.5744337852E-04
-0.1695523789E-03  0.1837280200E-04
-0.3444791580E-03  0.5671380926E-04
-0.1362938400E-03  0.1256367297E-04
-0.2580972148E-03  0.2771751215E-04
 0.2589090562E-03 -0.2942406708E-04
 0.2595693218E-03 -0.6962295791E-04
 0.2511631257E-03 -0.5879144155E-04
 0.2483083303E-03 -0.6066536178E-04
-0.2421685922E-03  0.5546548452E-04
 0.1688679305E-03 -0.5371802192E-04
-0.2014413393E-03  0.1215127598E-03
 0.1905209445E-03 -0.7266358078E-04
-0.1802467260E-03  0.3103517654E-04
 0.1737665629E-03 -0.7265032685E-04
-0.1633417868E-03  0.1087126072E-03
 0.1402188017E-03 -0.9130182488E-04
-0.1828976272E-03  0.5036029315E-04
-0.3891086426E-03  0.7286451284E-04
-0.1752441303E-03  0.3170794589E-04
-0.2973511241E-03  0.5374244954E-04
 0.2989119398E-03 -0.4364613202E-04
-0.3638838591E-03  0.5797236604E-04
-0.1588138022E-03  0.1875880681E-04
-0.2885452514E-03  0.4310729200E-04
 0.2783664230E-03 -0.2974163159E-04
-0.2437605685E-03  0.5117759928E-04
-0.2520068359E-03  0.6416578988E-04
-0.2497205819E-03  0.5895447676E-04
 0.2578436039E-03 -0.6235168061E-04
-0.2244010000E-03  0.4065484865E-04
-0.2368541142E-03  0.5137877658E-04
-0.2223642826E-03  0.4541885315E-04
 0.2336299656E-03 -0.4933799601E-04
 0.2460871725E-03 -0.5456151290E-04
 0.2324484511E-03 -0.4537945167E-04
 0.2371329399E-03 -0.4360721614E-04
-0.2310727993E-03  0.4281562488E-04
 0.5855097731E-05  0.2938346036E-05
-0.3311369239E-05 -0.1967751790E-05
-0.5114602152E-05 -0.2436999581E-05
 0.3773113546E-05  0.1075570132E-05
-0.3650643411E-05 -0.1372630400E-05
-0.3648025381E-05 -0.1162605057E-05
-0.3878469563E-05 -0.1343162634E-05
 0.3631691924E-05  0.1370682900E-05
 0.5183746844E-05  0.3452991932E-05
-0.3495277070E-05 -0.2072346515E-05
-0.5551469107E-05 -0.1576681877E-05
 0.4094207078E-05  0.4586399752E-06
 0.2940443353E-05  0.1258394161E-05
 0.6464194138E-05  0.1391871610E-05
 0.4602337975E-05  0.1561942057E-05
-0.4596684176E-05 -0.1547822719E-05
-0.3780498401E-05 -0.1013362000E-05
-0.3861143918E-05 -0.8577870167E-06
-0.4065097085E-05 -0.1156182453E-05
 0.3807531114E-05  0.1208481883E-05
-0.3913190907E-05 -0.7380447866E-06
-0.3991105146E-05 -0.6868327239E-06
-0.4225892927E-05 -0.9040962692E-06
 0.3997169938E-05  0.9480293072E-06
-0.4370517498E-05 -0.1258911440E-05
-0.4457668630E-05 -0.1110366383E-05
-0.4705979969E-05 -0.1252687567E-05
 0.4453638595E-05  0.1414659741E-05
 0.4195097841E-05  0.1202036729E-05
 0.4135777946E-05  0.1344857881E-05
 0.3881281421E-05  0.1057934357E-05
-0.4140033428E-05 -0.1011561738E-05
 0.5416644829E-05  0.3163483952E-05
-0.4037325942E-05 -0.2025368818E-05
-0.6302044575E-05 -0.1492591342E-05
 0.4705805076E-05  0.6637626549E-06
-0.4896505751E-05 -0.1590654830E-05
-0.5000193420E-05 -0.1338397367E-05
-0.5336549433E-05 -0.1219942872E-05
 0.5259470399E-05  0.1656465850E-05
 0.7440883160E-05  0.3771963117E-05
-0.5517455486E-05 -0.1495000045E-05
-0.1023418570E-04 -0.1254525178E-06
 0.6443265978E-05  0.2422836902E-06
 0.4436076386E-05  0.1496358093E-05
 0.9033959917E-05  0.2183126006E-05
 0.6373972929E-05  0.1920708393E-05
-0.5798326075E-05 -0.1565300493E-05
 0.4772876853E-05  0.1600000958E-05
 0.4736122583E-05  0.1744148936E-05
 0.4436084097E-05  0.1538180551E-05
-0.4595877082E-05 -0.1375482612E-05
 0.3417265120E-05  0.1355826632E-05
 0.6667436996E-05  0.1629161744E-05
 0.5226623982E-05  0.1585902042E-05
-0.4875415575E-05 -0.1333830076E-05
 0.4068209621E-05  0.1490373259E-05
 0.3995396817E-05  0.1604912005E-05
 0.3737810107E-05  0.1344642197E-05
-0.3971352132E-05 -0.1288289756E-05
-0.4137883426E-05 -0.1596566221E-05
-0.4238860025E-05 -0.1394823676E-05
-0.4378513071E-05 -0.1365294178E-05
 0.4340604325E-05  0.1539998809E-05
-0.4190317639E-05 -0.7440326397E-06
-0.4643471093E-05 -0.9393972658E-06
-0.4668028286E-05 -0.9140012387E-06
 0.4481109308E-05  0.9833371576E-06
-0.5397925476E-05 -0.1207279330E-05
-0.6307132919E-05 -0.7693126818E-06
-0.5053521811E-05 -0.6101843028E-06
 0.5169410514E-05  0.9376340881E-06
-0.4761176558E-05 -0.8035963243E-06
-0.4695239929E-05 -0.6011820533E-06
-0.4840765980E-05 -0.5792423675E-06
 0.4961847465E-05  0.9487690770E-06
 0.4893209261E-05  0.9010563068E-06
 0.4703151666E-05  0.1005846923E-05
 0.4835851762E-05  0.1057577450E-05
-0.4987375091E-05 -0.9384818038E-06
-0.4796296478E-05  0.8460204060E-06
 0.6884942663E-06  0.1489478044E-06
-0.1208422488E-05  0.9070073513E-06
 0.3528159886E-05 -0.2655379629E-05
-0.5868420458E-05 -0.2389047086E-05
-0.2143621322E-04 -0.8020707938E-05
-0.1757607551E-04 -0.1464360149E-05
 0.1719673584E-04  0.8000123436E-05
 0.2178974460E-04  0.1134732126E-04
 0.7639131903E-05  0.1684876290E-05
 0.1743988493E-05 -0.3102416282E-05
 0.1112138063E-07 -0.2292830195E-05
-0.5833801789E-05 -0.3343230651E-06
-0.7194011807E-05 -0.4304231820E-06
-0.8639802641E-05  0.2921131408E-06
 0.8187243144E-05  0.1192956260E-05
-0.1016157202E-04 -0.7746668021E-06
-0.1590596349E-04 -0.6475731107E-06
-0.1500024373E-04  0.6415894306E-06
 0.1370796521E-04  0.2061849262E-05
-0.1343769129E-04  0.1688083951E-05
-0.1608282193E-04  0.2139836945E-05
-0.2081836292E-04  0.3705125690E-05
 0.2075861358E-04  0.4128680393E-06
 0.1631914631E-04  0.1012858043E-05
 0.1276069374E-04  0.9557543540E-06
 0.1055872875E-04  0.1567963855E-05
-0.1144215018E-04  0.4078047563E-06
 0.1336185158E-04  0.3188586611E-05
 0.9069949367E-05  0.1949832031E-05
 0.8188462444E-05  0.2219503342E-05
-0.8410186909E-05 -0.1621609149E-05
 0.7004274340E-05  0.1322884440E-05
 0.5833941414E-05  0.1046080697E-05
 0.5271367982E-05  0.8948064348E-06
-0.4977027822E-05 -0.4927949818E-06
 0.4614733265E-05  0.5606647177E-07
 0.4763356697E-05  0.5008803401E-06
 0.4832977982E-05 -0.3265706910E-06
-0.3833734947E-05  0.3701667107E-06
-0.4256543524E-05 -0.2706228134E-06
-0.3878201851E-05 -0.4247310053E-06
-0.5723141623E-05 -0.7384491270E-06
 0.5952426020E-05  0.1041451740E-05
-0.3624519386E-04  0.5764412171E-05
-0.4868383329E-04  0.6394750222E-05
-0.6869180710E-04  0.5029149141E-05
 0.5514343446E-04 -0.1491243876E-05
-0.8999638117E-04  0.6591480628E-05
-0.1279719588E-03  0.3740548213E-06
-0.8606248544E-04 -0.2781920749E-05
 0.8715667231E-04 -0.1687821606E-05
-0.6689359419E-04 -0.2396975439E-05
-0.5926388739E-04 -0.4300076144E-05
-0.4490069021E-04 -0.5518471872E-05
 0.5190134498E-04  0.4640946559E-06
 0.6657525289E-04 -0.1255184236E-05
 0.7064500355E-04 -0.1657949350E-05
 0.8006345107E-04 -0.2872833556E-05
-0.8266822932E-04  0.1264640098E-05
-0.8709312404E-04  0.1087897143E-04
-0.8962512529E-05  0.6312949029E-05
 0.6521027248E-04 -0.2678167368E-04
 0.3205998008E-05  0.3703483903E-05
-0.8602869747E-04 -0.2495911124E-04
 0.8059223867E-04  0.3515872856E-04
 0.1938456261E-04 -0.1147485684E-04
-0.3040453615E-04 -0.6569577831E-05
-0.2900938611E-04 -0.7621386556E-05
-0.2819222415E-04 -0.9087986969E-05
 0.3064111249E-04  0.6888615546E-05
-0.3671536897E-04 -0.1169322693E-04
-0.5260705881E-04 -0.1707800181E-04
-0.3587012557E-04 -0.1335959828E-04
 0.3642733031E-04  0.1228343678E-04
-0.2675360952E-04 -0.1089632035E-04
-0.2634698971E-04 -0.1118681460E-04
-0.2134116230E-04 -0.9700800493E-05
 0.2158197650E-04  0.9350083085E-05
 0.2700607028E-04  0.1013123811E-04
 0.2791697225E-04  0.9510363772E-05
 0.3366667779E-04  0.9722419728E-05
-0.3199564669E-04 -0.1158910838E-04
 0.5234203838E-04  0.1969353688E-04
 0.3943830800E-04  0.1040322388E-04
 0.4110557872E-04  0.9867738069E-05
-0.3490517951E-04 -0.1025267514E-04
 0.3299646738E-04  0.5087919546E-05
 0.3531224491E-04  0.3009875057E-05
 0.4015143883E-04  0.1442633349E-06
-0.3221404337E-04 -0.4764850551E-05
 0.2464677755E-04 -0.6518276452E-05
 0.4834379180E-04 -0.3439635686E-05
 0.6629731058E-04 -0.5659035698E-05
-0.5322109923E-04 -0.1670088606E-05
-0.3598785288E-04 -0.2955134729E-05
-0.9046845778E-05  0.4809907778E-06
-0.2437458102E-04 -0.4844494549E-05
 0.3155146337E-04  0.1616621260E-05
 0.1634112779E-03 -0.2929626708E-04
 0.1134819946E-03  0.4348765722E-06
 0.6439697907E-04  0.7872238043E-06
 0.5114324098E-04  0.4326909980E-05
-0.5726578888E-04  0.6944016483E-05
 0.4489181729E-04 -0.6993661441E-08
 0.3494012272E-04 -0.1327287565E-06
 0.2562153294E-04  0.4058575058E-06
-0.2404175667E-04  0.4448517322E-05
 0.1831562475E-04 -0.5857065333E-06
 0.1842670905E-04  0.5291481610E-06
 0.1528891608E-04  0.1784565284E-05
-0.1399978998E-04  0.1127349459E-05
-0.1499950408E-04  0.2559176736E-05
-0.5631368007E-05  0.3010987347E-05
-0.2975274741E-04  0.5419953534E-05
 0.3152618585E-04  0.7782002811E-06
 0.1923286966E-04  0.1934048690E-05
 0.1391846847E-04  0.6743084350E-05
-0.2910309504E-04 -0.4075729394E-05
-0.1806871546E-04  0.2179913503E-05
-0.8171123818E-06 -0.1740308543E-05
 0.2142730947E-05  0.3438527905E-05
 0.7662739456E-05 -0.3412592914E-05
 0.2362026054E-05  0.6829242007E-05
-0.1934229404E-03  0.2462838539E-04
 0.2154502469E-03  0.1010255193E-04
 0.6957836923E-04 -0.5997786342E-05
 0.1780083543E-04  0.1047653479E-04
-0.2417872882E-04 -0.8538564976E-05
-0.1649382038E-04 -0.5487779917E-05
 0.2327931586E-04  0.6838392879E-05
-0.2403831206E-04 -0.9035247969E-05
-0.2247353823E-04 -0.9004232483E-05
-0.2113102113E-04 -0.8913507561E-05
 0.2128686819E-04  0.8216246495E-05
 0.1123113190E-04  0.6836825507E-05
-0.1905492804E-04 -0.9408859437E-05
-0.1097527460E-04 -0.5341362404E-05
 0.1841431446E-04  0.7791837810E-05
 0.1829728337E-04  0.7759343070E-05
 0.3272736406E-04  0.1257985532E-04
 0.2499233107E-04  0.8477365394E-05
-0.2455919521E-04 -0.9316536621E-05
-0.2149017232E-04 -0.9151578232E-05
-0.2097316351E-04 -0.9416489225E-05
-0.1963140070E-04 -0.9279446678E-05
 0.1964416893E-04  0.8851540628E-05
-0.2039338194E-04 -0.9560025481E-05
-0.1900261761E-04 -0.9069531632E-05
-0.1794782142E-04 -0.8958108734E-05
 0.1773301174E-04  0.8788419088E-05
-0.1819003136E-04 -0.9210264839E-05
-0.1747982848E-04 -0.9035786154E-05
-0.1726869348E-04 -0.9109264578E-05
 0.1686688052E-04  0.8989437123E-05
 0.1716718572E-04  0.8874560191E-05
 0.1792650842E-04  0.8978644946E-05
 0.1889404679E-04  0.8995085417E-05
-0.1896743860E-04 -0.9299497771E-05
 0.7274824440E-05  0.4730788995E-05
-0.1734743649E-04 -0.9891847190E-05
-0.7575898277E-05 -0.5628859064E-05
 0.1680430871E-04  0.8063975226E-05
-0.1756311320E-04 -0.9251322856E-05
-0.1720518468E-04 -0.9196945001E-05
-0.1749495759E-04 -0.9004618773E-05
 0.1674695036E-04  0.9084945999E-05
 0.4488287251E-05  0.3366838314E-05
-0.1692755174E-04 -0.1035828702E-04
-0.5112238998E-05 -0.6138729107E-05
 0.1640894538E-04  0.8233187057E-05
 0.1647562385E-04  0.8343574807E-05
 0.2716206751E-04  0.1371731821E-04
 0.1793219638E-04  0.9338124440E-05
-0.1936885254E-04 -0.8450766114E-05
 0.1674728846E-04  0.9075433964E-05
 0.1717147327E-04  0.8960050846E-05
 0.1741301949E-04  0.8986158661E-05
-0.1781493640E-04 -0.9128523792E-05
 0.1672157203E-04  0.8154872973E-05
 0.2846128915E-04  0.1336131273E-04
 0.1990420661E-04  0.9122591231E-05
-0.2067698789E-04 -0.8787940740E-05
 0.1857336172E-04  0.8894859664E-05
 0.1912621224E-04  0.8688241649E-05
 0.2028224853E-04  0.8561209854E-05
-0.2022470275E-04 -0.9119976009E-05
-0.1931947149E-04 -0.9188184772E-05
-0.1878039350E-04 -0.9206830331E-05
-0.1842825902E-04 -0.8966066380E-05
 0.1798334482E-04  0.8851880307E-05
 0.1894146320E-04  0.8908129597E-05
 0.2058685014E-04  0.9121575729E-05
 0.2346354777E-04  0.9329108050E-05
-0.2281261343E-04 -0.1009020292E-04
 0.2129601980E-04  0.8765026061E-05
 0.2188270136E-04  0.8294994309E-05
 0.2421886703E-04  0.7721479973E-05
-0.2323968306E-04 -0.9047935723E-05
 0.2707871417E-04  0.7970149157E-05
 0.2733878728E-04  0.6729878081E-05
 0.3114146469E-04  0.5170264054E-05
-0.2808220648E-04 -0.7944344054E-05
-0.2552719713E-04 -0.8716632224E-05
-0.2557135660E-04 -0.9580321628E-05
-0.2294294321E-04 -0.9566146658E-05
 0.2379488753E-04  0.8530028204E-05
 0.2295348092E-04  0.7906053492E-05
 0.2455202021E-04  0.7613541150E-05
 0.2811004503E-04  0.6738162226E-05
-0.2658113563E-04 -0.8792110106E-05
 0.2359433670E-04  0.6367740855E-05
 0.4482039131E-04  0.9844170353E-05
 0.3815167351E-04  0.5897985850E-05
-0.3443081838E-04 -0.9351994054E-05
 0.3608597655E-04  0.4865220035E-05
 0.3833317216E-04  0.3977316352E-05
 0.4566896549E-04  0.1728941892E-05
-0.4132174112E-04 -0.5611497369E-05
-0.3580442785E-04 -0.7194699692E-05
-0.3331033493E-04 -0.7981082533E-05
-0.2896281455E-04 -0.8480033857E-05
 0.3109976751E-04  0.6039182439E-05
 0.4191225942E-04  0.2454210105E-05
 0.4809243376E-04  0.1920505184E-05
 0.5877792264E-04  0.1875143142E-07
-0.5325248480E-04 -0.4753379652E-05
 0.5169761758E-04  0.9834796790E-06
 0.5244067341E-04 -0.3736568292E-06
 0.5774587441E-04 -0.2352154231E-05
-0.5452477827E-04 -0.6656859090E-07
 0.6617052224E-04 -0.2735169323E-05
 0.5943335777E-04 -0.3613762963E-05
 0.4465979020E-04 -0.9973078040E-06
-0.5585241431E-04  0.7145943882E-05
-0.5862770714E-04  0.3613031688E-05
-0.6453719826E-04  0.7317812787E-06
-0.5590853650E-04 -0.2673847510E-05
 0.6013152529E-04 -0.1043081137E-05
-0.4811556970E-04 -0.3229673630E-05
-0.4688908898E-04 -0.5218888675E-05
-0.3917770813E-04 -0.6944264769E-05
 0.4331866588E-04  0.3007863630E-05
-0.4292395619E-04 -0.6428958571E-05
-0.3667564252E-04 -0.6715823888E-05
-0.3129270907E-04 -0.7778049581E-05
 0.3485193249E-04  0.4432370482E-05
-0.3027911422E-04 -0.8384109499E-05
-0.2738943413E-04 -0.8479133077E-05
-0.2451258547E-04 -0.8851044690E-05
 0.2573833980E-04  0.7179189318E-05
 0.2958348448E-04  0.6046596528E-05
 0.3280661194E-04  0.5527966857E-05
 0.3941820148E-04  0.3850124518E-05
-0.3552530981E-04 -0.7623609898E-05
 0.2717946987E-04 -0.2417999693E-06
 0.2108227273E-04 -0.2169036108E-06
 0.1618002881E-04  0.3977052670E-06
-0.1705873099E-04  0.3009266207E-05
 0.1618849818E-04 -0.2106760445E-06
 0.1265236857E-04 -0.1163407683E-06
 0.9824667096E-05  0.4099112118E-06
-0.1090007955E-04  0.1862047309E-05
 0.9868166946E-05  0.8385196535E-06
 0.7837544289E-05  0.7779040500E-06
 0.6593706917E-05  0.9903752353E-06
-0.6934909932E-05  0.1439326358E-06
-0.8541821112E-05  0.8970190109E-06
-0.1061229976E-04  0.1282214991E-05
-0.1355661315E-04  0.2425352700E-05
 0.1250557730E-04  0.3782869818E-06
 0.1028779869E-04  0.8697861763E-07
 0.9584287112E-05  0.7579820152E-06
 0.7537197871E-05  0.8717672321E-06
-0.8472357542E-05  0.6049714187E-06
 0.6114070481E-05  0.6339848526E-06
 0.1435865988E-04  0.2401780587E-05
 0.9220872556E-05  0.1892728557E-05
-0.8279572654E-05 -0.1179653263E-05
 0.5950172273E-05  0.1327038800E-05
 0.6110131680E-05  0.1723596558E-05
 0.5311398151E-05  0.1542972238E-05
-0.5639439122E-05 -0.1063921436E-05
-0.6659953695E-05 -0.1042077748E-05
-0.6556227442E-05 -0.4315644731E-06
-0.7570775185E-05  0.1352404065E-06
 0.7093677538E-05  0.1114070693E-05
 0.5222644542E-05  0.1004050489E-05
 0.4903937831E-05  0.1091239230E-05
 0.4711503690E-05  0.1031319675E-05
-0.4808671528E-05 -0.7283597659E-06
 0.4781362629E-05  0.1248374827E-05
 0.4778068466E-05  0.1432574422E-05
 0.4479502636E-05  0.1273273289E-05
-0.4766433682E-05 -0.1083641097E-05
 0.4480667096E-05  0.1047255698E-05
 0.4299992585E-05  0.1099019666E-05
 0.4188048262E-05  0.9203021423E-06
-0.4387136326E-05 -0.8734506878E-06
-0.4550075677E-05 -0.9871649245E-06
-0.4670734973E-05 -0.8970056815E-06
-0.4793519718E-05 -0.8999200686E-06
 0.4561330281E-05  0.1141545902E-05
-0.5103484063E-05 -0.1132056325E-05
-0.5108080146E-05 -0.8669126360E-06
-0.5664793784E-05 -0.7307775038E-06
 0.5240547862E-05  0.1311160173E-05
-0.5136366151E-05 -0.6196292495E-06
-0.5314255866E-05 -0.4251490014E-06
-0.6122328193E-05 -0.8809925592E-07
 0.5775230103E-05  0.9882517729E-06
-0.6845523505E-05  0.5066763173E-08
-0.7385054870E-05  0.4778368328E-06
-0.9232702378E-05  0.1292332504E-05
 0.8212858481E-05  0.5492099201E-06
 0.6720291306E-05  0.8537314887E-06
 0.6153744296E-05  0.1054787433E-05
 0.5343549531E-05  0.1112223562E-05
-0.5771818039E-05 -0.3938399485E-06
 0.1312810273E-04  0.5901319851E-05
-0.9210841507E-05  0.1204539265E-05
-0.1927239891E-04  0.3156185244E-05
 0.1008539791E-04 -0.1918751826E-05
-0.1141656522E-04  0.1263196371E-05
-0.1187808440E-04  0.2402364305E-05
-0.1435336755E-04  0.3677066620E-05
 0.1315907343E-04 -0.8755220110E-06
 0.2355383798E-04  0.1074032618E-04
-0.1780119926E-04  0.6547807800E-05
-0.3183016806E-04  0.6255149033E-05
 0.1829099738E-04 -0.6265547038E-05
 0.1129361378E-04 -0.2135099394E-05
 0.2626031095E-04  0.7941096192E-06
 0.1618180971E-04  0.5584210458E-06
-0.1479861539E-04  0.7096977957E-06
-0.1425689520E-04  0.3025004876E-05
-0.1778805766E-04  0.3721205599E-05
-0.2304632678E-04  0.4907301115E-05
 0.2088097077E-04 -0.1025094264E-05
-0.2258608971E-04  0.4336997986E-05
-0.2856611817E-04  0.4981001822E-05
-0.3577509739E-04  0.5964518853E-05
 0.3418984303E-04 -0.1165834507E-05
-0.4254308769E-04  0.7099622885E-05
-0.5030155714E-04  0.5868656937E-05
-0.5029350276E-04  0.2536070456E-05
 0.5203229717E-04 -0.3445532897E-05
 0.4156596696E-04 -0.2141411445E-05
 0.3380573273E-04 -0.1841363159E-05
 0.2721596831E-04 -0.1002958834E-05
-0.2905701670E-04  0.5429261550E-05
 0.3283985083E-04  0.1645061527E-04
-0.3623124643E-04  0.6426346265E-05
-0.3492415038E-04  0.8768175378E-06
 0.3710681560E-04 -0.6113876490E-05
-0.4493584425E-04  0.1328599433E-05
-0.4687427287E-04 -0.7478316778E-06
-0.4132336491E-04 -0.3504885371E-05
 0.4615204719E-04 -0.1203718090E-06
 0.2780837634E-04  0.1548544584E-04
-0.3362018799E-04 -0.3991301043E-05
-0.2565218683E-04 -0.4839573481E-05
 0.3307891261E-04  0.2652136500E-05
 0.3328178547E-04  0.1552818165E-05
 0.6105611551E-04  0.1998297796E-05
 0.5270308939E-04 -0.7066756948E-06
-0.4508646733E-04 -0.4139538739E-05
 0.5005006482E-04 -0.1774938384E-05
 0.4605963506E-04 -0.2695339806E-05
 0.4612965895E-04 -0.4139677384E-05
-0.4541370506E-04  0.4547190426E-05
 0.3181148955E-04 -0.5185146885E-05
 0.4754915503E-04 -0.2884522000E-05
 0.3271293048E-04 -0.2043834869E-05
-0.2822327533E-04  0.2758873310E-05
 0.2574363439E-04 -0.1975796987E-05
 0.2099443879E-04 -0.1382430080E-05
 0.1652066322E-04 -0.8588806341E-06
-0.1840991116E-04  0.4155865322E-05
-0.2419288009E-04  0.4927587020E-05
-0.2762428156E-04  0.5906661312E-05
-0.3770132599E-04  0.6552270636E-05
 0.3127805022E-04 -0.3424419195E-05
 0.1757343561E-05  0.2343455722E-04
-0.1148568561E-04  0.1577744194E-04
 0.1972757829E-04 -0.1997927913E-04
-0.9141506002E-05 -0.2164481236E-04
-0.2572564391E-05  0.2764427681E-04
-0.2876945190E-05  0.3349208143E-04
-0.2650876573E-05  0.2582061084E-04
-0.3138214318E-05 -0.3182303343E-04
 0.8473147661E-05  0.4513812609E-04
-0.7200080197E-05  0.3136725325E-05
 0.2634386506E-04 -0.4235844407E-04
-0.9877064972E-05 -0.1983887656E-04
-0.1194607435E-04 -0.2643498942E-04
-0.1654167659E-04 -0.3250187315E-04
-0.5454646301E-05 -0.3189686216E-04
 0.2388246026E-05  0.2954800859E-04
-0.2453709153E-05  0.4336528582E-04
-0.2763444082E-05  0.5767940826E-04
-0.4893073449E-05  0.4024005809E-04
 0.1118816645E-05 -0.4954128192E-04
-0.3116573844E-05  0.7974202531E-04
-0.3606378165E-05  0.1160353585E-03
-0.1178461170E-04  0.7162721652E-04
 0.9138368188E-05 -0.9337120749E-04
-0.6358386644E-05  0.2824753197E-04
-0.1022038713E-04  0.3428059542E-04
-0.6125808577E-05  0.1181752143E-04
 0.1385167323E-04 -0.2734298251E-04
 0.1406649913E-04 -0.5762725728E-04
 0.7198736143E-05 -0.4417676921E-04
 0.3768296383E-05 -0.6653919763E-04
-0.7311347913E-05  0.5293882087E-04
-0.4065365839E-05  0.1813184145E-03
-0.2463062575E-05  0.3151537019E-03
-0.3985505983E-04  0.1433854565E-03
 0.5287658031E-04 -0.2210546310E-03
 0.1510049694E-04  0.6500437299E-03
 0.3325078761E-04  0.1725443599E-02
-0.1874496242E-03  0.2531026667E-03
 0.5362006507E-03 -0.7738303988E-03
-0.5446310734E-04  0.2944692823E-04
-0.9524144821E-04 -0.4194934048E-04
-0.4130435633E-04 -0.7481620371E-04
 0.1549379355E-03  0.4096906702E-04
 0.3015604743E-03 -0.1358640089E-03
 0.1245282285E-03 -0.1345606725E-03
 0.1519218392E-03 -0.3898117074E-03
-0.8183495585E-04  0.2063560418E-03
-0.4805467119E-05 -0.3970605374E-05
-0.7916993223E-05 -0.1238670869E-04
-0.4036294316E-05 -0.1382558443E-04
 0.2173856446E-04  0.1327490167E-04
-0.1245299831E-04 -0.2848711479E-04
-0.1821396526E-04 -0.5864872643E-04
-0.1028482942E-04 -0.4044670544E-04
 0.4979853068E-04  0.5509562331E-04
-0.4832369913E-05 -0.1867368509E-04
-0.7791936227E-05 -0.2795741743E-04
-0.6812693858E-05 -0.2045657448E-04
 0.2256324706E-04  0.2697549298E-04
 0.3227126159E-04  0.3896763987E-04
 0.2263292296E-04  0.2351996574E-04
 0.3320502360E-04  0.2787275626E-04
-0.6765654254E-05 -0.2404411001E-04
 0.8414300039E-04  0.6724521981E-04
 0.5122819821E-04  0.2202337108E-04
 0.8136943958E-04 -0.1674070171E-04
-0.2669906128E-04 -0.2131741607E-04
 0.3106340023E-04  0.2704763930E-05
 0.1896186469E-04 -0.5376515199E-05
 0.2444150445E-04 -0.3065825746E-04
-0.9969290269E-05  0.9045115305E-05
 0.5657568884E-04 -0.1033673895E-03
 0.2761805052E-04 -0.7671425469E-04
 0.2129122418E-04 -0.1384751638E-03
-0.2068213598E-04  0.9988784058E-04
-0.1713982156E-04  0.4030765839E-04
-0.3017052850E-04  0.4292884457E-04
-0.1637231173E-04  0.6512706122E-06
 0.4391478900E-04 -0.3037674806E-04
-0.2350832685E-02  0.5160231564E-02
-0.1349724037E+00 -0.5825099200E-01
-0.2694112950E-02 -0.4294398916E-02
 0.1251340914E-01  0.3733335975E-02
-0.7061345946E-03  0.3700241211E-03
 0.1526556398E-04 -0.2207636468E-03
 0.4724361453E-03 -0.6914277955E-03
-0.2208153893E-03  0.1925847590E-03
-0.1350618807E-04 -0.1441458499E-03
-0.3746993704E-03  0.8247634338E-03
-0.6949995594E-03 -0.5011295381E-03
-0.1983084710E-02  0.9010238672E-02
 0.5411103776E-02 -0.5320610867E-01
-0.2818015620E-03  0.5436836634E-03
-0.3396313512E-04  0.5151226662E-06
-0.3076983780E-04  0.1710214399E-04
-0.2777060637E-05  0.2554772910E-04
-0.3188698778E-05  0.3096873123E-04
-0.2003869777E-04  0.2691678151E-06
 0.3936911823E-05 -0.1985054881E-04
 0.1990196495E-04 -0.1066671175E-03
 0.1452626692E-04 -0.1171903377E-03
-0.4006966499E-04  0.1753926642E-04
-0.3420889378E-04 -0.6531501952E-04
-0.4905036409E-04 -0.3104443224E-04
-0.2264155566E-04 -0.3588295017E-04
-0.4035027366E-04  0.8248121052E-04
-0.4744421736E-04 -0.2497769928E-04
-0.3241598130E-04 -0.1735593100E-04
-0.3089454023E-04 -0.1605730574E-04
-0.1729680462E-05  0.3337806479E-04
-0.1542483446E-04 -0.2207975721E-04
-0.2016509634E-04 -0.1317818602E-04
-0.1167483095E-04 -0.1537962859E-04
-0.9309698337E-05  0.2619967163E-04
-0.7926211372E-05  0.2660595356E-04
-0.1944026336E-04  0.4375427831E-04
-0.1879961155E-04  0.4141871797E-04
-0.2995492206E-04 -0.2058625086E-04
 0.2104107742E-05  0.2532467133E-04
-0.6695155140E-05  0.4814044900E-04
-0.3792631425E-05  0.8648488921E-05
-0.3493862805E-04 -0.1733220691E-04
-0.4816766095E-04  0.5320195512E-04
-0.9765323998E-04  0.1937747485E-03
-0.1522990545E-03 -0.1193034936E-04
-0.9207454177E-04 -0.2453267391E-04
 0.1004154769E-04 -0.8288731936E-04
 0.1344373363E-04 -0.7656581596E-05
 0.2475417386E-04 -0.5074516650E-04
-0.2317819560E-03  0.1827399993E-04
-0.1970532348E-04 -0.1182498408E-05
-0.8632102799E-04 -0.2955679793E-04
-0.1179550985E-04  0.5420674369E-04
-0.8613077265E-05 -0.2245087826E-04
-0.1075760046E-04 -0.3018444608E-04
-0.9118733994E-05 -0.2539464856E-04
 0.1949086246E-04  0.2879353369E-04
-0.1171828160E-04 -0.3885561399E-04
-0.1093771483E-04 -0.4569981548E-04
-0.1013995016E-04 -0.3974122877E-04
 0.2007586880E-04  0.4924242256E-04
-0.7847098892E-05 -0.3143335062E-04
-0.8958402937E-05 -0.3798284086E-04
-0.6603135017E-05 -0.3832665483E-04
 0.1312270552E-04  0.3565354275E-04
 0.1647709264E-04  0.3988955992E-04
 0.1627514054E-04  0.3138598714E-04
 0.2127685674E-04  0.3883115095E-04
-0.1015264949E-04 -0.3320698727E-04
-0.8498088739E-05 -0.4740142334E-04
-0.6150954837E-05 -0.4205611994E-04
-0.7025983639E-05 -0.4184813610E-04
 0.7631455827E-05  0.5598963921E-04
-0.5603505665E-05 -0.3159879068E-04
-0.7191241360E-05 -0.2053673506E-04
-0.5838204199E-05 -0.2653964613E-04
-0.2405968184E-05  0.3382706987E-04
-0.6213905132E-05 -0.3999792431E-04
-0.6302080893E-05 -0.3327973464E-04
-0.7096850119E-05 -0.3976148031E-04
 0.4869459246E-05  0.4019744580E-04
 0.1758184772E-05  0.3714779670E-04
 0.5119596871E-05  0.4570361689E-04
 0.9525393640E-06  0.4717814336E-04
-0.5747850015E-05 -0.3568402741E-04
-0.7469768644E-06 -0.4677225618E-04
-0.1306891641E-04 -0.5235814817E-04
-0.1178275046E-04 -0.3687800930E-04
 0.9978836020E-05  0.5270140154E-04
-0.6522730733E-06 -0.5144343876E-04
-0.1298441279E-04 -0.4993970041E-04
-0.1116265076E-04 -0.4000844038E-04
 0.7951762246E-05  0.5488394144E-04
-0.6406047598E-05  0.3458134299E-04
 0.1642459395E-04  0.3264174081E-04
 0.8736590301E-05  0.4313762331E-04
-0.5576094853E-05 -0.1377358277E-04
 0.7480432139E-05  0.4453942375E-04
 0.7953591484E-05  0.4642036880E-04
 0.7419726265E-05  0.4510735271E-04
-0.6789579500E-05 -0.4727202192E-04
 0.1030564644E-04  0.4540654912E-04
 0.1000226526E-04  0.4126676436E-04
 0.1235757589E-04  0.4204439862E-04
-0.7964587074E-05 -0.4591502358E-04
 0.9968800437E-05  0.4929035532E-04
 0.1411915971E-04  0.4679301981E-04
 0.1506141908E-04  0.5634919021E-04
-0.8850808449E-05 -0.4337903822E-04
-0.8229639989E-05 -0.4224232747E-04
-0.7650011159E-05 -0.4300026359E-04
-0.7292458474E-05 -0.4477788440E-04
 0.1036081951E-04  0.4570558917E-04
-0.6720431003E-05  0.2964811655E-04
-0.5570996456E-05  0.4771164676E-04
-0.1355307034E-04  0.4604866583E-04
-0.7747280516E-05 -0.2682531890E-04
 0.2045004534E-05  0.6498199347E-04
 0.1372995743E-04  0.7214278392E-04
 0.7085532362E-05  0.9641416782E-04
-0.7024019041E-05 -0.5389305001E-04
-0.2459612549E-04  0.8124574814E-04
-0.1040203538E-04  0.1310655274E-03
-0.4533465826E-04  0.1732378767E-03
-0.8107275070E-05 -0.6715556713E-04
-0.4987137384E-05 -0.6143199917E-04
-0.8698008032E-05 -0.3971091287E-04
-0.5627264933E-05 -0.4187689478E-04
-0.8665130531E-05  0.7441032623E-04
 0.2356382989E-04  0.6654722539E-04
 0.2752076701E-04  0.5334840782E-04
 0.3535114198E-04  0.8258852004E-04
-0.1238502410E-04 -0.5036811521E-04
 0.2600257837E-04  0.3903627460E-04
 0.2156262488E-04  0.2751339599E-04
 0.2979558880E-04  0.4036138631E-04
-0.9768497470E-05 -0.2878348189E-04
 0.5178350243E-04  0.1016305574E-03
 0.4366480428E-04  0.6386256384E-04
 0.7057987543E-04  0.1054589033E-03
-0.1347633013E-04 -0.6538767272E-04
-0.1103133754E-04 -0.4133133806E-04
-0.1261648847E-04 -0.5814826830E-04
-0.1210687962E-04 -0.3944586200E-04
 0.3574494633E-04  0.5961119046E-04
-0.1149811702E-03  0.5228874734E-03
-0.5410779544E-05  0.7248706755E-03
-0.3478275356E-03  0.2221751046E-02
 0.1777827766E-03 -0.4058740940E-03
 0.1603792009E-03  0.3990074035E-03
 0.1314491850E-03  0.1716366031E-03
 0.2917562440E-03  0.2449288931E-03
-0.5172777312E-04 -0.1941364362E-03
 0.1891177234E-02  0.2365083880E-02
 0.7922766578E-03  0.1485599033E-03
 0.2287348476E-02 -0.1430404749E-02
-0.7536127729E-03 -0.2227437367E-03
-0.1508254871E-03 -0.3100663356E-03
 0.9445959984E-04 -0.1001710762E-02
 0.1582267748E-04 -0.3937877490E-03
 0.4290363139E-03  0.9165261567E-03
-0.2183501410E-04 -0.1113712915E-03
-0.5308175004E-05 -0.1834253483E-03
-0.1096127145E-04 -0.9692117684E-04
 0.8287079575E-04  0.1921684712E-03
 0.4173610970E-04 -0.2112678732E-03
 0.1566193297E-04 -0.1404478044E-03
 0.3611678350E-05 -0.1032130017E-03
-0.1337155452E-04  0.2831771546E-03
-0.9911137944E-05 -0.7269472336E-04
-0.6203459784E-05 -0.7496575277E-04
-0.1025342578E-04 -0.5669705879E-04
 0.2500160807E-04  0.9864357638E-04
 0.1840505985E-04  0.1600229477E-03
 0.4358664311E-04  0.1455569952E-03
 0.4436960584E-04  0.2975116944E-03
 0.1782473624E-05 -0.1171978231E-03
 0.2496251066E-04  0.3073517572E-05
-0.4842610084E-05  0.1276720657E-05
-0.1196658734E-04  0.1341797089E-04
 0.1478810454E-04 -0.3011091017E-04
-0.1123656970E-04  0.7417061855E-05
-0.7113845240E-05  0.2340818039E-05
-0.6404126941E-05  0.9012846392E-05
 0.1034891526E-04 -0.2114171074E-04
-0.1450416504E-04  0.6817334726E-05
-0.1229750339E-04  0.7179221411E-05
-0.1487706768E-04  0.7964233764E-06
 0.1172561515E-04 -0.5633748010E-05
-0.1132775107E-04  0.7645583455E-05
-0.9828852757E-05  0.7355552354E-05
-0.1190525547E-04  0.2504937073E-05
 0.1064379872E-04 -0.6671929200E-05
-0.1472957179E-04 -0.2137604689E-05
-0.1335945995E-04 -0.1324458414E-05
-0.1408608271E-04 -0.3375351198E-05
 0.1078284371E-04  0.2983090751E-05
 0.1089982003E-04 -0.1055172936E-05
 0.1131673987E-04  0.1166952428E-06
 0.1123052905E-04 -0.6341243508E-05
-0.1327202044E-04  0.1796332381E-05
 0.1013873536E-04 -0.1311679155E-04
 0.1085194328E-04 -0.1374309153E-04
 0.1315664077E-04 -0.3183545779E-04
-0.8848288147E-05  0.1321917462E-04
 0.1148454074E-04 -0.1476397620E-04
 0.1186221980E-04 -0.1475428648E-04
 0.1420252975E-04 -0.3607400375E-04
-0.9997889975E-05  0.1448179873E-04
-0.1534910748E-04  0.6687446706E-05
-0.1226461588E-04  0.5026107200E-05
-0.8637514890E-05  0.1291461022E-04
 0.1355048347E-04 -0.2961795073E-04
-0.5718321294E-05  0.3394031030E-05
-0.3865394766E-05 -0.3451482461E-06
-0.5411666552E-05  0.4718933240E-05
-0.5271776438E-05  0.5576927347E-05
-0.6989353482E-05  0.3165793803E-05
 0.7070766424E-05 -0.5642450072E-05
-0.5143602507E-05  0.4448458366E-05
-0.2700105065E-05  0.2771632343E-05
-0.5732777054E-05  0.2876702226E-05
 0.5911072296E-05 -0.4856083638E-05
-0.7357188731E-05  0.8620616250E-06
-0.6716846033E-05  0.1058412529E-05
-0.7532628153E-05 -0.8636560135E-06
 0.7218730128E-05 -0.8911395421E-06
 0.6742170457E-05 -0.3099637030E-05
 0.7320438197E-05 -0.3144366529E-05
 0.7028339865E-05 -0.6098292222E-05
-0.6426925157E-05  0.3119673387E-05
 0.6705775581E-05 -0.9609036430E-05
 0.6357054131E-05 -0.1068776171E-04
-0.3618401874E-05  0.2660307533E-05
 0.8653144165E-05 -0.1446786959E-04
 0.6974082384E-05 -0.1043735359E-04
-0.4597392861E-05  0.1007448834E-05
-0.5241432423E-05  0.3350225419E-05
-0.1320508242E-04 -0.3716035932E-05
-0.1238424424E-04 -0.3564009292E-05
-0.1226870762E-04 -0.3633158039E-05
 0.9688643484E-05  0.4499896456E-05
-0.1159294521E-04 -0.3409580448E-05
-0.1086042187E-04 -0.3217904879E-05
-0.1103824791E-04 -0.3631526869E-05
 0.9287440504E-05  0.3907629648E-05
-0.1136269597E-04 -0.3425648836E-05
-0.1090439734E-04 -0.3505416875E-05
-0.1058712747E-04 -0.3266472260E-05
 0.8753955119E-05  0.4065382476E-05
 0.9033192450E-05  0.4286013196E-05
 0.9192402014E-05  0.4363580463E-05
 0.9526117457E-05  0.4196410559E-05
-0.1165207717E-04 -0.3655027852E-05
-0.1016416470E-04 -0.2993229361E-05
-0.9473584105E-05 -0.2756513668E-05
-0.9806792118E-05 -0.3452959751E-05
 0.8584614992E-05  0.3282650293E-05
-0.8799658704E-05 -0.2537671467E-05
-0.8172262692E-05 -0.2339465406E-05
-0.8599453467E-05 -0.3220974122E-05
 0.7765531255E-05  0.2661210898E-05
-0.9331650336E-05 -0.3559294434E-05
-0.8804942889E-05 -0.3520804401E-05
-0.8836661395E-05 -0.3457256282E-05
 0.7757063602E-05  0.3956980799E-05
 0.7810969136E-05  0.3616079707E-05
 0.8157575942E-05  0.3816627609E-05
 0.8169819811E-05  0.2959012922E-05
-0.9186513223E-05 -0.3333878623E-05
-0.9777906548E-05 -0.3418198630E-05
-0.9658652019E-05 -0.3290529086E-05
-0.9621704602E-05 -0.3473942970E-05
 0.8161292823E-05  0.3777327179E-05
-0.9108803239E-05 -0.3504287574E-05
-0.8829133929E-05 -0.3352530106E-05
-0.8951342417E-05 -0.3480275906E-05
 0.7649182088E-05  0.3871494140E-05
-0.6455487164E-05 -0.5712553364E-05
-0.1023541646E-04 -0.3908113936E-05
-0.9469576829E-05 -0.1742878418E-05
 0.6563738321E-05  0.5624021354E-05
 0.7382903777E-05  0.4185183427E-05
 0.7942514818E-05  0.3476373412E-05
 0.7960960091E-05  0.3653334151E-05
-0.8696240960E-05 -0.3901845255E-05
 0.7675758693E-05  0.3922960274E-05
 0.7982819869E-05  0.3885444976E-05
 0.8066693693E-05  0.4032053882E-05
-0.9288622671E-05 -0.3497358628E-05
 0.8218036472E-05  0.3879975163E-05
 0.8418844114E-05  0.3766245440E-05
 0.8591769551E-05  0.4084788338E-05
-0.1016358825E-04 -0.3382810882E-05
 0.8498577092E-05  0.4010545593E-05
 0.8800770106E-05  0.4166917670E-05
 0.8972608018E-05  0.3602347897E-05
-0.1042269487E-04 -0.3562004501E-05
-0.1039626320E-04 -0.3570691567E-05
-0.9884422460E-05 -0.3576720571E-05
-0.9790155496E-05 -0.3439733569E-05
 0.8353229320E-05  0.4091165093E-05
 0.7575008280E-05  0.1086886611E-05
 0.8037934069E-05  0.1374765120E-05
 0.7741775091E-05 -0.7719920243E-06
-0.8166244802E-05 -0.1092388816E-05
 0.8531774350E-05  0.1714554699E-05
 0.9036311364E-05  0.2101277866E-05
 0.8909950101E-05 -0.3775599913E-06
-0.9586199505E-05 -0.1615387107E-05
 0.7727593624E-05 -0.3268558290E-05
 0.8448896615E-05 -0.3504719255E-05
 0.7523554834E-05 -0.6612589734E-05
-0.7658246065E-05  0.3218788889E-05
-0.8742714618E-05  0.5699549040E-06
-0.7995235309E-05  0.7337636563E-06
-0.8858799586E-05 -0.1331747084E-05
 0.8256366217E-05 -0.5959357469E-06
 0.9453099803E-05  0.2516418316E-05
 0.9768362096E-05  0.2964653287E-05
 0.9861952203E-05  0.3933914957E-06
-0.1108173049E-04 -0.2235998586E-05
 0.1000899344E-04  0.3520665964E-05
 0.1021671443E-04  0.4188322838E-05
 0.1043767127E-04  0.1957018063E-05
-0.1300011413E-04 -0.2904870574E-05
 0.9933222399E-05 -0.2788204529E-05
 0.1029050992E-04 -0.1905633832E-05
 0.9655517263E-05 -0.6764230281E-05
-0.1078811462E-04  0.3311571183E-05
-0.1214150717E-04 -0.6010969345E-06
-0.1105566372E-04 -0.1328596375E-06
-0.1198708833E-04 -0.2527001983E-05
 0.1012150979E-04  0.1056749616E-05
 0.8294647492E-05 -0.1543360473E-04
 0.1062267766E-04 -0.1248178630E-04
 0.2655134666E-05  0.1143923360E-05
 0.8948707616E-05 -0.1180443111E-04
 0.8435571170E-05 -0.1111743686E-04
 0.1340462428E-04 -0.2716268960E-04
-0.7592700629E-05  0.9345441094E-05
-0.5607460114E-05  0.4874030933E-05
 0.7952409340E-05 -0.1685740979E-04
-0.9546507253E-05  0.7864671929E-05
-0.8425544733E-05  0.7464897344E-05
-0.9857064829E-05  0.3565943001E-05
 0.9296478042E-05 -0.6951949637E-05
-0.7006053481E-05  0.6094880573E-05
-0.7221616436E-05  0.6433243248E-05
-0.8559751568E-05  0.3552428554E-05
 0.8646348304E-05 -0.7169863897E-05
-0.1014386927E-04  0.7541909764E-07
-0.9451739809E-05  0.3774671656E-06
-0.1031300532E-04 -0.1926698839E-05
 0.9468158928E-05 -0.6644070325E-08
 0.9268687994E-05 -0.3447163116E-05
 0.9770253876E-05 -0.3233170413E-05
 0.9629279483E-05 -0.7235604598E-05
-0.8914578885E-05  0.3386489096E-05
-0.1148693608E-04  0.2220550011E-05
 0.5424518384E-06  0.5689663937E-05
 0.6389629870E-05  0.1601979505E-05
-0.5417250941E-05 -0.7977660375E-07
-0.1227598456E-04  0.2668669702E-05
-0.7601367113E-06  0.6188134949E-05
 0.6314431050E-05  0.1776340667E-05
-0.5465660005E-05  0.1451312135E-06
 0.7766308380E-05  0.4252648050E-05
 0.8198314443E-05  0.3630993611E-05
 0.8301075087E-05  0.3556542841E-05
-0.9150267269E-05 -0.4089766048E-05
-0.6583324269E-05 -0.6420472425E-05
-0.1085016177E-04 -0.4158913374E-05
-0.9679660658E-05 -0.1682847263E-05
 0.6727750966E-05  0.6240475693E-05
-0.1322207532E-04  0.3526121452E-05
-0.1965816561E-05  0.7116956902E-05
 0.6055017070E-05  0.2619927468E-05
-0.5445079620E-05  0.3659697264E-06
-0.1516918326E-04  0.5609189228E-05
-0.2922676000E-05  0.1012079298E-04
 0.5361518058E-05  0.3945511668E-05
-0.4790814727E-05 -0.1240935457E-06
 0.7812817253E-05  0.5766949500E-05
 0.7894251589E-05  0.5557315200E-05
 0.8065420727E-05  0.4591033191E-05
-0.9407013804E-05 -0.6145484711E-05
-0.6000465025E-05 -0.1022293435E-04
-0.1192955155E-04 -0.6524882190E-05
-0.1037850545E-04 -0.2823883840E-05
 0.6266016848E-05  0.9783328059E-05
 0.8506412813E-05  0.3746038762E-05
 0.8554614325E-05  0.3676187331E-05
 0.8839399377E-05  0.4006583433E-05
-0.1087182377E-04 -0.3212599654E-05
 0.8469022245E-05  0.3804972361E-05
 0.8296358504E-05  0.4043966126E-05
 0.8679235377E-05  0.4038735168E-05
-0.1130096920E-04 -0.3295095694E-05
 0.9258989975E-05  0.4426485343E-05
 0.9206067316E-05  0.4484260436E-05
 0.9761959953E-05  0.4811665196E-05
-0.1283670304E-04 -0.3594531672E-05
-0.1212506927E-04 -0.3263943966E-05
-0.1180142323E-04 -0.3315804252E-05
-0.1119741513E-04 -0.3159632070E-05
 0.8824568194E-05  0.3992585982E-05
-0.1045845826E-04 -0.4086690458E-05
-0.1068295402E-04 -0.3469102063E-05
-0.1047801396E-04 -0.4486118876E-05
 0.8287882251E-05  0.4257408524E-05
-0.1027406019E-04 -0.3488243119E-05
-0.1026613048E-04 -0.3219787049E-05
-0.1012481302E-04 -0.3702500130E-05
 0.8368482159E-05  0.3791703712E-05
-0.6610058425E-05 -0.7733446142E-05
-0.1138327745E-04 -0.4932766002E-05
-0.9792637631E-05 -0.2028841539E-05
 0.6618568494E-05  0.7483911205E-05
 0.7901043284E-05  0.4682983202E-05
 0.8234064637E-05  0.4286376990E-05
 0.8363387659E-05  0.3728761679E-05
-0.9472898503E-05 -0.4711600080E-05
-0.2265456522E-04  0.1260245097E-04
 0.4382479640E-06  0.2127256467E-04
 0.2049693853E-05  0.6236831260E-06
 0.7150844529E-05 -0.6930776167E-05
-0.2450611322E-05  0.5173637930E-05
-0.1773964841E-04  0.1226466292E-04
-0.9820978841E-07  0.1439729553E-04
-0.6397458643E-05 -0.3655005716E-05
-0.2081224312E-04 -0.1834795534E-05
-0.1149166708E-04 -0.7344298685E-05
 0.2194647894E-04  0.1243342132E-04
-0.2416953820E-05  0.1209632819E-04
-0.1519293605E-04  0.3014946993E-04
 0.9604016340E-05  0.3524560548E-04
 0.5735494414E-05  0.3963290214E-04
-0.3567804606E-05 -0.1188844416E-04
 0.4788116742E-05  0.1748515228E-04
 0.5755098043E-05  0.2326085773E-04
 0.3128090652E-05  0.1649231649E-04
-0.6325412383E-05 -0.1945678307E-04
 0.5318350227E-05  0.3238038446E-04
 0.4854973476E-05  0.3850276134E-04
 0.3156407639E-05  0.3233320800E-04
-0.6231821124E-05 -0.3687186522E-04
 0.7730697191E-06  0.1776973068E-04
 0.3068070818E-06  0.2673857817E-04
-0.2326395709E-05  0.2150660721E-04
-0.6830213351E-05 -0.1802211559E-04
-0.5887928542E-05 -0.2545262954E-04
-0.7060052327E-05 -0.1746679212E-04
-0.7469953301E-05 -0.2547435706E-04
 0.3035560645E-05  0.2393678361E-04
-0.8914354444E-06 -0.4642651969E-04
-0.1258159317E-04 -0.4009857585E-04
-0.6250746118E-05 -0.3481367126E-04
 0.2822701087E-05  0.4709961972E-04
-0.2527512458E-05 -0.3083285112E-04
-0.9331648635E-05 -0.2118930152E-04
 0.1195010819E-04 -0.3206875294E-04
 0.2636635693E-05  0.2834852858E-04
-0.1834847644E-04  0.2008374955E-04
-0.1376903603E-04  0.3271636775E-04
 0.1720495446E-05  0.2991577034E-04
 0.6534129648E-06 -0.1321424984E-04
 0.1034553062E-04  0.4911118299E-05
 0.1027112907E-04  0.5699012461E-05
 0.1099280015E-04  0.4183223222E-05
-0.1517204184E-04 -0.3883921262E-05
 0.9847744413E-05  0.6483809551E-05
 0.8871612872E-05  0.7207341646E-05
 0.1048374772E-04  0.7337971408E-05
-0.1703548661E-04 -0.4996295606E-05
 0.1167261213E-04  0.1490462793E-05
 0.1172876969E-04  0.3633354252E-05
 0.1227383398E-04 -0.5124164761E-05
-0.1645029307E-04 -0.3268698934E-06
-0.1755948368E-04 -0.4279424627E-05
-0.1612073010E-04 -0.3098802548E-05
-0.1619949096E-04 -0.4436925924E-05
 0.1096784741E-04  0.5663376890E-05
 0.7122831520E-05  0.7907787366E-05
 0.4404389468E-05  0.8943115476E-05
 0.6891750002E-05  0.1107777780E-04
-0.1756613617E-04 -0.6031013045E-05
 0.6498921114E-06  0.1136794266E-04
-0.3629556470E-05  0.1745121093E-04
-0.2573444588E-05  0.1681967172E-04
-0.1492973663E-04 -0.9316890730E-05
 0.6190410931E-05  0.1602705748E-04
 0.1133034582E-05  0.2115477837E-04
 0.4796808177E-05  0.2257232404E-04
-0.2667055222E-04 -0.1240768920E-04
-0.2202243303E-04 -0.1003619390E-04
-0.2146986400E-04 -0.8463485464E-05
-0.1688345113E-04 -0.6908079209E-05
 0.3094515221E-05  0.1330587948E-04
 0.1344415824E-04 -0.1839306085E-04
 0.1244211061E-04 -0.1622165075E-04
 0.1880501523E-04 -0.4261139173E-04
-0.1378609652E-04  0.1966697753E-04
 0.7922438753E-05 -0.6158317543E-05
 0.5996218643E-05  0.6546282821E-05
 0.7025977721E-05 -0.2894091036E-04
-0.1540183269E-04  0.1240085254E-04
 0.2940412397E-04 -0.7325517742E-04
 0.2168100043E-04 -0.9128316642E-04
-0.2327919268E-04  0.1030360249E-04
-0.7584627375E-05  0.2805786844E-04
-0.1267672758E-04  0.1969709792E-04
-0.1334511115E-04  0.1992058930E-04
 0.7525898595E-05 -0.2991297681E-04
-0.2423683833E-04 -0.7299398366E-05
-0.1936712815E-04  0.1088955226E-05
-0.2289822988E-04 -0.8128743270E-05
 0.8151574615E-05  0.1130076598E-04
-0.1717006658E-04  0.5374751087E-05
-0.1551108586E-04  0.6491728544E-05
-0.1814468937E-04 -0.2147787206E-05
 0.1252435054E-04 -0.3210449587E-05
-0.2026581373E-04 -0.7051693216E-05
-0.1893855602E-04 -0.5646282627E-05
-0.1753758394E-04 -0.5519660455E-05
 0.9251689764E-05  0.9123010457E-05
 0.1116673621E-04  0.6475900526E-05
 0.9364397108E-05  0.1067666610E-04
 0.1105901845E-04  0.1829832334E-05
-0.2014200106E-04 -0.4586921752E-05
-0.9691883752E-05 -0.1246964522E-04
-0.1209546887E-04 -0.7879556030E-05
-0.8756662445E-05 -0.1174631584E-04
-0.7473815144E-07  0.1322792802E-04
-0.1380649770E-04 -0.5775214205E-05
-0.1483841769E-04 -0.4861462994E-05
-0.1209172074E-04 -0.5876666458E-05
 0.5335149162E-05  0.6911624598E-05
-0.8145833517E-05 -0.1267735770E-04
-0.1010064044E-04 -0.9024191764E-05
-0.9137985798E-05 -0.1341345684E-04
 0.3901793765E-05  0.1192856234E-04
 0.4234530690E-05  0.8248551007E-05
 0.2277184698E-05  0.1162678598E-04
 0.2760826780E-05  0.8823040854E-05
-0.1051363487E-04 -0.8096157947E-05
-0.1525118971E-04 -0.4429329490E-05
-0.1515618851E-04 -0.4187233459E-05
-0.1355586049E-04 -0.3870999744E-05
 0.8607874134E-05  0.5710989217E-05
-0.1468707131E-04 -0.4021040996E-05
-0.1399951151E-04 -0.3868677144E-05
-0.1330775584E-04 -0.3566322931E-05
 0.9686308933E-05  0.5119874591E-05
-0.1229667636E-04 -0.3633521800E-05
-0.1233591314E-04 -0.3302933914E-05
-0.1139546993E-04 -0.3583380684E-05
 0.8359435392E-05  0.4324916447E-05
 0.8968696324E-05  0.4584748413E-05
 0.8458313992E-05  0.4811367664E-05
 0.9348781602E-05  0.5410098779E-05
-0.1357473341E-04 -0.3617982642E-05
-0.1034457370E-04 -0.9873683977E-05
-0.1078490383E-04 -0.6704189814E-05
-0.1038875163E-04 -0.5608850029E-05
 0.5211085527E-05  0.1043151210E-04
-0.1002380595E-04 -0.5688919368E-05
-0.1067483635E-04 -0.4442974872E-05
-0.1026981356E-04 -0.5925924570E-05
 0.7832371987E-05  0.5783151120E-05
-0.6251994488E-06 -0.1446750274E-04
-0.1178913273E-04 -0.9205474594E-05
-0.1069617526E-04 -0.5444230932E-05
 0.5241297354E-05  0.1228625736E-04
 0.7370915805E-05  0.7212834631E-05
 0.6323901284E-05  0.5865581561E-05
 0.7285373318E-05  0.7152327902E-05
-0.7897065168E-05 -0.8052752776E-05
 0.7961224994E-05  0.4791156909E-05
 0.7473906475E-05  0.6186881111E-05
 0.7796783951E-05  0.5022806225E-05
-0.1115704887E-04 -0.4386973945E-05
 0.6457585656E-05  0.9044243163E-05
 0.4703112790E-05  0.1291401057E-04
 0.5366343840E-05  0.8853306411E-05
-0.1053273266E-04 -0.8874852621E-05
 0.7541970542E-05  0.5354651131E-05
 0.6104423798E-05  0.6401332492E-05
 0.7298139921E-05  0.6117446252E-05
-0.1309267085E-04 -0.4553713282E-05
-0.1137203866E-04 -0.6238026955E-05
-0.1205751542E-04 -0.4457856959E-05
-0.1110460946E-04 -0.5845327041E-05
 0.6850892775E-05  0.6526250933E-05
 0.1517236095E-05  0.3417771570E-04
 0.1870677971E-04  0.2598294764E-04
 0.9800941303E-05  0.3685305874E-04
-0.6750966040E-05 -0.1250031370E-04
 0.1039161674E-04  0.3460796156E-04
 0.6350269185E-05  0.2622187155E-04
 0.1204044201E-04  0.2803792729E-04
-0.5680323707E-05 -0.3455748324E-04
-0.6586843642E-05  0.1325830853E-04
-0.7165710751E-05  0.2023407804E-04
 0.3264571093E-05  0.1568786621E-04
 0.4888991161E-06 -0.8171199787E-05
 0.1438919226E-04  0.2327781610E-04
 0.1100269285E-04  0.1644637015E-04
 0.1624898139E-04  0.2093895438E-04
-0.7469431379E-05 -0.1872093419E-04
-0.5584626525E-05 -0.1819477538E-04
-0.7487327970E-05 -0.2360713335E-04
-0.4266194647E-05 -0.2033749528E-04
 0.9225126260E-05  0.2089233451E-04
 0.1707005629E-05  0.1998803093E-04
-0.6573143919E-05 -0.3240040362E-04
 0.2070467609E-04 -0.4365687296E-04
-0.1737257503E-06  0.1352981926E-04
 0.4402626709E-05 -0.4233048070E-04
-0.1112714081E-04 -0.4646337351E-04
-0.1217331377E-04 -0.2907624987E-04
 0.1012992190E-04  0.4360796911E-04
-0.1749403794E-06  0.3821248972E-04
 0.1902012426E-04  0.3285064177E-04
 0.2064828912E-05  0.2514167214E-04
 0.4295095298E-05 -0.2513220745E-04
 0.1622018643E-04  0.1917116403E-04
 0.1064797918E-04  0.1272869386E-04
 0.1631537652E-04  0.1813387993E-04
-0.4051101123E-05 -0.1430891325E-04
-0.4763252989E-05  0.4113474944E-05
-0.1251623899E-04  0.9123769994E-05
 0.1675421281E-05  0.8331038265E-05
 0.6374572331E-05 -0.1737829760E-06
 0.1510181870E-04  0.1375022819E-04
 0.8784808291E-05  0.6804120184E-05
 0.1412172569E-04  0.5356987970E-05
-0.1899052511E-05 -0.7208222250E-05
-0.1624804774E-06 -0.1047118724E-04
-0.2591791149E-05 -0.1279768194E-04
-0.1970955506E-05 -0.9459756318E-05
 0.9873362589E-05  0.1201348662E-04
 0.1111983238E-04 -0.8885733279E-05
 0.5299355022E-05 -0.1093176556E-04
 0.7805430984E-05 -0.2351364452E-04
-0.3482538042E-05  0.1267140161E-04
-0.9069559596E-05 -0.1638263694E-04
-0.1604019634E-04 -0.1742809212E-04
-0.3243027857E-05 -0.2062973660E-04
 0.5840325043E-05  0.2299038050E-04
 0.2941903483E-05 -0.3487128304E-04
-0.1860306092E-06 -0.2889943082E-04
-0.4018713965E-06 -0.3840578878E-04
-0.3229000077E-05  0.3152129555E-04
-0.2063335050E-05  0.1775365354E-04
-0.4200841879E-05  0.2279197129E-04
-0.1882235618E-05  0.1348064122E-04
 0.2081310251E-05 -0.2097982237E-04
 0.7338023868E-05  0.4680485631E-04
-0.4624169749E-05 -0.1215552877E-04
 0.2976783321E-04 -0.5606679940E-04
-0.7687729785E-05 -0.9550853778E-05
-0.6716761575E-06  0.8833540481E-06
-0.2782828841E-05  0.9484132473E-07
-0.4556351086E-06 -0.2275690237E-05
 0.7148478320E-05  0.2957103974E-06
 0.6576852323E-05  0.4088798761E-04
-0.3278216883E-05 -0.2203647299E-04
 0.3112823939E-04 -0.5629471410E-04
-0.4596627364E-05 -0.3166735062E-06
-0.6503790386E-05 -0.2698373472E-05
-0.1470429961E-04  0.2261853601E-06
-0.3827076666E-06 -0.2491802378E-05
 0.7265894172E-05  0.8765740820E-05
 0.4375976902E-05  0.3224963934E-04
-0.4823755595E-05 -0.2479346224E-04
 0.3081590574E-04 -0.5418987255E-04
-0.8734271592E-06  0.4426811032E-05
-0.3006535651E-05 -0.1452524911E-04
-0.6135918470E-05 -0.1697841861E-04
-0.5382990256E-05 -0.1374176477E-04
 0.1121179548E-04  0.1534003690E-04
 0.1564489735E-05  0.2529361131E-04
-0.7784719403E-05 -0.2817443768E-04
 0.3173365980E-04 -0.5039690339E-04
 0.2501149743E-05  0.9543742897E-05
-0.3513240313E-05  0.8084147903E-05
-0.9725497354E-05  0.1426173700E-04
 0.3127737133E-05  0.1148323374E-04
 0.3453000999E-05 -0.5287123939E-05
-0.2004369240E-05  0.1292501326E-05
-0.2684492426E-05 -0.1733260539E-06
-0.2286700371E-05  0.1423830249E-05
 0.4888075431E-05 -0.5354673963E-05
-0.1349095729E-05  0.2707096792E-05
-0.2214950624E-05  0.1861509731E-05
 0.1922123610E-05 -0.4796368478E-05
-0.4062464478E-05  0.1455410162E-05
-0.3886172248E-05  0.1581288131E-05
-0.4291605657E-05  0.2155324771E-06
 0.4358656753E-05 -0.1528041498E-05
 0.3872651887E-05 -0.3137224835E-05
 0.4367356801E-05 -0.2664400602E-05
 0.5740238218E-05 -0.8847487274E-05
-0.3441749867E-05  0.2883745365E-05
 0.6820443100E-06  0.2975559299E-05
-0.1739194914E-05 -0.1112552753E-05
-0.1306628074E-05  0.9488043879E-06
-0.2406295610E-07 -0.5185633989E-06
-0.1958523266E-05  0.1048174273E-06
 0.1629052906E-05 -0.7094309753E-06
 0.3777338505E-05 -0.3109898995E-05
-0.7831674079E-06 -0.2176267559E-05
 0.1025557745E-06  0.9391190155E-07
-0.4409631429E-05 -0.1027990587E-05
-0.4096504135E-05 -0.1009046710E-05
-0.4576221291E-05 -0.2002393739E-05
 0.4651429634E-05  0.8356925836E-06
-0.3919062469E-05 -0.8647091438E-06
-0.3661316308E-05 -0.7813973722E-06
-0.4090546934E-05 -0.1764968536E-05
 0.4252425427E-05  0.6009132148E-06
-0.4700546203E-05 -0.2635911644E-05
-0.4449195932E-05 -0.2520779648E-05
-0.4730603060E-05 -0.2986106443E-05
 0.4597724489E-05  0.2547582128E-05
 0.4464398957E-05  0.1691134996E-05
 0.4676581721E-05  0.1825426084E-05
 0.4508739299E-05  0.7320068741E-06
-0.4330588748E-05 -0.1893650295E-05
-0.3307151156E-05 -0.7484255970E-06
-0.3132934121E-05 -0.5483109484E-06
-0.3524808480E-05 -0.1501859637E-05
 0.3623967732E-05  0.4865484993E-06
-0.2955100206E-05 -0.4415681995E-06
-0.2634859755E-05 -0.4339139423E-06
-0.3057233717E-05 -0.1276954300E-05
 0.3161239193E-05  0.2495200544E-06
-0.3644474182E-05 -0.2146535061E-05
-0.3409880894E-05 -0.2036654737E-05
-0.3695988944E-05 -0.2592036358E-05
 0.3671525177E-05  0.1999364111E-05
 0.3457932116E-05  0.1179223049E-05
 0.3701895671E-05  0.1294810004E-05
 0.3481478353E-05  0.3347730675E-06
-0.3303049815E-05 -0.1373884414E-05
-0.4676424646E-05 -0.3099376062E-05
-0.4423631046E-05 -0.3029761399E-05
-0.4577395587E-05 -0.3020369368E-05
 0.4290968046E-05  0.3197428237E-05
-0.4157302203E-05 -0.2959998249E-05
-0.3911492171E-05 -0.2884312570E-05
-0.4064392593E-05 -0.2922548625E-05
 0.3869890100E-05  0.3009809956E-05
-0.4383375714E-05 -0.2871244266E-05
-0.4192884076E-05 -0.2766332751E-05
-0.4333280104E-05 -0.2560966443E-05
 0.3912727188E-05  0.3087890672E-05
 0.3893388882E-05  0.3137446197E-05
 0.4113760249E-05  0.3178788966E-05
 0.4075510501E-05  0.3101101834E-05
-0.4308848980E-05 -0.2992446147E-05
 0.3803950527E-05  0.2632554722E-05
 0.4006721147E-05  0.2754234958E-05
 0.3882563041E-05  0.2134676367E-05
-0.3935826185E-05 -0.2687331394E-05
 0.4228511360E-05  0.2879187429E-05
 0.4459696967E-05  0.2995790477E-05
 0.4357652938E-05  0.2414827657E-05
-0.4470519582E-05 -0.2890214762E-05
 0.3899207162E-05  0.1445482762E-05
 0.4172794039E-05  0.1568269500E-05
 0.3878488839E-05  0.5411097053E-06
-0.3795968733E-05 -0.1646953616E-05
-0.4179544203E-05 -0.2395727037E-05
-0.3899152625E-05 -0.2268712367E-05
-0.4201218037E-05 -0.2787493599E-05
 0.4102324695E-05  0.2279140596E-05
 0.2667639445E-05 -0.6605675603E-06
 0.3304669590E-05 -0.8078584486E-06
 0.2668147576E-05 -0.2069910627E-05
-0.2597459343E-05  0.5655475238E-06
 0.3346392060E-05 -0.4057582250E-06
 0.3418523358E-05 -0.4693481391E-06
 0.2849911233E-05 -0.9182585503E-06
-0.2671714393E-05  0.5933231691E-07
 0.4216307047E-05 -0.7041397740E-05
 0.4730317851E-05 -0.3718922234E-05
-0.2177259705E-05 -0.7191669219E-06
-0.1423264572E-05  0.5083086763E-06
-0.2855876195E-05  0.2428760670E-05
-0.2891633365E-05  0.6603224930E-06
 0.3610932210E-05 -0.1766592686E-05
 0.3920875943E-05 -0.6747293198E-06
 0.4301340271E-05 -0.4982623029E-06
 0.4154586757E-05 -0.2033418116E-05
-0.3562518118E-05  0.4606134093E-06
 0.4406126419E-05 -0.3927968776E-06
 0.4470772913E-05 -0.3156630741E-06
 0.3915539641E-05 -0.1502838357E-05
-0.3907146507E-05  0.2286361940E-06
 0.5338825353E-05 -0.3570983359E-05
 0.2617687407E-05 -0.1823116754E-05
 0.3119764854E-05 -0.5218220828E-05
-0.2982110750E-06  0.3217666785E-06
-0.3137101327E-05  0.1299741783E-05
-0.2550090316E-05  0.1178949900E-05
-0.3578094375E-05  0.1599489641E-06
 0.4153803377E-05 -0.1426135316E-05
 0.8260734488E-05 -0.7540565385E-06
 0.2638202931E-06 -0.7409764316E-06
-0.3024644350E-05  0.1894905805E-05
-0.1906757173E-05  0.6452376521E-06
-0.3146735516E-05  0.2702065567E-06
 0.3076427317E-05 -0.1823590121E-05
 0.1036543226E-05 -0.1930428860E-05
 0.3380052836E-05 -0.5234400248E-05
 0.9715391199E-07  0.1898773037E-05
-0.2603167054E-06 -0.6117711674E-06
-0.1967454196E-05 -0.1036961142E-05
-0.4313781129E-06 -0.5534266415E-06
 0.4172898385E-05 -0.2873988124E-05
 0.1716050995E-06 -0.2478427622E-06
-0.1550558553E-05  0.6368866042E-06
-0.8725972823E-06  0.6658308337E-06
-0.1348480265E-05 -0.3036389351E-06
 0.1509926322E-05 -0.5850761341E-06
-0.7397536199E-07 -0.2856018969E-06
-0.3672542087E-06 -0.4287648430E-06
-0.9195752953E-06 -0.6193950357E-06
 0.1427380551E-05  0.3927979167E-07
-0.1416576244E-05 -0.1128903894E-05
-0.1269014186E-05 -0.1124723738E-05
-0.1577762541E-05 -0.1625961584E-05
 0.1781647737E-05  0.9272416213E-06
 0.1598655458E-05  0.3162931466E-06
 0.1689423764E-05  0.2064782211E-06
 0.1249975605E-05 -0.4275954405E-06
-0.1027813695E-05 -0.5456122783E-06
-0.5702985447E-06  0.1359705076E-05
 0.5488709431E-06  0.6850213128E-06
-0.5675453144E-06  0.4624778566E-07
 0.2676288270E-06 -0.1103431684E-05
 0.6107813021E-06 -0.8678738331E-06
-0.2584557738E-06 -0.3864635775E-06
-0.4064118493E-06 -0.6144884544E-06
 0.1535196833E-05  0.1349457495E-06
-0.6864752034E-06 -0.7608456653E-06
-0.5539155335E-06 -0.8161895462E-06
-0.8622593075E-06 -0.1225176735E-05
 0.8984903787E-06  0.6112920222E-06
 0.6458013139E-06  0.3745303649E-06
 0.6027005868E-06 -0.8812831822E-07
-0.4234425287E-06 -0.8887564043E-07
-0.1325888377E-06 -0.4277989054E-06
-0.1691599498E-05 -0.1939057439E-05
-0.1543520550E-05 -0.1828672338E-05
-0.1741290993E-05 -0.2114459365E-05
 0.1807559487E-05  0.1820648126E-05
-0.1358119597E-05 -0.1712001900E-05
-0.1152064959E-05 -0.1631458408E-05
-0.1390543350E-05 -0.1933591484E-05
 0.1407450022E-05  0.1598363400E-05
-0.1737576331E-05 -0.2153846072E-05
-0.1572187882E-05 -0.2080662165E-05
-0.1700566492E-05 -0.2064724963E-05
 0.1625051657E-05  0.2170725385E-05
 0.1550202540E-05  0.1965210560E-05
 0.1731031051E-05  0.2063049706E-05
 0.1632252855E-05  0.1700704544E-05
-0.1578558740E-05 -0.2021381243E-05
 0.1184304577E-05  0.1118208357E-05
 0.1451834298E-05  0.1185895216E-05
 0.1147831323E-05  0.5608302315E-06
-0.1069601478E-05 -0.1262022564E-05
 0.1704037312E-05  0.1315695209E-05
 0.1826734899E-05  0.1448043759E-05
 0.1709341070E-05  0.8610285254E-06
-0.1452557250E-05 -0.1510402891E-05
 0.1259457451E-05 -0.1350581280E-06
 0.1595231224E-05  0.2628560603E-06
 0.1798820515E-05 -0.6387352450E-06
-0.1055925945E-05 -0.5938629065E-07
-0.1202171888E-05 -0.8986029319E-06
-0.9958813624E-06 -0.7298981474E-06
-0.1293801261E-05 -0.1358258481E-05
 0.1536448693E-05  0.6787737622E-06
 0.3554505239E-05 -0.2377194830E-05
 0.1528143378E-05 -0.8031297650E-06
-0.2275123397E-07 -0.1126400710E-05
-0.3677593354E-05 -0.1018421137E-05
 0.1714876937E-05 -0.4160666428E-05
 0.4218663252E-05  0.2607592448E-05
 0.2068372219E-05 -0.3738126042E-06
 0.2988506778E-05 -0.1256187324E-05
 0.3325434354E-06 -0.1416595656E-06
 0.5844827955E-05 -0.2058890754E-05
 0.1889407310E-06 -0.1301662825E-05
 0.1845264113E-05 -0.1044354900E-05
 0.1822030270E-05 -0.6078906195E-05
-0.1153493414E-05  0.2443280137E-05
 0.2831344652E-05  0.1869462719E-05
-0.7263098473E-05 -0.2748147311E-05
 0.6881758419E-06 -0.1409096979E-05
-0.2657424234E-05 -0.3216518499E-05
-0.4445014771E-05 -0.2583633261E-05
-0.4190332586E-05 -0.2548845956E-05
 0.2648818339E-05  0.3335873587E-05
-0.1913988595E-05 -0.2402973631E-05
-0.4204029252E-05 -0.2022406918E-05
 0.2513639335E-05 -0.1890017230E-05
-0.1662627279E-06  0.2457202135E-05
-0.6144272708E-05  0.3676108152E-06
 0.1988660737E-05  0.4982865890E-05
 0.2180197602E-05  0.1780140376E-05
-0.9663369497E-06 -0.1796497090E-05
-0.3654642990E-05 -0.1753829764E-05
-0.3258375707E-05 -0.1658164660E-05
-0.3325705385E-05 -0.9806159611E-06
 0.2694849312E-05  0.2158407959E-05
-0.2876177343E-05 -0.1733445618E-05
-0.2811541498E-05 -0.1739967496E-05
-0.2720629268E-05 -0.1244628548E-05
 0.2510747624E-05  0.2010852559E-05
-0.9653849591E-06 -0.1275070350E-05
-0.3484237186E-05 -0.1059296552E-05
-0.2428577246E-05 -0.1026166079E-05
 0.1892935287E-05  0.1262408435E-05
 0.2320109467E-05  0.1531112858E-05
 0.2380509836E-05  0.1056281444E-05
 0.2620310355E-05  0.1932925303E-05
-0.2598721633E-05 -0.1244695388E-05
-0.7524477134E-05  0.1545772819E-06
 0.5863639991E-05  0.2655044417E-05
 0.1901173110E-05 -0.2962022597E-06
-0.3123905837E-06 -0.2882298040E-06
 0.1957287515E-05  0.1434654918E-05
-0.4325155383E-06  0.1709363839E-05
 0.2762998058E-05  0.1936845605E-05
-0.3615922746E-05 -0.1262393566E-05
-0.1266519376E-04  0.6669769715E-06
-0.5046884490E-05 -0.3257100565E-06
 0.3006551520E-05  0.4685115243E-05
 0.1064725482E-05  0.1793846285E-05
-0.2636338910E-05 -0.1874364081E-05
-0.2580083239E-05 -0.1861654074E-05
-0.2589015557E-05 -0.1481923397E-05
 0.2325857392E-05  0.2116303522E-05
-0.2384367593E-05 -0.1949144664E-05
-0.2306820357E-05 -0.1906477858E-05
-0.2324427363E-05 -0.1574903595E-05
 0.2102240774E-05  0.2153610781E-05
-0.1142392111E-05 -0.1788377608E-05
-0.3208642320E-05 -0.1481371481E-05
-0.2269459776E-05 -0.1355292838E-05
 0.1600377463E-05  0.1888050167E-05
 0.1986117332E-05  0.1946873580E-05
 0.2132646633E-05  0.1592043714E-05
 0.2231124211E-05  0.2074861041E-05
-0.2321552905E-05 -0.1691427880E-05
-0.2118849548E-05 -0.1971310311E-05
-0.2055274952E-05 -0.1914044615E-05
-0.2071444543E-05 -0.1621249658E-05
 0.1888355263E-05  0.2146469483E-05
-0.1877663428E-05 -0.1965369673E-05
-0.1800573830E-05 -0.1892272354E-05
-0.1850352288E-05 -0.1644069913E-05
 0.1660578211E-05  0.2117089409E-05
-0.6517881061E-06 -0.1901616669E-05
-0.2757854530E-05 -0.1624453987E-05
-0.1617890792E-05 -0.1642263195E-05
 0.1169520957E-05  0.2007517882E-05
 0.1575942465E-05  0.2007946917E-05
 0.1697106932E-05  0.1689852549E-05
 0.1796728893E-05  0.2069764051E-05
-0.1835059681E-05 -0.1792980368E-05
-0.6785168329E-05  0.8262679238E-06
 0.5428417749E-05  0.3856149116E-05
 0.1407818274E-05  0.9935827179E-06
-0.7173122431E-06 -0.8369068606E-06
-0.6764254237E-05  0.7647281055E-06
 0.5275281223E-05  0.3699900136E-05
 0.1585530717E-05  0.9007347505E-06
-0.9422640675E-06 -0.7859143560E-06
 0.1775117933E-05  0.1989091984E-05
 0.1903488756E-05  0.1662561643E-05
 0.2009629281E-05  0.2086912726E-05
-0.2057192463E-05 -0.1760928056E-05
-0.8642617846E-06 -0.1866533210E-05
-0.2960227352E-05 -0.1570508826E-05
-0.1927115713E-05 -0.1519165517E-05
 0.1372390448E-05  0.1960910736E-05
-0.6826430403E-05  0.6967234752E-06
 0.5184305575E-05  0.3511368921E-05
 0.1805225322E-05  0.7680503014E-06
-0.1179983310E-05 -0.7004119916E-06
-0.7260997512E-05  0.8242763830E-06
 0.5246000494E-05  0.3732250694E-05
 0.1977495453E-05  0.3792641423E-06
-0.1213872677E-05 -0.7643824200E-06
 0.2200476797E-05  0.1839037849E-05
 0.2326060842E-05  0.1371742396E-05
 0.2442273331E-05  0.1990795216E-05
-0.2512508824E-05 -0.1556771806E-05
-0.1230221515E-05 -0.1703209968E-05
-0.3503161335E-05 -0.1364216772E-05
-0.2805776782E-05 -0.1115085268E-05
 0.1828504252E-05  0.1796676304E-05
 0.1657320806E-05  0.2211645907E-05
 0.1795480759E-05  0.2240854452E-05
 0.1779514337E-05  0.2242716054E-05
-0.1842399092E-05 -0.2119975929E-05
 0.1910908792E-05  0.2299447368E-05
 0.2023108945E-05  0.2313024562E-05
 0.2025364359E-05  0.2366456697E-05
-0.2104359793E-05 -0.2180342563E-05
 0.1875303251E-05  0.2156732790E-05
 0.1996974970E-05  0.2232083352E-05
 0.1928502534E-05  0.1917759868E-05
-0.1883370348E-05 -0.2193352788E-05
-0.2020025837E-05 -0.2270708522E-05
-0.1887404697E-05 -0.2215165468E-05
-0.1983773105E-05 -0.2145708840E-05
 0.1907966579E-05  0.2312863178E-05
 0.2129536340E-05  0.2361294638E-05
 0.2246654889E-05  0.2365401347E-05
 0.2253622643E-05  0.2471166774E-05
-0.2374237159E-05 -0.2212076658E-05
 0.2362082300E-05  0.2403756208E-05
 0.2484921603E-05  0.2397177424E-05
 0.2513893277E-05  0.2581509756E-05
-0.2663212696E-05 -0.2217933917E-05
 0.2353642384E-05  0.2441994012E-05
 0.2499207935E-05  0.2523504281E-05
 0.2421557758E-05  0.2232067176E-05
-0.2471918650E-05 -0.2431143615E-05
-0.2601889715E-05 -0.2427801984E-05
-0.2446228876E-05 -0.2387384309E-05
-0.2527450361E-05 -0.2209394801E-05
 0.2377149374E-05  0.2527999065E-05
 0.1934242122E-05  0.1514530085E-05
 0.2056694875E-05  0.1563098761E-05
 0.1901306983E-05  0.9339289830E-06
-0.1718702235E-05 -0.1667333032E-05
 0.2154015384E-05  0.1644606666E-05
 0.2272703084E-05  0.1747579378E-05
 0.2058087610E-05  0.1142059232E-05
-0.2013696438E-05 -0.1784516581E-05
 0.1797592549E-05  0.2926705665E-06
 0.1799965041E-05  0.5381022722E-06
 0.1666519637E-05  0.5217459553E-09
-0.1520705624E-05 -0.4249048356E-06
-0.1728574737E-05 -0.1181998928E-05
-0.1589871495E-05 -0.1096618948E-05
-0.1859719902E-05 -0.1708997423E-05
 0.1987594272E-05  0.1016552090E-05
-0.2272604460E-05 -0.2211490150E-05
-0.2108218255E-05 -0.2140385165E-05
-0.2306747516E-05 -0.2370047266E-05
 0.2278590258E-05  0.2137759571E-05
-0.1965973982E-05 -0.2078826958E-05
-0.1828632303E-05 -0.2018669938E-05
-0.2020818696E-05 -0.2256204635E-05
 0.2047953452E-05  0.1987059733E-05
-0.2293805664E-05 -0.2354226618E-05
-0.2157771577E-05 -0.2311507126E-05
-0.2243688753E-05 -0.2189997488E-05
 0.2137052617E-05  0.2423550963E-05
 0.2114119502E-05  0.2300760390E-05
 0.2230285293E-05  0.2367765958E-05
 0.2165613763E-05  0.2055383081E-05
-0.2158611478E-05 -0.2314436722E-05
 0.2597650865E-05  0.2442877665E-05
 0.2726882774E-05  0.2487635866E-05
 0.2801712055E-05  0.2742156902E-05
-0.2969932755E-05 -0.2221388332E-05
 0.2872266037E-05  0.2662164108E-05
 0.3086772126E-05  0.2737038056E-05
 0.3150629821E-05  0.2977169187E-05
-0.3520630369E-05 -0.2370055450E-05
 0.2986830542E-05  0.2844288387E-05
 0.3159355387E-05  0.2948158373E-05
 0.3119821398E-05  0.2690689374E-05
-0.3227765110E-05 -0.2788740072E-05
-0.3381520444E-05 -0.2709748710E-05
-0.3147106045E-05 -0.2602457173E-05
-0.3215364987E-05 -0.2264499145E-05
 0.2960923554E-05  0.2873010126E-05
 0.3305441889E-05  0.2704388733E-05
 0.3266512526E-05  0.2430412782E-05
 0.3465695063E-05  0.2850910907E-05
-0.3439402241E-05 -0.2329316618E-05
 0.3334302995E-05  0.2913010447E-05
 0.3658527539E-05  0.2638498886E-05
 0.3712908697E-05  0.2936474003E-05
-0.3783167120E-05 -0.2701003588E-05
 0.3573437790E-05  0.3006590555E-05
 0.3713809731E-05  0.3038026721E-05
 0.3697185080E-05  0.2913231635E-05
-0.3820231548E-05 -0.2885588497E-05
-0.3855268473E-05 -0.2756271911E-05
-0.3734529312E-05 -0.2642613260E-05
-0.3719536329E-05 -0.2307392109E-05
 0.3524615040E-05  0.2949523443E-05
 0.3192437555E-05  0.2308865733E-05
 0.3331227941E-05  0.2376975515E-05
 0.3203265747E-05  0.1715045921E-05
-0.3136340019E-05 -0.2423833352E-05
 0.3459419541E-05  0.2442618062E-05
 0.3618158973E-05  0.2523010709E-05
 0.3455024274E-05  0.1891395689E-05
-0.3480881193E-05 -0.2520238977E-05
 0.3098338041E-05  0.9754416772E-06
 0.3197912595E-05  0.1090422594E-05
 0.2823091010E-05  0.2397329363E-06
-0.2808017796E-05 -0.1175705058E-05
-0.3179798627E-05 -0.1952788581E-05
-0.2987334592E-05 -0.1896893748E-05
-0.3297112139E-05 -0.2472936071E-05
 0.3302374525E-05  0.1797720243E-05
-0.3695710795E-05 -0.2833880399E-05
-0.3533055478E-05 -0.2804502209E-05
-0.3681514075E-05 -0.2867421225E-05
 0.3552216291E-05  0.2852895927E-05
-0.3383771110E-05 -0.2781304833E-05
-0.3222334303E-05 -0.2721770607E-05
-0.3431975876E-05 -0.2870053268E-05
 0.3280779903E-05  0.2769923619E-05
-0.3648476405E-05 -0.2739246326E-05
-0.3629661017E-05 -0.2769794385E-05
-0.3883062631E-05 -0.2364538528E-05
 0.3351470342E-05  0.2988783733E-05
 0.3331257264E-05  0.3002201733E-05
 0.3472718299E-05  0.2979193221E-05
 0.3423918364E-05  0.2809188051E-05
-0.3565450791E-05 -0.2897211391E-05
 0.1744641644E-05 -0.1689659974E-06
 0.9879377893E-06 -0.6499535336E-06
 0.8352483019E-06 -0.1354022417E-05
-0.4276235333E-07 -0.3449145013E-06
 0.1804594449E-05 -0.1354160604E-05
 0.2441444712E-05 -0.8301979174E-06
 0.3204272286E-05 -0.4112244123E-05
-0.1557193214E-05  0.1181664708E-05
 0.1569591608E-05  0.1676319964E-05
 0.7461724936E-06  0.1226901510E-05
-0.9342423465E-06  0.1117689817E-05
-0.4789894348E-06 -0.2496580136E-05
 0.1952744824E-05 -0.5035141354E-06
 0.2521132011E-05 -0.1138682007E-05
 0.2150801250E-06 -0.2855936108E-06
-0.1018715155E-05  0.2849504623E-06
 0.2912116160E-05 -0.9531637208E-06
 0.2268074103E-05 -0.2908932803E-06
 0.2445304368E-05 -0.9496789090E-06
-0.1963177104E-05  0.6799071844E-06
 0.4696008801E-05 -0.5821698891E-05
-0.4723104016E-06  0.8849088688E-06
 0.8225669125E-05  0.1490354231E-05
-0.1955290803E-05  0.1197198359E-05
 0.3122145059E-05 -0.2595718787E-05
 0.4632216857E-05 -0.1251332424E-05
 0.2745882700E-06 -0.1263387587E-05
-0.8133503198E-06 -0.5526507164E-07
 0.2621546425E-05 -0.1366968527E-05
-0.2422347525E-05 -0.2615470447E-06
-0.2364330437E-05 -0.9199752368E-07
-0.2643489901E-05 -0.1104061052E-05
 0.2874991013E-05  0.9777471932E-07
-0.2083566546E-05 -0.2256492074E-06
-0.1776386785E-05 -0.3326873305E-06
-0.2287359645E-05 -0.1052837236E-05
 0.2583794384E-05 -0.5612992532E-07
-0.2834081086E-05 -0.1846034184E-05
-0.2666341690E-05 -0.1771568276E-05
-0.2972013758E-05 -0.2345794405E-05
 0.3057723987E-05  0.1650854863E-05
 0.2872359472E-05  0.8431516746E-06
 0.3047748139E-05  0.8868701943E-06
 0.2898611778E-05 -0.9060514853E-07
-0.2492707149E-05 -0.1093809179E-05
-0.1855187486E-05  0.1603539408E-07
-0.1685899887E-05  0.1894844108E-06
-0.1995177546E-05 -0.7314421217E-06
 0.2294359725E-05 -0.2601610765E-06
-0.1180683503E-05 -0.2416220769E-06
-0.1098821688E-05 -0.4284689967E-06
-0.1510379046E-05 -0.7523559774E-06
 0.1573312078E-05  0.8634385106E-07
-0.2104864959E-05 -0.1402310805E-05
-0.1882870147E-05 -0.1323072860E-05
-0.2203162936E-05 -0.1882760314E-05
 0.2247915490E-05  0.1220697500E-05
 0.1946134217E-05  0.5572613390E-06
 0.2258599464E-05  0.5322125638E-06
 0.1865101875E-05 -0.2697647080E-06
-0.1731980354E-05 -0.7505099348E-06
-0.3034316559E-05 -0.2627883248E-05
-0.2842538784E-05 -0.2517997675E-05
-0.3023774274E-05 -0.2685383608E-05
 0.2952093862E-05  0.2581478431E-05
-0.2653198773E-05 -0.2405061133E-05
-0.2460877039E-05 -0.2299690652E-05
-0.2650523463E-05 -0.2502911814E-05
 0.2600791075E-05  0.2339107949E-05
-0.2940357737E-05 -0.2526175415E-05
-0.2770231302E-05 -0.2467044876E-05
-0.2817910322E-05 -0.2203845700E-05
 0.2653855488E-05  0.2654884451E-05
 0.2659380294E-05  0.2619803578E-05
 0.2822574040E-05  0.2725769989E-05
 0.2782261592E-05  0.2458904445E-05
-0.2832192063E-05 -0.2589207115E-05
 0.2466526069E-05  0.1848978242E-05
 0.2680795848E-05  0.1966378381E-05
 0.2507799860E-05  0.1299269765E-05
-0.2409896074E-05 -0.1990287103E-05
 0.2860749946E-05  0.2100550550E-05
 0.3027691280E-05  0.2219457604E-05
 0.2880347565E-05  0.1563274645E-05
-0.2788879233E-05 -0.2240071066E-05
 0.2513384990E-05  0.6322939850E-06
 0.2677043070E-05  0.7656470941E-06
 0.2388979917E-05  0.6720613568E-08
-0.2138103454E-05 -0.8788161386E-06
-0.2484289611E-05 -0.1646007191E-05
-0.2308455327E-05 -0.1502000036E-05
-0.2602278200E-05 -0.2115681746E-05
 0.2717884699E-05  0.1425223832E-05
 0.8204673289E-05  0.4726786158E-05
 0.2326064940E-05 -0.6717825274E-06
 0.2961079191E-05  0.1471657613E-05
-0.8006952585E-05 -0.1743238836E-05
-0.3207287614E-07 -0.1188274905E-05
 0.9886383687E-06 -0.1585828159E-05
 0.4190101506E-05 -0.1660108664E-05
 0.1774155165E-05 -0.1401685954E-06
 0.1080968804E-05 -0.8649186709E-06
 0.1170123392E-05 -0.4816369179E-06
-0.1390116336E-05  0.3491746346E-06
 0.4507719823E-06  0.6352073137E-06
-0.3145497970E-05 -0.6352246828E-07
 0.3690102460E-06 -0.6356885078E-06
 0.2071125424E-05 -0.1422451838E-05
 0.8416826052E-05  0.1841450382E-05
 0.3940702556E-05 -0.2190756115E-05
 0.2577781014E-05 -0.1068983421E-06
 0.1976277038E-05 -0.7925158008E-06
 0.1717885490E-05 -0.4749268833E-06
-0.1262713023E-05  0.1983416558E-06
-0.1071557031E-06  0.7943002754E-06
-0.2989095488E-05  0.1316516643E-05
 0.8797137657E-05 -0.2312920896E-05
 0.9618199717E-06 -0.6264367328E-06
 0.1106906717E-05 -0.5440807798E-06
 0.8620722947E-06 -0.8765185189E-06
-0.6908904141E-06  0.5738308110E-06
 0.1313566839E-05 -0.5082215351E-06
 0.1453586811E-05 -0.5725992767E-06
 0.1169464144E-05 -0.7855044956E-06
-0.1052774942E-05  0.4123829953E-06
 0.7783947879E-06 -0.1026960029E-05
 0.9322306694E-06 -0.9633517220E-06
 0.7452955008E-06 -0.1062887842E-05
-0.7025841488E-06  0.9940147542E-06
-0.8431650258E-06  0.7501430691E-06
-0.6649730046E-06  0.8170037846E-06
-0.8255625271E-06  0.4628809098E-06
 0.1011526320E-05 -0.8141846629E-06
-0.1306741737E-05  0.1001899838E-06
-0.1167907397E-05 -0.7237672892E-07
-0.1980935811E-05 -0.5053597705E-06
 0.1752475429E-05 -0.1299096397E-06
-0.7675790362E-06  0.1598343107E-06
-0.8636539572E-06  0.4182628598E-06
-0.3978506798E-06  0.3202317799E-06
 0.1026913568E-05 -0.2726275420E-06
-0.4211968378E-05 -0.1933442833E-06
-0.1201415960E-06 -0.6296178216E-06
-0.6946984713E-05 -0.2771505674E-05
 0.4098209829E-05  0.3380701129E-05
 0.1188602737E-05  0.5749637544E-06
 0.2450649125E-05  0.1100795231E-05
 0.1450685549E-05  0.1516556508E-07
-0.1301653447E-05 -0.6425118459E-06
 0.8178529293E-05 -0.8606962744E-06
 0.6400805493E-05 -0.3774953141E-05
 0.4663134664E-05 -0.6378058588E-06
-0.5090598608E-05  0.1669641187E-05
 0.4355730050E-05  0.2055405670E-05
 0.3773375467E-05 -0.3142757219E-05
 0.5608860901E-05 -0.4806090277E-06
-0.7856404254E-05 -0.3438990361E-06
 0.3801770580E-05 -0.3354416573E-06
 0.4108384337E-05  0.3960992964E-06
 0.3844134150E-05  0.2464694290E-06
-0.2910652351E-05  0.1667393169E-06
 0.5832784690E-05  0.1888617517E-05
 0.5985304959E-05  0.1669005228E-05
 0.5134042692E-05  0.1290324952E-05
-0.5703977892E-05 -0.1720525768E-05
 0.4015172621E-05  0.5288352232E-06
 0.4515024437E-05  0.9339572004E-06
 0.4101680737E-05  0.7376948352E-06
-0.3873954256E-05 -0.5661139503E-06
-0.4381046606E-05 -0.9304879679E-06
-0.3419837857E-05 -0.2986358118E-06
-0.3673176131E-05 -0.7741943046E-06
 0.4549116724E-05  0.8364723387E-06
-0.8702270093E-05 -0.1634827797E-05
-0.5740530864E-05 -0.2455110461E-05
-0.1313498592E-04 -0.4770697343E-05
 0.8046284283E-05  0.4543486131E-05
-0.1824499604E-05  0.2571929836E-06
-0.3029603486E-05  0.6941413988E-06
 0.5235873389E-06  0.1095425594E-05
 0.3016146297E-05 -0.1505423572E-05
 0.3673270763E-05 -0.2928716535E-05
 0.1731177282E-04  0.7912019406E-05
 0.6772480271E-05  0.2134658648E-05
-0.2988446229E-05 -0.2118349998E-05
 0.7638801238E-06 -0.9980707619E-06
 0.9275016551E-06 -0.9272706529E-06
 0.8189416959E-06 -0.8360109469E-06
-0.8694605036E-06  0.1040105120E-05
 0.1111210320E-05 -0.8416628789E-06
 0.1314098372E-05 -0.7255633703E-06
 0.1176715279E-05 -0.6781758303E-06
-0.1218063778E-05  0.8607799011E-06
 0.9391054309E-06 -0.6312497873E-06
 0.1069148309E-05 -0.5219443642E-06
 0.1033541584E-05 -0.2925785276E-06
-0.1169812841E-05  0.7420504655E-06
-0.1172241896E-05  0.8440471984E-06
-0.1001122298E-05  0.9076285481E-06
-0.1028315800E-05  0.9583361006E-06
 0.9938055045E-06 -0.7756855256E-06
 0.1534712636E-05 -0.6147456850E-06
 0.1734057190E-05 -0.5228159845E-06
 0.1574026852E-05 -0.4887904191E-06
-0.1679220856E-05  0.6324581890E-06
 0.1922043868E-05 -0.4419744108E-06
 0.2130773118E-05 -0.3257632275E-06
 0.1964304618E-05 -0.3020602083E-06
-0.2017306252E-05  0.4549692055E-06
 0.1664809510E-05 -0.3179717593E-06
 0.1818828754E-05 -0.1885430685E-06
 0.1719501260E-05 -0.6573656387E-09
-0.1913564848E-05  0.4082979582E-06
-0.1953436866E-05  0.4619700639E-06
-0.1779782357E-05  0.5379373799E-06
-0.1856946422E-05  0.5432768531E-06
 0.1767131606E-05 -0.4129575490E-06
 0.2459194639E-05 -0.2421853676E-06
 0.3159657155E-06 -0.2920178634E-06
 0.2767081031E-05 -0.1926160578E-06
-0.2110378980E-05  0.4151678822E-06
 0.2795074905E-05 -0.7813490749E-07
 0.6391733179E-06 -0.1625101431E-06
 0.3240335719E-05 -0.3819921496E-07
-0.2490413409E-05  0.2629563717E-06
-0.6546875493E-05 -0.3137685027E-06
 0.6089591883E-05  0.3604955689E-05
-0.1603041889E-05 -0.3523960324E-06
 0.2100719550E-05 -0.2298201409E-06
-0.1914142332E-05  0.3558147006E-06
-0.1778950815E-05  0.1672377229E-06
-0.1719223251E-05  0.4437582426E-06
 0.1619125790E-05 -0.2240416673E-06
-0.1554290654E-05  0.5094956545E-06
-0.1416333971E-05  0.3153027542E-06
-0.1333743098E-05  0.6144490970E-06
 0.1269776512E-05 -0.3696885480E-06
-0.1583759091E-05  0.6469430807E-06
-0.1371871833E-05  0.7310383923E-06
-0.1448369638E-05  0.7380760818E-06
 0.1380047480E-05 -0.5906130981E-06
 0.1298100361E-05 -0.4827992382E-06
 0.1441346801E-05 -0.3598864204E-06
 0.1380915306E-05 -0.1504821750E-06
-0.1544894258E-05  0.5791054831E-06
 0.2382761053E-05 -0.1922705194E-06
 0.2636462242E-05 -0.6328340521E-07
 0.2453235632E-05 -0.3461472950E-07
-0.2487935099E-05  0.1908245634E-06
 0.2856466429E-05  0.5050703577E-07
 0.3047363555E-05  0.1844278918E-06
 0.2936928458E-05  0.2268262757E-06
-0.2906870756E-05 -0.3369535223E-07
 0.2587717708E-05  0.1803527815E-06
 0.2894775915E-05  0.3834711030E-06
 0.2701225047E-05  0.5789476330E-06
-0.2785438546E-05 -0.1168189737E-06
-0.2853890241E-05 -0.6116403282E-07
-0.2616119903E-05  0.5371287292E-07
-0.2710741186E-05  0.6857915467E-07
 0.2732383837E-05  0.9736576676E-07
 0.3235012490E-05  0.3171751969E-06
 0.3411290352E-05  0.4217853100E-06
 0.3199521091E-05  0.4326710781E-06
-0.3443467695E-05 -0.2938324897E-06
 0.3593297791E-05  0.5209433838E-06
 0.3850887960E-05  0.6968792727E-06
 0.3685554756E-05  0.7581335157E-06
-0.3738308118E-05 -0.5053919311E-06
 0.3248253144E-05  0.6753683850E-06
 0.3557088770E-05  0.8784531040E-06
 0.3423968754E-05  0.1023834072E-05
-0.3621823829E-05 -0.6538913373E-06
-0.3697381318E-05 -0.5660890479E-06
-0.3508910573E-05 -0.4037087341E-06
-0.3626337790E-05 -0.3979412339E-06
 0.3420342422E-05  0.5844131096E-06
 0.4017114604E-05  0.9410110423E-06
 0.2993906029E-05  0.1089674462E-05
 0.8909720319E-05  0.2079011416E-05
-0.5971556074E-05 -0.6331697092E-06
 0.2890117872E-05  0.9017997878E-06
 0.3210835054E-05  0.1133083139E-05
 0.2872639152E-05  0.1136402535E-05
-0.3472983397E-05 -0.8408617645E-06
-0.4912724797E-05  0.1209341559E-05
 0.1037385402E-05  0.9419783997E-06
 0.8094785417E-05  0.3271192313E-05
-0.3577736649E-05 -0.8611629228E-07
-0.4089023628E-05 -0.7480786486E-06
-0.9675914631E-05 -0.1655435942E-05
-0.3937057738E-05 -0.1114346167E-05
 0.3206372552E-05  0.4989234623E-06
-0.3513213162E-05 -0.7610730043E-06
-0.3342489141E-05 -0.5970207281E-06
-0.3399767891E-05 -0.4476340438E-06
 0.3065075461E-05  0.8038735122E-06
-0.3402657117E-05 -0.4587857965E-06
-0.3021152686E-05 -0.5722758846E-06
-0.3060967344E-05 -0.3056808376E-06
 0.3286910866E-05  0.7047782755E-06
-0.3293677658E-05 -0.2510231464E-06
-0.3073280390E-05 -0.1702303850E-06
-0.3158938759E-05 -0.1646712626E-06
 0.3065187448E-05  0.3104547030E-06
 0.3035450481E-05  0.4277652606E-06
 0.3019224383E-05  0.5100878146E-06
 0.2889773208E-05  0.7301719493E-06
-0.3249174688E-05 -0.2899154790E-06
-0.4657780896E-05 -0.2071915702E-05
 0.3638712958E-05  0.2881201967E-05
-0.2866867092E-05 -0.1251974327E-05
 0.3498020208E-05  0.5132547225E-07
-0.6352457053E-05 -0.5021577802E-06
 0.5995873269E-05  0.3589440364E-05
-0.1891735071E-05 -0.5048024921E-06
 0.2322420729E-05 -0.1590162107E-06
-0.2792368478E-05 -0.1720183787E-06
-0.2541420456E-05 -0.2546130608E-06
-0.2540080733E-05 -0.2625516556E-07
 0.2528614703E-05  0.2559987921E-06
-0.2286105283E-05  0.1479514327E-06
-0.2115791185E-05  0.8731918406E-08
-0.2084485736E-05  0.2531650385E-06
 0.2003917197E-05 -0.4418347409E-07
-0.2379042607E-05  0.2093391971E-06
-0.2146776120E-05  0.3316290533E-06
-0.2231204937E-05  0.3256140992E-06
 0.2201815125E-05 -0.1845909860E-06
 0.2080534656E-05 -0.1117105592E-06
 0.2296841855E-05  0.6554921080E-07
 0.2185684274E-05  0.2331104651E-06
-0.2315584774E-05  0.1737440586E-06
 0.3075800188E-05  0.9334375325E-07
 0.1081434122E-05  0.2620457667E-07
 0.3545993062E-05  0.9945461561E-07
-0.2829982452E-05  0.9741229010E-07
 0.3575974371E-05  0.3941613752E-06
 0.1734137099E-05  0.4024181474E-06
 0.4578920791E-05  0.5352855122E-06
-0.3397157190E-05 -0.2078783491E-06
-0.5736466074E-05 -0.9741949295E-06
 0.5501903119E-05  0.3467833283E-05
-0.2231169032E-05 -0.7669937242E-06
 0.2717760238E-05 -0.6474473443E-09
-0.3762268088E-05 -0.4845185358E-06
-0.3689793733E-05 -0.3898671346E-06
-0.3624108705E-05 -0.3342164702E-06
 0.3776097779E-05  0.4893068677E-06
-0.3664038880E-05 -0.3824494451E-06
-0.3365456116E-05 -0.2745091123E-06
-0.3743093808E-05 -0.4917629748E-06
 0.3499941428E-05  0.4016398169E-06
-0.3803014539E-05 -0.2961683741E-06
-0.4282195261E-05 -0.7527667926E-06
-0.4730054702E-05 -0.4817627053E-06
 0.4074527726E-05  0.4352014879E-06
 0.3815661705E-05  0.4885741558E-06
 0.3810690901E-05  0.3830589976E-06
 0.3630420016E-05  0.4183338655E-06
-0.3862440195E-05 -0.4538771508E-06
-0.2994437678E-05 -0.8614962529E-07
-0.2789608017E-05  0.4280449116E-07
-0.2843670908E-05 -0.2902889173E-07
 0.3025575302E-05  0.7288580187E-07
-0.2637468704E-05  0.1235817553E-06
-0.2374535866E-05  0.2395039862E-06
-0.2607715756E-05  0.8238858814E-07
 0.2613150495E-05 -0.1382797751E-06
-0.2845170846E-05 -0.2933471023E-07
-0.2927286331E-05 -0.1229314645E-06
-0.3232459294E-05 -0.1937727654E-06
 0.3128076021E-05 -0.5199479213E-08
 0.2879451880E-05 -0.5624134021E-07
 0.3032679659E-05  0.1200755230E-09
 0.2826547433E-05 -0.5108938200E-07
-0.2788814511E-05  0.2862085371E-07
-0.6905480247E-05 -0.1132899859E-05
-0.5228267685E-05 -0.2148939241E-05
-0.1145740526E-04 -0.1736010637E-05
 0.6296410537E-05  0.3120543669E-05
-0.1941254851E-05 -0.1680498642E-06
-0.2919619971E-05  0.3051151627E-06
 0.5535494458E-06  0.5577997783E-06
 0.2941669061E-05 -0.1020477495E-05
 0.1434909752E-04 -0.3611269239E-05
 0.1304081611E-04  0.7055894759E-05
 0.6396348384E-05  0.2135564240E-05
-0.3875623766E-05 -0.2102436840E-05
 0.3165935032E-05 -0.1782466136E-06
 0.3624108523E-05  0.4090915182E-06
 0.3244181851E-05  0.1134110664E-06
-0.2613511617E-05  0.5363252893E-07
 0.4792376044E-05  0.1443067952E-05
 0.4740268072E-05  0.1019172465E-05
 0.4148238216E-05  0.7946632902E-06
-0.4795675787E-05 -0.1350426924E-05
 0.3303774331E-05  0.2174812664E-06
 0.3642323226E-05  0.4800962376E-06
 0.3273786443E-05  0.2687175524E-06
-0.3201988551E-05 -0.2581885951E-06
-0.3693635214E-05 -0.6519661390E-06
-0.2920159507E-05 -0.1782337490E-06
-0.3285780468E-05 -0.7220202512E-06
 0.3798663678E-05  0.5642034780E-06
-0.2102629452E-05  0.3809350057E-06
-0.1942476206E-05  0.4775485094E-06
-0.2019329687E-05  0.3619189774E-06
 0.2110333320E-05 -0.3966890466E-06
-0.1814893475E-05  0.5413354539E-06
-0.1592057520E-05  0.6340897217E-06
-0.1817644308E-05  0.4392382918E-06
 0.1743096541E-05 -0.5473892230E-06
-0.2055990030E-05  0.2755121561E-06
-0.2100844515E-05  0.2131557097E-06
-0.2323173416E-05  0.1145279475E-06
 0.2243970483E-05 -0.2788092393E-06
 0.1995846423E-05 -0.4148009562E-06
 0.2142311755E-05 -0.3805450107E-06
 0.1929349551E-05 -0.4808557841E-06
-0.1963841713E-05  0.4000178171E-06
-0.1311105788E-05  0.7733069048E-06
-0.1084078925E-05  0.9036296020E-06
-0.1174258042E-05  0.7369562838E-06
 0.1275609795E-05 -0.8040328832E-06
-0.9222066275E-06  0.9973803433E-06
-0.7699685981E-06  0.1067945448E-05
-0.8647548900E-06  0.9293035987E-06
 0.9063210271E-06 -0.9985215639E-06
-0.1075177126E-05  0.6312425572E-06
-0.9880040761E-06  0.7063211015E-06
-0.1087749756E-05  0.4447905591E-06
 0.1315065934E-05 -0.7385788734E-06
 0.1093034548E-05 -0.9085523285E-06
 0.1270278454E-05 -0.8104531251E-06
 0.1076918684E-05 -0.9215128982E-06
-0.9979134465E-06  0.8585614450E-06
-0.2953783552E-05 -0.2307842992E-06
-0.2428840545E-05 -0.5680018384E-06
-0.4168299864E-05 -0.9867780514E-06
 0.2982640146E-05  0.5186410913E-06
-0.1378137983E-05 -0.1297711221E-06
-0.1031353406E-05  0.2659275478E-06
-0.6129085562E-06  0.9581251222E-07
 0.1717498835E-05 -0.1536608092E-06
-0.6054228835E-05 -0.2745920200E-05
-0.7195587232E-08 -0.1481600772E-05
 0.8830230819E-05  0.2549511499E-05
 0.2523106286E-05  0.5239652658E-06
 0.4038810446E-05  0.2137729994E-05
 0.2498866233E-05  0.5861830024E-06
-0.2304664737E-05 -0.1073587744E-05
 0.1541576487E-05 -0.4899664662E-06
 0.1871762824E-05 -0.1528423704E-06
 0.1521890189E-05 -0.5700343715E-06
-0.1158910240E-05  0.3265483269E-06
 0.2316696764E-05  0.7467912328E-07
 0.2492270412E-05 -0.8003289095E-07
 0.2121096177E-05 -0.2429671569E-06
-0.2297885394E-05 -0.1018565294E-06
 0.1508577677E-05 -0.6403393330E-06
 0.1781097297E-05 -0.4801063418E-06
 0.1511116128E-05 -0.6585142338E-06
-0.1488486313E-05  0.5674383904E-06
-0.1803408022E-05  0.2581931192E-06
-0.1336813376E-05  0.4514185279E-06
-0.1681275342E-05  0.3090851460E-07
 0.1841727360E-05 -0.3394938340E-06
 0.4726574274E-05  0.3288136100E-05
 0.6978341179E-06 -0.2055949031E-05
 0.3628590106E-05  0.1937460946E-06
 0.2205314530E-05 -0.1651958700E-05
 0.2693702032E-05 -0.3949335450E-06
-0.2962136667E-05  0.3557968096E-06
 0.1078741678E-05 -0.2267919276E-06
-0.6156223108E-05 -0.5410989686E-06
 0.3382469147E-05 -0.1879665007E-05
 0.7207297939E-05  0.5538022130E-05
 0.6450750085E-05  0.1177252246E-05
 0.3124079543E-05 -0.2303899587E-05
 0.3847743616E-05  0.1235873302E-06
-0.5066103173E-05  0.4834857126E-06
 0.1025961038E-07 -0.9716502894E-06
-0.1004611481E-04 -0.2684076797E-05
 0.2355445218E-05 -0.2551202119E-06
 0.2538613188E-05 -0.1258974987E-07
 0.2342408956E-05 -0.2371261258E-06
-0.1987560628E-05  0.2277961379E-06
 0.3115352529E-05  0.3674834585E-06
 0.3368938860E-05  0.3171342536E-06
 0.2988012309E-05  0.9691817841E-07
-0.3093689708E-05 -0.4253510163E-06
 0.2344329837E-05 -0.2675748384E-06
 0.2633501304E-05 -0.1135055891E-06
 0.2347813686E-05 -0.2609377914E-06
-0.2249684643E-05  0.2321289648E-06
-0.2535261575E-05 -0.2050857239E-07
-0.2099395002E-05  0.2059001280E-06
-0.2286072242E-05 -0.1115187526E-06
 0.2651732211E-05 -0.4167203751E-07
-0.4144511056E-05 -0.6234999042E-06
-0.3002218195E-05 -0.8313178550E-06
-0.5379315324E-05 -0.1465569598E-05
 0.4068692167E-05  0.1080461635E-05
-0.1750481239E-05 -0.1248271655E-07
-0.2058341992E-05  0.3919096077E-06
-0.4096732910E-06  0.5666648928E-06
 0.2136636311E-05 -0.4168437564E-06
-0.7730104149E-05 -0.3993803686E-05
 0.9256880129E-06 -0.1821593198E-05
 0.7958842352E-05  0.2816483543E-05
 0.2702030501E-05  0.9731419391E-07
 0.5859107155E-05  0.3388587106E-05
 0.3179776053E-05  0.7588195494E-06
-0.2537903558E-05 -0.1179800813E-05
-0.6594090946E-05 -0.1738793322E-06
 0.6076904137E-05  0.3580264488E-05
-0.1292976235E-05 -0.2080395239E-06
 0.1818785921E-05 -0.3018871535E-06
-0.6606505647E-05  0.2303111059E-07
 0.5993178104E-05  0.3503812160E-05
-0.7637721359E-06 -0.2764653181E-07
 0.1271337689E-05 -0.4072647617E-06
-0.1211014692E-05  0.6447899722E-06
-0.1089580450E-05  0.4343943281E-06
-0.9902496243E-06  0.7562902863E-06
 0.9317318951E-06 -0.4955566205E-06
-0.9117607777E-06  0.7429861452E-06
-0.8004839419E-06  0.5192014741E-06
-0.7013170261E-06  0.8563699829E-06
 0.6369611401E-06 -0.5808242654E-06
-0.8455936475E-06  0.9908097524E-06
-0.7027373659E-06  0.1031662403E-05
-0.7183191580E-06  0.1104891703E-05
 0.6642445372E-06 -0.9034711904E-06
 0.6269508556E-06 -0.7355627665E-06
 0.7316360849E-06 -0.6473160184E-06
 0.7104236114E-06 -0.3986016582E-06
-0.8587194296E-06  0.8606747467E-06
 0.1837182501E-05 -0.4824308563E-06
-0.3024645804E-06 -0.4860922402E-06
 0.1815170937E-05 -0.4198872859E-06
-0.1433084204E-05  0.6361724867E-06
 0.2127383813E-05 -0.3784754901E-06
-0.2105742841E-07 -0.4064199009E-06
 0.2290052862E-05 -0.3231267620E-06
-0.1749485077E-05  0.5441956827E-06
-0.6604673072E-05 -0.6324341153E-07
 0.6038858399E-05  0.3547397256E-05
-0.1019243691E-05 -0.1034725879E-06
 0.1543758840E-05 -0.3572644295E-06
-0.6454406799E-05  0.7415421148E-06
 0.5299188971E-05  0.3996147889E-05
 0.9277342699E-06  0.1097666339E-05
-0.3449649229E-06 -0.9367229084E-06
-0.6789974669E-05  0.8837083756E-06
 0.5572493210E-05  0.3960687359E-05
 0.1213428253E-05  0.1063815773E-05
-0.5770633364E-06 -0.8786485681E-06
 0.1322137205E-05  0.1988635695E-05
 0.1468084551E-05  0.1703529289E-05
 0.1535663269E-05  0.2022752512E-05
-0.1586647128E-05 -0.1801107006E-05
-0.4461539225E-06 -0.1925717710E-05
-0.2507173135E-05 -0.1667987788E-05
-0.1461902154E-05 -0.1746977876E-05
 0.9332192501E-06  0.2037547442E-05
-0.6213767611E-06  0.1137818608E-05
-0.4977512124E-06  0.1199573786E-05
-0.5654052308E-06  0.1060152310E-05
 0.5965496258E-06 -0.1129795416E-05
-0.3703139299E-06  0.1258863835E-05
-0.1993241050E-06  0.1331171738E-05
-0.3209231296E-06  0.1182369137E-05
 0.2879075381E-06 -0.1243117205E-05
-0.5826904619E-06  0.8732945363E-06
-0.5110268104E-06  0.9222825710E-06
-0.7242211412E-06  0.6062066053E-06
 0.7259225015E-06 -0.9352843163E-06
 0.4864435729E-06 -0.1144054980E-05
 0.6385519444E-06 -0.1092895320E-05
 0.4515655590E-06 -0.1185897004E-05
-0.4702992065E-06  0.1116797884E-05
-0.1188243893E-07  0.1421498043E-05
 0.1424785640E-06  0.1505024561E-05
 0.1019302782E-06  0.1389312597E-05
-0.6720487312E-07 -0.1406139550E-05
 0.2773818132E-06  0.1581059748E-05
 0.4393724321E-06  0.1668389810E-05
 0.3687384562E-06  0.1553058762E-05
-0.3928904726E-06 -0.1548537817E-05
 0.1629148582E-06  0.1238666301E-05
 0.2436953596E-06  0.1303413117E-05
 0.1019894049E-06  0.9674966756E-06
-0.1996140037E-07 -0.1322606444E-05
-0.2295823113E-06 -0.1502329804E-05
-0.7163931865E-07 -0.1429582994E-05
-0.2248297125E-06 -0.1479527333E-05
 0.2285370020E-06  0.1475052957E-05
-0.9865316329E-06  0.2375666848E-06
-0.5193348515E-06  0.2294976054E-06
-0.1331317721E-05 -0.3882886974E-06
 0.1057646071E-05 -0.3478542192E-06
 0.7539916526E-07  0.4704392980E-06
 0.3180448802E-07  0.6627349841E-06
 0.3280883771E-06  0.3746409336E-06
 0.3581387701E-06 -0.6556655304E-06
-0.1616251696E-05 -0.1260993965E-05
 0.7102206278E-06 -0.3419049388E-06
 0.7458107987E-07 -0.3983418526E-05
 0.1477370997E-05  0.1804230331E-05
 0.4500253444E-06  0.5182611722E-07
 0.1352809591E-05  0.4190846488E-06
 0.6750094396E-06 -0.3862876535E-06
-0.1901695771E-06 -0.2545775824E-06
 0.2068308248E-06 -0.1030819472E-05
 0.3504180116E-06 -0.8978961792E-06
 0.1224930663E-06 -0.1232829461E-05
 0.1062515686E-06  0.9091602887E-06
 0.6198634341E-06 -0.7456843295E-06
 0.8564851061E-06 -0.7025405476E-06
 0.5477270809E-06 -0.9918038004E-06
-0.5718141218E-06  0.6299295531E-06
 0.9459015501E-07 -0.1326385583E-05
 0.2936286991E-06 -0.1217929346E-05
 0.1053363430E-06 -0.1319056245E-05
-0.9535777616E-07  0.1281222807E-05
-0.2697073256E-06  0.1006718829E-05
 0.1758042229E-07  0.1134949325E-05
-0.1491680776E-06  0.7538067157E-06
 0.3155880500E-06 -0.1097598664E-05
 0.6319659463E-06  0.1786836781E-05
 0.8204781213E-06  0.1904407694E-05
 0.7691193048E-06  0.1772244459E-05
-0.8047366597E-06 -0.1757094500E-05
 0.9705867628E-06  0.1975823816E-05
 0.1064198803E-05  0.1963244503E-05
 0.1031143765E-05  0.1891788505E-05
-0.1071627519E-05 -0.1905063248E-05
 0.8409305832E-06  0.1596715360E-05
 0.9451430218E-06  0.1655345714E-05
 0.8252664346E-06  0.1285325523E-05
-0.7317960255E-06 -0.1682435742E-05
-0.9315690565E-06 -0.1869834179E-05
-0.8076458005E-06 -0.1803191071E-05
-0.9922525810E-06 -0.1859329896E-05
 0.9197315263E-06  0.1858036975E-05
 0.1127000738E-05  0.1984905122E-05
 0.1221293738E-05  0.2011008991E-05
 0.1210859515E-05  0.1958036272E-05
-0.1179819761E-05 -0.1922203431E-05
 0.1349160914E-05  0.2090546674E-05
 0.1506273767E-05  0.2135556121E-05
 0.1461187539E-05  0.2089207680E-05
-0.1521305116E-05 -0.2022377424E-05
 0.1255226158E-05  0.1809589870E-05
 0.1375922098E-05  0.1879014006E-05
 0.1242791908E-05  0.1525661617E-05
-0.1206169870E-05 -0.1869375372E-05
-0.1387707906E-05 -0.2019599494E-05
-0.1221131184E-05 -0.1963440363E-05
-0.1349554399E-05 -0.1957286463E-05
 0.1316603668E-05  0.2022829556E-05
 0.7099285221E-06  0.8430923757E-06
 0.8876082063E-06  0.8911980723E-06
 0.5429033792E-06  0.2922432687E-06
-0.4629067019E-06 -0.9780319342E-06
 0.1058921000E-05  0.1001515148E-05
 0.1085153570E-05  0.1080797767E-05
 0.9589760435E-06  0.6603850789E-06
-0.7559076994E-06 -0.1145504815E-05
 0.6609965448E-06 -0.3265756717E-06
 0.1117275041E-05  0.1985189678E-06
 0.1176880883E-05 -0.7866243427E-06
-0.5741627839E-06  0.2186963977E-06
-0.6180023951E-06 -0.6215400406E-06
-0.4002935996E-06 -0.4284355425E-06
-0.6441301531E-06 -0.1044058674E-05
 0.9569651522E-06  0.4408884012E-06
-0.9862270427E-06 -0.1571159022E-05
-0.8634287319E-06 -0.1501376367E-05
-0.1060869698E-05 -0.1813512756E-05
 0.1166525312E-05  0.1455678931E-05
-0.7365079312E-06 -0.1437298188E-05
-0.6008683950E-06 -0.1414377140E-05
-0.8421403739E-06 -0.1724168329E-05
 0.9185321863E-06  0.1323000376E-05
-0.1093821031E-05 -0.1923104634E-05
-0.1014146801E-05 -0.1894461232E-05
-0.1107566410E-05 -0.1893492458E-05
 0.1122818026E-05  0.1919629255E-05
 0.1055497326E-05  0.1694224548E-05
 0.1164301888E-05  0.1744689731E-05
 0.1064270961E-05  0.1381321808E-05
-0.9469998815E-06 -0.1760862676E-05
 0.1678207694E-05 -0.1660708641E-05
-0.5988903251E-05 -0.1834173701E-05
-0.2387517110E-07 -0.4210478996E-05
 0.5246723380E-05  0.4602576988E-05
 0.2797469255E-06  0.1857979471E-05
 0.2777806251E-05  0.8350949587E-06
 0.1284701513E-06  0.2913788213E-06
-0.5832406147E-06 -0.1128861558E-05
 0.1420666409E-05 -0.1538480140E-05
 0.1081294160E-04 -0.2451025128E-05
 0.3530685363E-06 -0.6161496519E-06
 0.2883922769E-05 -0.5455519891E-06
-0.1200249392E-06 -0.4384214019E-06
-0.3006687067E-07 -0.6255879054E-06
-0.3093513389E-06 -0.1013821402E-05
 0.4631152534E-06  0.3546352356E-06
 0.3678405667E-06  0.2288611144E-06
-0.1856107904E-06 -0.2444133511E-06
-0.1747097177E-05  0.2276476635E-06
 0.6143473823E-06 -0.6236013566E-07
 0.7686548578E-05  0.2939258118E-05
 0.4013052300E-05 -0.4360912464E-06
 0.1696487991E-05  0.8442402821E-06
-0.5018827078E-05 -0.5576334048E-06
 0.1910941077E-05 -0.1793769258E-05
 0.1725415917E-06 -0.1667565818E-05
 0.4200432064E-06 -0.8579643334E-06
 0.2785960186E-05 -0.1026178166E-05
 0.8545661014E-06 -0.3352917086E-06
 0.5161479149E-06 -0.7597385417E-06
 0.4203894800E-06 -0.7844198564E-06
-0.3973219623E-06  0.3832004946E-06
 0.4953168501E-06  0.4582359846E-06
-0.1642256715E-05 -0.1022752358E-06
-0.2031676042E-06  0.2088368621E-06
 0.1402381603E-05 -0.8796270092E-06
-0.4888791734E-06 -0.1355029255E-05
-0.3343828333E-06 -0.1219747229E-05
-0.5928723429E-06 -0.1591222648E-05
 0.7445923180E-06  0.1201021366E-05
-0.1067465642E-06 -0.1106226191E-05
 0.1027677216E-06 -0.1080931551E-05
-0.1875644411E-06 -0.1378511344E-05
 0.2004032771E-06  0.9869643709E-06
-0.6262037770E-06 -0.1692434703E-05
-0.4193943590E-06 -0.1581240565E-05
-0.5915972901E-06 -0.1639570046E-05
 0.5684876883E-06  0.1655552115E-05
 0.4296128806E-06  0.1378572043E-05
 0.6735112334E-06  0.1490685660E-05
 0.4993207583E-06  0.1074943815E-05
-0.4000042707E-06 -0.1466388241E-05
-0.1146769738E-06  0.5506238439E-06
 0.1878257449E-06  0.5286333092E-06
-0.4574072152E-06 -0.9966879176E-07
 0.2911318017E-06 -0.6651987702E-06
 0.6113976177E-06  0.6981809647E-06
 0.7181648301E-06  0.8278489038E-06
 0.7047272812E-06  0.3881078613E-06
-0.2391836510E-06 -0.8866624457E-06
-0.8187754816E-06 -0.9859318601E-06
 0.1169204528E-05 -0.3622617937E-06
 0.4993734121E-06 -0.2704649812E-05
 0.9688133603E-06  0.1013110309E-05
-0.6171913960E-07 -0.2483032320E-06
 0.4933029568E-06  0.5882585802E-07
-0.2240967643E-07 -0.6971820065E-06
 0.3749301186E-06 -0.1870410671E-07
-0.1593376440E-05 -0.1916619327E-05
-0.1459845842E-05 -0.1811468663E-05
-0.1556821034E-05 -0.1608223097E-05
 0.1364351634E-05  0.2041374469E-05
-0.1222876131E-05 -0.1795329652E-05
-0.1117727013E-05 -0.1702754797E-05
-0.1123431255E-05 -0.1396026976E-05
 0.1079748818E-05  0.1917749481E-05
-0.1418757060E-06 -0.1888192944E-05
-0.1879740882E-05 -0.1528004372E-05
-0.9128207367E-06 -0.1906140277E-05
 0.4361282284E-06  0.1993235343E-05
 0.9495602880E-06  0.1837478182E-05
 0.1156192338E-05  0.1646634690E-05
 0.1219756459E-05  0.1910380323E-05
-0.1187690396E-05 -0.1695277869E-05
-0.1110461795E-05 -0.1762057982E-05
-0.1164758131E-05 -0.1748614412E-05
-0.1357420408E-05 -0.1438862944E-05
 0.9807333778E-06  0.1938901864E-05
-0.9533203365E-06 -0.1656916979E-05
-0.7103211028E-06 -0.1530726616E-05
-0.7855670863E-06 -0.1259641362E-05
 0.6387822616E-06  0.1756137498E-05
-0.1250158731E-05 -0.9934293077E-06
-0.8606286281E-06 -0.8517756010E-06
-0.9921349212E-06 -0.4549083623E-06
 0.5376260227E-06  0.1237154249E-05
 0.6088011124E-06  0.1568177240E-05
 0.8241191741E-06  0.1675831659E-05
 0.8377150026E-06  0.1881650752E-05
-0.1097572843E-05 -0.1390306285E-05
-0.1016225495E-04  0.9435667541E-06
-0.2718619245E-05 -0.1686566223E-06
 0.4331658421E-05  0.3295899840E-05
-0.2916273977E-06  0.1233968034E-05
 0.6672334443E-07  0.9122827734E-06
-0.3169946201E-05  0.7824182149E-06
 0.5485581141E-06  0.1119675173E-05
-0.1311947246E-05 -0.8688455907E-06
-0.5610582888E-05 -0.1607477708E-06
 0.3443798780E-05  0.4101073953E-05
 0.2617429880E-06  0.8621931933E-06
 0.7323229365E-06 -0.1219239106E-05
 0.8790833950E-06  0.1727096185E-05
 0.8338713270E-06  0.1483865446E-05
 0.1028053595E-05  0.1836296376E-05
-0.8652634294E-06 -0.1447414302E-05
 0.3969061535E-06 -0.1276868537E-05
-0.1532191145E-05 -0.1157610750E-05
 0.4810546162E-05 -0.8454308339E-06
-0.2288038150E-05  0.1502785410E-05
-0.4941701987E-06 -0.1442857625E-05
-0.3274563451E-06 -0.1382596433E-05
-0.3705150844E-06 -0.1153029984E-05
 0.2860743616E-06  0.1534794063E-05
-0.1738890278E-06 -0.1337163974E-05
-0.2186352724E-07 -0.1277144465E-05
-0.9629420777E-07 -0.1110382697E-05
 0.1263083141E-07  0.1414173133E-05
-0.2140157053E-06 -0.8902585118E-06
-0.1491395558E-06 -0.8484936893E-06
-0.1493788357E-06 -0.5724244825E-06
-0.2482728998E-07  0.1058349631E-05
 0.5057858143E-08  0.1278683896E-05
 0.1296496901E-06  0.1288056495E-05
 0.1502361548E-06  0.1469590100E-05
-0.2298098995E-06 -0.1146397746E-05
 0.1466390278E-06 -0.1218687555E-05
 0.3073707240E-06 -0.1161751905E-05
 0.2094926315E-06 -0.1029813815E-05
-0.3081748211E-06  0.1281759813E-05
 0.4611335838E-06 -0.1114688347E-05
 0.6059752808E-06 -0.1056837136E-05
 0.5100655063E-06 -0.9442412793E-06
-0.5820730445E-06  0.1170071496E-05
 0.3302302855E-06 -0.8106493667E-06
 0.4323419824E-06 -0.7343361425E-06
 0.4121932501E-06 -0.4720394707E-06
-0.5801075268E-06  0.9483121625E-06
-0.5673870805E-06  0.1099270445E-05
-0.4308507393E-06  0.1128825657E-05
-0.4519019097E-06  0.1221663480E-05
 0.3658358698E-06 -0.9979585624E-06
 0.1234996890E-05 -0.6475164876E-06
-0.8630740637E-06 -0.5909703230E-06
 0.9842625247E-06 -0.5510927944E-06
-0.8121743895E-06  0.7742896941E-06
 0.1535946375E-05 -0.5669134918E-06
-0.5966405471E-06 -0.5464635185E-06
 0.1417438142E-05 -0.4929490153E-06
-0.1121568122E-05  0.7094490101E-06
-0.6614674319E-05  0.8391175539E-07
 0.5960369799E-05  0.3453619187E-05
-0.5098903262E-06  0.2812731594E-07
 0.1037105928E-05 -0.4326770532E-06
-0.6286359054E-06  0.8161764546E-06
-0.5172631272E-06  0.5810684537E-06
-0.4220875280E-06  0.9331986613E-06
 0.3405890768E-06 -0.6433658754E-06
-0.3461983094E-06  0.8722575409E-06
-0.2332073447E-06  0.6272499369E-06
-0.1373322844E-06  0.9944014996E-06
 0.5779002066E-07 -0.6932049036E-06
-0.2833667156E-06  0.1192687319E-05
-0.1333335836E-06  0.1222522741E-05
-0.1434582778E-06  0.1343760942E-05
 0.5869192373E-07 -0.1081000454E-05
 0.3800195112E-07 -0.8722866161E-06
 0.1352510816E-06 -0.8008688782E-06
 0.1238923013E-06 -0.5306770316E-06
-0.2957641255E-06  0.1018181981E-05
-0.6617799556E-05  0.1486153131E-06
 0.5915960902E-05  0.3391469885E-05
-0.2499807757E-06  0.8758227644E-07
 0.7702379178E-06 -0.4574252370E-06
-0.6685033536E-05 -0.2935363079E-06
 0.6307429568E-05  0.3170455007E-05
-0.3555302864E-07 -0.3652141505E-06
 0.1162382848E-05 -0.1614439156E-06
-0.8777099828E-07  0.8913994772E-06
-0.6456456379E-08  0.5504604043E-06
 0.1032186265E-06  0.9863109494E-06
-0.1440241090E-06 -0.6989166931E-06
 0.7228596472E-07  0.7412504887E-06
 0.1611579363E-06  0.4420507849E-06
 0.3523915204E-06  0.1004841840E-05
-0.2893591532E-06 -0.5681542124E-06
 0.2550986280E-06  0.1338895355E-05
 0.4095010633E-06  0.1395539088E-05
 0.4489143272E-06  0.1619993661E-05
-0.5282344818E-06 -0.1191704574E-05
-0.4620513007E-06 -0.8488364868E-06
-0.3691731833E-06 -0.8202524247E-06
-0.2782535177E-06 -0.4901317254E-06
 0.1899295132E-06  0.1024326635E-05
 0.1141504228E-05 -0.5294792223E-06
-0.1110641446E-05 -0.5421310261E-06
 0.7946696557E-06 -0.7468771729E-06
-0.4565973255E-06  0.5664182269E-06
 0.1093290686E-05 -0.7323447267E-06
-0.1156821607E-05 -0.6440869579E-06
 0.4636018753E-06 -0.5989318524E-06
-0.5317864269E-06  0.8637494470E-06
-0.6921819691E-05  0.3783955977E-06
 0.5972195734E-05  0.3703339099E-05
-0.5634725655E-07 -0.5094381667E-07
 0.7429454931E-06 -0.6048124303E-06
-0.7266765761E-05  0.1199277259E-05
 0.4390341621E-05  0.4367917395E-05
 0.3126604440E-05  0.1778164270E-05
-0.2432402212E-05 -0.1041840919E-05
 0.3813082779E-05  0.3026445046E-05
 0.4104257291E-05  0.2576186662E-05
 0.4151619766E-05  0.3011655996E-05
-0.4335860471E-05 -0.2723344438E-05
 0.4166677488E-05  0.2919462959E-05
 0.4445371649E-05  0.2417228102E-05
 0.4522700319E-05  0.2965438853E-05
-0.4727752848E-05 -0.2573197650E-05
 0.4316243728E-05  0.3248214046E-05
 0.4519979934E-05  0.3250085892E-05
 0.4505160037E-05  0.3271420196E-05
-0.4803244740E-05 -0.3047927950E-05
-0.4832921203E-05 -0.2825234752E-05
-0.4697715705E-05 -0.2779745396E-05
-0.4779781062E-05 -0.2467858358E-05
 0.4325186268E-05  0.3091541891E-05
 0.4474246527E-05  0.2756672687E-05
 0.4785531288E-05  0.2209717382E-05
 0.4871759455E-05  0.2861970745E-05
-0.5137964258E-05 -0.2379561996E-05
 0.4805952199E-05  0.2499868725E-05
 0.5137168946E-05  0.1774193625E-05
 0.5232567718E-05  0.2658007949E-05
-0.5518427831E-05 -0.2082574535E-05
 0.5074484478E-05  0.3292967225E-05
 0.5284893393E-05  0.3253393961E-05
 0.5326077134E-05  0.3515776418E-05
-0.5812639405E-05 -0.2964180254E-05
-0.5752721440E-05 -0.2504397096E-05
-0.5617775142E-05 -0.2525208812E-05
-0.5641810851E-05 -0.2043864409E-05
 0.5034154908E-05  0.2885829273E-05
 0.4675197910E-05  0.3105734813E-05
 0.4880906609E-05  0.3202939360E-05
 0.4805656027E-05  0.2667943312E-05
-0.4987293950E-05 -0.3069892298E-05
 0.5093144217E-05  0.3300962286E-05
 0.5325141584E-05  0.3405055463E-05
 0.5252045209E-05  0.2906574374E-05
-0.5563450866E-05 -0.3204849379E-05
 0.4866421652E-05  0.1930679652E-05
 0.5092816636E-05  0.2050655625E-05
 0.4835365948E-05  0.9313061203E-06
-0.4882301289E-05 -0.2068466245E-05
-0.5274182269E-05 -0.2811828907E-05
-0.4969983303E-05 -0.2729236213E-05
-0.5263531523E-05 -0.3138931187E-05
 0.5016451788E-05  0.2779381563E-05
-0.5742134296E-05 -0.3241442760E-05
-0.5457488303E-05 -0.3214088636E-05
-0.5560694237E-05 -0.2993957877E-05
 0.5105908466E-05  0.3461878630E-05
-0.5181118465E-05 -0.3191445694E-05
-0.4930981083E-05 -0.3148116304E-05
-0.5055510944E-05 -0.3037474838E-05
 0.4703814617E-05  0.3345331192E-05
-0.5281207332E-05 -0.2702858656E-05
-0.5141403644E-05 -0.2683188361E-05
-0.5182732102E-05 -0.2288312266E-05
 0.4676348819E-05  0.3020276641E-05
 0.4696468738E-05  0.3291567773E-05
 0.4892048696E-05  0.3269339695E-05
 0.4902490326E-05  0.3399096273E-05
-0.5285251567E-05 -0.3031899293E-05
 0.5080154635E-05  0.1932106652E-05
 0.5203990742E-05  0.1057448091E-05
 0.5525736727E-05  0.2482093613E-05
-0.5672388487E-05 -0.1520030351E-05
 0.3467238084E-05  0.1150243334E-05
 0.4628846918E-06  0.1787724269E-05
 0.5091397023E-05  0.2147049969E-05
-0.6604139118E-05 -0.7766586535E-06
 0.5825734598E-05  0.3573131054E-05
 0.6031506410E-05  0.3615846608E-05
 0.6282214992E-05  0.3959557314E-05
-0.7232360421E-05 -0.3025435370E-05
-0.7298083624E-05 -0.2057898835E-05
-0.6782894702E-05 -0.2014819197E-05
-0.6752101074E-05 -0.9410037709E-06
 0.5347525723E-05  0.2743290343E-05
-0.8267872551E-05  0.5136989198E-06
-0.3225490738E-05  0.6442579026E-05
 0.4643120979E-05  0.2363322859E-05
-0.2958931229E-05 -0.2477648217E-05
-0.1053282596E-04  0.1960767201E-05
 0.1141098715E-05  0.5491499965E-05
 0.5940361123E-05  0.1918455374E-05
-0.5178848847E-05 -0.4680389992E-06
 0.6763686721E-05  0.4010397247E-05
 0.7288642688E-05  0.3536509234E-05
 0.7378263927E-05  0.3669714722E-05
-0.7877911814E-05 -0.3791861642E-05
-0.6058659162E-05 -0.5472147204E-05
-0.8813937535E-05 -0.4074620264E-05
-0.8458041104E-05 -0.2543255259E-05
 0.5293482979E-05  0.5549778326E-05
 0.6669518844E-05  0.3970405186E-05
 0.6954747238E-05  0.3874956446E-05
 0.6960360083E-05  0.3748734981E-05
-0.7682057858E-05 -0.3652932607E-05
 0.7170333524E-05  0.3853258270E-05
 0.7414534942E-05  0.3836994216E-05
 0.7476471970E-05  0.3855959162E-05
-0.8350692268E-05 -0.3466468737E-05
 0.7198361180E-05  0.3258960379E-05
 0.7489961297E-05  0.3422371000E-05
 0.7392731739E-05  0.2390874007E-05
-0.8063406116E-05 -0.3128850385E-05
-0.8310296561E-05 -0.3520249767E-05
-0.7893857872E-05 -0.3531699324E-05
-0.8022557210E-05 -0.3525787570E-05
 0.7216970755E-05  0.3798217367E-05
-0.8204744523E-05 -0.3342633911E-05
-0.8003151472E-05 -0.3130743254E-05
-0.7897427102E-05 -0.2936702813E-05
 0.7112520213E-05  0.3712078185E-05
-0.7707676321E-05 -0.3368600228E-05
-0.7541765491E-05 -0.3520887258E-05
-0.7811696028E-05 -0.2934181776E-05
 0.6632663987E-05  0.3860384737E-05
-0.5048977769E-05 -0.3727491625E-05
-0.8277956342E-05 -0.2492200091E-05
 0.1331876142E-05 -0.2757187938E-05
 0.2334298467E-05  0.3441051376E-05
 0.6592356585E-05  0.3409137648E-05
 0.6878348071E-05  0.3072971977E-05
 0.6954318268E-05  0.3566143004E-05
-0.7346028821E-05 -0.2794704833E-05
 0.4751434272E-05 -0.1927218981E-06
 0.5049690430E-05 -0.4414731567E-07
 0.4584824889E-05 -0.1256032964E-05
-0.4569717236E-05  0.3729155700E-07
 0.5459574163E-05  0.2198223619E-08
 0.5922357909E-05  0.8192498711E-07
 0.5459667834E-05 -0.1582159204E-05
-0.5364767445E-05 -0.1936702187E-06
 0.4327696149E-05 -0.2452095202E-05
 0.4929007793E-05 -0.3357976379E-05
 0.3811570820E-05 -0.5786710186E-05
-0.3808093540E-05  0.2363737166E-05
-0.4780991746E-05  0.1342305156E-05
-0.4151246314E-05  0.9867211542E-06
-0.4900611296E-05 -0.1629585418E-06
 0.5006073705E-05 -0.1453026704E-05
 0.6315949719E-05  0.2819976139E-06
 0.6654528443E-05  0.3796576199E-06
 0.6435366673E-05 -0.1513357593E-05
-0.6035801781E-05 -0.5500301193E-06
 0.6888795228E-05  0.5103810770E-06
 0.7141188233E-05  0.8144744730E-06
 0.6692958906E-05 -0.1122456858E-05
-0.6966904219E-05 -0.6084083480E-06
 0.6337372118E-05 -0.3580118298E-05
 0.5866843827E-05 -0.2975621092E-05
 0.4816891305E-05 -0.4889669721E-05
-0.5674871628E-05  0.3967895543E-05
-0.6300982993E-05  0.1497759787E-05
-0.5784943020E-05  0.1354582727E-05
-0.6471624265E-05 -0.5616841248E-06
 0.6592369232E-05 -0.1479679816E-05
 0.7740158786E-05 -0.1494043243E-04
-0.3930705633E-05  0.5153814748E-05
 0.9922979296E-05  0.5577436180E-06
-0.4778258388E-05  0.3087717711E-05
 0.6482568341E-05 -0.5334912097E-05
 0.1326265539E-06 -0.8299613050E-06
-0.2463704850E-05  0.2053635337E-05
-0.4204977944E-05  0.3039115916E-05
 0.5939358149E-05 -0.8210710948E-05
-0.5264954159E-05  0.1114550193E-05
-0.5143334301E-05  0.1380337253E-05
-0.5705779339E-05 -0.3412622578E-06
 0.5972017480E-05 -0.1525086862E-05
 0.5285380454E-05 -0.3145170699E-05
 0.6098301731E-05 -0.3392747810E-05
 0.4880109606E-05 -0.4540617607E-05
-0.3701325346E-05  0.2052032879E-05
-0.7605908019E-05 -0.2164776314E-05
-0.7104321804E-05 -0.2060294886E-05
-0.7590490768E-05 -0.3056970079E-05
 0.7090022276E-05  0.2151450720E-05
-0.6672584586E-05 -0.1964920752E-05
-0.6286748978E-05 -0.1787912242E-05
-0.6765518928E-05 -0.2838734156E-05
 0.6520112799E-05  0.1828421744E-05
-0.7496892622E-05 -0.3527773323E-05
-0.7114208636E-05 -0.3458285888E-05
-0.7352896236E-05 -0.3672749167E-05
 0.6678879796E-05  0.3697413713E-05
 0.6635093615E-05  0.2988840592E-05
 0.6921270374E-05  0.3123871310E-05
 0.6820996742E-05  0.1976888621E-05
-0.7162092629E-05 -0.2974396503E-05
-0.5907767329E-05 -0.1584595469E-05
-0.5500118243E-05 -0.1418347997E-05
-0.5983112094E-05 -0.2479048050E-05
 0.5807608700E-05  0.1414926133E-05
-0.5100977304E-05 -0.1243448717E-05
-0.4753348135E-05 -0.1095815564E-05
-0.5219764420E-05 -0.2166016534E-05
 0.5105013226E-05  0.1076642767E-05
-0.5971161401E-05 -0.3036323249E-05
-0.5609654564E-05 -0.2911552776E-05
-0.5889594404E-05 -0.3277885692E-05
 0.5516654581E-05  0.3059327182E-05
 0.5360906321E-05  0.2212703563E-05
 0.5672446308E-05  0.2400955849E-05
 0.5417018552E-05  0.1254410370E-05
-0.5589551578E-05 -0.2307508258E-05
-0.7118462386E-05 -0.3493544068E-05
-0.6734556191E-05 -0.3376213535E-05
-0.6786914609E-05 -0.2909103858E-05
 0.6026426537E-05  0.3860455500E-05
-0.6372840831E-05 -0.3306548833E-05
-0.6055154017E-05 -0.3261114316E-05
-0.6111697392E-05 -0.2904745044E-05
 0.5555123570E-05  0.3596892841E-05
-0.6208733527E-05 -0.2205365005E-05
-0.6090388990E-05 -0.2254216014E-05
-0.5985543475E-05 -0.1579236270E-05
 0.5381828995E-05  0.2657565156E-05
 0.5475651922E-05  0.3289708427E-05
 0.5686652741E-05  0.3330751525E-05
 0.5795395226E-05  0.3696497633E-05
-0.6386682905E-05 -0.2885724468E-05
 0.5575713000E-05  0.3528685256E-05
 0.5842443306E-05  0.3666606897E-05
 0.5807043083E-05  0.3233289032E-05
-0.6232867297E-05 -0.3368205346E-05
 0.6109026674E-05  0.3821123451E-05
 0.6378693797E-05  0.3943881206E-05
 0.6395264231E-05  0.3581680025E-05
-0.6966152722E-05 -0.3594097786E-05
 0.6011540959E-05  0.2605416110E-05
 0.6335928361E-05  0.2812132468E-05
 0.6187264752E-05  0.1623096137E-05
-0.6377100406E-05 -0.2662569777E-05
-0.6728418604E-05 -0.3332212534E-05
-0.6348129932E-05 -0.3181853810E-05
-0.6594044859E-05 -0.3476096788E-05
 0.6105654596E-05  0.3415749665E-05
-0.1794372979E-04  0.1099698551E-05
-0.8664534452E-05  0.1927759016E-06
 0.3931289719E-05  0.9286286822E-05
 0.1831723286E-05  0.2165827825E-05
-0.3252521079E-05 -0.1893903548E-05
-0.6840783344E-05 -0.1217820862E-05
-0.6255112943E-05 -0.1952751944E-06
 0.4564833091E-05  0.1725198823E-05
-0.1044372393E-04  0.7345328740E-06
 0.4542834958E-05  0.1561546536E-05
 0.4118625308E-05 -0.1661974426E-05
-0.1468146758E-05  0.1075127635E-06
-0.3887423007E-05 -0.2534686384E-05
-0.6639519893E-05 -0.1788835984E-05
-0.6363509134E-05 -0.6706771686E-06
 0.4329749027E-05  0.2613298118E-05
-0.3675353298E-05 -0.2765862291E-05
-0.6137689883E-05 -0.2082129749E-05
-0.5610789575E-05 -0.1251844704E-05
 0.4006762776E-05  0.2848678384E-05
-0.8200604854E-05  0.9513072494E-06
 0.3938030861E-05  0.3558771031E-05
 0.4047195059E-05  0.7592605876E-06
-0.3305689364E-05 -0.4269587329E-06
-0.3317316722E-05 -0.2958931943E-05
-0.5744915435E-05 -0.2304239521E-05
-0.5178914807E-05 -0.1667140214E-05
 0.3717584458E-05  0.3039841797E-05
-0.3038507942E-05 -0.3108679312E-05
-0.5331565351E-05 -0.2518909222E-05
-0.4915365242E-05 -0.1982233699E-05
 0.3379660085E-05  0.3211647613E-05
-0.7773696317E-05  0.1234705383E-05
 0.4624078746E-05  0.4211287876E-05
 0.3531035969E-05  0.1484055180E-05
-0.2728200674E-05 -0.8354285998E-06
-0.7967045721E-05  0.1097013067E-05
 0.4301089782E-05  0.3952021279E-05
 0.3784963010E-05  0.1159556204E-05
-0.2966535223E-05 -0.6722528216E-06
-0.9005227013E-05  0.1083919062E-05
 0.3671101885E-05  0.3658846129E-05
 0.4324863509E-05 -0.6084737064E-07
-0.3399252154E-05 -0.3355642965E-06
 0.8077365058E-05 -0.3295636818E-05
 0.1046647598E-05 -0.9641946947E-06
-0.5170492500E-05 -0.1278490119E-05
-0.3518298586E-05  0.9315678299E-07
 0.2884353896E-05 -0.1163403266E-05
 0.3232030902E-05 -0.1170780845E-05
 0.2908940737E-05 -0.9371800634E-06
-0.3486036849E-05  0.8751351541E-06
 0.9031727462E-05 -0.2113912774E-05
 0.2995932484E-05 -0.1135585356E-05
 0.4010410687E-05 -0.9853299602E-06
-0.5958209373E-05  0.6673129418E-06
-0.3944273523E-05  0.1154099059E-05
-0.9841908761E-05  0.1720571642E-05
-0.4104016878E-05  0.7772558413E-06
 0.3216561503E-05 -0.5040652251E-06
 0.3450566033E-05 -0.1062603989E-05
 0.3584971024E-05 -0.9156162545E-06
 0.3272450321E-05 -0.7129680091E-06
-0.3642272253E-05  0.6899935620E-06
 0.3712686271E-05 -0.7931986683E-06
 0.3876871123E-05 -0.7290666039E-06
 0.3615675457E-05 -0.5531897521E-06
-0.3759876541E-05  0.5356254214E-06
 0.3219821537E-05 -0.4685286383E-06
 0.3430254673E-05 -0.4545545414E-06
 0.3251745494E-05 -0.3504934135E-06
-0.3458317698E-05  0.3249329091E-06
-0.3644043721E-05  0.4284495902E-06
-0.3526216810E-05  0.4380478989E-06
-0.3719075914E-05  0.6000413323E-06
 0.3444637788E-05 -0.6202340691E-06
 0.2703913017E-05 -0.6154278328E-06
 0.2900597509E-05 -0.4175082597E-06
 0.2603124793E-05 -0.2145071499E-06
-0.2798345064E-05  0.1506168167E-06
 0.2947773355E-05 -0.2602595684E-06
 0.3061376971E-05 -0.2174837092E-06
 0.2869199256E-05 -0.8231699179E-07
-0.2920218780E-05  0.6428696263E-07
 0.2466895590E-05  0.1918271881E-08
 0.2649014838E-05  0.3278472389E-07
 0.2394142741E-05  0.1629564940E-06
-0.2498231438E-05 -0.1619493094E-06
-0.2723553269E-05 -0.3868489313E-07
-0.2629045161E-05 -0.2098691143E-07
-0.2865557198E-05  0.9304233604E-07
 0.2744186080E-05 -0.1305268731E-06
-0.3172348823E-05  0.1957234603E-06
-0.3084090549E-05  0.2024559227E-06
-0.3306717741E-05  0.2842230327E-06
 0.3080800767E-05 -0.3452278442E-06
-0.3067417899E-05  0.3372338472E-06
-0.3029065409E-05  0.6054913661E-06
-0.3405747532E-05  0.4918319501E-06
 0.3286288130E-05 -0.7375720011E-06
-0.3415323282E-05  0.4835506069E-06
-0.3357214959E-05  0.6350241449E-06
-0.3530847450E-05  0.7975558004E-06
 0.3087357573E-05 -0.8424332686E-06
 0.2910912374E-05 -0.7673680331E-06
 0.3039257233E-05 -0.5473400265E-06
 0.3044764496E-05 -0.4628460071E-06
-0.3257432408E-05  0.3230969685E-06
 0.3233915128E-05  0.3354211247E-08
 0.6514213152E-06  0.1332339696E-06
 0.2794450917E-05  0.5294819396E-07
-0.2502506390E-05 -0.2297142631E-06
 0.2757272490E-05  0.1637927914E-06
 0.3269414088E-06  0.2649904702E-06
 0.2462208072E-05  0.2184031143E-06
-0.2126572207E-05 -0.3829080628E-06
-0.1612918734E-05  0.3901933448E-06
 0.6077231099E-05 -0.3598576536E-05
-0.6582348145E-05  0.3209380473E-06
 0.2107429354E-05  0.2265635309E-06
 0.1729928140E-05 -0.3263671483E-07
 0.1825955142E-05  0.1561684725E-06
 0.1672528724E-05  0.2865814150E-06
-0.1919679574E-05 -0.3769665719E-06
 0.1971972774E-05  0.2713823738E-06
 0.2138813412E-05  0.2971732745E-06
 0.1928821674E-05  0.4136397813E-06
-0.2022399106E-05 -0.4278541066E-06
 0.1579359877E-05  0.4589080024E-06
 0.1739680313E-05  0.4947514530E-06
 0.1539060003E-05  0.5871934816E-06
-0.1682807898E-05 -0.6058195064E-06
-0.1861281155E-05 -0.5163553615E-06
-0.1784708110E-05 -0.5084271144E-06
-0.1958926594E-05 -0.4324530569E-06
 0.1774908334E-05  0.3825650216E-06
 0.1032768570E-05  0.2611294982E-06
 0.1072047073E-05  0.4912809714E-06
 0.9452450903E-06  0.6019944513E-06
-0.1172725049E-05 -0.7131296269E-06
 0.1180146469E-05  0.6493539694E-06
 0.1317716396E-05  0.6984047646E-06
 0.1115178239E-05  0.8145789343E-06
-0.1220935717E-05 -0.8346711853E-06
 0.8245087728E-06  0.8074746326E-06
 0.9324363718E-06  0.9000348721E-06
 0.7694284893E-06  0.9710570635E-06
-0.8737821052E-06 -0.1013600142E-05
-0.1031869524E-05 -0.9320277680E-06
-0.1005846500E-05 -0.8792033326E-06
-0.1175738741E-05 -0.8159278389E-06
 0.9992060139E-06  0.7468974040E-06
-0.1451186389E-05 -0.7118255665E-06
-0.1374918657E-05 -0.7029039421E-06
-0.1587377725E-05 -0.6182988520E-06
 0.1384723344E-05  0.5614463473E-06
-0.1334621356E-05 -0.5856722684E-06
-0.1418731197E-05 -0.2869018805E-06
-0.1564142486E-05 -0.4770003530E-06
 0.1279540431E-05  0.3415011800E-06
-0.1724334391E-05 -0.4130842312E-06
-0.1785474334E-05 -0.1358850335E-06
-0.1922047108E-05 -0.3227430392E-06
 0.1629004258E-05  0.1924242590E-06
 0.1387504832E-05  0.1209021755E-06
 0.1446245841E-05  0.3278915273E-06
 0.1300643582E-05  0.4511601894E-06
-0.1545549251E-05 -0.5507963801E-06
-0.2237880989E-05 -0.2980271849E-06
-0.2153391567E-05 -0.3015465893E-06
-0.2388515580E-05 -0.1781568260E-06
 0.2212635546E-05  0.1532181810E-06
-0.2089521709E-05 -0.2222556779E-06
-0.2124273651E-05  0.2470783496E-07
-0.2291451328E-05 -0.1155860506E-06
 0.2008759428E-05  0.1254940858E-07
-0.2553176485E-05  0.6061863308E-07
-0.2554335138E-05  0.2911973099E-06
-0.2807338220E-05  0.2067782984E-06
 0.2552661351E-05 -0.2934917534E-06
 0.2197189595E-05 -0.2685659141E-06
 0.2310506121E-05 -0.1004755278E-06
 0.2087835336E-05  0.7836318116E-07
-0.2321860526E-05 -0.1423960642E-06
-0.1903606873E-05  0.5408364746E-06
 0.6001637638E-05 -0.3579044593E-05
-0.6391633305E-05  0.5181416008E-06
 0.2365241262E-05  0.1442659206E-06
-0.2889359083E-05  0.1286143225E-05
 0.3835938716E-05 -0.2888158490E-05
-0.4526629396E-05  0.2158202709E-05
 0.3452323476E-05 -0.8260392790E-07
 0.4594914871E-05 -0.6022510070E-06
 0.1775390617E-05 -0.4421396147E-06
 0.3582199620E-05 -0.4307164330E-06
-0.3409787475E-05  0.2473289459E-06
 0.3563364747E-05 -0.1391652390E-06
 0.1095202979E-05 -0.5712011220E-07
 0.3052472986E-05 -0.1233588213E-06
-0.2830316974E-05 -0.6560150147E-07
-0.2243412953E-05  0.8090587255E-06
 0.5523680565E-05 -0.3455737556E-05
-0.5775222679E-05  0.9706935431E-06
 0.2730056744E-05 -0.1424625594E-07
 0.4132033170E-05 -0.7677577393E-06
 0.4548057973E-05 -0.9607401676E-06
 0.4040190981E-05 -0.5532814227E-06
-0.3897941324E-05  0.5876140264E-06
 0.5164653850E-05 -0.1314112779E-05
 0.6006230359E-05 -0.1686550460E-05
 0.5866611259E-05 -0.1922899820E-05
-0.5747257785E-05  0.1734027192E-05
 0.3861826454E-05 -0.2578398991E-06
 0.4103204167E-05 -0.3998238858E-06
 0.3799573640E-05  0.3539700007E-06
-0.2907705055E-05 -0.1738882281E-06
-0.3701874231E-05  0.7897080192E-06
-0.3438537225E-05  0.3138195385E-06
-0.4408478652E-05  0.9461632135E-06
 0.4568357707E-05 -0.8588985876E-06
 0.5636960322E-05  0.4764812220E-06
 0.3776996852E-05  0.3120862346E-05
 0.4510856287E-05 -0.2022851423E-05
-0.7897370043E-05  0.3423204204E-06
 0.4613005108E-05  0.6478554698E-06
 0.6342803668E-05  0.3753551563E-05
 0.8308403991E-05  0.9295915498E-06
-0.5062920637E-05 -0.1670116420E-05
 0.6469959374E-06 -0.1111036644E-05
-0.2994225060E-05 -0.7231910807E-06
-0.1841015803E-05 -0.2527510950E-06
 0.3040801472E-05  0.1546316411E-05
-0.1318435883E-04  0.4791770076E-05
-0.5814730603E-05  0.2485322692E-05
-0.8731795511E-05  0.1624001778E-05
 0.7985339027E-05 -0.4574403557E-05
 0.6786254133E-05 -0.2169854614E-05
 0.1773702307E-04 -0.8079622196E-05
 0.3766069348E-05  0.3007543706E-05
-0.3370897393E-05  0.2257877917E-05
 0.7508018902E-06  0.1036148153E-05
 0.9372852130E-06  0.9385285748E-06
 0.7838029627E-06  0.1002953370E-05
-0.7077151485E-06 -0.9717197507E-06
 0.1172965000E-05  0.7632659507E-06
 0.1458479826E-05  0.5526876228E-06
 0.1319160023E-05  0.4920336440E-06
-0.1059942196E-05 -0.3973370847E-06
 0.8675544225E-06  0.8555865608E-06
 0.1109876720E-05  0.5278567931E-06
 0.9656121402E-06  0.6092159039E-06
-0.6954904340E-06 -0.5597642208E-06
-0.8303902877E-06 -0.4492000253E-06
-0.6712083238E-06 -0.7976942261E-06
-0.8485396065E-06 -0.7312989635E-06
 0.1015860190E-05  0.7931696557E-06
 0.1719660726E-05  0.4560414388E-06
 0.1950808291E-05  0.7760442145E-06
 0.2578849876E-05  0.9943124347E-07
-0.1284943330E-05 -0.1881378039E-06
 0.3962004424E-05  0.2178446099E-05
 0.8463480335E-05 -0.1800900244E-05
-0.2993639993E-05 -0.1332537904E-05
-0.1757509949E-06 -0.7833073548E-06
 0.8918367464E-05  0.2356699306E-05
 0.1169216617E-05  0.4677463384E-06
 0.1077652709E-05  0.8543044153E-06
 0.1770300863E-05  0.1346329033E-06
-0.1399688135E-05 -0.3416766571E-06
 0.9754858788E-06  0.1586969696E-05
-0.2458032245E-07  0.1177379091E-05
 0.4180308199E-05  0.1662743757E-05
 0.2974314252E-05 -0.1473123457E-05
 0.2312595872E-05  0.6384700207E-06
 0.8244751457E-05 -0.4669604852E-05
-0.8069779565E-05  0.1764191413E-05
 0.3817513411E-06  0.6408217229E-06
-0.3155459497E-05  0.7204706335E-07
 0.4386570375E-06 -0.6295830561E-06
 0.2076378859E-05  0.1426350967E-05
-0.7069755391E-05  0.2761275102E-05
-0.1358556799E-06  0.6317254628E-06
-0.4183916722E-05  0.2000000336E-06
 0.4089016278E-05 -0.3456980250E-05
-0.4115852967E-06 -0.3111110538E-06
-0.8712413004E-06 -0.4073727976E-06
-0.7702300548E-06 -0.1502014733E-06
 0.1027542944E-05  0.2575738869E-06
-0.1963140859E-05  0.4981743783E-06
-0.1171637180E-05  0.8087697491E-07
-0.1316725784E-05 -0.8970461769E-07
 0.1758309639E-05  0.1214258278E-06
 0.1456465671E-05 -0.2431948802E-07
 0.2420872622E-05 -0.1083775899E-05
 0.1207898009E-05 -0.6090707730E-06
-0.1308450183E-05  0.6573138880E-06
 0.9236493262E-08  0.1483517128E-05
-0.5921757156E-05  0.2674523462E-05
 0.8726928353E-05 -0.2587432883E-05
-0.6143916610E-06 -0.9121537966E-07
-0.1033310176E-05 -0.2556969966E-06
-0.1364909109E-05  0.1338511321E-06
 0.1712533305E-05  0.1398528476E-06
-0.4161642393E-05  0.9784953430E-06
-0.2424527042E-05  0.5727337565E-06
-0.2967349608E-05  0.2434466700E-06
 0.3002149298E-05 -0.5230329879E-06
 0.2498151523E-05 -0.5877021446E-06
 0.4068012352E-05 -0.2115182803E-05
 0.2549078908E-05 -0.5493381013E-06
-0.2286952201E-05  0.1076600640E-05
-0.1091463907E-05 -0.4295342036E-06
-0.9922276877E-06 -0.6869563501E-06
-0.1076947876E-05 -0.6132367102E-06
 0.1320443939E-05  0.7178921543E-06
-0.8693100364E-06 -0.9066008620E-06
-0.7750124148E-06 -0.1042120236E-05
-0.9266703689E-06 -0.9718161653E-06
 0.9124446988E-06  0.9718883103E-06
-0.1176204307E-05 -0.7160069918E-06
-0.1087377143E-05 -0.8786559696E-06
-0.1313858847E-05 -0.7487564149E-06
 0.1280039051E-05  0.7782742288E-06
 0.1082119841E-05  0.8952126565E-06
 0.1274162178E-05  0.7877587217E-06
 0.1097680802E-05  0.8853203219E-06
-0.1000749317E-05 -0.8371804404E-06
-0.2329424679E-05 -0.9999580762E-07
-0.2104488623E-05 -0.1959119314E-06
-0.2059995983E-05 -0.2588628611E-06
 0.2248895880E-05  0.2598735488E-06
-0.1820667250E-05 -0.4183080760E-06
-0.1595255013E-05 -0.6093850263E-06
-0.1819318238E-05 -0.5162895515E-06
 0.1748823056E-05  0.5212359194E-06
-0.2023336213E-05 -0.3413433410E-06
-0.1947433732E-05 -0.4524368682E-06
-0.2107937579E-05 -0.3560999934E-06
 0.2117978072E-05  0.3702170739E-06
 0.1936143894E-05  0.4542188889E-06
 0.2147692258E-05  0.3576189793E-06
 0.2000650101E-05  0.3924962598E-06
-0.1967796236E-05 -0.3793214734E-06
 0.1515490837E-05  0.6325763049E-06
 0.1784854800E-05  0.4576528638E-06
 0.1511597717E-05  0.6185232973E-06
-0.1489869988E-05 -0.5472714787E-06
 0.2123864879E-05  0.2245388742E-06
 0.2497038050E-05  0.6399177539E-07
 0.2314870155E-05 -0.8409064644E-07
-0.2297820784E-05  0.1120511754E-06
 0.1525118582E-05  0.5518777879E-06
 0.1875507674E-05  0.1410748003E-06
 0.1547997808E-05  0.4733773800E-06
-0.1158178282E-05 -0.3134157802E-06
-0.1678447155E-05 -0.2062745620E-07
-0.1337262346E-05 -0.4348178920E-06
-0.1803866660E-05 -0.2424958652E-06
 0.1843174804E-05  0.3221706457E-06
 0.6995912375E-06 -0.5765822717E-06
-0.2907364356E-05 -0.3060666302E-06
-0.1995399496E-05  0.1829336963E-06
 0.3000090422E-05  0.1044355063E-05
-0.1137127398E-04  0.1737233310E-05
-0.5269025363E-05  0.2181474464E-05
-0.6893456739E-05  0.1118453793E-05
 0.6221374666E-05 -0.3139213959E-05
 0.6369752250E-05 -0.2169596575E-05
 0.1260729824E-04 -0.7194184029E-05
 0.1488937433E-04  0.3734412349E-05
-0.4320814071E-05  0.2240006537E-05
-0.3236258613E-05  0.2015304654E-06
-0.2932619134E-05  0.1373064125E-06
-0.2863163568E-05  0.4825997237E-07
 0.3144230347E-05 -0.8389714179E-08
-0.2614510982E-05 -0.6229927664E-07
-0.2382187478E-05 -0.2141875622E-06
-0.2649393350E-05 -0.9699519387E-07
 0.2625578494E-05  0.1116676210E-06
-0.2863917690E-05  0.5541915006E-07
-0.2805262913E-05 -0.1421038114E-07
-0.3010810900E-05  0.1157752540E-06
 0.3040588566E-05 -0.1046912463E-06
 0.2840360527E-05  0.2230847126E-07
 0.3047268159E-05 -0.2586424196E-07
 0.2890274839E-05  0.3626743191E-07
-0.2801759155E-05 -0.6867909903E-08
-0.4730083895E-05  0.4766674852E-06
-0.4284873948E-05  0.7634595603E-06
-0.3817547264E-05  0.3076311245E-06
 0.4102734873E-05 -0.4451794932E-06
-0.3754295604E-05  0.5136880416E-06
-0.3380368375E-05  0.3034656498E-06
-0.3678940714E-05  0.4094086130E-06
 0.3516931221E-05 -0.4318682598E-06
-0.3643259616E-05  0.3552046205E-06
-0.3708106018E-05  0.4161182516E-06
-0.3784355642E-05  0.5105292151E-06
 0.3799993216E-05 -0.5179425566E-06
 0.3649907967E-05 -0.4465169351E-06
 0.3832483314E-05 -0.4042927508E-06
 0.3826593971E-05 -0.5089065463E-06
-0.3873692734E-05  0.4717237864E-06
 0.3290539476E-05 -0.3017242138E-06
 0.3655970881E-05 -0.5101770811E-06
 0.3321494053E-05 -0.2486942898E-06
-0.3220707878E-05  0.2848163201E-06
 0.4154643320E-05 -0.8184943299E-06
 0.4746942274E-05 -0.1030829917E-05
 0.4793910371E-05 -0.1476473012E-05
-0.4795170175E-05  0.1356987284E-05
 0.3268231002E-05 -0.1385888238E-06
 0.3647785827E-05 -0.4435159343E-06
 0.3188962796E-05  0.1807064560E-06
-0.2644194978E-05 -0.3541175552E-07
-0.3333361429E-05  0.7544110331E-06
-0.2951852022E-05  0.2061134537E-06
-0.3708671945E-05  0.6723502142E-06
 0.3814311259E-05 -0.5968134618E-06
 0.2357621215E-05  0.2342964840E-06
 0.2641926534E-05  0.9161241793E-07
 0.2351362727E-05  0.2450510235E-06
-0.2253861108E-05 -0.2122293139E-06
 0.2993206759E-05 -0.1132664524E-06
 0.3379193625E-05 -0.3286021195E-06
 0.3117017160E-05 -0.3827452474E-06
-0.3097570573E-05  0.4353249742E-06
 0.2346684391E-05  0.2184612359E-06
 0.2534063834E-05 -0.1487173891E-08
 0.2354191993E-05  0.2427643233E-06
-0.1987922114E-05 -0.2178728111E-06
-0.2288115231E-05  0.1226498933E-06
-0.2102805223E-05 -0.1897122593E-06
-0.2537766982E-05  0.3493562993E-07
 0.2654622729E-05  0.2366662991E-07
 0.3912322684E-05 -0.1493425796E-06
 0.3078813596E-05  0.2291340230E-05
 0.6648302880E-05 -0.1257860469E-05
-0.5143209918E-05 -0.4268749425E-06
 0.7375032077E-05 -0.5539005310E-05
-0.1026313542E-04  0.2723087846E-05
 0.8475975465E-08  0.9598285344E-06
 0.2690157454E-05  0.3821583527E-06
 0.2189791978E-05  0.1640986082E-05
 0.3651565148E-05 -0.1963382733E-06
-0.2981319084E-05 -0.3384705290E-06
 0.7230000888E-06  0.2051018456E-05
 0.4738730136E-05 -0.3240184373E-05
-0.6177168707E-05  0.5333258555E-06
 0.1050005135E-05  0.2325606035E-06
 0.3390405171E-05  0.1882051942E-05
 0.1031891096E-05  0.1829660740E-05
-0.7739789375E-05  0.3999299938E-05
 0.7861825785E-05 -0.2834390966E-05
-0.3947253860E-06 -0.5661744670E-06
-0.2059313645E-05 -0.3836639367E-06
-0.1748639543E-05  0.1770868034E-07
 0.2135541026E-05  0.4113658569E-06
-0.5365914243E-05  0.1450984405E-05
-0.3009642206E-05  0.8395211429E-06
-0.4152412457E-05  0.6280687615E-06
 0.4082100701E-05 -0.1092005653E-05
 0.3190055370E-05 -0.7737580450E-06
 0.5837134901E-05 -0.3396174274E-05
 0.2754512478E-05 -0.1007690605E-06
-0.2575654754E-05  0.1202790955E-05
-0.1665761118E-05  0.1611029861E-05
-0.2738112455E-05  0.1603519153E-05
-0.6371796434E-06  0.1884195454E-05
 0.1143468184E-05 -0.1981058442E-05
-0.1842009854E-05  0.1616096465E-05
-0.1794053221E-05  0.1865000128E-05
-0.1869253636E-05  0.1939699283E-05
 0.1655290914E-05 -0.2091031706E-05
-0.2070049732E-05  0.1595457954E-05
-0.2049775159E-05  0.1889816790E-05
-0.2116231349E-05  0.1948077717E-05
 0.1883624274E-05 -0.2123629566E-05
 0.1789638349E-05 -0.2045849745E-05
 0.1688661526E-05 -0.1667782217E-05
 0.1569747600E-05 -0.1980874800E-05
-0.1822344467E-05  0.1769056383E-05
-0.2329506463E-05  0.1318541955E-05
-0.3189472115E-05  0.1461528381E-05
-0.1126829581E-05  0.1771564719E-05
 0.1575426237E-05 -0.1861667421E-05
-0.2317521445E-05  0.1546482925E-05
-0.2303071084E-05  0.1881849112E-05
-0.2376400335E-05  0.1924805971E-05
 0.2097219248E-05 -0.2129123308E-05
-0.2587554091E-05  0.1456412244E-05
-0.2574320375E-05  0.1838045498E-05
-0.2633679537E-05  0.1850845605E-05
 0.2320647537E-05 -0.2093623004E-05
 0.2223903074E-05 -0.2051812771E-05
 0.2123367953E-05 -0.1570673220E-05
 0.1981409838E-05 -0.1920245854E-05
-0.2308687054E-05  0.1668437700E-05
 0.2005362682E-05 -0.2063587778E-05
 0.1903105453E-05 -0.1636193037E-05
 0.1775767006E-05 -0.1965257315E-05
-0.2058728085E-05  0.1733761485E-05
 0.1588129919E-05 -0.8652160134E-06
 0.5180180626E-05 -0.3697486619E-05
-0.6815658043E-05 -0.7433689869E-06
-0.8974065319E-06  0.7824290308E-06
 0.1387063313E-05 -0.9580286441E-06
 0.5328784074E-05 -0.3856270171E-05
-0.6825975287E-05 -0.8156088145E-06
-0.7022448096E-06  0.8404541976E-06
-0.1950139684E-05  0.1501492725E-05
-0.2937442719E-05  0.1549050621E-05
-0.8872907507E-06  0.1841316406E-05
 0.1353881871E-05 -0.1941569038E-05
-0.2479900849E-05  0.9883258530E-06
-0.3459531314E-05  0.1037934621E-05
-0.9530960898E-06  0.1254872424E-05
 0.1859765024E-05 -0.1231841612E-05
-0.2711900705E-05  0.1215447555E-05
-0.2806957784E-05  0.1714447524E-05
-0.2866869033E-05  0.1708682710E-05
 0.2505132190E-05 -0.1985312429E-05
-0.3323647365E-05  0.9587851160E-06
-0.3253060260E-05  0.1633851051E-05
-0.3658264410E-05  0.1724038817E-05
 0.2696077776E-05 -0.2135832593E-05
 0.2612790837E-05 -0.1910041624E-05
 0.2370335752E-05 -0.1038874201E-05
 0.2315352539E-05 -0.1505172678E-05
-0.2584328359E-05  0.1222469496E-05
 0.2701535612E-05  0.1979194850E-05
-0.4194124624E-05  0.1970015694E-05
-0.1919038006E-05  0.2351731465E-05
-0.1443886941E-06 -0.2421468120E-05
-0.4312471903E-05  0.2444341666E-05
-0.4443735217E-05  0.2552961248E-05
-0.2646901779E-05  0.3184946039E-05
 0.2655955019E-05 -0.3300438345E-05
 0.2201185999E-05 -0.1746226475E-05
 0.2017631749E-05 -0.4923698285E-05
-0.6018015958E-05 -0.2777034125E-06
-0.9962991047E-06  0.1758092922E-05
 0.2779325502E-05 -0.1906658900E-05
-0.4716206557E-06 -0.1554738537E-05
 0.1966918515E-05 -0.1426076673E-05
-0.3646722644E-05  0.1200049990E-05
 0.1875830807E-05  0.3271377008E-06
 0.5777190562E-05 -0.2648206233E-05
-0.7564392085E-05 -0.1315062632E-06
-0.3000609614E-06  0.2899231782E-06
 0.2980448699E-05 -0.4748736069E-05
-0.5026127999E-05  0.3011900938E-06
-0.1286767277E-04 -0.7476378960E-06
 0.1022065404E-05 -0.1779142059E-05
 0.2437706037E-05 -0.1966659344E-05
 0.2326554825E-05 -0.1344261463E-05
 0.2200523452E-05 -0.1814953289E-05
-0.2515251918E-05  0.1528582477E-05
 0.1982188746E-05 -0.3403741586E-06
 0.5142713774E-05 -0.3723414110E-05
-0.7317132749E-05 -0.8016945839E-06
-0.1166767514E-05  0.7587165784E-06
 0.1782722896E-05 -0.7338609089E-06
 0.5065697560E-05 -0.3507216876E-05
-0.6868848995E-05 -0.6871572494E-06
-0.1163890535E-05  0.7055098722E-06
-0.2838115812E-05  0.1088220334E-05
-0.3484295531E-05  0.1342340349E-05
-0.1253156837E-05  0.1674010456E-05
 0.1808143557E-05 -0.1774576335E-05
-0.1695402689E-05  0.2039047084E-05
-0.1569164556E-05  0.2057169002E-05
-0.1732406644E-05  0.2130740184E-05
 0.1620662727E-05 -0.2148544981E-05
-0.1388424902E-05  0.1913621911E-05
-0.1150239820E-05  0.1614983643E-05
-0.1355346074E-05  0.1694950761E-05
 0.1404348368E-05 -0.1583215082E-05
-0.1736843534E-05  0.2093506186E-05
-0.1540042331E-05  0.1810714051E-05
-0.1687863315E-05  0.1921536030E-05
 0.1802739528E-05 -0.1803982530E-05
 0.1627994357E-05 -0.1684514428E-05
 0.1725900411E-05 -0.2043092722E-05
 0.1546556430E-05 -0.1945927884E-05
-0.1574528264E-05  0.2000327917E-05
-0.8603937235E-06  0.1211806896E-05
-0.5503387843E-06  0.8042310487E-06
-0.6830594939E-06  0.7524083222E-06
 0.8953291145E-06 -0.6020559958E-06
-0.3997993398E-06  0.6062448308E-06
-0.2698234598E-06  0.3753363530E-06
 0.6243534850E-06  0.8745848752E-06
 0.1520654028E-05 -0.1315434798E-06
-0.5516373310E-06 -0.5223373845E-07
 0.5497101345E-06 -0.6946964971E-06
-0.5294689035E-06 -0.1336772495E-05
 0.2751753373E-06  0.1098393472E-05
-0.4071368163E-06  0.8813441031E-07
 0.6064651902E-06  0.9423655476E-07
 0.6372985962E-06 -0.3655056231E-06
-0.1151990533E-06  0.4261838343E-06
-0.1576164034E-05  0.1609839029E-05
-0.1264710815E-05  0.1109178134E-05
-0.1415815197E-05  0.1117707485E-05
 0.1779920134E-05 -0.9149701472E-06
-0.9014974081E-06  0.6060625227E-06
-0.3161670974E-06  0.4321194256E-06
-0.6677778680E-08  0.2763388942E-06
 0.1403706919E-05 -0.1888162539E-07
-0.1342440200E-05  0.2965930759E-06
-0.8612051403E-06 -0.6834703672E-06
-0.1554782780E-05 -0.6281769459E-06
 0.1525176963E-05  0.5816819832E-06
 0.1260707100E-05  0.4368502492E-06
 0.1695453144E-05 -0.1976296203E-06
 0.1589962455E-05 -0.3023598284E-06
-0.1011151151E-05  0.5395799036E-06
 0.1784877647E-05  0.6452898045E-06
 0.1583335320E-05 -0.2494340553E-06
 0.1257099020E-05  0.1407064181E-06
-0.1037032845E-05  0.5179658639E-07
 0.1701818426E-05 -0.8457499202E-06
 0.1822063787E-05 -0.1432181884E-05
 0.1698009164E-05 -0.1299560616E-05
-0.1448620459E-05  0.1492915618E-05
 0.1147446870E-05 -0.5520095764E-06
 0.1448004577E-05 -0.1171733585E-05
 0.1181621175E-05 -0.1105883417E-05
-0.1066715341E-05  0.1248231622E-05
-0.1289819243E-05  0.1341959614E-05
-0.9907755176E-06  0.7192123738E-06
-0.1195209225E-05  0.8831017590E-06
 0.1530085004E-05 -0.6654951599E-06
 0.2206766156E-06  0.2630161349E-06
-0.4640422032E-06  0.5474574333E-06
-0.1925825247E-05  0.1065606390E-05
-0.2528321536E-06  0.6219899930E-06
 0.4128023273E-05  0.2871005608E-05
 0.1952631221E-05  0.6079207877E-05
 0.1858361543E-05  0.1030220906E-05
 0.1979057775E-06  0.1310658952E-05
-0.1108653585E-05 -0.2442436377E-05
 0.3539522982E-06  0.1431082568E-06
 0.2924059588E-05  0.1282880454E-05
 0.5920266420E-05  0.2039894316E-05
 0.2795088358E-05 -0.1874798386E-05
-0.7227927303E-05  0.2715588448E-05
 0.1779941052E-05  0.4111989347E-05
-0.3632791743E-05  0.9901578520E-06
 0.4129506143E-05 -0.2634977615E-05
 0.1551926030E-05  0.8028185922E-06
 0.3486897466E-05  0.2384962066E-05
-0.2699887779E-07  0.1129228274E-05
 0.2068831772E-05  0.3757914323E-06
 0.7131535034E-06  0.1407474635E-05
-0.4330444558E-05  0.2531212276E-05
-0.4187395617E-05  0.2739624383E-05
-0.4375867598E-05  0.2844386039E-05
 0.3907842442E-05 -0.3062265867E-05
-0.4059509639E-05  0.2901191783E-05
-0.3907367200E-05  0.2868048239E-05
-0.4152225756E-05  0.2943102930E-05
 0.3864524137E-05 -0.2994762336E-05
-0.4570146236E-05  0.2997328423E-05
-0.4417795564E-05  0.3012178366E-05
-0.4669716946E-05  0.3081166092E-05
 0.4283188239E-05 -0.3181111810E-05
 0.4068727261E-05 -0.3085439426E-05
 0.4105199217E-05 -0.3157810367E-05
 0.3887541169E-05 -0.3116956707E-05
-0.4302012604E-05  0.2970543367E-05
-0.3692869644E-05  0.2579825203E-05
-0.3408125393E-05  0.2028097363E-05
-0.3641351307E-05  0.2137644060E-05
 0.3668806280E-05 -0.1991691931E-05
-0.3056224236E-05  0.1271661573E-05
-0.2632056907E-05  0.4294583876E-06
-0.2955352892E-05  0.4354097026E-06
 0.3161572657E-05 -0.2444890573E-06
-0.3522490213E-05  0.1494796224E-05
-0.3133949951E-05  0.5426879228E-06
-0.3307544070E-05  0.7422051912E-06
 0.3620744557E-05 -0.4828510875E-06
 0.3479897091E-05 -0.3311987028E-06
 0.3698866682E-05 -0.1289104860E-05
 0.3456763420E-05 -0.1173950418E-05
-0.3301651031E-05  0.1367372298E-05
-0.4725010564E-05  0.2971192061E-05
-0.4445193892E-05  0.2509920955E-05
-0.4695794907E-05  0.2626380334E-05
 0.4591857636E-05 -0.2539291064E-05
-0.4088283774E-05  0.1756281678E-05
-0.3663509699E-05  0.7701660602E-06
-0.3919062725E-05  0.8594240568E-06
 0.4246173870E-05 -0.5954473778E-06
-0.4572228892E-05  0.1996027312E-05
-0.4094598123E-05  0.1005407989E-05
-0.4405761337E-05  0.1023013729E-05
 0.4649174569E-05 -0.8317368286E-06
 0.4507303534E-05 -0.7283169642E-06
 0.4672114707E-05 -0.1819602686E-05
 0.4459388690E-05 -0.1684998232E-05
-0.4327224885E-05  0.1886985972E-05
 0.3873263362E-05 -0.5336212452E-06
 0.4167051478E-05 -0.1560667261E-05
 0.3894558413E-05 -0.1438321032E-05
-0.3792741620E-05  0.1638364535E-05
 0.4351443831E-05 -0.2405202088E-05
 0.4452280588E-05 -0.2982250320E-05
 0.4221494303E-05 -0.2865642237E-05
-0.4464913517E-05  0.2875223540E-05
 0.3878113990E-05 -0.2125966757E-05
 0.4000812380E-05 -0.2741133467E-05
 0.3799773314E-05 -0.2620774247E-05
-0.3931351558E-05  0.2673997409E-05
-0.4196026000E-05  0.2772844598E-05
-0.3895458504E-05  0.2258653051E-05
-0.4175264029E-05  0.2385454374E-05
 0.4096819654E-05 -0.2270210944E-05
-0.1962839206E-05 -0.1092292434E-06
-0.7536367872E-07  0.5044909855E-06
-0.1329058140E-05 -0.9710703096E-06
 0.1615413765E-05  0.7233100429E-06
-0.1693185677E-05  0.1135997612E-05
 0.6767586760E-06 -0.2938133335E-05
-0.8227453159E-06  0.2197653001E-05
 0.3727184270E-05  0.3086517512E-05
 0.7253676348E-07 -0.1124343355E-06
-0.4283972586E-05 -0.2162363095E-06
-0.3894879017E-05 -0.1586880388E-05
-0.4066456014E-05 -0.1452566384E-05
 0.4357797001E-05  0.1520357955E-05
-0.2327178646E-05 -0.1881874247E-05
-0.1342419250E-05 -0.2671631721E-05
 0.1813832674E-05  0.4825282810E-05
-0.2327199062E-05 -0.1449999986E-05
-0.2668637781E-05  0.1761979178E-06
-0.1995783138E-05 -0.1282419685E-05
 0.4841302606E-05  0.5372914683E-05
 0.5666298176E-05  0.8864219027E-05
 0.4338837403E-05  0.2661038041E-05
 0.3888858410E-05  0.3135490760E-05
-0.3479754809E-05 -0.2908760617E-05
 0.3130105979E-05  0.5239474524E-05
 0.2623936319E-05  0.1801482523E-05
 0.5387678111E-05  0.3584915396E-05
-0.3179891736E-06 -0.3325566286E-06
 0.3913574014E-05  0.1498676883E-05
 0.4465978525E-05  0.3167900907E-06
 0.4407673432E-05  0.3932247204E-06
-0.3901616539E-05 -0.2282664512E-06
 0.4146515035E-05  0.2046996147E-05
 0.4298889715E-05  0.5045707340E-06
 0.3906843447E-05  0.6857714663E-06
-0.3557941671E-05 -0.4676875450E-06
-0.3571855182E-05 -0.1603477786E-06
-0.2533515010E-05 -0.1178596719E-05
-0.3140975775E-05 -0.1298112871E-05
 0.4178058578E-05  0.1418570023E-05
 0.4798580879E-05  0.3708597022E-05
 0.4164374419E-05  0.7054706036E-05
-0.2205246184E-05  0.6970278809E-06
 0.2862206648E-05  0.9231848772E-06
 0.3413443977E-05  0.4794206070E-06
 0.3343454644E-05  0.4094213532E-06
-0.2662457327E-05 -0.5911556734E-07
 0.2681705889E-05  0.2069754533E-05
 0.3304413269E-05  0.8144937048E-06
 0.2667815222E-05  0.6655119406E-06
-0.2587412354E-05 -0.5651723292E-06
-0.2884863821E-05 -0.6666175405E-06
-0.2895968608E-05 -0.2456046914E-05
-0.1394238843E-05 -0.4869306983E-06
 0.3590660209E-05  0.1774243955E-05
-0.3146829766E-05 -0.2869547086E-06
-0.1895882517E-05 -0.6629444518E-06
-0.2979746722E-05 -0.1890742416E-05
 0.3052377031E-05  0.1836936890E-05
 0.2452551058E-06  0.7217074896E-06
 0.8312782637E-05  0.7447746099E-06
 0.3343293010E-05  0.5268921579E-05
 0.1043913789E-05  0.1919434922E-05
 0.1263118977E-06 -0.1917543200E-05
 0.4884499206E-05  0.5874938766E-05
 0.2487810056E-05  0.9320523887E-06
 0.2279802566E-05  0.2894671115E-06
 0.2926389090E-05  0.9443411694E-06
-0.1975214800E-05 -0.6679683425E-06
 0.1896940704E-06  0.3049152092E-06
 0.2505374577E-05  0.1149279390E-05
 0.1926360343E-05  0.5199408746E-06
-0.1001240886E-05 -0.2992042942E-06
-0.1977064641E-05 -0.1203612359E-05
 0.8296352181E-05 -0.1466260192E-05
-0.4356783215E-06 -0.9058846369E-06
 0.3090111313E-05  0.2652960001E-05
 0.3279588017E-05  0.4082845910E-05
 0.2447749505E-05  0.8338773942E-06
 0.1798474653E-05  0.1350237265E-05
-0.1532271778E-05 -0.1164264692E-05
 0.8466348357E-06  0.1348276974E-05
 0.9761508408E-06  0.6546125845E-06
 0.1732674070E-05  0.1680326565E-06
-0.3211072243E-07  0.3582445433E-06
-0.9269878736E-06 -0.1113790190E-05
 0.7522978240E-06 -0.1223216860E-05
 0.1525778434E-05 -0.1693169265E-05
-0.4893613914E-06  0.2503035161E-05
-0.7930947546E-06  0.4734893711E-07
 0.2733817347E-06  0.1254168435E-05
 0.4654302158E-05  0.1230029460E-05
 0.2582777335E-05  0.1379110700E-05
 0.2825928892E-05 -0.2347264948E-06
 0.3198348528E-05 -0.1085396102E-05
 0.3100292504E-05 -0.9725008510E-06
-0.2807821288E-05  0.1172723701E-05
 0.3453079219E-05 -0.1883912018E-05
 0.3614454553E-05 -0.2511840600E-05
 0.3456372114E-05 -0.2431563886E-05
-0.3478467979E-05  0.2507919836E-05
 0.3201722417E-05 -0.1707961589E-05
 0.3328019137E-05 -0.2365202465E-05
 0.3188992020E-05 -0.2296048752E-05
-0.3134742232E-05  0.2409625141E-05
-0.3295391826E-05  0.2459888896E-05
-0.2987202422E-05  0.1888914460E-05
-0.3178616362E-05  0.1945089225E-05
 0.3301498172E-05 -0.1791015527E-05
 0.3692127003E-05 -0.2898529041E-05
 0.3708359494E-05 -0.3018861831E-05
 0.3569509411E-05 -0.2988047825E-05
-0.3815604804E-05  0.2865337273E-05
 0.3711375314E-05 -0.2911371420E-05
 0.3646387928E-05 -0.2614854874E-05
 0.3321431313E-05 -0.2887140895E-05
-0.3771514417E-05  0.2680977129E-05
 0.3463146559E-05 -0.2829573995E-05
 0.3257676978E-05 -0.2404103597E-05
 0.3289796673E-05 -0.2680648703E-05
-0.3432470136E-05  0.2304116559E-05
-0.3711684934E-05  0.2283065230E-05
-0.3731327035E-05  0.2616312888E-05
-0.3851444809E-05  0.2728368321E-05
 0.3525221256E-05 -0.2926860861E-05
 0.3114778152E-05 -0.2674303898E-05
 0.3153894869E-05 -0.2928557960E-05
 0.2981152207E-05 -0.2824539652E-05
-0.3223218563E-05  0.2767772660E-05
 0.3145614329E-05 -0.2954294100E-05
 0.3082374604E-05 -0.2707488833E-05
 0.2867015441E-05 -0.2637207359E-05
-0.3516596465E-05  0.2343874432E-05
 0.2795664802E-05 -0.2719866716E-05
 0.2720127234E-05 -0.2463183116E-05
 0.2591609312E-05 -0.2418209043E-05
-0.2962973944E-05  0.2196512715E-05
-0.3209732239E-05  0.2239126142E-05
-0.3141775459E-05  0.2579345403E-05
-0.3376640299E-05  0.2686773825E-05
 0.2955302586E-05 -0.2851211474E-05
-0.3868640244E-05  0.2338960416E-05
-0.3624164202E-05  0.2745416216E-05
-0.3643586023E-05  0.2714918692E-05
 0.3347208136E-05 -0.2967706423E-05
-0.3427976134E-05  0.2849636800E-05
-0.3219649733E-05  0.2704201468E-05
-0.3380988199E-05  0.2765259670E-05
 0.3276906852E-05 -0.2755027740E-05
-0.3677863066E-05  0.2847419085E-05
-0.3530081215E-05  0.2789474984E-05
-0.3691852339E-05  0.2819002063E-05
 0.3548163481E-05 -0.2839296146E-05
 0.3419930766E-05 -0.2795465511E-05
 0.3467448736E-05 -0.2960927498E-05
 0.3326869274E-05 -0.2983223368E-05
-0.3560766245E-05  0.2876918707E-05
 0.1663984006E-05  0.5110140161E-08
 0.1800290173E-05 -0.5321474998E-06
 0.1802487708E-05 -0.2890323165E-06
-0.1522545376E-05  0.4180248306E-06
 0.2055099097E-05 -0.1131447767E-05
 0.2268462722E-05 -0.1733730675E-05
 0.2152020567E-05 -0.1631814313E-05
-0.2010391787E-05  0.1770279718E-05
 0.1904655235E-05 -0.9262569783E-06
 0.2055898052E-05 -0.1550708199E-05
 0.1933494383E-05 -0.1501557948E-05
-0.1717526036E-05  0.1654086694E-05
-0.1857737028E-05  0.1695681685E-05
-0.1590074967E-05  0.1088459454E-05
-0.1725877856E-05  0.1170417273E-05
 0.1987814804E-05 -0.1006669529E-05
 0.2416455716E-05 -0.2215540606E-05
 0.2493430353E-05 -0.2504015171E-05
 0.2348920728E-05 -0.2423087965E-05
-0.2466622497E-05  0.2411019871E-05
 0.2507955845E-05 -0.2559807140E-05
 0.2478912898E-05 -0.2373419718E-05
 0.2355435184E-05 -0.2380375780E-05
-0.2657603394E-05  0.2194373442E-05
 0.2248754792E-05 -0.2450051927E-05
 0.2240449955E-05 -0.2341735044E-05
 0.2124559830E-05 -0.2337805187E-05
-0.2368180744E-05  0.2188331356E-05
-0.2520833189E-05  0.2185457498E-05
-0.2440813570E-05  0.2365566999E-05
-0.2596239346E-05  0.2406096101E-05
 0.2371616180E-05 -0.2507131875E-05
 0.1924867432E-05 -0.1901235993E-05
 0.1992717977E-05 -0.2213129212E-05
 0.1870492613E-05 -0.2137086037E-05
-0.1878666229E-05  0.2173113511E-05
 0.2020749875E-05 -0.2345486327E-05
 0.2018064697E-05 -0.2289986631E-05
 0.1904711844E-05 -0.2276005741E-05
-0.2099507388E-05  0.2156898136E-05
 0.1773961933E-05 -0.2220287101E-05
 0.1788883798E-05 -0.2216310496E-05
 0.1652186879E-05 -0.2186431873E-05
-0.1834952517E-05  0.2094711327E-05
-0.1977268529E-05  0.2121053864E-05
-0.1881790916E-05  0.2192354420E-05
-0.2015280413E-05  0.2249129601E-05
 0.1902774371E-05 -0.2291799344E-05
-0.2239497506E-05  0.2166349275E-05
-0.2153774287E-05  0.2289963250E-05
-0.2289156542E-05  0.2332908491E-05
 0.2133090277E-05 -0.2403064433E-05
-0.2017308204E-05  0.2236910299E-05
-0.1826096863E-05  0.2001731316E-05
-0.1963290287E-05  0.2063499335E-05
 0.2046202771E-05 -0.1972340900E-05
-0.2302189613E-05  0.2350631798E-05
-0.2104666645E-05  0.2124998153E-05
-0.2267883999E-05  0.2195133055E-05
 0.2275169595E-05 -0.2122639043E-05
 0.2163299404E-05 -0.2040985299E-05
 0.2226260494E-05 -0.2349151192E-05
 0.2111082159E-05 -0.2282492232E-05
-0.2154646960E-05  0.2295216026E-05
-0.2812636797E-05  0.2179348815E-05
-0.2764928788E-05  0.2444496805E-05
-0.2934846516E-05  0.2503424903E-05
 0.2648028615E-05 -0.2633151006E-05
-0.2645387405E-05  0.2482519457E-05
-0.2456205284E-05  0.2281778987E-05
-0.2648744089E-05  0.2386972520E-05
 0.2595061254E-05 -0.2322546691E-05
-0.3019055097E-05  0.2664348848E-05
-0.2838418173E-05  0.2499955908E-05
-0.3030503558E-05  0.2610153893E-05
 0.2946469705E-05 -0.2564954371E-05
 0.2776343034E-05 -0.2442291883E-05
 0.2816381316E-05 -0.2705767252E-05
 0.2653527949E-05 -0.2600079121E-05
-0.2826918437E-05  0.2568174934E-05
-0.2199017100E-05  0.1867527747E-05
-0.1880262948E-05  0.1310167948E-05
-0.2101141953E-05  0.1389999888E-05
 0.2242651051E-05 -0.1210210447E-05
-0.1510037076E-05  0.7425852941E-06
-0.1104792252E-05  0.4144538613E-06
-0.1194578267E-05  0.2429775080E-06
 0.1572947819E-05 -0.9156208685E-07
-0.1990378200E-05  0.7229754405E-06
-0.1693947378E-05 -0.1948959807E-06
-0.1863758904E-05 -0.2725716052E-07
 0.2289170716E-05  0.2646280610E-06
 0.1865623927E-05  0.2698725990E-06
 0.2253502644E-05 -0.5251199117E-06
 0.1941226038E-05 -0.5514584521E-06
-0.1728860819E-05  0.7431261684E-06
-0.2970042434E-05  0.2330114416E-05
-0.2665432334E-05  0.1758424657E-05
-0.2833919969E-05  0.1836038001E-05
 0.3054718058E-05 -0.1641931751E-05
-0.2288039644E-05  0.1041483309E-05
-0.1793107296E-05  0.3172908773E-06
-0.2101743092E-05  0.2160509907E-06
 0.2579059656E-05  0.6041941703E-07
-0.2644052858E-05  0.1100628087E-05
-0.2377357671E-05  0.8832381435E-07
-0.2422719324E-05  0.2619673745E-06
 0.2882430773E-05 -0.9628762186E-07
 0.2901933703E-05  0.9235154351E-07
 0.3047854020E-05 -0.8830533426E-06
 0.2868626310E-05 -0.8374845926E-06
-0.2493845287E-05  0.1087699746E-05
 0.2383888248E-05 -0.1129963588E-08
 0.2671515882E-05 -0.7570839662E-06
 0.2507846802E-05 -0.6235514974E-06
-0.2134706413E-05  0.8675465174E-06
 0.2875236030E-05 -0.1551742899E-05
 0.3022564490E-05 -0.2204777257E-05
 0.2854642900E-05 -0.2085226169E-05
-0.2785447484E-05  0.2223388118E-05
 0.2502040402E-05 -0.1288089454E-05
 0.2674574161E-05 -0.1951167347E-05
 0.2460937585E-05 -0.1834471685E-05
-0.2405208880E-05  0.1974119524E-05
-0.2598086071E-05  0.2098803445E-05
-0.2304663211E-05  0.1489129513E-05
-0.2481367205E-05  0.1632717345E-05
 0.2712157457E-05 -0.1413786164E-05
-0.3017609023E-07  0.4219906062E-05
-0.5849029811E-05  0.1779971234E-05
 0.5069283611E-05 -0.4573349025E-05
 0.1753568627E-05  0.1676055516E-05
 0.1166137089E-05  0.7889151337E-06
 0.1111305328E-05 -0.1917832213E-06
 0.6633672769E-06  0.3292270937E-06
-0.5783447847E-06 -0.2267486264E-06
 0.9538228062E-06 -0.6497374364E-06
 0.1082023796E-05 -0.1068767343E-05
 0.1056262784E-05 -0.9902880835E-06
-0.7535954557E-06  0.1132416133E-05
 0.5473382040E-06 -0.2863735335E-06
 0.8862177160E-06 -0.8814314217E-06
 0.7096086037E-06 -0.8342912097E-06
-0.4603264686E-06  0.9690715607E-06
-0.6420712342E-06  0.1032753235E-05
-0.3973530363E-06  0.4216355545E-06
-0.6126716433E-06  0.6089458902E-06
 0.9543198042E-06 -0.4307900643E-06
 0.1239746035E-05 -0.1511041503E-05
 0.1372499941E-05 -0.1860727691E-05
 0.1252125796E-05 -0.1792553786E-05
-0.1204399009E-05  0.1850447087E-05
 0.1457387523E-05 -0.2067317478E-05
 0.1501723850E-05 -0.2110375937E-05
 0.1345529443E-05 -0.2066457382E-05
-0.1518990193E-05  0.1996816835E-05
 0.1207149537E-05 -0.1938896158E-05
 0.1217543287E-05 -0.1988640867E-05
 0.1121906187E-05 -0.1963517711E-05
-0.1179012034E-05  0.1899578890E-05
-0.1349783720E-05  0.1932904434E-05
-0.1220553722E-05  0.1942513227E-05
-0.1386166252E-05  0.1997760962E-05
 0.1313693597E-05 -0.2002889474E-05
 0.8212025637E-06 -0.1271431286E-05
 0.9405155028E-06 -0.1637789802E-05
 0.8362922712E-06 -0.1578485961E-05
-0.7270172672E-06  0.1662984707E-05
 0.1025893269E-05 -0.1871535944E-05
 0.1057756182E-05 -0.1940770735E-05
 0.9642950701E-06 -0.1952230374E-05
-0.1063989918E-05  0.1881435975E-05
 0.7642283047E-06 -0.1750898083E-05
 0.8149701399E-06 -0.1880344888E-05
 0.6273850480E-06 -0.1763082080E-05
-0.7995126439E-06  0.1732544239E-05
-0.9855489552E-06  0.1834732730E-05
-0.8026610012E-06  0.1780886421E-05
-0.9257289089E-06  0.1848691116E-05
 0.9147519624E-06 -0.1837586493E-05
-0.1102473309E-05  0.1870804459E-05
-0.1008928925E-05  0.1873674532E-05
-0.1090906791E-05  0.1903115892E-05
 0.1118376385E-05 -0.1900688437E-05
-0.8381244532E-06  0.1706031980E-05
-0.5981452553E-06  0.1399651552E-05
-0.7337329206E-06  0.1423984660E-05
 0.9166564350E-06 -0.1310792440E-05
-0.1058774556E-05  0.1795612429E-05
-0.8605506742E-06  0.1487496954E-05
-0.9835875966E-06  0.1556221194E-05
 0.1163679788E-05 -0.1442288795E-05
 0.1061381117E-05 -0.1368787587E-05
 0.1160463967E-05 -0.1728006858E-05
 0.1052009878E-05 -0.1677768292E-05
-0.9436187996E-06  0.1743071259E-05
 0.2570316922E-07  0.3999099650E-05
 0.7147295827E-06  0.3487774858E-06
-0.1588415679E-05  0.1250720398E-05
 0.1418197694E-05 -0.1818977322E-05
 0.3327605683E-06 -0.3671663334E-06
 0.3615662768E-07 -0.6539855267E-06
 0.8022821303E-07 -0.4623454161E-06
 0.3557918123E-06  0.6461182439E-06
-0.1324634199E-05  0.3904393130E-06
-0.5187149138E-06 -0.2207492871E-06
-0.9930624760E-06 -0.2255211858E-06
 0.1063897329E-05  0.3378655542E-06
 0.6736578545E-06  0.3782491274E-06
 0.1351110381E-05 -0.4154728258E-06
 0.4532251625E-06 -0.6683638119E-07
-0.1831123677E-06  0.2642168631E-06
 0.1029129646E-06 -0.9542594771E-06
 0.2421791207E-06 -0.1285851461E-05
 0.1625559472E-06 -0.1221840882E-05
-0.1738676946E-07  0.1304423765E-05
 0.3659502120E-06 -0.1532105927E-05
 0.4356303907E-06 -0.1644716064E-05
 0.2743370326E-06 -0.1557573177E-05
-0.3887730873E-06  0.1524312592E-05
 0.9997384826E-07 -0.1368668518E-05
 0.1398728539E-06 -0.1481504529E-05
-0.1490911913E-07 -0.1397716986E-05
-0.6376037478E-07  0.1381778865E-05
-0.2212850140E-06  0.1455249928E-05
-0.6922514299E-07  0.1407960156E-05
-0.2266478323E-06  0.1481136559E-05
 0.2269061313E-06 -0.1455047028E-05
-0.7317435481E-06 -0.5895715238E-06
-0.5161143876E-06 -0.9029253095E-06
-0.5887033404E-06 -0.8539100155E-06
 0.7311961332E-06  0.9138791557E-06
-0.3252566561E-06 -0.1160175132E-05
-0.2033143367E-06 -0.1306611147E-05
-0.3754284969E-06 -0.1233653979E-05
 0.2932686868E-06  0.1217269755E-05
-0.5711501301E-06 -0.1037675340E-05
-0.5033288706E-06 -0.1174034171E-05
-0.6262434320E-06 -0.1112626601E-05
 0.6019120584E-06  0.1103193640E-05
 0.4573388511E-06  0.1159321883E-05
 0.6435669482E-06  0.1068895784E-05
 0.4917020673E-06  0.1120598006E-05
-0.4756771264E-06 -0.1094503323E-05
 0.1094281240E-06  0.1293907687E-05
 0.2974686316E-06  0.1194807541E-05
 0.9722757958E-07  0.1304534294E-05
-0.9786815023E-07 -0.1260381494E-05
 0.5511353511E-06  0.9714491250E-06
 0.8610720087E-06  0.6842827338E-06
 0.6192567362E-06  0.7319618422E-06
-0.5736485708E-06 -0.6169345673E-06
 0.1238107331E-06  0.1214781863E-05
 0.3513073216E-06  0.8854397055E-06
 0.2092495044E-06  0.1017680981E-05
 0.1077920891E-06 -0.8971025774E-06
-0.1486383486E-06 -0.7419802419E-06
 0.1640211804E-07 -0.1117847064E-05
-0.2720121763E-06 -0.9889210179E-06
 0.3176326844E-06  0.1078502677E-05
-0.5872403508E-06  0.1615017105E-05
-0.4156821586E-06  0.1559047633E-05
-0.6216935255E-06  0.1670351633E-05
 0.5648386626E-06 -0.1634701388E-05
-0.1848530833E-06  0.1359657094E-05
 0.1054006748E-06  0.1066076422E-05
-0.1029051794E-06  0.1089966568E-05
 0.1991278335E-06 -0.9726504889E-06
-0.5885672713E-06  0.1571228876E-05
-0.3308816147E-06  0.1202688346E-05
-0.4853500436E-06  0.1338848546E-05
 0.7400274449E-06 -0.1186409249E-05
 0.4956926792E-06 -0.1060090546E-05
 0.6689359056E-06 -0.1471939979E-05
 0.4269824128E-06 -0.1360457879E-05
-0.3958740258E-06  0.1446509045E-05
 0.4218225333E-06  0.7747818977E-06
 0.5159130753E-06  0.7531784971E-06
 0.8474241481E-06  0.3267261996E-06
-0.3898825297E-06 -0.3782967959E-06
 0.4195207105E-06  0.8539141424E-06
 0.1270568892E-06  0.1642217417E-05
 0.1905273952E-05  0.1802946530E-05
 0.2837080617E-05  0.1023491287E-05
 0.1673105281E-05 -0.8596050426E-06
 0.4001346340E-05  0.4488494268E-06
 0.7806811260E-05 -0.2946953112E-05
-0.5038941802E-05  0.5706699060E-06
-0.1832256971E-06 -0.2282578335E-06
-0.1632972441E-05  0.1026903155E-06
 0.5067990554E-06 -0.4536534914E-06
 0.1398727066E-05  0.8772708195E-06
-0.3070131471E-06  0.1003429150E-05
-0.3148048846E-07  0.6211903019E-06
-0.1244626596E-06  0.4362685193E-06
 0.4676574107E-06 -0.3511780399E-06
 0.2963079443E-06  0.6056532708E-06
 0.1100496989E-04  0.2508538121E-05
 0.1455283533E-05  0.1552014357E-05
 0.2860204139E-05  0.5707999112E-06
 0.1269959120E-06 -0.2967662634E-06
 0.2670471929E-05 -0.7945008318E-06
 0.2908944617E-06 -0.1888083742E-05
-0.5750151250E-06  0.1129162367E-05
-0.1670559460E-05 -0.2748264468E-06
-0.1750520498E-06  0.2464399468E-06
 0.3814191964E-06 -0.2272876847E-06
 0.5774226768E-06  0.7151856983E-07
 0.3460755906E-06  0.2764893941E-05
 0.1144430701E-05  0.3656619631E-06
-0.8229877947E-06  0.9901190212E-06
 0.8956072154E-06 -0.1057552391E-05
 0.6948595982E-06 -0.3828781249E-06
 0.7128643364E-06 -0.8173773741E-06
 0.6049457396E-06 -0.6850117180E-06
-0.2366477631E-06  0.8709479202E-06
-0.4547578730E-06  0.1052472467E-06
 0.1844199636E-06 -0.5156959154E-06
-0.1135025264E-06 -0.5397742805E-06
 0.2957858143E-06  0.6518271230E-06
-0.1712332420E-07  0.6808035115E-06
 0.4925958274E-06 -0.7228956407E-07
-0.6562913483E-07  0.2296980350E-06
 0.3661937755E-06  0.3059388608E-07
 0.1533190970E-05 -0.1995756478E-05
 0.1464022989E-05 -0.1676787569E-05
 0.1310211517E-05 -0.1962881341E-05
-0.1581381853E-05  0.1776142101E-05
 0.1213721159E-05 -0.1027964539E-05
 0.5491472542E-05 -0.3960004836E-05
-0.6848557539E-05 -0.8652581825E-06
-0.5312575802E-06  0.8738514359E-06
 0.9294680015E-06 -0.1060584588E-05
 0.5233964517E-05 -0.3984958790E-05
-0.6496660437E-05 -0.7236471050E-06
-0.2948776922E-06  0.9197042669E-06
-0.1493428552E-05  0.1721719057E-05
-0.2477703086E-05  0.1642108882E-05
-0.4711785824E-06  0.1900462776E-05
 0.9152318606E-06 -0.2018895570E-05
-0.7228434061E-06 -0.1078152672E-05
-0.7069754993E-06 -0.1004096955E-05
-0.8500616071E-06 -0.9629706976E-06
 0.6692670017E-06  0.8755523076E-06
-0.7034265228E-06 -0.8286441811E-06
-0.8071257263E-06 -0.4886631405E-06
-0.9122601606E-06 -0.7155662199E-06
 0.6355964801E-06  0.5525660612E-06
-0.9952882994E-06 -0.7273695473E-06
-0.1094604644E-05 -0.4055474708E-06
-0.1213258362E-05 -0.6147780865E-06
 0.9454290911E-06  0.4642186182E-06
 0.7137439178E-06  0.3683466179E-06
 0.7372745439E-06  0.6174049727E-06
 0.6280658478E-06  0.7062530541E-06
-0.8600980115E-06 -0.8338205243E-06
-0.7735321892E-06  0.6535908423E-07
 0.5984742057E-05 -0.3500514228E-05
-0.6644872691E-05 -0.2855111619E-08
 0.1307951394E-05  0.3904847106E-06
-0.1312871950E-05  0.2520385310E-06
 0.6066699116E-05 -0.3579714104E-05
-0.6626312825E-05  0.1858517289E-06
 0.1818525765E-05  0.2970626371E-06
 0.2253535898E-05  0.2973208184E-06
 0.1643704441E-07  0.3789858358E-06
 0.2128280184E-05  0.3558293259E-06
-0.1764386671E-05 -0.5145507493E-06
 0.1822949625E-05  0.3962052827E-06
-0.2920057371E-06  0.4642280847E-06
 0.1811494644E-05  0.4596462835E-06
-0.1439312294E-05 -0.6125998626E-06
-0.1030869301E-05  0.1405378132E-06
 0.6024683018E-05 -0.3541630121E-05
-0.6636222146E-05  0.7524531522E-07
 0.1545718205E-05  0.3551135327E-06
 0.1376431903E-05  0.4671310899E-06
-0.5594091506E-06  0.5188470531E-06
 0.1528485015E-05  0.5460941465E-06
-0.1139937434E-05 -0.6824686388E-06
 0.9546320830E-06  0.5250357709E-06
-0.8540387656E-06  0.5680802395E-06
 0.1239308355E-05  0.6277550377E-06
-0.8308833275E-06 -0.7465554303E-06
-0.5187870774E-06  0.5580067742E-08
 0.5926373871E-05 -0.3448050899E-05
-0.6644843467E-05 -0.7335022612E-07
 0.1040576220E-05  0.4303901255E-06
 0.4225195163E-06  0.4456253296E-06
 0.4355861809E-06  0.7042073192E-06
 0.3386631470E-06  0.7817667077E-06
-0.5839367614E-06 -0.9195596184E-06
 0.5135684114E-06  0.9159335625E-06
 0.6106199311E-06  0.1029443548E-05
 0.4662190571E-06  0.1087572230E-05
-0.5866309491E-06 -0.1143708038E-05
 0.2155833134E-06  0.1001988278E-05
 0.3128671782E-06  0.1135064589E-05
 0.1513118855E-06  0.1192823464E-05
-0.3125920867E-06 -0.1256159616E-05
-0.4568474736E-06 -0.1195464004E-05
-0.4362491183E-06 -0.1100841669E-05
-0.5716318313E-06 -0.1071378828E-05
 0.3721790223E-06  0.9694193926E-06
-0.1512910469E-06  0.5445131862E-06
-0.1474490577E-06  0.8209616957E-06
-0.2093688166E-06  0.8641232620E-06
-0.2647396586E-07 -0.1032097352E-05
-0.9353962367E-07  0.1084224865E-05
-0.1850373928E-07  0.1252096447E-05
-0.1708119522E-06  0.1312510583E-05
 0.9897717181E-08 -0.1389968849E-05
-0.3660133465E-06  0.1127029337E-05
-0.3238902387E-06  0.1357956845E-05
-0.4902896004E-06  0.1418180722E-05
 0.2827992657E-06 -0.1510690692E-05
 0.1475031894E-06 -0.1445486947E-05
 0.1257902567E-06 -0.1261998817E-05
 0.2239337617E-08 -0.1252771880E-05
-0.2255622196E-06  0.1120313971E-05
-0.1468528684E-06 -0.1318974094E-05
-0.1364069029E-06 -0.1196667587E-05
-0.2876258187E-06 -0.1165843892E-05
 0.6337050863E-07  0.1054357003E-05
-0.1373778424E-06 -0.9681795498E-06
-0.2356375123E-06 -0.6025646166E-06
-0.3557013780E-06 -0.8440443772E-06
 0.6536594146E-07  0.6690941950E-06
-0.4274783503E-06 -0.9052698084E-06
-0.5239258317E-06 -0.5544953948E-06
-0.6409481106E-06 -0.7858916296E-06
 0.3555521916E-06  0.6170530082E-06
 0.1271870043E-06  0.5053653523E-06
 0.1409616435E-06  0.7721263883E-06
 0.3927518768E-07  0.8438745506E-06
-0.2958267432E-06 -0.9929288591E-06
 0.4304744064E-05 -0.3314404192E-05
-0.2732146393E-05  0.1537582118E-06
-0.1026872859E-04 -0.9909787682E-06
-0.2569763157E-06 -0.1241150395E-05
-0.9931745501E-06  0.4309984311E-06
-0.8593401045E-06  0.8235827007E-06
-0.1238094483E-05  0.9655364470E-06
 0.5350603031E-06 -0.1207243879E-05
-0.7821262800E-06  0.1233181161E-05
-0.7064655774E-06  0.1505846229E-05
-0.9477427958E-06  0.1631695970E-05
 0.6341855006E-06 -0.1731558137E-05
-0.1346209359E-05  0.1410197009E-05
-0.1156710218E-05  0.1723406810E-05
-0.1102160144E-05  0.1738121496E-05
 0.9730627257E-06 -0.1914485725E-05
 0.8317780689E-06 -0.1856520972E-05
 0.8163239627E-06 -0.1646132427E-05
 0.6045841818E-06 -0.1540996685E-05
-0.1090691176E-05  0.1362138744E-05
-0.9023082382E-06  0.1858122169E-05
-0.1878449101E-05  0.1510706571E-05
-0.1580426259E-06  0.1864419855E-05
 0.4220972069E-06 -0.1971658770E-05
-0.1130668116E-05  0.1367776964E-05
-0.1116507864E-05  0.1678985925E-05
-0.1226774064E-05  0.1770243594E-05
 0.1075635707E-05 -0.1895255997E-05
-0.1545238864E-05  0.1583915544E-05
-0.1459767581E-05  0.1784148434E-05
-0.1589213435E-05  0.1888650054E-05
 0.1361622126E-05 -0.2015477872E-05
 0.1216858516E-05 -0.1885551134E-05
 0.1151037383E-05 -0.1617328416E-05
 0.9475483247E-06 -0.1810644085E-05
-0.1191526798E-05  0.1669056307E-05
 0.1020624485E-05 -0.1813805963E-05
 0.8225954702E-06 -0.1460094564E-05
 0.8677943509E-06 -0.1699100206E-05
-0.8560776232E-06  0.1422397266E-05
 0.2405832120E-06 -0.8307956315E-06
 0.3561146323E-05 -0.4078732626E-05
-0.5523808712E-05  0.2022455719E-06
 0.6687791661E-06  0.1172075969E-05
 0.5323462705E-06 -0.1079363327E-05
-0.3226617604E-05 -0.7701765377E-06
 0.5829934198E-07 -0.8877960196E-06
-0.1311666478E-05  0.8758295403E-06
 0.4801955200E-05  0.8436304346E-06
-0.1499631925E-05  0.1133028335E-05
 0.3759183436E-06  0.1264596038E-05
-0.2307974642E-05 -0.1477194940E-05
 0.4451044237E-06 -0.1595849886E-05
 0.4053183245E-06 -0.1369800831E-05
 0.2512027836E-06 -0.1313111033E-05
-0.5237221796E-06  0.1165866035E-05
 0.3514058414E-06 -0.9790901275E-06
 0.1582881857E-06 -0.4183378765E-06
 0.7090094688E-07 -0.7168126715E-06
-0.2914959731E-06  0.5433719641E-06
 0.9892990982E-07 -0.9600731105E-06
-0.1270594513E-07 -0.5244205337E-06
-0.8732988468E-07 -0.8641131677E-06
-0.1332330569E-06  0.6712283024E-06
-0.2727218341E-06  0.4632956647E-06
-0.3638421380E-06  0.7931333603E-06
-0.4604221004E-06  0.8220369682E-06
 0.1884382016E-06 -0.9995455667E-06
-0.4013670571E-07  0.3895480439E-06
 0.6283662859E-05 -0.3155012357E-05
-0.6722286789E-05  0.3206477843E-06
 0.1217084018E-05  0.1554695043E-06
-0.2660153995E-06 -0.4831369031E-07
 0.5881757745E-05 -0.3391215530E-05
-0.6655966104E-05 -0.1393940980E-06
 0.7712925524E-06  0.4549596898E-06
 0.4220089374E-06  0.5739502938E-06
-0.1127990818E-05  0.6212168753E-06
 0.1100156501E-05  0.7133725185E-06
-0.5503625991E-06 -0.8377449712E-06
 0.7976355489E-06  0.7309892174E-06
-0.1093763198E-05  0.5238455128E-06
 0.1113304512E-05  0.5079007097E-06
-0.4688645284E-06 -0.5462950088E-06
-0.7115203453E-07  0.8585551704E-07
 0.5941668385E-05 -0.3697385519E-05
-0.6955541066E-05 -0.3679873927E-06
 0.7467778368E-06  0.6032955523E-06
-0.9538491253E-05  0.1596216951E-05
-0.1018408526E-04  0.3868498527E-05
-0.6386224226E-05  0.5672923347E-05
 0.6494582707E-05 -0.5551878894E-05
-0.8924445524E-05  0.3414408035E-05
-0.8808760232E-05  0.3291794557E-05
-0.9074851661E-05  0.3446957565E-05
 0.7639657401E-05 -0.3811969325E-05
-0.9581465189E-05  0.3416608109E-05
-0.9621131143E-05  0.3236675078E-05
-0.9744713491E-05  0.3356510604E-05
 0.8116162949E-05 -0.3721963058E-05
 0.7930240848E-05 -0.3600146426E-05
 0.7883539899E-05 -0.3423435985E-05
 0.7385048309E-05 -0.4118155212E-05
-0.8650222531E-05  0.3850912904E-05
-0.8819873297E-05  0.3412864623E-05
-0.8791649126E-05  0.3494225683E-05
-0.9313529883E-05  0.3527630045E-05
 0.7739100741E-05 -0.3930856897E-05
-0.8589595301E-05  0.3210122444E-05
-0.8165343128E-05  0.2339393876E-05
-0.8790531718E-05  0.2537932712E-05
 0.7753777533E-05 -0.2663828899E-05
-0.9789719963E-05  0.3435081359E-05
-0.9461374048E-05  0.2755648709E-05
-0.1014901272E-04  0.2989647530E-05
 0.8567437387E-05 -0.3282919755E-05
 0.8156541894E-05 -0.2961282881E-05
 0.8139576108E-05 -0.3803432039E-05
 0.7795734240E-05 -0.3606767453E-05
-0.9173589713E-05  0.3319541204E-05
-0.1055332249E-04  0.3206545184E-05
-0.1087473891E-04  0.3461057520E-05
-0.1132974997E-04  0.3371948212E-05
 0.8718345099E-05 -0.4018327533E-05
-0.1101490386E-04  0.3605912382E-05
-0.1084313630E-04  0.3211916886E-05
-0.1157359489E-04  0.3400828275E-05
 0.9261380169E-05 -0.3904527905E-05
-0.1223842459E-04  0.3591630239E-05
-0.1236237804E-04  0.3550675427E-05
-0.1317985100E-04  0.3694473472E-05
 0.9655588011E-05 -0.4487035294E-05
 0.9496875938E-05 -0.4190206743E-05
 0.9158371358E-05 -0.4329692919E-05
 0.9002073874E-05 -0.4261214141E-05
-0.1162616146E-04  0.3622865128E-05
 0.8950473692E-05 -0.3601035309E-05
 0.8773137700E-05 -0.4146956587E-05
 0.8475952225E-05 -0.3994158118E-05
-0.1040204813E-04  0.3540273225E-05
 0.8558613538E-05 -0.4046296131E-05
 0.8380666944E-05 -0.3712614852E-05
 0.8183002468E-05 -0.3833056636E-05
-0.1013119062E-04  0.3331927069E-05
 0.8045179701E-05 -0.4000661385E-05
 0.7957725756E-05 -0.3838798562E-05
 0.7658496652E-05 -0.3877728727E-05
-0.9263618676E-05  0.3448676913E-05
-0.9758699450E-05  0.3390795327E-05
-0.9860480500E-05  0.3540902329E-05
-0.1036903638E-04  0.3531862120E-05
 0.8324642627E-05 -0.4057165176E-05
-0.7526914138E-05  0.8677967285E-06
-0.6709390404E-05 -0.1058213135E-05
-0.7346912844E-05 -0.8550029768E-06
 0.7212247881E-05  0.8901687534E-06
-0.5719312402E-05 -0.2873535477E-05
-0.2754117404E-05 -0.2801344818E-05
-0.5131515601E-05 -0.4464016366E-05
 0.5890136512E-05  0.4865206138E-05
-0.6958380429E-05 -0.3141183358E-05
-0.5236949942E-05 -0.5551587011E-05
-0.5414697073E-05 -0.4729173293E-05
 0.7085668183E-05  0.5651555430E-05
 0.7035687646E-05  0.6100933396E-05
 0.7313653096E-05  0.3144187820E-05
 0.6738468311E-05  0.3108972545E-05
-0.6395649013E-05 -0.3106611340E-05
-0.3804838215E-05  0.3952899284E-06
-0.5689817409E-05 -0.3378930854E-05
 0.6970580088E-05  0.1046875326E-04
 0.8755819608E-05  0.1444700180E-04
-0.4598518395E-05 -0.1034900136E-05
 0.6394715102E-05  0.1068954107E-04
 0.6608552939E-05  0.9574822986E-05
-0.3662021925E-05 -0.2690981317E-05
-0.5285263677E-05 -0.3393367142E-05
-0.1406773779E-04  0.3381363993E-05
-0.1334803409E-04  0.1360223445E-05
-0.1471897011E-04  0.2183520079E-05
 0.1075295357E-04 -0.3038748854E-05
-0.1189729757E-04 -0.2453336799E-05
-0.9852999813E-05 -0.7332032562E-05
-0.1136331913E-04 -0.7627013891E-05
 0.1063544048E-04  0.6596322721E-05
-0.1486724134E-04 -0.7020118791E-06
-0.1232664055E-04 -0.7159889904E-05
-0.1447668521E-04 -0.6732716299E-05
 0.1169780429E-04  0.5511111359E-05
 0.1120749935E-04  0.6255198161E-05
 0.1129336350E-04 -0.2184770679E-06
 0.1087827480E-04  0.9757810955E-06
-0.1326792775E-04 -0.1731083243E-05
-0.6494079905E-05 -0.9068728607E-05
-0.7052605048E-05 -0.2226602325E-05
-0.1117420376E-04 -0.7349567955E-05
 0.1016148787E-04  0.2118640376E-04
-0.1206683087E-04 -0.1348938205E-04
-0.4715358319E-05 -0.1138568129E-05
 0.2533092562E-04 -0.2848613991E-05
 0.1464276294E-04  0.3024199050E-04
 0.1433914784E-04  0.3610826412E-04
 0.1176827719E-04  0.1465386004E-04
 0.1142881648E-04  0.1472753853E-04
-0.9947278399E-05 -0.1436121844E-04
 0.1303308823E-04  0.3182796827E-04
 0.1082600268E-04  0.1372085494E-04
 0.1019914372E-04  0.1309083989E-04
-0.8808099116E-05 -0.1318763033E-04
-0.8544404528E-05 -0.1281667607E-04
-0.1225701761E-04 -0.5029231158E-05
-0.1536121841E-04 -0.6690360559E-05
 0.1359944795E-04  0.2956201223E-04
 0.1374731735E-04  0.2717379008E-04
 0.8458280713E-05  0.1107163581E-04
 0.8856807441E-05  0.1183020011E-04
-0.7548403147E-05 -0.9304141982E-05
 0.1067370462E-04  0.1243827395E-04
 0.8232224951E-05  0.1540901786E-04
 0.2630829329E-05 -0.1115309468E-05
-0.5604528840E-05 -0.4866850640E-05
 0.7768213196E-05  0.1684941404E-04
 0.9652712170E-05  0.6724642926E-05
 0.1027975694E-04  0.1849652152E-05
 0.9921423113E-05  0.2744707303E-05
-0.1077502603E-04 -0.3265605395E-05
 0.1041458734E-04 -0.2001336540E-05
 0.1018581892E-04 -0.4204177113E-05
 0.9983369413E-05 -0.3537985439E-05
-0.1298447798E-04  0.2913629913E-05
 0.9843750986E-05 -0.4200934788E-06
 0.9744452030E-05 -0.2979235106E-05
 0.9431670665E-05 -0.2527467368E-05
-0.1106854887E-04  0.2242583196E-05
-0.1197293028E-04  0.2535668944E-05
-0.1104369164E-04  0.1573336822E-06
-0.1213023862E-04  0.6300578521E-06
 0.1010212079E-04 -0.1090299227E-05
 0.7559164138E-05  0.6592973207E-05
 0.8446981542E-05  0.3488492460E-05
 0.7738698400E-05  0.3260480643E-05
-0.7627859409E-05 -0.3188956885E-05
 0.8897679456E-05  0.3663967279E-06
 0.9018846763E-05 -0.2108401340E-05
 0.8520411272E-05 -0.1722129262E-05
-0.9574455674E-05  0.1620880075E-05
 0.7737422348E-05  0.7673019683E-06
 0.8029830820E-05 -0.1382091539E-05
 0.7566200896E-05 -0.1091969621E-05
-0.8159322806E-05  0.1098197960E-05
-0.8849208402E-05  0.1338677460E-05
-0.7983607325E-05 -0.7213335185E-06
-0.8729931155E-05 -0.5550683011E-06
 0.8252892104E-05  0.5829338728E-06
-0.1030057936E-04  0.1930532858E-05
-0.9440577766E-05 -0.3674444441E-06
-0.1013242252E-04 -0.5846224084E-07
 0.9449133679E-05 -0.1103498918E-07
-0.8535818348E-05 -0.3530411667E-05
-0.7264927252E-05 -0.6463356099E-05
-0.7006950752E-05 -0.6079928711E-05
 0.8612828890E-05  0.7136065487E-05
-0.9840707249E-05 -0.3529416023E-05
-0.8443546623E-05 -0.7493095293E-05
-0.9512198910E-05 -0.7840994479E-05
 0.9306849975E-05  0.6942649745E-05
 0.9651552828E-05  0.7230313877E-05
 0.9758931751E-05  0.3210605971E-05
 0.9247691906E-05  0.3422930375E-05
-0.8879849055E-05 -0.3335538616E-05
-0.1078747005E-04  0.3998548794E-04
-0.1298014870E-04  0.4990943125E-04
-0.6252771721E-06  0.5142611395E-04
 0.7868771749E-05 -0.5484692750E-04
-0.1148331967E-04  0.3717875914E-04
-0.1296637567E-04  0.5234905103E-04
-0.8136209021E-06  0.4686342229E-04
 0.9978075480E-05 -0.5276342895E-04
 0.8484732553E-05 -0.4319574217E-04
 0.1627906583E-04 -0.3301308203E-04
-0.6328925058E-05 -0.3447796629E-04
-0.5428237785E-05  0.1368651266E-04
-0.7037353100E-05  0.3966449951E-04
-0.6224949944E-05  0.3315307085E-04
-0.6139479290E-05  0.3990795782E-04
 0.4805090352E-05 -0.4007325823E-04
-0.5712590269E-05  0.2631803265E-04
-0.7037164289E-05  0.2023090384E-04
-0.5446435444E-05  0.3132366332E-04
-0.2545613529E-05 -0.3351607513E-04
-0.6932842661E-05  0.4175573662E-04
-0.6002654719E-05  0.4185405876E-04
-0.8400480668E-05  0.4729373506E-04
 0.7491999490E-05 -0.5582675387E-04
 0.8171209543E-06 -0.4690856641E-04
 0.5026305254E-05 -0.4556127059E-04
 0.1651318761E-05 -0.3694203170E-04
-0.5648462735E-05  0.3552218514E-04
-0.6582087840E-05  0.3836147498E-04
-0.8920738547E-05  0.3799740370E-04
-0.7815867010E-05  0.3148311337E-04
 0.1309356888E-04 -0.3568657435E-04
-0.1008875528E-04  0.3975799963E-04
-0.1086205249E-04  0.4567126085E-04
-0.1169944820E-04  0.3886085085E-04
 0.2000632055E-04 -0.4924196316E-04
-0.9128334378E-05  0.2542940205E-04
-0.1076816449E-04  0.3020775103E-04
-0.8648229079E-05  0.2246904878E-04
 0.1949099723E-04 -0.2881908902E-04
 0.2124438414E-04 -0.3885769998E-04
 0.1625653069E-04 -0.3143573410E-04
 0.1643190630E-04 -0.3993012396E-04
-0.1011301313E-04  0.3324528060E-04
 0.1494317494E-04 -0.5627899008E-04
 0.1403642652E-04 -0.4678508055E-04
 0.9867964659E-05 -0.4922319906E-04
-0.8779351385E-05  0.4333617294E-04
 0.1229044105E-04 -0.4206312988E-04
 0.9958925377E-05 -0.4126768174E-04
 0.1024536760E-04 -0.4537828522E-04
-0.7879901268E-05  0.4586109277E-04
 0.7341980066E-05 -0.4502452808E-04
 0.7890086665E-05 -0.4636813287E-04
 0.7477743280E-05 -0.4441326968E-04
-0.6744021110E-05  0.4717789816E-04
-0.7249899880E-05  0.4475665538E-04
-0.7582878743E-05  0.4294070382E-04
-0.8176668468E-05  0.4223104622E-04
 0.1028911617E-04 -0.4567859382E-04
-0.1149752767E-04  0.1498561639E-04
-0.2005854201E-04  0.1279716917E-04
-0.1521973015E-04  0.2153607957E-04
-0.9455383192E-05 -0.2567312270E-04
-0.3096417268E-04  0.1593511582E-04
-0.3259514181E-04  0.1773484444E-04
-0.4783370740E-04  0.2516927856E-04
-0.1626220513E-05 -0.3364855073E-04
-0.2237384681E-04  0.3506878927E-04
-0.4932778458E-04  0.3056853996E-04
-0.3392344190E-04  0.6396396740E-04
-0.4034080028E-04 -0.8116419427E-04
-0.1868926209E-04 -0.4100031347E-04
-0.1953143951E-04 -0.4300064896E-04
-0.8002436255E-05 -0.2620703939E-04
-0.2996584405E-04  0.2012038865E-04
-0.2007896308E-04  0.4960455923E-06
-0.3089002639E-05 -0.3072225905E-04
-0.2662138840E-05 -0.2447482579E-04
 0.3899422317E-05  0.1877206971E-04
-0.3041458854E-04 -0.1677696150E-04
-0.3282274615E-04  0.7045486872E-06
 0.1511532459E-04  0.1160509795E-03
 0.1953768049E-04  0.1061200298E-03
-0.3979424067E-04 -0.1730702795E-04
-0.1478952794E-04  0.1416444129E-03
-0.2376875501E-03 -0.1967345343E-03
 0.4847620695E-03  0.6639103609E-03
-0.3773422455E-03 -0.8204906111E-03
-0.7387506512E-03 -0.3822908768E-03
-0.1123615133E-05  0.2158060709E-03
-0.2572018146E-02  0.4294193470E-02
-0.1353533757E+00  0.5853909987E-01
-0.2385200966E-02 -0.5131320102E-02
 0.1255403028E-01 -0.3811438964E-02
 0.5436078258E-02  0.5320821517E-01
-0.2047212004E-02 -0.9014502682E-02
-0.6547691063E-03  0.5222746256E-03
-0.3058049340E-03 -0.6091887629E-03
 0.1558292155E-04  0.3883665348E-05
 0.9656337303E-05  0.7887635162E-04
 0.2831320240E-04  0.5523181564E-04
-0.1508436750E-03  0.1056990229E-04
-0.9730745535E-04 -0.1923570542E-03
-0.4786979526E-04 -0.5337364779E-04
-0.9333899971E-04  0.2454365852E-04
-0.3122919776E-05 -0.1059666742E-04
-0.6205015173E-05 -0.4933863822E-04
 0.2357652754E-05 -0.2635546181E-04
-0.3520657870E-04  0.1855343326E-04
-0.8753760421E-04  0.3074285643E-04
-0.1958570594E-04  0.3089597462E-05
-0.2329933130E-03 -0.1329738834E-04
-0.1056660509E-04 -0.5793885759E-04
-0.6906105528E-05  0.2043410382E-04
-0.7905169532E-05  0.2787484581E-04
-0.4909478103E-05  0.1861213091E-04
 0.2260841560E-04 -0.2688120677E-04
-0.1045329642E-04  0.4027584425E-04
-0.1831604017E-04  0.5840450527E-04
-0.1245376764E-04  0.2841929556E-04
 0.4986511281E-04 -0.5481986152E-04
-0.4093954398E-05  0.1377686688E-04
-0.7924280389E-05  0.1239064452E-04
-0.4843614942E-05  0.3990455334E-05
 0.2177259931E-04 -0.1325528119E-04
 0.3323473345E-04 -0.2778567584E-04
 0.2267494521E-04 -0.2343303691E-04
 0.3233405033E-04 -0.3877366578E-04
-0.6839446904E-05  0.2396862040E-04
-0.4152772266E-04  0.7458056722E-04
-0.9645068363E-04  0.4321664646E-04
-0.5422612510E-04 -0.2873326723E-04
 0.1551038702E-03 -0.4134625193E-04
-0.1912983426E-03 -0.2461902851E-03
 0.2696507645E-04 -0.1710555110E-02
 0.1322496708E-04 -0.6477376510E-03
 0.5352703399E-03  0.7667810766E-03
-0.3971932215E-04 -0.1420323222E-03
-0.3450231103E-05 -0.3143305304E-03
-0.4602940555E-05 -0.1809384577E-03
 0.5364314990E-04  0.2200452959E-03
 0.1533132027E-03  0.3873676690E-03
 0.1249005664E-03  0.1333442284E-03
 0.3013675014E-03  0.1336876893E-03
-0.8170676905E-04 -0.2039903354E-03
-0.6108944327E-05 -0.1163966121E-04
-0.1021697763E-04 -0.3392586375E-04
-0.6355197076E-05 -0.2801543769E-04
 0.1391778933E-04  0.2707267691E-04
-0.1184874747E-04 -0.7118268844E-04
-0.3895601668E-05 -0.1158193778E-03
-0.3290380800E-05 -0.7961908198E-04
 0.9372610600E-05  0.9313553593E-04
-0.4924519325E-05 -0.4005178655E-04
-0.2860778242E-05 -0.5759659113E-04
-0.2525356211E-05 -0.4331643802E-04
 0.1202656375E-05  0.4945442545E-04
 0.3918244215E-05  0.6641491967E-04
 0.7288427883E-05  0.4398225612E-04
 0.1420196626E-04  0.5726718183E-04
-0.7367160428E-05 -0.5268287678E-04
 0.2174916845E-04  0.1380366069E-03
 0.2783669921E-04  0.7623277379E-04
 0.5685308044E-04  0.1023951541E-03
-0.2076911542E-04 -0.9920931327E-04
 0.2453359648E-04  0.3031015249E-04
 0.1901358900E-04  0.5302274237E-05
 0.3111337805E-04 -0.2753125906E-05
-0.9968130122E-05 -0.8893837517E-05
 0.8147963337E-04  0.1624280382E-04
 0.5128003772E-04 -0.2197054142E-04
 0.8422623391E-04 -0.6691789155E-04
-0.2664706677E-04  0.2134651884E-04
-0.1631925248E-04 -0.5426011790E-06
-0.3001001563E-04 -0.4224209638E-04
-0.1710950993E-04 -0.3988420500E-04
 0.4401533824E-04  0.2989512412E-04
 0.2314831161E-02  0.1403514750E-02
 0.7912667131E-03 -0.1520670403E-03
 0.1880295300E-02 -0.2362542988E-02
-0.7347932968E-03  0.2181289739E-03
 0.2915698554E-03 -0.2445789810E-03
 0.1314712491E-03 -0.1710284608E-03
 0.1603253929E-03 -0.3971198766E-03
-0.5224858349E-04  0.1935391672E-03
-0.3487174317E-03 -0.2202729462E-02
-0.6268177799E-05 -0.7216883882E-03
-0.1157588054E-03 -0.5183511487E-03
 0.1751285460E-03  0.4035219673E-03
 0.1480301090E-04  0.3917932582E-03
 0.8816341309E-04  0.9978313074E-03
-0.1493676950E-03  0.3091235634E-03
 0.4291187109E-03 -0.9120208143E-03
 0.7063150482E-04 -0.1049444081E-03
 0.4370599322E-04 -0.6366824490E-04
 0.5178081260E-04 -0.1013512573E-03
-0.1359800656E-04  0.6519581551E-04
 0.2982271681E-04 -0.4028595536E-04
 0.2157277624E-04 -0.2755024783E-04
 0.2599679015E-04 -0.3910671063E-04
-0.9805899013E-05  0.2881610277E-04
 0.3524060278E-04 -0.8257334230E-04
 0.2745136834E-04 -0.5343477619E-04
 0.2342300844E-04 -0.6659010827E-04
-0.1231054630E-04  0.5040455261E-04
-0.1213583204E-04  0.3951280977E-04
-0.1265866696E-04  0.5804920711E-04
-0.1113741144E-04  0.4124949336E-04
 0.3575156446E-04 -0.5950539190E-04
-0.4626359847E-04 -0.1719649834E-03
-0.1106027121E-04 -0.1303768576E-03
-0.2499270625E-04 -0.8031164644E-04
-0.7600174926E-05  0.6628953173E-04
 0.6749728422E-05 -0.9609459700E-04
 0.1352131886E-04 -0.7202194178E-04
 0.1803667467E-05 -0.6468835534E-04
-0.6838781656E-05  0.5369024035E-04
-0.1377723729E-04 -0.4538162563E-04
-0.5760114758E-05 -0.4728211007E-04
-0.6895866921E-05 -0.2917982751E-04
-0.7553803362E-05  0.2640805698E-04
-0.5398349816E-05  0.4153635055E-04
-0.8399492644E-05  0.3912655798E-04
-0.4652806207E-05  0.6099628354E-04
-0.8975630778E-05 -0.7387228011E-04
-0.1013450625E-04  0.5666569891E-04
-0.6012477166E-05  0.7473742353E-04
-0.9853386364E-05  0.7260220381E-04
 0.2478990028E-04 -0.9847039074E-04
 0.3923149992E-05  0.1025984218E-03
 0.1558333530E-04  0.1388558421E-03
 0.4159641324E-04  0.2095729976E-03
-0.1387143305E-04 -0.2808705883E-03
-0.1114835664E-04  0.9658748197E-04
-0.5600235456E-05  0.1823416017E-03
-0.2196496308E-04  0.1107860484E-03
 0.8285646440E-04 -0.1911712337E-03
 0.4382696572E-04 -0.2960151799E-03
 0.4335490618E-04 -0.1452704090E-03
 0.1802220310E-04 -0.1595846457E-03
 0.1944818792E-05  0.1168230896E-03
 0.2153284959E-04  0.9096597047E-04
 0.2982000443E-04  0.7339632717E-04
-0.2314327132E-04 -0.1017751780E-04
 0.6990578092E-05  0.2825843062E-04
 0.6068451124E-05 -0.7206192885E-05
 0.8013801911E-05  0.5608720059E-05
-0.1530538572E-04 -0.1186739368E-04
 0.1836437521E-04  0.4248209214E-04
 0.1236627572E-04  0.1600378542E-04
 0.1352303352E-04  0.1823442380E-04
-0.1362612008E-04 -0.1952877029E-04
-0.1329270420E-04 -0.1955593905E-04
-0.1281495907E-04 -0.1976409847E-04
-0.7392810805E-05 -0.2766534304E-04
 0.7842518918E-05  0.2948942920E-04
 0.4874012386E-05 -0.2294144197E-04
 0.1141526089E-05 -0.2108805579E-04
 0.6191908143E-05 -0.1613744022E-04
-0.2673028795E-04  0.1248099925E-04
-0.2642590948E-05 -0.1647051544E-04
-0.3729752809E-05 -0.1704798429E-04
 0.5736148897E-06 -0.1106798528E-04
-0.1481422432E-04  0.9009683926E-05
 0.6855801515E-05 -0.1104521901E-04
 0.4343117164E-05 -0.8759566441E-05
 0.7070122724E-05 -0.7807578046E-05
-0.1750611914E-04  0.5909676798E-05
-0.1679775024E-04  0.6702355745E-05
-0.2144191227E-04  0.8404419695E-05
-0.2198555024E-04  0.9836031425E-05
 0.3032518469E-05 -0.1314119894E-04
 0.1227992047E-04  0.4965862439E-05
 0.1171468612E-04 -0.3787783188E-05
 0.1164964409E-04 -0.1612210349E-05
-0.1644533348E-04  0.4483400848E-06
 0.1045136020E-04 -0.7407805965E-05
 0.8824096397E-05 -0.7164957103E-05
 0.9805332717E-05 -0.6474309015E-05
-0.1700287881E-04  0.4968938109E-05
 0.1096136445E-04 -0.4247104773E-05
 0.1023108960E-04 -0.5705559125E-05
 0.1030904748E-04 -0.4924713089E-05
-0.1515213459E-04  0.3885060093E-05
-0.1617425101E-04  0.4428760856E-05
-0.1611055342E-04  0.3152779696E-05
-0.1754920602E-04  0.4339014512E-05
 0.1093322474E-04 -0.5736879564E-05
-0.1749170125E-04  0.5456868445E-05
-0.1892303451E-04  0.5697033909E-05
-0.2024767191E-04  0.7068661853E-05
 0.9211635241E-05 -0.9162630869E-05
-0.1814428221E-04  0.2298092791E-05
-0.1551405610E-04 -0.6318424717E-05
-0.1715835258E-04 -0.5167946595E-05
 0.1253051459E-04  0.2984928165E-05
-0.2292204286E-04  0.8280995287E-05
-0.1937106902E-04 -0.8173671205E-06
-0.2429677124E-04  0.7641935013E-05
 0.8182562827E-05 -0.1163908226E-04
 0.1108101711E-04 -0.2103719288E-05
 0.9355318796E-05 -0.1084975184E-04
 0.1115097349E-04 -0.6669620345E-05
-0.2015082139E-04  0.4763215621E-05
-0.2420959106E-05 -0.2117010285E-04
 0.2206195687E-06 -0.2649021945E-04
 0.7032747908E-06 -0.1751529019E-04
-0.6722378677E-05  0.1779448584E-04
 0.3112028194E-05 -0.3217157802E-04
 0.4781842133E-05 -0.3840944012E-04
 0.5285527856E-05 -0.3227064121E-04
-0.6191193312E-05  0.3679111727E-04
 0.3067469664E-05 -0.1628452163E-04
 0.5710064217E-05 -0.2310571181E-04
 0.4673617662E-05 -0.1732930169E-04
-0.6243104592E-05  0.1930399497E-04
-0.7393294582E-05  0.2530982571E-04
-0.6970423081E-05  0.1727322318E-04
-0.5800330326E-05  0.2527017811E-04
 0.2974950496E-05 -0.2374323893E-04
 0.5543466277E-05 -0.3962854083E-04
 0.9237645976E-05 -0.3555078806E-04
-0.1508401546E-04 -0.2990364691E-04
-0.3531335090E-05  0.1184660469E-04
-0.2421170659E-06 -0.1427980144E-04
-0.1814682473E-04 -0.1197406383E-04
-0.2347332249E-05 -0.5133919118E-05
-0.6369781731E-05  0.3574546475E-05
 0.1964619604E-05 -0.6007024056E-06
-0.1759086917E-07 -0.2133457704E-04
-0.2254035830E-04 -0.1244920531E-04
 0.7141146601E-05  0.6998564863E-05
 0.2181621079E-04 -0.1263152913E-04
-0.1142101189E-04  0.7233647150E-05
-0.2114111494E-04  0.1769368681E-05
-0.2244090345E-05 -0.1207342858E-04
 0.1215408218E-04  0.3199923235E-04
-0.9265167249E-05  0.2102638439E-04
-0.2518506068E-05  0.3068870895E-04
 0.2735012917E-05 -0.2822466044E-04
-0.6014812034E-05  0.3450574494E-04
-0.1259917753E-04  0.4011720893E-04
-0.8095147852E-06  0.4635972935E-04
 0.2678190737E-05 -0.4696595622E-04
 0.1932203495E-05 -0.2980318683E-04
-0.1407444845E-04 -0.3261142192E-04
-0.1797965283E-04 -0.2004082180E-04
 0.5478621965E-06  0.1328511400E-04
 0.9725545356E-05 -0.4788893978E-05
 0.9165302402E-05 -0.4423801527E-05
 0.9221767805E-05 -0.4381621734E-05
-0.1280156245E-04  0.3540707322E-05
 0.8636521811E-05 -0.3953787140E-05
 0.8255776699E-05 -0.3950683069E-05
 0.8428744129E-05 -0.3722268456E-05
-0.1125248106E-04  0.3209115967E-05
 0.8803387192E-05 -0.3948014405E-05
 0.8518564855E-05 -0.3602429021E-05
 0.8470742044E-05 -0.3681310004E-05
-0.1083385881E-04  0.3142449426E-05
-0.1115337956E-04  0.3082312800E-05
-0.1176273459E-04  0.3251024638E-05
-0.1208092444E-04  0.3186904225E-05
 0.8783621020E-05 -0.3921667680E-05
 0.8036743735E-05 -0.4500611388E-05
 0.7894747925E-05 -0.5477666491E-05
 0.7756360050E-05 -0.5699506349E-05
-0.9368203738E-05  0.6061626158E-05
 0.5315905617E-05 -0.3946004630E-05
-0.3494394375E-05 -0.1014084948E-04
-0.1501033883E-04 -0.5502697269E-05
-0.4706704073E-05  0.2269622886E-06
 0.6031277032E-05 -0.2602948085E-05
-0.2492572516E-05 -0.7146055923E-05
-0.1313552290E-04 -0.3436340690E-05
-0.5338859483E-05 -0.2712707246E-06
-0.1039080911E-04  0.2686283642E-05
-0.1190615693E-04  0.6446286731E-05
-0.5954371723E-05  0.1013818174E-04
 0.6309293067E-05 -0.9619503702E-05
 0.8266299621E-05 -0.3490822608E-05
 0.8189682615E-05 -0.3551391744E-05
 0.7711258884E-05 -0.4191605036E-05
-0.9124213682E-05  0.4008010459E-05
 0.6304430863E-05 -0.1750266947E-05
-0.1242433799E-05 -0.6202760107E-05
-0.1223244617E-04 -0.2589722546E-05
-0.5349725079E-05 -0.6954240604E-07
 0.6260204296E-05 -0.1576454168E-05
 0.9218358721E-07 -0.5706031795E-05
-0.1145551324E-04 -0.2183341105E-05
-0.5314763668E-05  0.1152740876E-06
-0.9682080441E-05  0.1575004632E-05
-0.1082091242E-04  0.4089322900E-05
-0.6547568818E-05  0.6338964528E-05
 0.6705666502E-05 -0.6123974781E-05
-0.9797180628E-05  0.1912121677E-05
-0.1136729006E-04  0.4856662889E-05
-0.6563622974E-05  0.7633036188E-05
 0.6641656517E-05 -0.7335706990E-05
-0.1008378944E-04  0.3635466231E-05
-0.1023122050E-04  0.3144608283E-05
-0.1023315368E-04  0.3411515316E-05
 0.8343272302E-05 -0.3715384326E-05
-0.1043042201E-04  0.4421779527E-05
-0.1063767690E-04  0.3388759209E-05
-0.1041254765E-04  0.4001352499E-05
 0.8252275518E-05 -0.4176092476E-05
 0.8331032862E-05 -0.3649805203E-05
 0.8202815592E-05 -0.4212856623E-05
 0.7865333277E-05 -0.4614838051E-05
-0.9433467054E-05  0.4644974408E-05
-0.1070641662E-04  0.5290353133E-05
-0.1177841572E-04  0.9114371569E-05
-0.5747528107E-06  0.1433194062E-04
 0.5298280194E-05 -0.1206986108E-04
-0.1022567163E-04  0.5863796643E-05
-0.1062388540E-04  0.4351728381E-05
-0.9970162337E-05  0.5601250017E-05
 0.7802905632E-05 -0.5690097668E-05
-0.1035628012E-04  0.5559910730E-05
-0.1073304871E-04  0.6618902962E-05
-0.1028220695E-04  0.9788220226E-05
 0.5206585571E-05 -0.1031054384E-04
 0.7257508060E-05 -0.7060705102E-05
 0.6286280025E-05 -0.5806569296E-05
 0.7344418768E-05 -0.7143704612E-05
-0.7859051565E-05  0.7987822526E-05
-0.1134007729E-04  0.3487776264E-05
-0.1228301004E-04  0.3212826824E-05
-0.1223589651E-04  0.3527986070E-05
 0.8309364010E-05 -0.4223028569E-05
-0.1326416500E-04  0.3497790015E-05
-0.1396869465E-04  0.3836284177E-05
-0.1464973624E-04  0.3972988110E-05
 0.9641783384E-05 -0.5082810050E-05
-0.1349222285E-04  0.3761450744E-05
-0.1510865248E-04  0.4118303339E-05
-0.1519094316E-04  0.4329452108E-05
 0.8551949513E-05 -0.5623334038E-05
 0.9300744153E-05 -0.5352362407E-05
 0.8406319779E-05 -0.4709420948E-05
 0.8920753509E-05 -0.4506763361E-05
-0.1352337128E-04  0.3530820323E-05
-0.9064536336E-05  0.1330114548E-04
-0.1001477240E-04  0.8874728928E-05
-0.8059301707E-05  0.1251635440E-04
 0.3833384864E-05 -0.1176774248E-04
-0.1200029611E-04  0.5712081754E-05
-0.1476088917E-04  0.4722009277E-05
-0.1371146490E-04  0.5583054603E-05
 0.5260151931E-05 -0.6728619420E-05
-0.8647659559E-05  0.1153025022E-04
-0.1197994824E-04  0.7631131683E-05
-0.9559601038E-05  0.1217875977E-04
-0.1717626900E-06 -0.1292965828E-04
 0.2679831901E-05 -0.8573167442E-05
 0.2203244698E-05 -0.1140535810E-04
 0.4157894411E-05 -0.8051111938E-05
-0.1041434627E-04  0.7901404743E-05
 0.7239365142E-05 -0.5986867918E-05
 0.6043356971E-05 -0.6238041016E-05
 0.7486614638E-05 -0.5224614608E-05
-0.1301771115E-04  0.4418049403E-05
 0.5309494475E-05 -0.8698937225E-05
 0.4655675569E-05 -0.1278533343E-04
 0.6420945057E-05 -0.8917975604E-05
-0.1046090810E-04  0.8758588562E-05
 0.7748876746E-05 -0.4902175843E-05
 0.7432906785E-05 -0.6077094519E-05
 0.7919685747E-05 -0.4687024652E-05
-0.1109761213E-04  0.4283608891E-05
-0.1103951657E-04  0.5736498982E-05
-0.1198737117E-04  0.4337618766E-05
-0.1129385034E-04  0.6101308859E-05
 0.6795163835E-05 -0.6387874362E-05
 0.2658062674E-04  0.4250310174E-04
-0.7305540880E-05 -0.3264205802E-05
 0.8242559187E-05 -0.4517910846E-04
-0.9794667129E-05  0.1978218295E-04
-0.2760513234E-05 -0.2579300640E-04
-0.2959268235E-05 -0.3346985053E-04
-0.2632840321E-05 -0.2761666417E-04
-0.3013782981E-05  0.3176737886E-04
 0.1978564405E-04  0.2019035429E-04
-0.1154341439E-04 -0.1574306311E-04
 0.1719890742E-05 -0.2355312460E-04
-0.9100340424E-05  0.2163001516E-04
-0.5449520238E-05  0.3188812508E-04
-0.1653238474E-04  0.3247530751E-04
-0.1191358281E-04  0.2647162201E-04
 0.2400515835E-05 -0.2942391945E-04
-0.3180681436E-06  0.3834156631E-04
-0.1016184161E-06  0.2877251226E-04
 0.3010621993E-05  0.3470120761E-04
-0.3280218063E-05 -0.3141565323E-04
-0.3247870413E-05  0.2055911152E-04
-0.1606300683E-04  0.1746389352E-04
-0.9050721470E-05  0.1620055924E-04
 0.5853604255E-05 -0.2294222053E-04
 0.7884560579E-05  0.2328339034E-04
 0.5368767700E-05  0.1074452672E-04
 0.1117849284E-04  0.8734253864E-05
-0.3482141066E-05 -0.1249343479E-04
-0.1844506889E-05 -0.1328820062E-04
-0.4186973821E-05 -0.2260152479E-04
-0.2110042315E-05 -0.1766858245E-04
 0.2144324840E-05  0.2077130446E-04
 0.1416870153E-04 -0.5373995533E-05
 0.8840741261E-05 -0.6798600396E-05
 0.1513466580E-04 -0.1370147911E-04
-0.1996510405E-05  0.7192057151E-05
 0.1703706507E-05 -0.8243103699E-05
-0.1268716739E-04 -0.8992652189E-05
-0.4708216481E-05 -0.4131886039E-05
 0.6101120468E-05 -0.7214830712E-07
 0.1635096366E-04 -0.1806891020E-04
 0.1067650579E-04 -0.1274222328E-04
 0.1625293408E-04 -0.1915904516E-04
-0.4097360999E-05  0.1432545907E-04
-0.2044464151E-05  0.9471972205E-05
-0.2645294382E-05  0.1274972932E-04
-0.2779311158E-06  0.1036842500E-04
 0.9909937424E-05 -0.1196725621E-04
 0.3136483465E-04  0.5678578531E-04
-0.3231630676E-05  0.2187192082E-04
 0.6411635667E-05 -0.4072467483E-04
-0.4493988775E-05  0.3199286479E-06
-0.6033436390E-06  0.2266485585E-05
-0.2818482664E-05 -0.2503797741E-07
-0.6225506574E-06 -0.7078826757E-06
 0.7246884535E-05 -0.3810201624E-06
 0.2999018504E-04  0.5621677645E-04
-0.4563979710E-05  0.1244546402E-04
 0.7412230192E-05 -0.4698292165E-04
-0.7734728583E-05  0.9437012908E-05
-0.3908044267E-06  0.2359080333E-05
-0.1478059897E-04 -0.3020795104E-06
-0.6497419468E-05  0.2729447182E-05
 0.7358996493E-05 -0.8432428213E-05
 0.1625497581E-04 -0.2097022149E-04
 0.1100766071E-04 -0.1649977299E-04
 0.1439004162E-04 -0.2332653000E-04
-0.7491907941E-05  0.1874577141E-04
 0.3209865279E-05 -0.1569899177E-04
-0.7264092472E-05 -0.2025371190E-04
-0.6502015582E-05 -0.1330347799E-04
 0.3459626485E-06  0.8014706747E-05
 0.1202901759E-04 -0.2809246753E-04
 0.6364550721E-05 -0.2628079595E-04
 0.1033114525E-04 -0.3469266349E-04
-0.5613503216E-05  0.3463013081E-04
-0.4308528419E-05  0.2039961019E-04
-0.7473196753E-05  0.2363067958E-04
-0.5654907213E-05  0.1814759224E-04
 0.9233164917E-05 -0.2091613176E-04
 0.9595288192E-05 -0.3700494103E-04
 0.1874923063E-04 -0.2627523852E-04
 0.1712489655E-05 -0.3414970676E-04
-0.6722448311E-05  0.1241818831E-04
-0.1238620319E-04  0.2940031591E-04
-0.1089829598E-04  0.4654569974E-04
 0.4349000653E-05  0.4246240581E-04
 0.1029789575E-04 -0.4359092088E-04
 0.2105401027E-04  0.4381232483E-04
-0.6533468762E-05  0.3261319243E-04
 0.1757460242E-05 -0.2016656582E-04
-0.1745383368E-06 -0.1373562495E-04
 0.2035971270E-05 -0.2527552866E-04
 0.1907996309E-04 -0.3316596825E-04
-0.2737735797E-06 -0.3836797740E-04
 0.4336594139E-05  0.2518532904E-04
 0.3166316458E-04  0.5038477282E-04
-0.7652274365E-05  0.2799461913E-04
 0.1088215076E-05 -0.2538715407E-04
 0.2577019413E-05 -0.9443650325E-05
-0.5510604328E-05  0.1373606699E-04
-0.6196332499E-05  0.1695491205E-04
-0.2999895390E-05  0.1453950867E-04
 0.1123867787E-04 -0.1533157882E-04
 0.3122996369E-04  0.5423825440E-04
-0.4945897014E-05  0.2493991361E-04
 0.4405577071E-05 -0.3266582426E-04
-0.8894583358E-06 -0.4441807776E-05
 0.3158711633E-05 -0.1148492058E-04
-0.9768903132E-05 -0.1429276701E-04
-0.3493752730E-05 -0.8115156211E-05
 0.3405014557E-05  0.5534454681E-05
 0.7890610778E-05  0.1498095340E-04
 0.4830011900E-05  0.4855033530E-05
 0.5859105361E-05  0.2973076901E-05
 0.6336802832E-05  0.3562096009E-05
-0.5670411833E-05 -0.3948273557E-05
 0.6685198539E-05  0.1126044201E-05
 0.7133164234E-05 -0.8178499595E-06
 0.6881348633E-05 -0.5149684349E-06
-0.6962481675E-05  0.6125361704E-06
 0.6435608689E-05  0.1508315959E-05
 0.6649583933E-05 -0.3844546459E-06
 0.6312640012E-05 -0.2864745902E-06
-0.6033496475E-05  0.5537957990E-06
-0.6467847276E-05  0.5656863912E-06
-0.5785535960E-05 -0.1351910901E-05
-0.6293889446E-05 -0.1497585414E-05
 0.6590711713E-05  0.1478108242E-05
 0.3828419729E-05  0.5764870914E-05
 0.4906061380E-05  0.3374792691E-05
 0.4343995836E-05  0.2451755287E-05
-0.3824054004E-05 -0.2367593779E-05
 0.5450625766E-05  0.1589579509E-05
 0.5916797064E-05 -0.8129204698E-07
 0.5452790763E-05  0.1496109669E-08
-0.5364187918E-05  0.1884339922E-06
 0.4576119131E-05  0.1258851056E-05
 0.5043223439E-05  0.4623952328E-07
 0.4743879092E-05  0.1947767857E-06
-0.4565380164E-05 -0.4103809890E-07
-0.4897617597E-05  0.1590235890E-06
-0.4147465796E-05 -0.9891870066E-06
-0.4785688878E-05 -0.1348309982E-05
 0.5005694527E-05  0.1453315340E-05
-0.5705922904E-05  0.3397495896E-06
-0.5155094611E-05 -0.1393212898E-05
-0.5272785314E-05 -0.1112360666E-05
 0.5972121463E-05  0.1520366979E-05
-0.4249277766E-05 -0.3088699325E-05
-0.2433040784E-05 -0.2054955910E-05
 0.2104523459E-06  0.8765959529E-06
 0.5814671865E-05  0.8296584157E-05
-0.4814725315E-05 -0.3114623336E-05
 0.9917226438E-05 -0.5536796211E-06
-0.3920245889E-05 -0.5181155215E-05
 0.6436324220E-05  0.5366448230E-05
 0.4915573185E-05  0.4553148777E-05
 0.6101112369E-05  0.3392956091E-05
 0.5279096978E-05  0.3160078277E-05
-0.3708716164E-05 -0.2052331605E-05
 0.7380934247E-05 -0.2393009932E-05
 0.7474838768E-05 -0.3415633550E-05
 0.7184409872E-05 -0.3253498948E-05
-0.8054735654E-05  0.3119255131E-05
 0.7457758391E-05 -0.3835450885E-05
 0.7395364549E-05 -0.3799685716E-05
 0.7147502357E-05 -0.3823583261E-05
-0.8336838595E-05  0.3429782514E-05
 0.6944755241E-05 -0.3733762435E-05
 0.6934911306E-05 -0.3847616346E-05
 0.6654207817E-05 -0.3944610192E-05
-0.7667613549E-05  0.3623462210E-05
-0.8007173271E-05  0.3494516424E-05
-0.7882379641E-05  0.3512705106E-05
-0.8298283077E-05  0.3499055177E-05
 0.7199086197E-05 -0.3782015556E-05
 0.7370695778E-05 -0.3613751344E-05
 0.7297449597E-05 -0.3475200912E-05
 0.6731078952E-05 -0.3959905634E-05
-0.7866816471E-05  0.3731965144E-05
 0.5958794671E-05 -0.1840154917E-05
 0.7997256555E-06 -0.5515903195E-05
-0.1055028668E-04 -0.1897799577E-05
-0.5107699464E-05  0.4791684712E-06
 0.4569341293E-05 -0.2343404772E-05
-0.3315176931E-05 -0.6341553276E-05
-0.8122703577E-05 -0.4802528519E-06
-0.2948537807E-05  0.2434338156E-05
-0.8524915687E-05  0.2390906182E-05
-0.8808199505E-05  0.4031698790E-05
-0.6048854654E-05  0.5403128361E-05
 0.5292875889E-05 -0.5474268313E-05
 0.6266841096E-05 -0.3926134649E-05
 0.6012631791E-05 -0.3569398732E-05
 0.5812692781E-05 -0.3531189566E-05
-0.7214923495E-05  0.2984462264E-05
 0.5085613989E-05 -0.2064898112E-05
 0.5237733756E-06 -0.1588161684E-05
 0.3476457396E-05 -0.1127441027E-05
-0.6640389571E-05  0.6764008816E-06
 0.5519459692E-05 -0.2444041170E-05
 0.5191304121E-05 -0.1025468755E-05
 0.5067301011E-05 -0.1888332808E-05
-0.5658941397E-05  0.1474517725E-05
-0.6743218480E-05  0.9029766429E-06
-0.6774697369E-05  0.1968495140E-05
-0.7286094746E-05  0.2003888365E-05
 0.5352130850E-05 -0.2693800924E-05
 0.1475560594E-05  0.2812060847E-05
-0.8228955120E-05  0.2433632032E-05
-0.5018677881E-05  0.3687295930E-05
 0.2242817099E-05 -0.3367080717E-05
-0.7789544830E-05  0.2882004904E-05
-0.7527145234E-05  0.3482454216E-05
-0.7688846500E-05  0.3328389491E-05
 0.6617538783E-05 -0.3823310486E-05
-0.7878370871E-05  0.2887697677E-05
-0.7986645021E-05  0.3084852265E-05
-0.8192983153E-05  0.3287342741E-05
 0.7090807500E-05 -0.3669997378E-05
 0.6929843167E-05 -0.3528376083E-05
 0.6835673877E-05 -0.3030989435E-05
 0.6568907138E-05 -0.3356125662E-05
-0.7318879308E-05  0.2748174791E-05
 0.4829142166E-05 -0.9277589710E-06
 0.5085115902E-05 -0.2043652689E-05
 0.4861104228E-05 -0.1925169593E-05
-0.4877674813E-05  0.2061074835E-05
 0.5243005972E-05 -0.2895567580E-05
 0.5314843716E-05 -0.3388291597E-05
 0.5083772527E-05 -0.3285662078E-05
-0.5555886990E-05  0.3187089187E-05
 0.4799189354E-05 -0.2659429737E-05
 0.4872423327E-05 -0.3188735852E-05
 0.4667856912E-05 -0.3092432336E-05
-0.4980866734E-05  0.3054661605E-05
-0.5256502060E-05  0.3122531599E-05
-0.4964531460E-05  0.2719141566E-05
-0.5267920361E-05  0.2800467073E-05
 0.5008986851E-05 -0.2770076131E-05
 0.5314453835E-05 -0.3492380500E-05
 0.5272561492E-05 -0.3222392683E-05
 0.5063902718E-05 -0.3263622292E-05
-0.5802311556E-05  0.2931887674E-05
 0.5224695943E-05 -0.2619209281E-05
 0.5125969698E-05 -0.1731939525E-05
 0.4797882488E-05 -0.2454821473E-05
-0.5504545497E-05  0.2036175207E-05
 0.4863895337E-05 -0.2827484446E-05
 0.4773648894E-05 -0.2169497028E-05
 0.4465829921E-05 -0.2714959762E-05
-0.5125669791E-05  0.2334987292E-05
-0.5629720387E-05  0.1999978234E-05
-0.5608555894E-05  0.2485325918E-05
-0.5742243335E-05  0.2463025155E-05
 0.5027983578E-05 -0.2849428778E-05
 0.4496626668E-05 -0.3253922894E-05
 0.4509883824E-05 -0.3227238106E-05
 0.4307073900E-05 -0.3226057655E-05
-0.4794907406E-05  0.3023657471E-05
 0.4514845182E-05 -0.2935601138E-05
 0.4432686296E-05 -0.2380916287E-05
 0.4155662610E-05 -0.2882519589E-05
-0.4715932069E-05  0.2533481902E-05
 0.4142310926E-05 -0.2985753756E-05
 0.4091869708E-05 -0.2541962404E-05
 0.3811027532E-05 -0.2993414549E-05
-0.4325923664E-05  0.2684488187E-05
-0.4766768183E-05  0.2430486613E-05
-0.4689905622E-05  0.2748477425E-05
-0.4823995777E-05  0.2792828557E-05
 0.4318408049E-05 -0.3063827500E-05
-0.5172215556E-05  0.2247368942E-05
-0.5132934404E-05  0.2648286780E-05
-0.5272292050E-05  0.2665735663E-05
 0.4669797812E-05 -0.2988385299E-05
-0.5047310000E-05  0.3011736642E-05
-0.4923916511E-05  0.3128746764E-05
-0.5173477817E-05  0.3171529793E-05
 0.4694892794E-05 -0.3327628344E-05
-0.5551747476E-05  0.2963873878E-05
-0.5449293016E-05  0.3192808264E-05
-0.5733138412E-05  0.3218008096E-05
 0.5095277010E-05 -0.3441292197E-05
 0.4892631383E-05 -0.3380418981E-05
 0.4881192550E-05 -0.3243085653E-05
 0.4687179579E-05 -0.3266854145E-05
-0.5276216973E-05  0.3004473070E-05
-0.5968388504E-05  0.1536000076E-05
-0.6078233806E-05  0.2211211976E-05
-0.6197628655E-05  0.2161510832E-05
 0.5372775798E-05 -0.2618264427E-05
-0.6100645805E-05  0.2870228310E-05
-0.6045548590E-05  0.3234737994E-05
-0.6362461147E-05  0.3278238411E-05
 0.5542579656E-05 -0.3571750238E-05
-0.6775008002E-05  0.2869248655E-05
-0.6723192993E-05  0.3345632376E-05
-0.7105176096E-05  0.3459187787E-05
 0.6012607020E-05 -0.3829258275E-05
 0.5782092169E-05 -0.3669083526E-05
 0.5672560869E-05 -0.3294647504E-05
 0.5463507463E-05 -0.3256109616E-05
-0.6374514597E-05  0.2849338091E-05
-0.5881585401E-05  0.3258858465E-05
-0.5603310056E-05  0.2898414428E-05
-0.5964620188E-05  0.3022583576E-05
 0.5507063752E-05 -0.3047975919E-05
-0.5214732616E-05  0.2157384509E-05
-0.4749201699E-05  0.1090424896E-05
-0.5097343070E-05  0.1236773748E-05
 0.5097180774E-05 -0.1071855207E-05
-0.5978686910E-05  0.2469823453E-05
-0.5497201024E-05  0.1413159698E-05
-0.5905674183E-05  0.1581121384E-05
 0.5800125440E-05 -0.1413062120E-05
 0.5408637489E-05 -0.1250864112E-05
 0.5663275373E-05 -0.2393772739E-05
 0.5352579606E-05 -0.2205076468E-05
-0.5584769997E-05  0.2297544756E-05
-0.7341094563E-05  0.3645028628E-05
-0.7105915515E-05  0.3441660413E-05
-0.7486591911E-05  0.3510194622E-05
 0.6666387399E-05 -0.3683527921E-05
-0.6760343431E-05  0.2831289295E-05
-0.6284234655E-05  0.1787714227E-05
-0.6667791377E-05  0.1967556615E-05
 0.6513995002E-05 -0.1832492307E-05
-0.7582455775E-05  0.3048567019E-05
-0.7098361297E-05  0.2062284574E-05
-0.7599559748E-05  0.2164886619E-05
 0.7080203009E-05 -0.2153467538E-05
 0.6813137721E-05 -0.1980638099E-05
 0.6909078493E-05 -0.3118492776E-05
 0.6625630611E-05 -0.2984488870E-05
-0.7155120148E-05  0.2966762840E-05
 0.6180929161E-05 -0.1624570212E-05
 0.6326773955E-05 -0.2807345121E-05
 0.6002850450E-05 -0.2599215042E-05
-0.6372239326E-05  0.2654083497E-05
 0.6383676487E-05 -0.3568528266E-05
 0.6365270518E-05 -0.3919760462E-05
 0.6096742391E-05 -0.3799500387E-05
-0.6956145700E-05  0.3568787682E-05
 0.5796803050E-05 -0.3221319764E-05
 0.5830551647E-05 -0.3646743332E-05
 0.5564749408E-05 -0.3510612626E-05
-0.6224362397E-05  0.3347033410E-05
-0.6585172663E-05  0.3452739515E-05
-0.6341522795E-05  0.3167314568E-05
-0.6721028033E-05  0.3317137465E-05
 0.6095165956E-05 -0.3403873988E-05
 0.3111161784E-05 -0.1734751782E-05
 0.4282673153E-05 -0.4361919901E-05
-0.7327081896E-05 -0.1194669586E-05
-0.2415799074E-05  0.1035135387E-05
-0.4959376367E-05  0.1932646522E-05
-0.5322738900E-05  0.2477146728E-05
-0.3006487002E-05  0.3083341768E-05
 0.3370720951E-05 -0.3165878391E-05
-0.5280306429E-05  0.1598860901E-05
-0.5722898815E-05  0.2280930438E-05
-0.3291071761E-05  0.2938615620E-05
 0.3674659890E-05 -0.3005214217E-05
 0.3489830029E-05 -0.1441581006E-05
 0.4412366764E-05 -0.4217964672E-05
-0.7809335014E-05 -0.1222278564E-05
-0.2708265891E-05  0.8454047973E-06
-0.5691237794E-05  0.1187048634E-05
-0.6115590793E-05  0.2056093951E-05
-0.3644254341E-05  0.2746476344E-05
 0.3963013479E-05 -0.2811423545E-05
-0.6469054899E-05  0.5912697522E-06
-0.6618095063E-05  0.1763996084E-05
-0.3854167208E-05  0.2516489819E-05
 0.4288555948E-05 -0.2574354148E-05
 0.3999331920E-05 -0.7144879346E-06
 0.3710387222E-05 -0.3579935516E-05
-0.8237090445E-05 -0.9400544748E-06
-0.3288203447E-05  0.4372230751E-06
 0.3742165853E-05 -0.1113809553E-05
 0.4108439557E-05 -0.3968556451E-05
-0.8016436700E-05 -0.1086582657E-05
-0.2950986405E-05  0.6808554448E-06
-0.6331530379E-05  0.1197832910E-06
-0.6806868874E-05  0.1195861202E-05
-0.3224066125E-05  0.1872667311E-05
 0.4506647959E-05 -0.1682347983E-05
 0.3840221954E-05 -0.9394737788E-05
-0.8638089259E-05 -0.2196710694E-06
-0.1810586631E-04 -0.1150994941E-05
 0.1760782428E-05 -0.2169591926E-05
 0.4046850204E-05  0.1704431382E-05
 0.4382395292E-05 -0.1583955198E-05
-0.1049469809E-04 -0.7131735026E-06
-0.1442674471E-05 -0.8866463476E-07
 0.4278317908E-05  0.1084977903E-06
 0.3431371243E-05 -0.3670318844E-05
-0.9043405640E-05 -0.1076602500E-05
-0.3377742920E-05  0.3455364067E-06
-0.4722167127E-05  0.6043381476E-05
-0.1710806172E-04  0.1044950826E-04
 0.5075434828E-05 -0.3574913276E-05
 0.1622954775E-04 -0.8190918461E-05
-0.1765639245E-04  0.9112298822E-05
-0.1732026145E-04  0.9284453810E-05
-0.1766733045E-04  0.9332332079E-05
 0.1689109163E-04 -0.9179988924E-05
-0.7161013749E-05  0.5561611690E-05
-0.1751106609E-04  0.9972968934E-05
 0.7750235324E-05 -0.4931947488E-05
 0.1659169451E-04 -0.7974997558E-05
 0.1804178997E-04 -0.9418189441E-05
 0.2760324694E-04 -0.1397435955E-04
 0.1664223987E-04 -0.8436511913E-05
-0.1949929137E-04  0.8548333427E-05
-0.1739739253E-04  0.9194015244E-05
-0.1760412035E-04  0.9109837349E-05
-0.1835152618E-04  0.9299337448E-05
 0.1698412283E-04 -0.9060955840E-05
-0.1809098073E-04  0.9023724389E-05
-0.1913213493E-04  0.9109833742E-05
-0.2056015430E-04  0.9620425150E-05
 0.1786772970E-04 -0.8831856529E-05
-0.1980693281E-04  0.9358172894E-05
-0.2115473747E-04  0.9482266786E-05
-0.2168972527E-04  0.9216193823E-05
 0.1982575627E-04 -0.8911352595E-05
 0.1907487790E-04 -0.9058937456E-05
 0.1809729909E-04 -0.9053474785E-05
 0.1728197961E-04 -0.8930259808E-05
-0.1915008570E-04  0.9381790397E-05
-0.1070564271E-04  0.5304354536E-05
-0.1929069219E-04  0.9475794038E-05
 0.1169909892E-04 -0.7071875929E-05
 0.1827115784E-04 -0.7660757244E-05
-0.2134335535E-04  0.8981322933E-05
-0.2267089536E-04  0.9054579630E-05
-0.2423189038E-04  0.9063519245E-05
 0.2150760553E-04 -0.8251755663E-05
-0.1619264883E-04  0.5436708654E-05
-0.2449592011E-04  0.8574184357E-05
 0.1808990647E-04 -0.1063857129E-04
 0.2321803076E-04 -0.6647579740E-05
 0.2515889763E-04 -0.8450008269E-05
 0.3311112004E-04 -0.1269297114E-04
 0.1852090498E-04 -0.7803829686E-05
-0.2468451242E-04  0.9352255740E-05
 0.2050508950E-04 -0.8623519126E-05
 0.1931087489E-04 -0.8743292106E-05
 0.1872552777E-04 -0.8960489520E-05
-0.2043116164E-04  0.9200444648E-05
 0.2001206732E-04 -0.9148450969E-05
 0.2871716186E-04 -0.1348992844E-04
 0.1691331998E-04 -0.8236594191E-05
-0.2077272919E-04  0.8845087704E-05
 0.1755875596E-04 -0.9066014818E-05
 0.1729537149E-04 -0.9035894214E-05
 0.1685210853E-04 -0.9152238016E-05
-0.1796220096E-04  0.9219731053E-05
-0.1858774047E-04  0.9057028405E-05
-0.1892673313E-04  0.9288204015E-05
-0.1947679304E-04  0.9257721895E-05
 0.1813917436E-04 -0.8928593651E-05
-0.2152485986E-04  0.9735634155E-05
-0.2654552071E-04  0.1120799295E-04
-0.2706360298E-04  0.1096237773E-04
 0.2174459842E-04 -0.9364444074E-05
-0.3623876186E-04  0.1341415312E-04
-0.5304702189E-04  0.1705086035E-04
-0.3709620057E-04  0.1173027459E-04
 0.3676234252E-04 -0.1228770228E-04
-0.2851341431E-04  0.9124827339E-05
-0.2931545739E-04  0.7649460399E-05
-0.3068183803E-04  0.6566360707E-05
 0.3097453313E-04 -0.6909136077E-05
 0.3405173089E-04 -0.9768082338E-05
 0.2826710910E-04 -0.9556828577E-05
 0.2718139713E-04 -0.1012755222E-04
-0.3241489285E-04  0.1165498207E-04
-0.8658090714E-04  0.2472875181E-04
 0.3161480359E-05 -0.3721539729E-05
 0.8080407295E-04 -0.3516088645E-04
-0.8952978028E-05 -0.6269358869E-05
-0.8779612086E-04 -0.1131456675E-04
 0.6637635240E-04  0.2706434514E-04
 0.1937075859E-04  0.1140905380E-04
-0.4515910061E-04  0.5401663130E-05
-0.5961179336E-04  0.4203613961E-05
-0.6719235496E-04  0.2170719061E-05
 0.5227955657E-04 -0.3545026536E-06
-0.8629762477E-04  0.2564564068E-05
-0.1281320222E-03 -0.9450794044E-06
-0.8954798847E-04 -0.6885837124E-05
 0.8735938219E-04  0.1815731252E-05
-0.6869990314E-04 -0.5155392505E-05
-0.4827967081E-04 -0.6379235934E-05
-0.3562927012E-04 -0.5670620340E-05
 0.5506584432E-04  0.1291493190E-05
 0.7976670599E-04  0.2958962636E-05
 0.7056823413E-04  0.1708510045E-05
 0.6697660901E-04  0.1312543100E-05
-0.8254589848E-04 -0.1465355855E-05
 0.6696767004E-04  0.5853737988E-05
 0.4870394605E-04  0.3500510849E-05
 0.2494503046E-04  0.6503719861E-05
-0.5335999435E-04  0.1555210475E-05
 0.4045870219E-04 -0.1170446194E-06
 0.3571704066E-04 -0.2974691389E-05
 0.3341067803E-04 -0.5089851547E-05
-0.3247724315E-04  0.4706531389E-05
 0.4159236718E-04 -0.1005101456E-04
 0.3986288388E-04 -0.1042734601E-04
 0.5261962168E-04 -0.1961010195E-04
-0.3532075558E-04  0.1027112230E-04
-0.2466523739E-04  0.4839419330E-05
-0.9134509899E-05 -0.4173836044E-06
-0.3613246561E-04  0.2929719900E-05
 0.3185009667E-04 -0.1674748148E-05
-0.2030645215E-04 -0.3583852572E-05
-0.1566951474E-04 -0.2101448453E-05
-0.1316027405E-04 -0.1606419246E-05
 0.2022679189E-04 -0.4008157361E-06
-0.1464032076E-04 -0.6588347971E-06
-0.1551959678E-04  0.5904662404E-06
-0.1001259568E-04  0.7942666747E-06
 0.1333304622E-04 -0.2009703553E-05
-0.8554915570E-05 -0.2501624681E-06
-0.7145136434E-05  0.4821938482E-06
-0.5854557866E-05  0.3895636012E-06
 0.8070207494E-05 -0.1225959356E-05
 0.1040043737E-04 -0.1579324621E-05
 0.1253473005E-04 -0.9594807005E-06
 0.1587279858E-04 -0.9712620616E-06
-0.1128182519E-04 -0.3769260682E-06
-0.1714234802E-04  0.1495202183E-05
-0.2094819490E-04  0.7926773113E-05
-0.5904853937E-05  0.2443095200E-05
 0.1659336945E-04 -0.7849045778E-05
-0.1222754794E-05 -0.8994703570E-06
 0.7207443822E-06 -0.1546579965E-06
-0.4828843587E-05 -0.8628026084E-06
 0.3577432062E-05  0.2666825454E-05
 0.1769014247E-05  0.3136680174E-05
 0.7546996880E-05 -0.1697740921E-05
 0.2146292804E-04 -0.1132640724E-04
-0.2177195463E-06  0.2362266390E-05
-0.4872069744E-05  0.6120205028E-06
-0.4733367146E-05  0.6366282846E-06
-0.4807209899E-05  0.8401057320E-06
 0.4983409126E-05 -0.9904389364E-06
-0.5092699592E-05  0.6303150484E-06
-0.6340526108E-05  0.7639116030E-06
-0.5433536709E-05  0.1221997121E-05
 0.5209656612E-05 -0.9469125733E-06
-0.4705794417E-05  0.9444981101E-06
-0.4676920219E-05  0.9634997182E-06
-0.4219110617E-05  0.7725355393E-06
 0.4519208129E-05 -0.1015583780E-05
 0.4875154099E-05 -0.1080251786E-05
 0.4750755492E-05 -0.1043559648E-05
 0.4918620065E-05 -0.9257231345E-06
-0.5031869655E-05  0.9661130491E-06
 0.4905679207E-05  0.3381418076E-06
 0.4826393853E-05 -0.5216296077E-06
 0.4680763343E-05 -0.8223917180E-07
-0.3874521261E-05 -0.3583215980E-06
 0.5305494735E-05 -0.9346200259E-06
 0.5872971158E-05 -0.1092852967E-05
 0.6970277503E-05 -0.1357734323E-05
-0.5019634713E-05  0.5312829468E-06
 0.8151234180E-05 -0.2245639818E-05
 0.8915720115E-05 -0.1970837403E-05
 0.1292423568E-04 -0.3163760000E-05
-0.8357878922E-05  0.1660083281E-05
-0.5738854975E-05  0.7683715488E-06
-0.3942986685E-05  0.4780114113E-06
-0.4310082005E-05  0.3138216190E-06
 0.5945683988E-05 -0.1079288172E-05
 0.1379721636E-04 -0.6682435874E-05
 0.1873914991E-04 -0.1848318637E-05
-0.2846557283E-04  0.4162555347E-05
 0.1526231404E-04 -0.1803669240E-05
 0.1825863441E-04 -0.5473478882E-06
 0.1827944795E-04  0.5094643625E-06
-0.1380970044E-04 -0.1139591451E-05
 0.2519029533E-04 -0.4327515909E-06
 0.3422917471E-04  0.7969546597E-07
 0.4423459466E-04 -0.1829129380E-06
-0.2356234634E-04 -0.4297202587E-05
 0.5087992029E-04 -0.4578476364E-05
 0.6366327053E-04 -0.1032747302E-05
 0.1123207573E-03 -0.4763566606E-06
-0.5639761999E-04 -0.6690672081E-05
-0.2930899263E-04 -0.5192263568E-05
-0.5644346440E-05 -0.2861706949E-05
-0.1474060932E-04 -0.2463149818E-05
 0.3112312637E-04 -0.8980372658E-06
 0.1636152702E-03  0.2923116387E-04
-0.1901892433E-03 -0.2512437005E-04
 0.2074535698E-05 -0.6584830823E-05
 0.2091973283E-03 -0.1076708744E-04
 0.2128660489E-05 -0.3403642519E-05
-0.7949976583E-06  0.1757371631E-05
-0.1795287123E-04 -0.2165604869E-05
 0.7618248180E-05  0.3399536285E-05
 0.6858307552E-04  0.5918032020E-05
-0.1013710655E-04  0.1879986281E-06
-0.5554086576E-05  0.1549738186E-05
 0.7500583298E-05 -0.3759665710E-05
 0.6461041101E-05 -0.2879584178E-06
-0.5338133687E-05  0.1263112291E-05
-0.5009433205E-05  0.1373643399E-05
-0.4918881458E-05  0.1630254775E-05
 0.5250307488E-05 -0.1687646633E-05
-0.6350230216E-05  0.1494877053E-05
-0.4104962565E-05  0.2075153177E-05
 0.5557384218E-05 -0.3190960468E-05
 0.4740499032E-05 -0.6919111705E-06
 0.6340649708E-05 -0.1948758356E-05
 0.8987058120E-05 -0.2237273176E-05
 0.4453681910E-05 -0.1539091001E-05
-0.5784001695E-05  0.1611546807E-05
-0.4724429194E-05  0.1286676720E-05
-0.4480879795E-05  0.1144019019E-05
-0.4399791472E-05  0.1293895007E-05
 0.4467902549E-05 -0.1445859956E-05
-0.4251374468E-05  0.9376409301E-06
-0.4016024538E-05  0.7180084408E-06
-0.3938819987E-05  0.7720981442E-06
 0.4021776143E-05 -0.9820801576E-06
-0.4093085419E-05  0.1191925047E-05
-0.3886243093E-05  0.8939442321E-06
-0.3803731378E-05  0.1050203401E-05
 0.3838194844E-05 -0.1246384229E-05
 0.3912411614E-05 -0.1093922500E-05
 0.4166247575E-05 -0.1380899207E-05
 0.4215947181E-05 -0.1235655561E-05
-0.4168950149E-05  0.1047045148E-05
-0.5601003540E-05  0.1584563828E-05
-0.3560792397E-05  0.2120276627E-05
 0.5289661743E-05 -0.3474147598E-05
 0.4151192033E-05 -0.4835350863E-06
-0.3907436608E-05  0.1383973660E-05
-0.3666728396E-05  0.1198005889E-05
-0.3666898361E-05  0.1405841769E-05
 0.3660449144E-05 -0.1404652597E-05
-0.5120460709E-05  0.2471811325E-05
-0.3345965974E-05  0.2002250981E-05
 0.5885722991E-05 -0.2931543036E-05
 0.3825343213E-05 -0.1094902133E-05
 0.4582308936E-05 -0.1590363126E-05
 0.6472161093E-05 -0.1432164650E-05
 0.3004987064E-05 -0.1298838786E-05
-0.4598872922E-05  0.1591165237E-05
 0.3770477493E-05 -0.1383890199E-05
 0.4032483085E-05 -0.1641472195E-05
 0.4103337150E-05 -0.1528660227E-05
-0.3999170275E-05  0.1325057066E-05
 0.5225545363E-05 -0.1617724927E-05
 0.6710850829E-05 -0.1688863486E-05
 0.3479389839E-05 -0.1395512159E-05
-0.4894865050E-05  0.1378486659E-05
 0.4468426035E-05 -0.1573401624E-05
 0.4756811724E-05 -0.1776231307E-05
 0.4774286942E-05 -0.1630955930E-05
-0.4625730763E-05  0.1409472803E-05
-0.4415360586E-05  0.1403775715E-05
-0.4270487992E-05  0.1432167205E-05
-0.4172498764E-05  0.1637728385E-05
 0.4375269562E-05 -0.1576606907E-05
 0.4222732977E-05 -0.9540461786E-06
 0.4337044767E-05 -0.1134809670E-05
 0.4524652697E-05 -0.1085244553E-05
-0.4418578676E-05  0.9057955148E-06
 0.4514730315E-05 -0.1307835540E-05
 0.4814175722E-05 -0.1465432091E-05
 0.4826126174E-05 -0.1287431917E-05
-0.4796077831E-05  0.1120076208E-05
 0.4770880582E-05 -0.1076568950E-05
 0.4959305973E-05 -0.1136822046E-05
 0.5258287402E-05 -0.1047208312E-05
-0.4854434289E-05  0.7693976163E-06
-0.4829385366E-05  0.9376314121E-06
-0.4708111377E-05  0.9343731298E-06
-0.4581993307E-05  0.1023226548E-05
 0.4602484231E-05 -0.1182412337E-05
 0.5333350529E-05 -0.1580711248E-05
 0.6131121623E-05 -0.1761196089E-05
 0.5958081744E-05 -0.1377164465E-05
-0.5655690315E-05  0.1106968299E-05
 0.9131206842E-05 -0.1919221106E-05
 0.1436253168E-04 -0.2451927597E-05
 0.6137554376E-05 -0.7083300271E-06
-0.8197102410E-05  0.1221675284E-05
 0.7555629551E-05 -0.9423855452E-06
 0.9596016726E-05 -0.8314080850E-06
 0.1024947704E-04 -0.1649790088E-06
-0.8471272445E-05 -0.5310311879E-06
-0.7557796912E-05 -0.7272288722E-07
-0.6552168174E-05  0.4975683612E-06
-0.6652199953E-05  0.1090465192E-05
 0.7088334336E-05 -0.1177064278E-05
 0.6642377277E-05 -0.1048314434E-05
 0.7869139613E-05 -0.8373883977E-06
 0.9745197602E-05 -0.8739037378E-06
-0.6949203506E-05 -0.7467252728E-07
 0.9767187495E-05 -0.4826768021E-06
 0.1253769471E-04  0.4119661197E-07
 0.1589751212E-04  0.1451958738E-06
-0.1082429226E-04 -0.1761676379E-05
 0.1582090895E-04 -0.4178158707E-06
 0.2051197517E-04  0.1927258712E-06
 0.2642123881E-04  0.2130442412E-06
-0.1668662919E-04 -0.2904029747E-05
-0.1333970527E-04 -0.2324427989E-05
-0.1045314835E-04 -0.1182216582E-05
-0.8518728070E-05 -0.7867869625E-06
 0.1226814864E-04 -0.4349581066E-06
-0.9196227026E-05 -0.1213436460E-05
-0.7352985418E-05 -0.3917778610E-06
-0.6857270552E-05  0.7604974418E-07
 0.8159248227E-05 -0.6244652925E-06
-0.6112459535E-05  0.1570138156E-06
-0.5326799327E-05  0.4802569227E-06
-0.5174868999E-05  0.6767616897E-06
 0.5760041535E-05 -0.1033204452E-05
-0.5682577377E-05  0.7858730471E-06
-0.5136216797E-05  0.9219075473E-06
-0.5129720755E-05  0.1176932343E-05
 0.5255970511E-05 -0.1355474318E-05
 0.5402545311E-05 -0.1165528744E-05
 0.6191531755E-05 -0.1117371605E-05
 0.6668390258E-05 -0.9076246498E-06
-0.5811601485E-05  0.4663672742E-06
 0.4378097672E-04  0.9657402427E-06
 0.5887539213E-04  0.3680368197E-05
 0.6631383553E-04  0.2762728157E-05
-0.5529452258E-04 -0.7295576986E-05
 0.5769265223E-04  0.2478287058E-05
 0.5250305496E-04  0.4796637652E-06
 0.5203398395E-04 -0.8317098087E-06
-0.5457122305E-04 -0.1249088736E-06
 0.5921318089E-04  0.4553740810E-07
 0.4853217231E-04 -0.1872955062E-05
 0.4236402446E-04 -0.2416802054E-05
-0.5352588946E-04  0.4633791978E-05
-0.5617562584E-04  0.2532891055E-05
-0.6480280012E-04 -0.9519461031E-06
-0.5842053027E-04 -0.3839231272E-05
 0.6062248630E-04  0.1166865056E-05
 0.4580251009E-04 -0.1642101578E-05
 0.3855520245E-04 -0.3871645247E-05
 0.3637748554E-04 -0.4780313359E-05
-0.4149520078E-04  0.5478164681E-05
 0.3830661028E-04 -0.5741089282E-05
 0.4495579583E-04 -0.9656122216E-05
 0.2395162706E-04 -0.6357932987E-05
-0.3447386060E-04  0.9263383030E-05
 0.2844646244E-04 -0.6725444012E-05
 0.2482889205E-04 -0.7589419362E-05
 0.2322046334E-04 -0.7925507186E-05
-0.2686491419E-04  0.8801078736E-05
-0.2922669306E-04  0.8462894851E-05
-0.3354590761E-04  0.7928104765E-05
-0.3596895162E-04  0.7088469977E-05
 0.3139302108E-04 -0.5982946310E-05
 0.3154328173E-04 -0.5192597614E-05
 0.2774054110E-04 -0.6759372594E-05
 0.2738420881E-04 -0.7994241662E-05
-0.2842674101E-04  0.7973833406E-05
 0.2455618520E-04 -0.7752723354E-05
 0.2214509072E-04 -0.8324022568E-05
 0.2152905437E-04 -0.8809168950E-05
-0.2353630263E-04  0.9104818658E-05
 0.2372689041E-04 -0.9370933986E-05
 0.2078543432E-04 -0.9155372783E-05
 0.1906350425E-04 -0.8919942860E-05
-0.2308426645E-04  0.1015500996E-04
-0.2319427349E-04  0.9618940206E-05
-0.2584508318E-04  0.9634910628E-05
-0.2586774762E-04  0.8771967944E-05
 0.2402714302E-04 -0.8563220900E-05
-0.2475891727E-04  0.8870960797E-05
-0.2762688706E-04  0.8481476460E-05
-0.3057483567E-04  0.8375416628E-05
 0.2598151548E-04 -0.7179144856E-05
-0.3152575745E-04  0.7755625907E-05
-0.3695958061E-04  0.6691330143E-05
-0.4329164810E-04  0.6372362885E-05
 0.3515186998E-04 -0.4385310805E-05
-0.3943138473E-04  0.6851641633E-05
-0.4714600840E-04  0.5088664290E-05
-0.4824162080E-04  0.3072882547E-05
 0.4362289782E-04 -0.2898709422E-05
 0.3983603113E-04 -0.3799671137E-05
 0.3316148989E-04 -0.5495913013E-05
 0.2983448652E-04 -0.6022424390E-05
-0.3584078420E-04  0.7590612048E-05
-0.2562622776E-04  0.4706993333E-05
-0.3408802946E-04  0.3973533763E-05
 0.2793607924E-04 -0.1560702873E-04
 0.3318385926E-04 -0.2354774028E-05
-0.4154729569E-04  0.3368033304E-05
-0.4716125600E-04  0.6275111529E-06
-0.4485267000E-04 -0.1537033731E-05
 0.4649418064E-04  0.2444879527E-06
-0.3473132650E-04 -0.9197808915E-06
-0.3663292459E-04 -0.6450594031E-05
 0.3241114972E-04 -0.1629233125E-04
 0.3742666693E-04  0.6174975603E-05
 0.5248795469E-04  0.9456818202E-06
 0.6102656064E-04 -0.1855295940E-05
 0.3383220791E-04 -0.1500316238E-05
-0.4471379313E-04  0.3942779264E-05
-0.5067167513E-04 -0.2675894888E-05
-0.5020218608E-04 -0.6023822766E-05
-0.3382294820E-04 -0.5922183792E-05
 0.5263038921E-04  0.3475494311E-05
-0.3543086353E-04 -0.5955124441E-05
-0.2800583527E-04 -0.4902368545E-05
-0.2197682663E-04 -0.4234099265E-05
 0.3358000250E-04  0.1064401616E-05
-0.2240596339E-04 -0.4842607967E-05
-0.1739294953E-04 -0.3590513512E-05
-0.1405218474E-04 -0.2909354591E-05
 0.2053824411E-04  0.9464758937E-06
 0.2632912092E-04  0.9931198605E-06
 0.3247005895E-04  0.2012579363E-05
 0.4130042034E-04  0.2055709070E-05
-0.2837651567E-04 -0.5425579829E-05
-0.3163621225E-04 -0.6075810804E-05
-0.1809270907E-04 -0.6377578304E-05
 0.2323506170E-04 -0.1058629491E-04
 0.1876050533E-04  0.6059966255E-05
-0.1428255953E-04 -0.3560160391E-05
-0.1177435985E-04 -0.2289609595E-05
-0.1134969742E-04 -0.1169831172E-05
 0.1306870384E-04  0.7766933787E-06
-0.1920252096E-04 -0.3090644202E-05
-0.9241234584E-05 -0.1095141211E-05
 0.1307855230E-04 -0.5848494095E-05
 0.1023405658E-04  0.1798294552E-05
 0.1596270842E-04 -0.6229350456E-06
 0.2594898732E-04 -0.8947725500E-06
 0.1145270061E-04  0.1955162418E-05
-0.1453456690E-04 -0.6392088824E-06
 0.1632722415E-04  0.7730718115E-06
 0.2076347112E-04  0.1325357307E-05
 0.2562297600E-04  0.1908417489E-05
-0.1818400320E-04 -0.4081048979E-05
 0.3203501782E-04  0.2082629568E-05
 0.4664749318E-04  0.2778955587E-05
 0.3181722574E-04  0.5047023988E-05
-0.2764504915E-04 -0.2702633055E-05
 0.3789705976E-04  0.3012461026E-05
 0.4574588194E-04  0.2757463493E-05
 0.5050713113E-04  0.1858161705E-05
-0.4473620512E-04 -0.4756897144E-05
-0.3737004000E-04 -0.6497964341E-05
-0.2776304816E-04 -0.5834113951E-05
-0.2404075805E-04 -0.4876166750E-05
 0.3098193303E-04  0.3343314685E-05
-0.2085277793E-03 -0.3806630240E-03
 0.1674946342E-03 -0.2974985191E-03
-0.3693321099E-04  0.3947613261E-03
-0.1527098287E-04  0.3606275814E-03
 0.8919455794E-04 -0.5176470070E-03
 0.9254404302E-04 -0.6654692137E-03
 0.1424125828E-03 -0.4607021292E-03
 0.1778974867E-04  0.6139529462E-03
 0.1076367052E-03 -0.8806519558E-03
 0.1379671716E-03 -0.1205355240E-02
 0.3005747974E-03 -0.7444192393E-03
-0.9908606853E-04  0.1015772786E-02
 0.2125606066E-03 -0.1952263091E-03
 0.3290951930E-03 -0.2791336619E-03
 0.2758775406E-03 -0.8058326327E-05
-0.2561749367E-03  0.2348171001E-03
-0.2271231420E-03  0.6241771573E-03
-0.1030673941E-03  0.5007782435E-03
-0.3672678491E-04  0.7652723279E-03
 0.2020782385E-03 -0.5658206067E-03
 0.1860796057E-03 -0.1705857308E-02
 0.2648770727E-03 -0.2510999416E-02
 0.7194218144E-03 -0.1371685403E-02
-0.3841077484E-03  0.2005389325E-02
 0.4030813223E-03 -0.3871181650E-02
 0.6696599535E-03 -0.6308923349E-02
 0.2115581732E-02 -0.2674771287E-02
-0.1481883932E-02  0.4653640386E-02
 0.1236728223E-02 -0.3203439096E-03
 0.2057019084E-02 -0.9773134573E-04
 0.1551962105E-02  0.1054614548E-02
-0.1880972074E-02 -0.5048505989E-04
-0.2079043804E-02  0.1891957845E-02
-0.1163228077E-02  0.1428951521E-02
-0.7436383738E-03  0.2987490635E-02
 0.1198168580E-02 -0.1910414673E-02
 0.2989704382E-03  0.4003491560E-03
 0.4832160782E-03  0.5284270479E-03
 0.3459713864E-03  0.5265634847E-03
-0.4986198462E-03 -0.5050759188E-03
 0.7162288993E-03  0.8307505337E-03
 0.1072040262E-02  0.1326281515E-02
 0.7262675401E-03  0.1200388046E-02
-0.1085238202E-02 -0.1199277631E-02
 0.3215025490E-03  0.7596142524E-03
 0.5002679614E-03  0.9641391743E-03
 0.3567205572E-03  0.6921716290E-03
-0.5636813417E-03 -0.9100387173E-03
-0.7866421151E-03 -0.1102572830E-02
-0.5307142713E-03 -0.7471264641E-03
-0.7420029850E-03 -0.7717361722E-03
 0.4949885069E-03  0.8156209138E-03
-0.1468616105E-02 -0.9624703304E-03
-0.9537458192E-03 -0.5156530671E-03
-0.1142012122E-02  0.1788314162E-03
 0.9900287793E-03  0.5334790521E-03
-0.6225595491E-03 -0.2710961694E-03
-0.3742099382E-03 -0.1186292744E-03
-0.4358687526E-03  0.2433412549E-03
 0.4157165551E-03  0.1101621314E-03
-0.6692146928E-03  0.1069432137E-02
-0.3912417046E-03  0.8081563601E-03
-0.1990272725E-03  0.1401340145E-02
 0.4545903788E-03 -0.1000201578E-02
 0.4946474085E-03 -0.3250793367E-03
 0.7704419149E-03 -0.3549055233E-03
 0.6427149486E-03  0.2597579679E-03
-0.7055943473E-03  0.2414026651E-03
 0.1244533413E-02 -0.1101057328E-01
 0.2700862856E-02 -0.2095408606E-01
 0.8031532468E-02 -0.4387611807E-02
-0.6945552858E-02  0.1302665565E-01
 0.1120349497E-01 -0.3969636691E-01
 0.7999416382E-01  0.2680999431E-01
 0.5485966322E-01  0.2890956793E-01
-0.9435689552E-02  0.1893319582E-01
 0.1105892150E-01  0.8270166669E-02
 0.1898226966E-01  0.2266593372E-01
 0.8336757852E-02  0.1518901159E-01
-0.1389953281E-01 -0.1743076009E-01
-0.2675473776E-01 -0.1375062369E-01
-0.1442863728E-01 -0.3849100143E-03
-0.1638309010E-01  0.2247090300E-01
 0.1750455036E-01 -0.2121429877E-02
 0.3625857249E-02  0.1341740306E-01
 0.2170975436E-02  0.1600037753E-01
 0.8187259854E-03  0.8334868349E-02
-0.2593193710E-02 -0.1703973984E-01
 0.1262323507E-02  0.1385991793E-01
 0.8995663477E-02  0.6402629959E-02
 0.2309003207E-02  0.3830953965E-02
-0.1363270961E-02 -0.1280190107E-01
 0.3325293208E-04  0.3992572396E-02
 0.9109776954E-03  0.2295740839E-02
 0.2701669956E-03  0.1355867544E-02
-0.1961425394E-03 -0.4409299711E-02
-0.5925978792E-03 -0.8162455245E-02
-0.5159725000E-03 -0.9653235676E-02
-0.1221270728E-02 -0.1847320961E-01
 0.3114927616E-03  0.7279697503E-02
-0.1313598102E-01  0.4269089379E-02
-0.1683507871E-02 -0.1726462564E-01
 0.1618498517E-01  0.2071132011E-01
-0.5541350033E-02 -0.3323672951E-01
-0.7642211242E-02 -0.2268965570E-01
-0.1608375376E-01 -0.3894851643E-01
 0.9222512635E-02  0.2580919290E-01
-0.1182570960E-01 -0.3080975650E-01
 0.3697197057E-01  0.5422366973E-01
 0.1338815746E-01  0.3433876930E-01
-0.7467566034E-02 -0.2194979462E-01
 0.2870026019E-03  0.7301301273E-03
 0.3918609132E-03  0.8872224821E-03
 0.2809010289E-03  0.5892115733E-03
-0.4490030407E-03 -0.8511700658E-03
 0.4212023006E-03  0.1135690357E-02
 0.3850007733E-03  0.1404332312E-02
 0.2531290361E-03  0.9208271063E-03
-0.5290435019E-03 -0.1371390290E-02
 0.1632188356E-03  0.5505685305E-03
 0.1760924033E-03  0.6162117876E-03
 0.1351523634E-03  0.4097494991E-03
-0.2354239916E-03 -0.6200789989E-03
-0.3593598120E-03 -0.9110249710E-03
-0.3365940328E-03 -0.7207408930E-03
-0.5195878790E-03 -0.1086060324E-02
 0.2794918243E-03  0.7604966787E-03
 0.2405463002E-03  0.1625881712E-02
 0.1090794226E-04  0.1675522081E-02
-0.5605616619E-05  0.1066941279E-02
-0.2830065093E-03 -0.1866956820E-02
-0.1585395004E-03  0.1418348321E-02
-0.1171850114E-04  0.8274772716E-03
-0.1061406751E-03  0.5285400816E-03
 0.2291326034E-04 -0.1516152624E-02
-0.1104335415E-03  0.5941747293E-03
-0.1210840033E-03  0.3519073302E-03
-0.1097473670E-03  0.2434369119E-03
 0.1880967302E-04 -0.6313073776E-03
 0.2660599240E-04 -0.9611837799E-03
-0.5884209613E-04 -0.1176890115E-02
-0.7339383860E-04 -0.1852786337E-02
-0.1395562264E-03  0.9037133576E-03
 0.3536835462E-04  0.3340237538E-03
-0.2676089124E-05  0.3160458743E-03
 0.1976723082E-04  0.2386082188E-03
-0.5892544396E-04 -0.3599828809E-03
-0.7718595183E-04  0.2861796366E-03
-0.9367709227E-04  0.1789227049E-03
-0.7811841897E-04  0.1504384619E-03
 0.6037926644E-05 -0.2966381139E-03
-0.1165627067E-03  0.3290964647E-03
-0.7088741616E-04  0.1744867050E-03
-0.2832326434E-03  0.2627385716E-03
 0.1579241913E-04 -0.2639424527E-03
-0.1807476047E-05 -0.2245922874E-03
-0.3338676015E-04 -0.2439157204E-03
-0.3503756598E-04 -0.3480573349E-03
-0.8301616423E-04  0.2411304920E-03
 0.1167252417E-04 -0.4254021065E-03
-0.4040713488E-04 -0.5118795736E-03
-0.4889956543E-04 -0.7688412253E-03
-0.8802133439E-04  0.4016389961E-03
-0.1025712652E-03 -0.5234454267E-03
-0.1404317566E-03 -0.4722264839E-03
-0.2186592744E-03 -0.7195386394E-03
 0.6969757989E-04  0.4575806569E-03
-0.1982867898E-03 -0.1195780671E-02
-0.3102836574E-03 -0.1081981071E-02
-0.4541545641E-03 -0.1661302021E-02
 0.1504491697E-03  0.1046818069E-02
 0.1000397325E-03  0.6879005386E-03
-0.8892458472E-05  0.6966407514E-03
-0.7966651162E-05  0.4621972979E-03
-0.1434349363E-03 -0.7851341083E-03
-0.2579971813E-04 -0.2508174069E-02
-0.1092689441E-03 -0.3035842031E-02
-0.2129328877E-03 -0.5235604392E-02
-0.1266688492E-03  0.2319334634E-02
-0.4258585500E-03 -0.3011767132E-02
-0.6931320497E-03 -0.2613612482E-02
-0.1119230693E-02 -0.4239206096E-02
 0.4148710789E-03  0.2596250338E-02
-0.1264602272E-02 -0.8983488712E-02
-0.1940277142E-02 -0.7121015843E-02
-0.3661352067E-02 -0.1244729904E-01
 0.1624763335E-02  0.7410397720E-02
 0.7854020792E-03  0.4296015056E-02
 0.2763128968E-03  0.4636839610E-02
 0.7534915527E-04  0.2725499891E-02
-0.6959906579E-03 -0.5067543339E-02
-0.7965950858E-03 -0.2091134315E-02
-0.7641048700E-03 -0.1603468252E-02
-0.1159241087E-02 -0.2377220001E-02
 0.6484374147E-03  0.1706141543E-02
-0.6586597421E-03 -0.1207470843E-02
-0.5067754471E-03 -0.8890058789E-03
-0.7555646578E-03 -0.1240195237E-02
 0.4535543775E-03  0.9615508619E-03
-0.1445667735E-02 -0.2366755998E-02
-0.1082193947E-02 -0.1607416030E-02
-0.1568114591E-02 -0.1901239801E-02
 0.1026485244E-02  0.1779446360E-02
 0.6760151874E-03  0.1340995923E-02
 0.8784465907E-03  0.1870130134E-02
 0.5747459854E-03  0.1289161583E-02
-0.9655785828E-03 -0.1716552068E-02
-0.6921148409E-02 -0.1256647562E-01
-0.5106034067E-02 -0.6622531427E-02
-0.8816757332E-02 -0.6778093041E-02
 0.5981495801E-02  0.8005657916E-02
-0.3460977792E-02 -0.3454257446E-02
-0.2265513675E-02 -0.1811898968E-02
-0.3145850670E-02 -0.7049113540E-03
 0.2461908077E-02  0.2077429407E-02
-0.7328391819E-02  0.2315843156E-02
-0.3838674663E-02  0.2362264795E-02
-0.3097297034E-02  0.7606088673E-02
 0.3986314626E-02 -0.3647541793E-02
 0.3539710813E-02  0.6393061471E-03
 0.6244989495E-02  0.2725885005E-02
 0.3898291817E-02  0.4092156287E-02
-0.5296331947E-02 -0.2426206185E-02
 0.1593392323E-02  0.2155318363E-02
 0.2319595770E-02  0.3544630034E-02
 0.1400815545E-02  0.2647932459E-02
-0.2221243126E-02 -0.3072556120E-02
 0.3196079741E-02  0.5820013836E-02
 0.3888118547E-02  0.9264420392E-02
 0.1955489750E-02  0.5616015442E-02
-0.3667390596E-02 -0.8089556331E-02
 0.1044576698E-02  0.2585423436E-02
 0.1060236577E-02  0.3459530984E-02
 0.6187340192E-03  0.2179395068E-02
-0.1253293421E-02 -0.3244456907E-02
-0.2078967384E-02 -0.5108116682E-02
-0.1827032443E-02 -0.3499505793E-02
-0.2999762230E-02 -0.5011557977E-02
 0.1777405136E-02  0.3918853799E-02
 0.3069908544E-04 -0.1282848524E-03
 0.1188838709E-03  0.5762789013E-04
 0.1175077407E-03 -0.2317760041E-03
 0.9386577397E-04 -0.1272766196E-03
 0.1172217156E-03 -0.1294308092E-03
-0.6619566982E-03  0.4177173154E-03
-0.4172413650E-03 -0.6182430031E-03
-0.1023941624E-03 -0.2072437987E-03
-0.4735972420E-04  0.1216262642E-03
-0.1673204707E-04 -0.5957140221E-04
-0.9212039509E-04 -0.1197592008E-03
-0.5573073626E-04 -0.1064662311E-03
 0.1524784211E-03  0.2453379401E-04
 0.1461540256E-03 -0.3351845787E-04
 0.1306942418E-03 -0.3009225554E-04
 0.1425684623E-03 -0.2046645139E-03
-0.1029860992E-03  0.4827703381E-04
-0.3701342064E-03  0.4895583811E-03
-0.1938872614E-03 -0.9672658007E-04
-0.1558983722E-03  0.1094249406E-03
-0.5501433964E-03  0.2894371777E-03
-0.2124803179E-03 -0.9088558690E-04
-0.2937209269E-03  0.9801267080E-07
-0.2443212045E-03 -0.7107979918E-04
 0.2729189893E-03  0.2769640596E-04
 0.4553496915E-03 -0.7706734472E-04
 0.1205715266E-03  0.3279212435E-04
-0.4346622858E-03 -0.1671566078E-03
-0.9591829939E-04 -0.1021077458E-03
-0.1649273182E-03 -0.1091591069E-03
-0.1174629125E-03 -0.9802873822E-04
 0.1979412474E-03  0.8074659067E-04
-0.2071247794E-03 -0.1083464449E-03
-0.2334740928E-03 -0.1003303641E-03
-0.2122597317E-03 -0.1029936603E-03
 0.2669290555E-03  0.8574481395E-04
-0.1301153152E-03 -0.8855793542E-04
-0.1794590625E-03 -0.9302368110E-04
-0.1373811671E-03 -0.7871855519E-04
 0.1924122353E-03  0.8004269758E-04
 0.2371431247E-03  0.8723080836E-04
 0.1973363530E-03  0.8337464739E-04
 0.2457724842E-03  0.8661516370E-04
-0.1746213213E-03 -0.1013052273E-03
 0.2775322516E-03  0.6881824391E-04
 0.2755308491E-03  0.8274927445E-04
 0.2721063907E-03  0.6847052312E-04
-0.2236227902E-03 -0.1053395154E-03
 0.2526405869E-03  0.7464304968E-04
 0.1822783437E-03  0.6966330905E-04
 0.2273899774E-03  0.6201311452E-04
-0.1469779639E-03 -0.1021847700E-03
 0.3548656805E-03 -0.4510374969E-04
 0.2988410434E-03  0.7239349791E-04
 0.8130981319E-03  0.1179527285E-03
-0.3217850204E-03 -0.1560619122E-06
-0.1949222029E-03 -0.8056896129E-04
-0.2101451514E-03 -0.1237723200E-03
-0.1985945963E-03 -0.1165436723E-03
 0.3032308217E-03  0.5131732586E-04
-0.2081191416E-03  0.2135209170E-03
 0.2306825939E-03 -0.1852329916E-04
-0.9476389260E-05  0.4912696769E-03
 0.6330449415E-04  0.3335128800E-04
 0.1922914317E-04 -0.2190860580E-04
-0.3492166167E-03 -0.1910878090E-03
 0.1035685489E-03 -0.7686603179E-04
-0.3590373593E-04 -0.3771169372E-04
 0.7234122093E-04 -0.2178793110E-03
-0.1575019436E-03 -0.7847197918E-04
-0.7206015157E-04  0.1022245024E-03
 0.2232959577E-03 -0.1162433426E-04
 0.1339178027E-03 -0.2572752583E-03
-0.1152361372E-05  0.1164522080E-03
-0.1457285448E-03 -0.1878301306E-06
 0.1764671439E-03 -0.2725650780E-03
 0.2552821799E-03 -0.3033200967E-03
 0.1909223880E-03 -0.2436198159E-03
-0.1546953375E-03  0.2532345696E-03
 0.3160142869E-03 -0.3139340414E-03
 0.3642878308E-03 -0.3039065160E-03
 0.2860787109E-03 -0.2688147609E-03
-0.2890059114E-03  0.2852181370E-03
 0.1274847721E-03 -0.1636949719E-03
 0.2481531538E-03 -0.2200368282E-03
 0.2145385123E-03 -0.2368093502E-03
-0.1756618243E-03  0.1876163200E-03
-0.2239196094E-03  0.2488830809E-03
-0.2016156830E-03  0.2451598439E-03
-0.2421881928E-03  0.2814567919E-03
 0.2338082435E-03 -0.2668569819E-03
 0.2513618741E-03  0.1550943406E-04
 0.2409255512E-04  0.7148958980E-04
-0.1006924460E-03  0.2828008666E-03
 0.5034383215E-04 -0.1479598667E-03
-0.1089476752E-04  0.2523578251E-03
 0.1499142262E-03  0.2515107727E-03
-0.3900951614E-04  0.2675862063E-03
 0.7657651575E-04 -0.2695828112E-03
 0.1395354548E-03 -0.1073884959E-03
 0.1553619714E-03 -0.2103787564E-03
-0.2005139230E-03 -0.3421232038E-03
 0.1217214189E-04  0.1086696041E-03
 0.3808058244E-03 -0.2664517991E-03
 0.3604952024E-03 -0.2171901261E-03
 0.3384736717E-03 -0.2268996287E-03
-0.3025314547E-03  0.2339998236E-03
 0.2953566120E-03 -0.1656765224E-03
 0.2135433497E-03 -0.1241612746E-03
 0.2267324831E-03 -0.1345075757E-03
-0.1947804870E-03  0.1406085364E-03
 0.2815072868E-03 -0.1846536935E-03
 0.2279786502E-03 -0.1416491308E-03
 0.2129864457E-03 -0.1398980231E-03
-0.1947462035E-03  0.1599774135E-03
-0.2030225957E-03  0.1516597959E-03
-0.2464035481E-03  0.1966931944E-03
-0.2570147139E-03  0.1844875136E-03
 0.2921687410E-03 -0.1770839918E-03
 0.1273633146E-03 -0.9468272537E-04
 0.4531600637E-04 -0.7634141698E-04
 0.8553953661E-04 -0.7922578559E-04
-0.4721428874E-04  0.8325337657E-04
-0.2857620578E-04 -0.6742863754E-04
-0.9065899639E-04 -0.6568149410E-04
-0.4517392410E-04 -0.5700508881E-04
 0.8715533957E-04  0.6284644992E-04
 0.5210567265E-04 -0.6638911608E-04
-0.1398028872E-05 -0.5303975411E-04
 0.2792966065E-04 -0.5389391197E-04
-0.1452254380E-05  0.5875693361E-04
 0.3842324913E-04  0.5900579205E-04
-0.2255465122E-04  0.7107581006E-04
 0.2404091766E-04  0.6897309830E-04
 0.1765282130E-04 -0.6435339033E-04
 0.8148225620E-04 -0.8555391554E-04
 0.2082650778E-03 -0.9036901100E-04
 0.1746176913E-03 -0.1213423097E-03
-0.1527816495E-03  0.1032699020E-03
 0.1314148996E-04 -0.5507205099E-04
 0.1416639940E-03 -0.4482644920E-04
 0.8927431522E-04 -0.7699598827E-04
-0.7144250860E-04  0.6189738476E-04
 0.3183156492E-03 -0.2818202450E-04
-0.1948314416E-03  0.3120858098E-04
-0.8578037436E-04  0.1188473180E-03
 0.1120711128E-03 -0.9822670018E-05
-0.3745981678E-04  0.6148013479E-04
-0.8709432577E-04  0.8247193135E-04
-0.5973743719E-04  0.7642602396E-04
 0.8532097390E-04 -0.7084998083E-04
-0.1292550911E-03  0.1056303930E-03
-0.1653975086E-03  0.1277965608E-03
-0.1636831971E-03  0.1271363044E-03
 0.1738054136E-03 -0.1175462087E-03
-0.8705903014E-04  0.9044535423E-04
-0.1500136196E-03  0.1176186641E-03
-0.1226209624E-03  0.1071185787E-03
 0.1578126508E-03 -0.1027504023E-03
 0.1695580512E-03 -0.1106410108E-03
 0.1167851642E-03 -0.8546903108E-04
 0.1275954535E-03 -0.9162219767E-04
-0.1137011010E-03  0.9736101867E-04
 0.3197437361E-03 -0.2409304774E-04
-0.1479386080E-03  0.1473226979E-03
-0.1137587127E-03  0.1600727020E-03
 0.1179412701E-03 -0.3893379647E-04
-0.1404747743E-03  0.1648651993E-03
-0.1446297383E-03  0.2795504373E-03
-0.2153935478E-03  0.2404039261E-03
 0.2785911319E-03 -0.1994893651E-03
 0.1941454948E-03  0.3991673045E-04
 0.1768002601E-03  0.1088317757E-03
-0.1408171743E-03  0.2495284075E-03
 0.1596946424E-03 -0.9219836877E-04
-0.2792642971E-03  0.2414501643E-03
-0.2746613055E-03  0.2489192390E-03
-0.3138084388E-03  0.2743192701E-03
 0.3149057158E-03 -0.2645997786E-03
 0.1945841763E-03 -0.1943677632E-03
 0.3245935567E-03 -0.2337749140E-03
-0.1296937563E-04 -0.1547057531E-03
-0.1550082310E-03  0.2028048395E-03
 0.4733743898E-03 -0.2401540093E-03
 0.2785348120E-03 -0.1354187111E-03
-0.1365298982E-03 -0.1465708864E-03
-0.7122831314E-04  0.1511935475E-03
 0.1400151422E-03  0.7041120367E-04
 0.7934426707E-04  0.7101186969E-04
 0.1392568050E-03  0.7668984357E-04
-0.7928413905E-04 -0.7594854679E-04
 0.5165108246E-05  0.7870218552E-04
-0.7933890487E-04  0.9635426235E-04
-0.2027412739E-04  0.8747334200E-04
 0.8277548017E-04 -0.8969821042E-04
 0.1345216705E-03  0.7982714580E-04
 0.4981705390E-04  0.8141021616E-04
 0.1213967920E-03  0.7653708939E-04
-0.3616290611E-04 -0.9530792156E-04
 0.2609954144E-04 -0.8991976305E-04
-0.6208577574E-04 -0.8643421977E-04
-0.5682861462E-05 -0.7857153656E-04
 0.6779765764E-04  0.7786819630E-04
-0.1680637437E-03  0.1261454546E-03
-0.2524052739E-03  0.1692495961E-03
-0.2264973194E-03  0.1479398804E-03
 0.2849959433E-03 -0.1505292930E-03
-0.3206238783E-03  0.2228303729E-03
-0.3576765174E-03  0.2764893521E-03
-0.3933795562E-03  0.2658625511E-03
 0.4358783221E-03 -0.2618004702E-03
-0.3015729565E-03  0.1710234543E-03
-0.4113223975E-03  0.2386372544E-03
-0.4002468231E-03  0.1924442176E-03
 0.4954302726E-03 -0.2186447366E-03
 0.4771286133E-03 -0.2459601851E-03
 0.3761083216E-03 -0.1819120515E-03
 0.3767992476E-03 -0.2025496972E-03
-0.3232558320E-03  0.2023090312E-03
 0.1006591585E-03  0.5770556581E-04
-0.1326362174E-04  0.6234670615E-04
 0.7041284658E-04  0.2656991495E-04
 0.5550462226E-04 -0.9398930631E-04
-0.1673480545E-03  0.8257986152E-04
-0.3525303978E-03  0.1283338361E-03
-0.2709104964E-03  0.4878538663E-04
 0.4323822899E-03 -0.1453970925E-03
 0.3806794455E-04 -0.3408761299E-04
-0.1717436345E-03 -0.4324752630E-04
-0.6477190940E-04 -0.1156949580E-03
 0.2659341193E-03 -0.5987247358E-04
 0.3563580329E-03 -0.1076977000E-03
 0.1451634528E-03 -0.1076670508E-03
 0.2233638874E-03 -0.1163115385E-03
-0.6527632903E-04  0.2880631072E-04
 0.4814568950E-03 -0.1834115360E-03
 0.2972088881E-03 -0.1344478364E-03
 0.3503326766E-03 -0.1576705419E-03
-0.2492745092E-03  0.1302767116E-03
 0.1318733178E-03 -0.1073081884E-03
 0.3219169264E-05 -0.1023686889E-03
 0.7060846111E-04 -0.1008332549E-03
 0.2464087044E-04  0.7727120327E-04
 0.2541572914E-03 -0.1337459331E-03
 0.1332307213E-03 -0.1042211929E-03
 0.1821477929E-03 -0.1128153900E-03
-0.1208049611E-03  0.1096124125E-03
-0.5420059912E-04  0.9324661684E-04
-0.1758949670E-03  0.1219173792E-03
-0.1013833563E-03  0.9323453097E-04
 0.2017249981E-03 -0.1188164604E-03
-0.3514132817E-03  0.3132785567E-03
-0.3103299062E-03  0.3217373341E-03
-0.3929699665E-03  0.3570088260E-03
 0.4153477165E-03 -0.3524377643E-03
-0.2352228679E-03  0.2968086903E-03
-0.1508509693E-03  0.2522214921E-03
-0.2267932576E-03  0.3048423205E-03
 0.2464080131E-03 -0.3258323371E-03
-0.4307367888E-03  0.3983957119E-03
-0.3242614917E-03  0.3667806044E-03
-0.4575116833E-03  0.4235502141E-03
 0.5029147555E-03 -0.4575408312E-03
 0.3504194290E-03 -0.3910217943E-03
 0.4652371681E-03 -0.4061391781E-03
 0.3436088494E-03 -0.3562717407E-03
-0.3225792425E-03  0.3512372332E-03
-0.1010424785E-03  0.1936017144E-03
-0.7910279549E-04  0.1079479561E-03
-0.7383568124E-04  0.1184031632E-03
 0.2512246339E-04 -0.1830109056E-03
 0.1260801980E-03  0.6001501090E-04
 0.2955961279E-03 -0.4929423945E-04
 0.6815035880E-04 -0.9277279409E-04
-0.7344200165E-04 -0.6208135355E-04
-0.2329467779E-04 -0.1100900773E-04
 0.1097423946E-04 -0.1444187175E-03
 0.1105697815E-04 -0.1799253984E-03
-0.4616201544E-04  0.8965685818E-05
-0.2716726737E-04  0.6263760470E-05
 0.9521560175E-05 -0.1198993730E-03
 0.1719035168E-04 -0.8798960718E-04
-0.4178028755E-05 -0.1168799670E-04
-0.4591438646E-03  0.4000351947E-03
-0.2498229511E-03  0.2326717268E-03
-0.4184171355E-03  0.2662024781E-03
 0.4890166243E-03 -0.4736573860E-03
-0.7875186396E-04 -0.7884542124E-05
 0.8939607271E-05 -0.2491233277E-03
-0.4210605423E-05 -0.3653143631E-03
-0.2891553963E-04  0.2118947159E-05
-0.3180134331E-03 -0.9738108255E-04
-0.4638932067E-04 -0.5602108928E-03
-0.1599073707E-03 -0.9081636603E-03
 0.2182784192E-03  0.2687557047E-04
 0.4172836416E-04  0.5691022123E-05
 0.3952774923E-03 -0.3407633530E-03
 0.1819742082E-03 -0.2635052030E-03
-0.1585650380E-03 -0.2966717790E-04
-0.5010629618E-04  0.5244840616E-05
 0.7414667084E-04 -0.1974257946E-03
 0.2485517351E-04 -0.1479703555E-03
-0.4059617398E-04 -0.4854540466E-05
 0.2788688749E-03 -0.3784157642E-03
 0.5168099006E-03 -0.4911035532E-03
 0.3315106786E-03 -0.4066930836E-03
-0.3036950971E-03  0.3414085653E-03
 0.8158330495E-04 -0.2314997058E-03
 0.2119469125E-03 -0.3289648203E-03
 0.1358128061E-03 -0.2659908170E-03
-0.1377613643E-03  0.2260090253E-03
-0.2021558396E-03  0.2782562914E-03
-0.9828632567E-04  0.1449522502E-03
-0.1518522826E-03  0.1867945977E-03
 0.1553773284E-03 -0.2955682970E-03
-0.5235931998E-03 -0.1817741359E-04
-0.5775200330E-03 -0.3811337941E-03
-0.9550412913E-03  0.6335329844E-03
 0.3546683772E-03  0.1018979390E-03
-0.8768527514E-03 -0.5144471713E-03
-0.1458670356E-02 -0.3266297251E-03
-0.1546076428E-02 -0.5599259452E-03
 0.1872562101E-02  0.8735166633E-04
 0.6886648643E-03  0.7981148761E-03
 0.1022008129E-02  0.1241130449E-03
 0.1200031145E-02  0.2419472549E-04
-0.8833974872E-03 -0.1530866288E-03
-0.1742696023E-02 -0.3211169096E-03
-0.1733035443E-02 -0.2996809025E-03
-0.2481562470E-02 -0.1169554332E-02
 0.3101968145E-02 -0.4169647745E-03
-0.1166132707E-02 -0.6930360446E-03
-0.4285112307E-03 -0.1567382136E-02
-0.9961644822E-03 -0.2843048005E-02
 0.1410302553E-02  0.2477238127E-03
-0.3514564315E-02 -0.2648074707E-02
-0.2109088458E-02 -0.4862020594E-02
-0.5076512995E-02 -0.1958388575E-02
 0.6045732042E-02  0.9891266433E-03
 0.2921797230E-02  0.5242798600E-03
 0.4526003691E-02 -0.2302869779E-03
 0.2681936924E-02 -0.4119682088E-03
-0.2056413115E-02 -0.1563516519E-02
 0.8886379400E-02  0.2459569804E-02
 0.6683791880E-02  0.4258412107E-04
-0.8429990384E-02  0.3613018946E-02
 0.3870906024E-02  0.2428395556E-03
 0.3250975450E-02 -0.6882701505E-03
 0.2855522548E-02 -0.4213174811E-03
-0.2102753241E-02 -0.1120894463E-02
-0.4071910393E-02  0.1494048237E-02
-0.3424570972E-02 -0.1084467435E-02
 0.2848597659E-02  0.2464243067E-02
 0.6110709914E-03  0.9366587186E-04
 0.1504128232E-02 -0.4535158356E-03
 0.7951964888E-03 -0.4130272234E-03
-0.6221186434E-03 -0.2756562457E-03
 0.2146584897E-02 -0.6069204415E-03
 0.2259606653E-02 -0.5082477876E-03
 0.1681986475E-02 -0.5982020788E-03
-0.1369287594E-02  0.1650844940E-03
 0.8349038603E-03 -0.5658840937E-03
 0.1180912852E-02 -0.6133216784E-03
 0.7928255380E-03 -0.5674287023E-03
-0.6864110388E-03  0.4264669269E-03
-0.9953621564E-03  0.3729120171E-03
-0.6963740823E-03  0.2482605563E-03
-0.1125990864E-02  0.1061284995E-03
 0.1374573620E-02 -0.6268780531E-03
 0.1852259305E-02 -0.2320524981E-03
 0.1318727837E-02 -0.1165876657E-03
 0.1296912172E-02 -0.2512941210E-03
-0.9670157125E-03 -0.1171057514E-03
 0.8087519834E-03 -0.2922682109E-04
 0.5087733337E-03 -0.6154176747E-04
 0.5605494977E-03 -0.9095896065E-04
-0.3710878332E-03 -0.1609682297E-03
 0.9172610526E-03 -0.2304131751E-03
 0.6257328613E-03 -0.1486994090E-03
 0.6627532700E-03 -0.2088470282E-03
-0.4958276048E-03  0.1047308824E-03
-0.4255040922E-03 -0.2467702163E-04
-0.6902355147E-03  0.3998315554E-04
-0.6143844948E-03 -0.1774630441E-03
 0.8928019698E-03 -0.1333563210E-03
 0.7128627170E-03 -0.5128226537E-03
 0.8060821747E-03 -0.4572971670E-03
 0.6209694104E-03 -0.4431854153E-03
-0.5623321330E-03  0.4242221794E-03
 0.7782682571E-03 -0.3603861579E-03
 0.6551279326E-03 -0.2610828726E-03
 0.6072595196E-03 -0.2979809698E-03
-0.5224631813E-03  0.2758654378E-03
 0.5305230658E-03 -0.3755844076E-03
 0.5335995879E-03 -0.3157950383E-03
 0.4489876292E-03 -0.3160126279E-03
-0.4185719822E-03  0.3232253348E-03
-0.4797753006E-03  0.3131417123E-03
-0.4881261864E-03  0.3746754341E-03
-0.5846071493E-03  0.3636697073E-03
 0.6564484236E-03 -0.3810550600E-03
-0.5311168613E-03  0.2062302771E-03
-0.6656071307E-03  0.3098799552E-03
-0.7072257002E-03  0.2029773507E-03
 0.8740486329E-03 -0.3091850029E-03
-0.7091724811E-03  0.4092730960E-03
-0.6346317025E-03  0.4552309052E-03
-0.8531083087E-03  0.4314869039E-03
 0.9834291555E-03 -0.5394231240E-03
-0.9501869876E-03  0.1606128033E-03
-0.1093572800E-02  0.3125389394E-03
-0.1313488443E-02  0.6067740854E-04
 0.1614876330E-02 -0.4162826715E-03
 0.1298498714E-02 -0.5144450310E-03
 0.1181005700E-02 -0.3640971329E-03
 0.1003522074E-02 -0.4337280566E-03
-0.8499680227E-03  0.3292450093E-03
 0.2315029315E-03 -0.2038630572E-03
-0.4415175668E-04 -0.4921227640E-03
-0.1175890349E-04 -0.2067794455E-03
-0.1850711154E-03  0.2016039534E-03
 0.6817558477E-04 -0.2222152627E-03
 0.7362407462E-05 -0.4539422208E-03
-0.6075136993E-04 -0.3273440976E-03
-0.7240693650E-04  0.2408000983E-03
 0.1602905052E-03  0.5836688492E-04
 0.1198156654E-03  0.2685885928E-03
-0.2545943203E-03  0.1095789452E-03
-0.5363019950E-04 -0.2821912158E-03
-0.5483113707E-04 -0.3705221902E-03
-0.9768130892E-04 -0.5828265116E-03
-0.1926313322E-03 -0.5114234477E-03
-0.5187641584E-05  0.3602968469E-03
-0.2050914406E-03 -0.5259964530E-03
-0.2087480249E-03 -0.6818069229E-03
-0.3194225207E-03 -0.6759722926E-03
 0.9600941280E-04  0.4573613579E-03
 0.3017352764E-03 -0.1684900857E-03
 0.2753857582E-03  0.5409709212E-03
-0.3158150922E-03  0.5853292768E-03
-0.1909388926E-03 -0.3819436763E-03
 0.2762364542E-03 -0.3754905587E-04
 0.1680090937E-03  0.3676380454E-03
-0.3524531225E-03  0.3317430491E-03
-0.1316283060E-03 -0.3172313996E-03
-0.3071320105E-03 -0.6133998491E-03
-0.2536001827E-03 -0.7088804578E-03
-0.3459656087E-03 -0.7016594749E-03
 0.1283577030E-03  0.4804002081E-03
-0.2972145742E-03 -0.4466389059E-03
-0.2167092287E-03 -0.4438277476E-03
-0.2519997874E-03 -0.3557139147E-03
 0.1189697904E-03  0.2623942264E-03
 0.1706614222E-03 -0.6769544271E-03
 0.3476238546E-03  0.7874379871E-03
-0.2217158886E-03  0.1151173503E-02
-0.1978014109E-03 -0.3923200461E-03
-0.1618786215E-03  0.3519487443E-04
-0.1222956076E-03  0.1373386228E-03
-0.7333543807E-04  0.2379076284E-03
 0.9625876628E-04 -0.2078881338E-03
 0.4295986527E-04  0.4397231760E-03
 0.2225214735E-05  0.6007809049E-03
 0.7764664701E-04  0.5903096792E-03
 0.6511954474E-04 -0.5123049519E-03
-0.1411081821E-03 -0.8670697933E-03
 0.2272684434E-03  0.3668166566E-04
-0.1214702679E-03  0.1007808024E-02
-0.5438000891E-04  0.2229111408E-03
 0.3069233225E-04 -0.9155094096E-03
 0.3092379974E-03  0.5219216106E-03
-0.1771555408E-03  0.1284835177E-02
-0.1379707640E-03 -0.1247479672E-03
 0.2625072555E-03 -0.3833431881E-03
 0.3474371726E-03  0.7201080810E-03
-0.2666026847E-03  0.8615711490E-03
-0.2202391612E-03 -0.4363284171E-03
-0.1852120083E-03  0.5360215567E-04
-0.9015277928E-05 -0.2260618677E-03
-0.1656899008E-03 -0.1222858667E-03
-0.1713369691E-03 -0.8680846007E-04
-0.1728071039E-03 -0.9032843826E-04
 0.1723562888E-03  0.9145348671E-04
-0.8774051862E-04 -0.2069102457E-04
-0.1334535106E-04 -0.1164024148E-03
-0.4994547672E-04 -0.9403568894E-04
 0.5656437241E-04  0.7339333126E-04
-0.1592939327E-03 -0.9572345107E-04
-0.9968146009E-04 -0.1021955025E-03
-0.1321394927E-03 -0.1076312913E-03
 0.1505587153E-03  0.1074375164E-03
 0.1220598020E-03  0.9978799245E-04
 0.1749511498E-03  0.8623047205E-04
 0.1875862651E-03  0.6561490959E-04
-0.1416631537E-03 -0.7779717729E-04
 0.2592646870E-04  0.5646965320E-04
 0.9181321204E-04  0.1010848334E-04
-0.6134377615E-04  0.5949505422E-04
 0.2592317148E-03  0.6789348413E-04
 0.1131250898E-03  0.6298720234E-04
-0.1829668546E-03 -0.2762399452E-03
-0.1848115102E-03  0.6563600978E-04
 0.5710181524E-04 -0.1892775935E-04
 0.1239876510E-03 -0.6988160700E-04
 0.7773333298E-04 -0.4401710381E-04
-0.1431496678E-04  0.3001661245E-04
 0.8085700758E-04 -0.1819786909E-04
 0.4112768945E-04 -0.1663912138E-05
 0.4729783569E-04 -0.7592347886E-05
-0.6316872887E-04 -0.3299284585E-05
 0.6416846094E-04 -0.2545519674E-04
 0.5571887988E-04 -0.1560195635E-04
 0.5298902651E-04 -0.2214683849E-04
-0.5391477593E-04  0.1607953609E-04
-0.7401359362E-04  0.4591347681E-05
-0.5276458023E-04  0.2570000352E-04
-0.1259888412E-03 -0.1098998645E-05
 0.8994137405E-04 -0.2218014237E-04
-0.1123413055E-03 -0.1092069496E-03
-0.7494859653E-04 -0.1024964937E-03
-0.9741659465E-04 -0.1076918933E-03
 0.1124355190E-03  0.1151873820E-03
-0.4575801017E-04 -0.9548611030E-04
-0.1872794938E-04 -0.8853118859E-04
-0.3570569487E-04 -0.9435063717E-04
 0.4572263838E-04  0.9926384208E-04
-0.8350190011E-04 -0.1047010873E-03
-0.5257219573E-04 -0.9848027564E-04
-0.6997655250E-04 -0.1005055631E-03
 0.8316170469E-04  0.1111997449E-03
 0.6421408298E-04  0.1065237792E-03
 0.9751623404E-04  0.1140061576E-03
 0.7627193235E-04  0.1067884122E-03
-0.6410353050E-04 -0.1013552324E-03
 0.2158331134E-05 -0.7983381905E-04
 0.1590747856E-04 -0.7257267501E-04
 0.6181562301E-05 -0.7917626975E-04
-0.1399984905E-07  0.8064045702E-04
 0.2984313430E-04 -0.6858862287E-04
 0.4187111258E-04 -0.6307800619E-04
 0.3379744432E-04 -0.6767680096E-04
-0.2984993473E-04  0.6911081971E-04
 0.1251155363E-04 -0.7771142669E-04
 0.2657475191E-04 -0.7160024806E-04
 0.1937855578E-04 -0.7497849042E-04
-0.1363322589E-04  0.8063137790E-04
-0.2178187385E-04  0.7519741620E-04
-0.6526055073E-05  0.8184056677E-04
-0.1615471607E-04  0.7452216709E-04
 0.2105639473E-04 -0.7334409974E-04
-0.5657123258E-04 -0.9578083078E-04
-0.3063403220E-04 -0.8993708027E-04
-0.4352299366E-04 -0.8830530108E-04
 0.5596843662E-04  0.1016078155E-03
-0.7040024912E-05 -0.8403955784E-04
 0.1079844705E-04 -0.7783565082E-04
 0.2832580723E-05 -0.7790346235E-04
 0.5733428339E-05  0.8826212074E-04
-0.2308522383E-04 -0.8653618887E-04
-0.2132799565E-04 -0.7823459894E-04
-0.5500229280E-04 -0.1236213927E-03
 0.4261278720E-04  0.7791171723E-04
 0.2278020458E-04  0.9099856865E-04
 0.3822308286E-04  0.9713265800E-04
 0.2879172913E-04  0.9615987694E-04
-0.2040282792E-04 -0.8703783215E-04
-0.4386902280E-05  0.8531474908E-04
 0.1553939579E-04  0.9266757401E-04
 0.3977056481E-05  0.8805411123E-04
 0.3086566431E-05 -0.8139568717E-04
 0.4050656523E-04  0.1000818937E-03
 0.6911844638E-04  0.1070648562E-03
 0.5215390360E-04  0.1039156357E-03
-0.4122643173E-04 -0.9459321411E-04
 0.1229726141E-04  0.8946012209E-04
 0.3569840740E-04  0.9826229133E-04
 0.1987285465E-04  0.9029141188E-04
-0.1188043751E-04 -0.8664610117E-04
-0.2622911134E-04 -0.9146474540E-04
-0.4863109445E-05 -0.8423376751E-04
-0.1693986306E-04 -0.8782525933E-04
 0.2576813632E-04  0.9582344574E-04
 0.4761990306E-04 -0.5595065564E-04
 0.5223303954E-04 -0.5141993142E-04
 0.4799194961E-04 -0.5544455107E-04
-0.4696443663E-04  0.5456197103E-04
 0.5653390637E-04 -0.4715477655E-04
 0.5532836934E-04 -0.4031513142E-04
 0.5387734727E-04 -0.4463805549E-04
-0.5246726612E-04  0.4328339265E-04
 0.4964830403E-04 -0.5352048757E-04
 0.5248022511E-04 -0.4795099043E-04
 0.5131821756E-04 -0.5073818188E-04
-0.4999755039E-04  0.5283625957E-04
-0.5158851978E-04  0.4855809419E-04
-0.4846861875E-04  0.5478893004E-04
-0.5224990946E-04  0.5017920475E-04
 0.5255721713E-04 -0.5043558769E-04
 0.5288380845E-04 -0.3565237777E-04
 0.5494706405E-04 -0.3521732175E-04
 0.5277620149E-04 -0.3681747214E-04
-0.5279392804E-04  0.3479271232E-04
 0.5601147002E-04 -0.3238957623E-04
 0.5206238790E-04 -0.2692471941E-04
 0.5223691753E-04 -0.3017439825E-04
-0.5133749873E-04  0.2785101951E-04
 0.5321260530E-04 -0.3580890684E-04
 0.5258489569E-04 -0.3233406097E-04
 0.5353497468E-04 -0.3396904512E-04
-0.5306954814E-04  0.3424643875E-04
-0.5234468956E-04  0.3155902133E-04
-0.5289184793E-04  0.3557534173E-04
-0.5422800482E-04  0.3337775452E-04
 0.5397449224E-04 -0.3423087584E-04
 0.5357221206E-04 -0.4804489589E-04
 0.5406719305E-04 -0.4317830139E-04
 0.5575846399E-04 -0.4391453167E-04
-0.5380928469E-04  0.4743670375E-04
 0.5538028725E-04 -0.3914845651E-04
 0.5465320188E-04 -0.3553772470E-04
 0.5731909917E-04 -0.3590362996E-04
-0.5591669798E-04  0.3830968374E-04
 0.7112809203E-04 -0.3897528725E-04
 0.4529918616E-04 -0.4121036522E-04
 0.8755991561E-04 -0.6306333183E-04
-0.6565130267E-04  0.3033551626E-04
-0.5377624904E-04  0.4171767051E-04
-0.5930290051E-04  0.4479553279E-04
-0.5497323519E-04  0.4352879218E-04
 0.5565118660E-04 -0.4215495268E-04
-0.5411716885E-04  0.3664471237E-04
-0.5420283442E-04  0.4048884911E-04
-0.5295741051E-04  0.3803750289E-04
 0.5375367784E-04 -0.3745736740E-04
-0.5323642540E-04  0.4503572467E-04
-0.5191448942E-04  0.5037868367E-04
-0.5203786725E-04  0.4671969615E-04
 0.5308627684E-04 -0.4555235215E-04
-0.5170283532E-04  0.3812808020E-04
-0.5166000457E-04  0.4213238513E-04
-0.5094866429E-04  0.3653639136E-04
 0.5254053132E-04 -0.3951998980E-04
 0.5285571972E-04 -0.4276818175E-04
 0.5263447964E-04 -0.3888654584E-04
 0.5354624756E-04 -0.4102094847E-04
-0.5248012008E-04  0.4164900617E-04
-0.7130955315E-04  0.3191239870E-04
 0.6039096537E-04  0.4254564592E-04
-0.4967908973E-04  0.6523661993E-04
 0.5171972637E-04 -0.4694160409E-04
-0.7898103678E-04  0.4304234516E-04
 0.6353988549E-04  0.4223881706E-04
-0.4125359928E-04  0.7866521342E-04
 0.4373076820E-04 -0.5755223893E-04
-0.4930099957E-04  0.5147629840E-04
-0.5302089588E-04  0.5616647275E-04
-0.5055831491E-04  0.5423446049E-04
 0.5209994666E-04 -0.5185061613E-04
 0.6703584019E-04 -0.4916896709E-04
 0.4064744046E-04 -0.4968873786E-04
 0.7612519830E-04 -0.7671142819E-04
-0.5885511952E-04  0.3977874206E-04
-0.8289567823E-04  0.5732139778E-04
 0.6117429698E-04  0.3722653308E-04
-0.2426125269E-04  0.9313114372E-04
 0.2754254287E-04 -0.6951352599E-04
-0.7907205258E-04  0.7394431601E-04
 0.4968882357E-04  0.2531667200E-04
 0.2640733497E-05  0.1069907633E-03
 0.1140861800E-05 -0.8167378668E-04
-0.1489026182E-04  0.7754404130E-04
-0.8242143799E-05  0.8425235265E-04
-0.1254360469E-04  0.8204714528E-04
 0.1819192757E-04 -0.7580157277E-04
 0.2508382246E-04 -0.7469640888E-04
 0.1034298601E-04 -0.6980635169E-04
 0.1053321588E-04 -0.1092390949E-03
-0.9342536201E-05  0.6518236398E-04
-0.4785343595E-04  0.5668601225E-04
-0.4185651526E-04  0.6314954626E-04
-0.4509332109E-04  0.5922394658E-04
 0.4715843448E-04 -0.5647372592E-04
-0.3252574672E-04  0.7031364166E-04
-0.2074093410E-04  0.7773334031E-04
-0.2736483725E-04  0.7326065698E-04
 0.3183547670E-04 -0.6875295123E-04
-0.4211830412E-04  0.6063010734E-04
-0.3359733311E-04  0.6777982153E-04
-0.3961115067E-04  0.6107362847E-04
 0.4238015379E-04 -0.6119977586E-04
 0.3719526923E-04 -0.6528382064E-04
 0.4436553757E-04 -0.5911427164E-04
 0.4085032532E-04 -0.6232995183E-04
-0.3761642109E-04  0.6579819058E-04
 0.2644201520E-04 -0.7169110197E-04
 0.3632912923E-04 -0.6526690117E-04
 0.3273188479E-04 -0.6602250974E-04
-0.2699025582E-04  0.7346250653E-04
 0.4507398628E-04 -0.5920738842E-04
 0.4954698232E-04 -0.5337822616E-04
 0.4897048904E-04 -0.5425965763E-04
-0.4563221151E-04  0.5947792456E-04
 0.5314481406E-04 -0.6131712109E-04
 0.3002668620E-04 -0.5965640097E-04
 0.5263133690E-04 -0.9266983530E-04
-0.4164901468E-04  0.5164054859E-04
-0.3776660884E-04  0.6377697172E-04
-0.3699943313E-04  0.6955339830E-04
-0.3747890539E-04  0.6733369935E-04
 0.4066141627E-04 -0.6330374724E-04
-0.4967767962E-04  0.2259539133E-04
-0.5478344416E-04  0.3103109333E-04
-0.4999146770E-04  0.2803182094E-04
 0.5824388006E-04 -0.2949905808E-04
-0.5736848482E-04  0.3249903841E-04
-0.5268845400E-04  0.3028301092E-04
-0.6143584152E-04  0.2400335703E-04
 0.5474563312E-04 -0.3117917495E-04
-0.5018516449E-04  0.3104125354E-04
-0.7102952458E-04  0.1610707746E-04
-0.5710923131E-04  0.7870549917E-05
 0.5216027402E-04 -0.2141626345E-04
 0.5536238714E-04 -0.2567431942E-04
 0.6242179702E-04 -0.3502887152E-04
 0.5892140980E-04 -0.3448129585E-04
-0.6153857775E-04  0.3122192663E-04
-0.5168250419E-04  0.3657147404E-04
-0.5590333394E-04  0.4546393081E-04
-0.5472790590E-04  0.4036644047E-04
 0.6112079272E-04 -0.4341925301E-04
-0.5353787825E-04  0.4812251903E-04
-0.4588987111E-04  0.5247590783E-04
-0.5565227369E-04  0.4270575083E-04
 0.5306218660E-04 -0.4907104911E-04
-0.6192651385E-04  0.3610543773E-04
-0.7491290235E-04  0.3168500759E-04
-0.7101690935E-04  0.1121687604E-04
 0.6639696564E-04 -0.3024539006E-04
 0.5981870802E-04 -0.4048919685E-04
 0.6375265157E-04 -0.4341835058E-04
 0.5800810620E-04 -0.4743796322E-04
-0.6236849935E-04  0.4197708323E-04
 0.7226664098E-04 -0.2514783060E-04
 0.9859513734E-04 -0.8561155238E-04
 0.7887172263E-04 -0.4795337842E-04
-0.4502101254E-04  0.3081227579E-04
 0.1725650786E-03 -0.7949639379E-04
 0.5299131412E-04 -0.5730342282E-05
 0.7268930525E-04 -0.1746779506E-04
-0.1001967141E-03 -0.6118571298E-05
 0.6762356597E-04 -0.4026993187E-04
 0.6328614503E-04 -0.2674310602E-04
 0.5745148094E-04 -0.3446062091E-04
-0.5315915451E-04  0.2908418370E-04
-0.7209076505E-04  0.2085649634E-04
-0.5073178397E-04  0.3793591397E-04
-0.8112465688E-04  0.3513967389E-04
 0.9682363557E-04 -0.4542703663E-04
-0.3816295539E-04  0.6241629710E-04
-0.2631605550E-04  0.6716771152E-04
-0.3780351918E-04  0.6072523259E-04
 0.4091132274E-04 -0.6411629192E-04
-0.1119415298E-04  0.6929458053E-04
 0.4735543132E-05  0.7952061268E-04
-0.8625682931E-05  0.6488190557E-04
 0.1490960360E-04 -0.7015180731E-04
-0.3856349128E-04  0.4583492882E-04
-0.2268577434E-04  0.5128830883E-04
-0.4600920617E-04  0.3923458780E-04
 0.3577380204E-04 -0.4427566189E-04
 0.2506178146E-04 -0.5790555868E-04
 0.3521174450E-04 -0.5643358013E-04
 0.2476672066E-04 -0.6473344247E-04
-0.2314070988E-04  0.5744002469E-04
 0.2727931936E-04  0.9080335674E-04
 0.5566298489E-04  0.9589699205E-04
 0.3589089863E-04  0.8454082680E-04
-0.2803782374E-04 -0.8818383138E-04
 0.8775865635E-04  0.1050514374E-03
 0.1290800235E-03  0.1152032108E-03
 0.9990012728E-04  0.1067650639E-03
-0.8420030177E-04 -0.1028641598E-03
 0.4402102682E-04  0.7061725016E-04
 0.6471173798E-04  0.9146333762E-04
 0.3967247708E-04  0.8308622789E-04
-0.3517172137E-04 -0.8091597288E-04
-0.5457000701E-04 -0.9139523864E-04
-0.3947008965E-04 -0.8005429018E-04
-0.5434856403E-04 -0.9309213855E-04
 0.6332323108E-04  0.8820276455E-04
-0.8415278210E-04  0.6833837311E-04
-0.1491613375E-04  0.5584491950E-04
 0.5488442421E-04 -0.9764852471E-04
 0.9387981414E-05  0.2171334046E-04
 0.2225821134E-04  0.8505503348E-04
-0.3341175278E-05  0.1189678879E-04
-0.9509016839E-05  0.5181709432E-04
-0.1773556542E-04 -0.8489672984E-04
-0.6040294040E-05 -0.9179890674E-05
-0.2679746286E-04 -0.6285141812E-04
 0.3504761414E-04  0.5124298383E-04
 0.4800746148E-04 -0.7570625895E-04
 0.6450772757E-04 -0.8067719477E-04
 0.3813052273E-04 -0.6533272764E-04
-0.2186306466E-04  0.6343923649E-04
-0.6431674869E-05 -0.8128848567E-04
 0.2031573680E-04 -0.7146191292E-04
 0.1883422469E-06 -0.8126228487E-04
 0.8336355864E-05  0.8193323347E-04
-0.8326668710E-05  0.6928119863E-04
 0.1434851675E-04  0.7408389188E-04
-0.1270049699E-04  0.4725440762E-04
 0.2418983750E-04 -0.7157085267E-04
 0.5904468918E-04 -0.3782654587E-04
 0.3054577701E-04 -0.9504663923E-05
 0.3916694261E-04 -0.2367586661E-04
 0.4510029185E-04 -0.4289147563E-04
-0.4488045391E-04  0.2508272232E-04
 0.1521447748E-03 -0.6580263782E-04
 0.1411441187E-03 -0.6249316353E-04
 0.9098656708E-04 -0.4789164095E-04
-0.1124278900E-03  0.4335087143E-04
 0.5446437454E-04 -0.5991989195E-04
 0.6178460080E-04 -0.4993779377E-04
 0.5091018111E-04 -0.5710582234E-04
-0.4537501119E-04  0.5446784195E-04
-0.5835591177E-04  0.4946463857E-04
-0.4370195331E-04  0.5282147788E-04
-0.2673944183E-04  0.4897182897E-04
 0.7123971428E-04 -0.6057406792E-04
 0.5651718839E-04 -0.3021580481E-04
-0.2548514707E-04  0.3702235704E-04
-0.3445582943E-04  0.2595885784E-04
 0.4119852127E-04 -0.2835790150E-04
 0.3815553384E-04 -0.1257819639E-04
 0.3895196510E-04 -0.1189655181E-04
-0.4388849800E-04  0.3433608327E-06
 0.1658473680E-04  0.2235929471E-05
 0.2947096513E-04 -0.4063405481E-05
 0.2029079367E-04 -0.9593193067E-05
-0.2490044715E-04  0.4970620893E-05
 0.2413797737E-04 -0.7698384812E-05
 0.2143685139E-04 -0.9970142117E-05
 0.2245304235E-04 -0.1084625290E-04
-0.2550662743E-04  0.8186081524E-05
-0.2678581666E-04  0.7421407029E-05
-0.2784865378E-04  0.2465402838E-05
-0.2525013411E-04 -0.4210532731E-05
 0.2014695399E-04 -0.3807487444E-05
 0.1339788866E-04 -0.6778884132E-05
 0.3650027320E-04  0.1221230145E-05
 0.3127964291E-04 -0.1846983252E-04
 0.1928150648E-04 -0.8447954505E-05
 0.2025021953E-04 -0.9359929029E-05
-0.1554674713E-04  0.7797639652E-05
 0.6727342542E-05  0.5668699958E-06
 0.2324451533E-04 -0.4683140276E-05
 0.1837844548E-04 -0.6121350906E-05
-0.2490112955E-04  0.7870525341E-05
 0.1526125054E-04 -0.6932107757E-05
 0.1652089657E-04 -0.7377863888E-05
 0.1636065648E-04 -0.7808283825E-05
-0.1716514091E-04  0.7451025368E-05
-0.1921384635E-04  0.7652240746E-05
-0.1279986978E-04  0.5141859603E-05
-0.8898328979E-05  0.1692279808E-05
 0.1202305893E-04 -0.5023200438E-05
-0.3531012807E-04  0.7531610236E-05
-0.5544056180E-05  0.6219992794E-06
 0.1129371275E-04  0.8178490617E-05
-0.9718509327E-05 -0.1924658251E-05
-0.3294158629E-04  0.1923124826E-04
 0.4131466690E-04 -0.2373791399E-04
 0.3715386121E-05  0.3773802137E-05
 0.2359334068E-04 -0.1299095816E-04
 0.2370472486E-04 -0.1291277920E-04
 0.2325043959E-04 -0.1280120322E-04
-0.2399603763E-04  0.1250649288E-04
 0.2083577304E-04 -0.1088086174E-04
 0.1825089877E-04 -0.9662972483E-05
 0.1920337680E-04 -0.1048174140E-04
-0.1872983740E-04  0.9114174312E-05
 0.2215594615E-04 -0.1201697358E-04
 0.2026912969E-04 -0.1108946073E-04
 0.2132159875E-04 -0.1142277902E-04
-0.2144798196E-04  0.1081693284E-04
-0.2016201575E-04  0.1014103395E-04
-0.2237988232E-04  0.1143167743E-04
-0.2133150015E-04  0.1073493133E-04
 0.2160065584E-04 -0.1167604862E-04
 0.1830590424E-04 -0.1030704952E-04
 0.1888112420E-04 -0.1071256728E-04
 0.1850859790E-04 -0.1074357443E-04
-0.1927899699E-04  0.1037539779E-04
 0.1775032229E-04 -0.1001952855E-04
 0.1670751998E-04 -0.9775293591E-05
 0.1721316809E-04 -0.1019379848E-04
-0.1707909389E-04  0.9310161303E-05
 0.1834262033E-04 -0.1072692846E-04
 0.1775704321E-04 -0.1050412716E-04
 0.1829883552E-04 -0.1064164446E-04
-0.1858351087E-04  0.1031874960E-04
-0.1791190795E-04  0.9949265637E-05
-0.1874478564E-04  0.1031842904E-04
-0.1826783906E-04  0.9876394491E-05
 0.1811998080E-04 -0.1053454798E-04
 0.2111496874E-04 -0.1110579410E-04
 0.1994655809E-04 -0.1084387241E-04
 0.2127277656E-04 -0.1062878272E-04
-0.2137930622E-04  0.1055961953E-04
 0.1943899741E-04 -0.1075450150E-04
 0.1888971105E-04 -0.1066128014E-04
 0.1985382651E-04 -0.1043060172E-04
-0.2002505316E-04  0.1045660950E-04
 0.2265306404E-04 -0.9408547359E-05
 0.1984844617E-04 -0.1109373669E-04
 0.3530298707E-04 -0.1627883974E-04
-0.2432096154E-04  0.8099771354E-05
-0.2047458990E-04  0.1078087623E-04
-0.2227270385E-04  0.1031252803E-04
-0.2048131159E-04  0.1071395269E-04
 0.2022041709E-04 -0.1085605108E-04
-0.1918565309E-04  0.1051209007E-04
-0.1966527747E-04  0.1056148657E-04
-0.1904633736E-04  0.1050043669E-04
 0.1871978158E-04 -0.1076731993E-04
-0.2017754355E-04  0.1058271992E-04
-0.2123823610E-04  0.1067885367E-04
-0.1998729361E-04  0.1034418025E-04
 0.1989333750E-04 -0.1094292136E-04
-0.1896162387E-04  0.1032717878E-04
-0.1896781924E-04  0.9879503699E-05
-0.1868070375E-04  0.9555990104E-05
 0.1828444400E-04 -0.1040035088E-04
 0.1891964376E-04 -0.1067893426E-04
 0.1854751965E-04 -0.1074715357E-04
 0.1910637353E-04 -0.1079618892E-04
-0.1932129752E-04  0.1041250482E-04
 0.1736739081E-04 -0.1040489341E-04
 0.1778606355E-04 -0.1028153199E-04
 0.1728433442E-04 -0.1035089799E-04
-0.1784014765E-04  0.1012420186E-04
 0.1636882985E-04 -0.9221152400E-05
 0.1520010902E-04 -0.8800561205E-05
 0.1576927383E-04 -0.9275044153E-05
-0.1570976408E-04  0.8545556427E-05
 0.1683149278E-04 -0.1005379718E-04
 0.1620253168E-04 -0.9639762120E-05
 0.1658534339E-04 -0.9843416352E-05
-0.1682066812E-04  0.9553556220E-05
-0.1635166553E-04  0.9171395203E-05
-0.1709000300E-04  0.9698024787E-05
-0.1675683319E-04  0.9209344947E-05
 0.1669918808E-04 -0.9797389687E-05
 0.1618453228E-04 -0.9495252162E-05
 0.1753064357E-04 -0.9699780360E-05
 0.1666768733E-04 -0.9614757034E-05
-0.1741283367E-04  0.9672773813E-05
 0.1705481774E-04 -0.8810762892E-05
 0.1658108565E-04 -0.8255538104E-05
 0.1669257757E-04 -0.8715594682E-05
-0.1687225527E-04  0.8363472011E-05
 0.1657970868E-04 -0.9396173101E-05
 0.1664503343E-04 -0.9043801671E-05
 0.1657957367E-04 -0.9227109514E-05
-0.1698678171E-04  0.9147472218E-05
-0.1698257891E-04  0.8861424801E-05
-0.1699565947E-04  0.9302045300E-05
-0.1709752061E-04  0.8993040441E-05
 0.1685969790E-04 -0.9232541765E-05
 0.1667305040E-04 -0.9726778956E-05
 0.1646658300E-04 -0.9582075938E-05
 0.1690001368E-04 -0.9488786297E-05
-0.1719901011E-04  0.9513645769E-05
 0.1651260600E-04 -0.9468395608E-05
 0.1659436077E-04 -0.9301128971E-05
 0.1677039132E-04 -0.9256886978E-05
-0.1716103832E-04  0.9322603894E-05
 0.1698301314E-04 -0.8594017539E-05
 0.1740434939E-04 -0.9676832587E-05
 0.2773564853E-04 -0.1433754207E-04
-0.1941905404E-04  0.8376424669E-05
-0.1720807279E-04  0.9517397796E-05
-0.1768187879E-04  0.9279384153E-05
-0.1706889966E-04  0.9531998941E-05
 0.1669323855E-04 -0.9471320657E-05
-0.1700465540E-04  0.9307756691E-05
-0.1691378442E-04  0.9463045683E-05
-0.1686538308E-04  0.9419267669E-05
 0.1644818767E-04 -0.9449190835E-05
-0.1684417631E-04  0.9557515775E-05
-0.1695118264E-04  0.9577031341E-05
-0.1655693538E-04  0.9431826586E-05
 0.1625342589E-04 -0.9639326990E-05
-0.1681499047E-04  0.9520015232E-05
-0.1629312069E-04  0.9225817081E-05
-0.1637557040E-04  0.9141065905E-05
 0.1585920456E-04 -0.9403097648E-05
 0.1597092304E-04 -0.9507477698E-05
 0.1629708719E-04 -0.9558900880E-05
 0.1628338736E-04 -0.9568243955E-05
-0.1669426186E-04  0.9503884854E-05
 0.2709764756E-05 -0.2490981469E-05
-0.2422043987E-05  0.6736772607E-05
-0.1727635210E-04  0.1094689008E-04
 0.1652008315E-04 -0.8436128347E-05
 0.9648737408E-06 -0.1798374765E-05
-0.7015206255E-06  0.7482187442E-05
-0.1824276770E-04  0.1158086292E-04
 0.1734683453E-04 -0.8715468779E-05
-0.1738262455E-04  0.9729873965E-05
-0.1837487836E-04  0.9506580265E-05
-0.1737734320E-04  0.9734459003E-05
 0.1713616445E-04 -0.9805696400E-05
 0.1808815038E-04 -0.8843626512E-05
 0.1742273544E-04 -0.9965916412E-05
 0.2883110492E-04 -0.1477663949E-04
-0.2001594971E-04  0.8237271185E-05
-0.8322743450E-06 -0.1137878069E-05
 0.1061335860E-05  0.8333049412E-05
-0.1946566842E-04  0.1229106867E-04
 0.1851204513E-04 -0.9059682351E-05
-0.2682065460E-05 -0.4949855347E-06
 0.2801850509E-05  0.9238216742E-05
-0.2094293090E-04  0.1302316673E-04
 0.2001062975E-04 -0.9484980224E-05
-0.1929375301E-04  0.1048485596E-04
-0.2089313661E-04  0.1019899597E-04
-0.1941055867E-04  0.1052569552E-04
 0.1918700583E-04 -0.1064477007E-04
 0.2110230161E-04 -0.9372367439E-05
 0.1894081174E-04 -0.1077940463E-04
 0.3271267076E-04 -0.1578320152E-04
-0.2269216784E-04  0.8222957073E-05
-0.1725039676E-04  0.9775998163E-05
-0.1774606823E-04  0.1002773860E-04
-0.1730775789E-04  0.9925811986E-05
 0.1707381537E-04 -0.1014866366E-04
-0.1819396182E-04  0.1025742872E-04
-0.1873242603E-04  0.1035193739E-04
-0.1803553112E-04  0.1020649247E-04
 0.1781804394E-04 -0.1050384766E-04
-0.1748974571E-04  0.1009675823E-04
-0.1747915660E-04  0.9964226712E-05
-0.1742173532E-04  0.9835665475E-05
 0.1705676906E-04 -0.1031698320E-04
 0.1731447151E-04 -0.1040512983E-04
 0.1717093191E-04 -0.1035155030E-04
 0.1745896412E-04 -0.1037097658E-04
-0.1767662305E-04  0.1015380405E-04
 0.1850319355E-04 -0.1054341394E-04
 0.1794872673E-04 -0.1037493782E-04
 0.1876588488E-04 -0.1018863339E-04
-0.1893467854E-04  0.1020147160E-04
 0.1755129660E-04 -0.1017841321E-04
 0.1700820195E-04 -0.9924323756E-05
 0.1767738209E-04 -0.9811805256E-05
-0.1784812169E-04  0.9791237616E-05
 0.1950428347E-04 -0.9119425936E-05
 0.1805269848E-04 -0.1035153321E-04
 0.3055981763E-04 -0.1524818977E-04
-0.2120767421E-04  0.8211455420E-05
-0.1818161124E-04  0.1007274161E-04
-0.1953925618E-04  0.9866373380E-05
-0.1830108597E-04  0.1016647684E-04
 0.1809414345E-04 -0.1024489533E-04
-0.1672591910E-04  0.7752441609E-05
-0.1664473431E-04  0.8211064094E-05
-0.1513642961E-04  0.6853480154E-05
 0.1668078477E-04 -0.8029505554E-05
-0.1838951477E-04  0.9877145369E-05
-0.1737375381E-04  0.9488277619E-05
-0.1972308928E-04  0.1039854731E-04
 0.1742721363E-04 -0.9900229185E-05
-0.1768325627E-04  0.9116268347E-05
-0.2296041580E-04  0.1145378450E-04
-0.2648526631E-04  0.1323404394E-04
 0.2394754534E-04 -0.1230441378E-04
 0.1991379949E-04 -0.1049681856E-04
 0.1962221737E-04 -0.9310991216E-05
 0.1871198480E-04 -0.9603306350E-05
-0.1885427658E-04  0.9734823652E-05
-0.1511846377E-04  0.7831453621E-05
-0.1571998907E-04  0.8203178925E-05
-0.1398992958E-04  0.6719641162E-05
 0.1551936840E-04 -0.8268980708E-05
-0.1830478824E-04  0.1010453487E-04
-0.1849516744E-04  0.1010647661E-04
-0.2038400786E-04  0.1077107641E-04
 0.1843143330E-04 -0.1069496208E-04
-0.1548292579E-04  0.9002503232E-05
-0.2160375504E-04  0.1149789434E-04
-0.2206399923E-04  0.1320073889E-04
 0.2324999951E-04 -0.1324722161E-04
 0.2007557004E-04 -0.1115312078E-04
 0.1838920024E-04 -0.9308042096E-05
 0.1827000888E-04 -0.9916005434E-05
-0.1760074385E-04  0.9693599943E-05
-0.2186730113E-04  0.9854174305E-05
-0.6084060646E-05  0.2382847580E-05
 0.3516734408E-05  0.3513252664E-05
-0.1623832104E-04 -0.1231753865E-05
-0.2842312447E-04  0.1894280089E-04
 0.3298884061E-04 -0.1831949825E-04
 0.3082411747E-05  0.2516975772E-05
 0.3121146406E-04 -0.1987597213E-04
 0.1843773029E-04 -0.7193121032E-05
 0.1923006162E-04 -0.9048013725E-05
-0.1528720920E-04  0.7439120808E-05
 0.6060008402E-05  0.6114491139E-06
 0.1659072466E-04 -0.6427647334E-05
 0.1518980778E-04 -0.7193723559E-05
-0.1920627672E-04  0.7207245216E-05
 0.1412357769E-04 -0.7040838147E-05
 0.1458097400E-04 -0.8184538232E-05
 0.1467898784E-04 -0.8422081455E-05
-0.1544869626E-04  0.7470860205E-05
-0.1713432993E-04  0.7337997935E-05
-0.1290583658E-04  0.4968886040E-05
-0.1162932729E-04  0.1088342236E-05
 0.1145469994E-04 -0.5015508654E-05
-0.1665385052E-04  0.8593535218E-05
-0.1702626052E-04  0.8940564523E-05
-0.1582062913E-04  0.7626953509E-05
 0.1718162739E-04 -0.9138652427E-05
-0.1954505560E-04  0.1044329011E-04
-0.1972538904E-04  0.9719940627E-05
-0.2108523767E-04  0.1051576192E-04
 0.1892496286E-04 -0.1045147994E-04
-0.1668275900E-04  0.1022241517E-04
-0.2058135017E-04  0.1187387237E-04
-0.1938018149E-04  0.7480658258E-05
 0.2333173613E-04 -0.1337011209E-04
 0.1982530871E-04 -0.1082915904E-04
 0.1978490889E-04 -0.1014068346E-04
 0.1924407731E-04 -0.1045430628E-04
-0.1826395789E-04  0.1026179338E-04
-0.1807676271E-04  0.7982343488E-05
-0.1932959211E-04  0.9372124635E-05
-0.1808708861E-04  0.7317813942E-05
 0.2002095269E-04 -0.9544439328E-05
-0.2398300868E-04  0.1268060968E-04
-0.2551782051E-04  0.1234873237E-04
-0.2739304717E-04  0.1348746728E-04
 0.2481765993E-04 -0.1373906658E-04
-0.1946707529E-04  0.1136045132E-04
-0.2585239417E-04  0.1490441694E-04
-0.1894561888E-04  0.1253210204E-04
 0.3123445556E-04 -0.1836916453E-04
 0.2639921851E-04 -0.1499090504E-04
 0.2503442850E-04 -0.1215445188E-04
 0.2408958753E-04 -0.1272869057E-04
-0.2157546941E-04  0.1234661024E-04
 0.2835208854E-04 -0.3050451000E-04
 0.2749957776E-04 -0.1395819270E-04
 0.3142188959E-04 -0.1181430392E-04
-0.3390931547E-04  0.7772311668E-06
 0.2008722884E-04  0.3787623865E-06
 0.3374563031E-04 -0.2468408051E-05
 0.1669186441E-04 -0.8224720717E-05
-0.2064395853E-04  0.1792475983E-05
 0.1958672588E-04 -0.7741013172E-05
 0.1672213441E-04 -0.8144640521E-05
 0.1765384105E-04 -0.8882632447E-05
-0.1953326142E-04  0.7092365749E-05
-0.2052319454E-04  0.6894925693E-05
-0.2161279553E-04  0.3567129464E-05
-0.2078905584E-04 -0.3110290583E-05
 0.1692313827E-04 -0.5268511910E-05
 0.2520769185E-04 -0.2877963701E-04
 0.2910915779E-04 -0.9531584662E-05
 0.2424717004E-04 -0.1115580685E-04
-0.2511635807E-04  0.5734833941E-05
 0.8122683693E-05  0.7354826171E-06
 0.1713448130E-04 -0.7565970539E-05
 0.1626490950E-04 -0.7913852745E-05
-0.1938026724E-04  0.7156609722E-05
 0.1674197041E-04 -0.7930725267E-05
 0.1645081253E-04 -0.8968941926E-05
 0.1652052265E-04 -0.9439616995E-05
-0.1782744224E-04  0.8065620991E-05
-0.1940433447E-04  0.7310905696E-05
-0.1729779227E-04  0.5339177585E-05
-0.1595844373E-04  0.4714668168E-06
 0.1467435885E-04 -0.5242756561E-05
-0.1970526094E-04  0.1318615726E-04
-0.7966983229E-05  0.3914740616E-05
-0.4028935185E-04 -0.1201124572E-04
-0.4717008884E-05  0.6543794334E-07
 0.4757703650E-05  0.1024231868E-04
-0.2232925234E-04  0.1351200448E-04
 0.2141881494E-04 -0.9680248099E-05
-0.6702636456E-05  0.4047320820E-06
 0.6910920215E-05  0.1162127308E-04
-0.2479882146E-04  0.1448120347E-04
 0.2368002442E-04 -0.1017485034E-04
-0.2206160066E-04  0.1098006593E-04
-0.2467503660E-04  0.1070778092E-04
-0.2243500491E-04  0.1103520258E-04
 0.2225640763E-04 -0.1134974647E-04
 0.2543371240E-04 -0.9739468322E-05
 0.2126076021E-04 -0.1145657836E-04
 0.3838527712E-04 -0.1664293922E-04
-0.2669581685E-04  0.7908981960E-05
-0.9351402273E-05  0.9837848448E-06
 0.9546890525E-05  0.1335572082E-04
-0.2777551991E-04  0.1600712516E-04
 0.2661294984E-04 -0.1105012026E-04
-0.1239240114E-04  0.1759171258E-05
 0.1220931217E-04  0.1513834408E-04
-0.3077056773E-04  0.1759532550E-04
 0.2950039727E-04 -0.1194517693E-04
-0.2754551751E-04  0.1274858311E-04
-0.3096443615E-04  0.1245666577E-04
-0.2805928331E-04  0.1295995440E-04
 0.2777914198E-04 -0.1320854470E-04
 0.3244361466E-04 -0.1099799249E-04
 0.2603061754E-04 -0.1327521696E-04
 0.4800968457E-04 -0.1901164884E-04
-0.3361273408E-04  0.8405266781E-05
-0.2257261572E-04  0.1122742685E-04
-0.2404896414E-04  0.1188084645E-04
-0.2305826122E-04  0.1175798201E-04
 0.2283500579E-04 -0.1212934775E-04
-0.2524183807E-04  0.1238986136E-04
-0.2661841604E-04  0.1262161274E-04
-0.2511682430E-04  0.1238665500E-04
 0.2489666157E-04 -0.1290591865E-04
-0.2366838626E-04  0.1232567770E-04
-0.2396166036E-04  0.1204268597E-04
-0.2383764498E-04  0.1189861865E-04
 0.2320886357E-04 -0.1273230987E-04
 0.2378495288E-04 -0.1279521163E-04
 0.2325259961E-04 -0.1267758302E-04
 0.2393115763E-04 -0.1262061709E-04
-0.2413925224E-04  0.1229858851E-04
 0.2639703645E-04 -0.1295014691E-04
 0.2499043553E-04 -0.1257938489E-04
 0.2670976454E-04 -0.1218507823E-04
-0.2678780358E-04  0.1226101758E-04
 0.2392708555E-04 -0.1214053304E-04
 0.2236449080E-04 -0.1156320106E-04
 0.2386398571E-04 -0.1130850908E-04
-0.2391363086E-04  0.1126257506E-04
 0.2892484153E-04 -0.1039674293E-04
 0.2354189645E-04 -0.1225467291E-04
 0.4285671672E-04 -0.1756802077E-04
-0.2992269175E-04  0.8055003388E-05
-0.2463806169E-04  0.1173821834E-04
-0.2777276969E-04  0.1160522576E-04
-0.2524483148E-04  0.1210095435E-04
 0.2506726773E-04 -0.1231791553E-04
-0.3912683742E-04  0.9977970732E-05
 0.3641163451E-04  0.2949016238E-04
-0.4826077012E-04  0.3189325371E-04
 0.4754322974E-04 -0.2125024826E-04
-0.4632251982E-04  0.1318996710E-04
 0.4234617035E-04  0.3301260934E-04
-0.5100791624E-04  0.3753578585E-04
 0.5071799838E-04 -0.2532214330E-04
-0.4869678635E-04  0.2331688763E-04
-0.5532458040E-04  0.2404081493E-04
-0.5014349749E-04  0.2410640718E-04
 0.4971563429E-04 -0.2414365927E-04
 0.6206796201E-04 -0.2039360465E-04
 0.4262144579E-04 -0.2416818581E-04
 0.8267725067E-04 -0.3523976774E-04
-0.6084934190E-04  0.1405584036E-04
-0.5399973859E-04  0.1762466617E-04
 0.4834393098E-04  0.3655926933E-04
-0.5280601865E-04  0.4472202237E-04
 0.5319021413E-04 -0.3082911021E-04
-0.6197670406E-04  0.2344882598E-04
 0.5430984999E-04  0.4018531748E-04
-0.5361546565E-04  0.5418376050E-04
 0.5485119581E-04 -0.3833650591E-04
-0.5365258497E-04  0.3377875049E-04
-0.6059715191E-04  0.3612835308E-04
-0.5529419117E-04  0.3528995152E-04
 0.5582320380E-04 -0.3477058577E-04
 0.7082401305E-04 -0.3128242939E-04
 0.4616401519E-04 -0.3420283949E-04
 0.8924308151E-04 -0.5133868940E-04
-0.6669602511E-04  0.2317423754E-04
-0.4974524511E-04  0.2485242509E-04
-0.5121966706E-04  0.2701804718E-04
-0.4956307970E-04  0.2575015647E-04
 0.4919660700E-04 -0.2590017847E-04
-0.5224326998E-04  0.2962609062E-04
-0.5376264527E-04  0.3273945479E-04
-0.5187896911E-04  0.3046499671E-04
 0.5218598395E-04 -0.3074786334E-04
-0.4934879608E-04  0.2573543243E-04
-0.5023240526E-04  0.2749934616E-04
-0.4920820455E-04  0.2392594957E-04
 0.4940959062E-04 -0.2699610462E-04
 0.5059419238E-04 -0.2904630398E-04
 0.4902958008E-04 -0.2684650844E-04
 0.5058711922E-04 -0.2800213535E-04
-0.5043704981E-04  0.2764040005E-04
 0.5448882958E-04 -0.3221995774E-04
 0.5235453869E-04 -0.2922508932E-04
 0.5559547208E-04 -0.2938098520E-04
-0.5460934155E-04  0.3090814528E-04
 0.5143530641E-04 -0.2675705196E-04
 0.4923968894E-04 -0.2457579274E-04
 0.5237489155E-04 -0.2437569941E-04
-0.5199807336E-04  0.2555793800E-04
 0.6685969504E-04 -0.2493842426E-04
 0.4474143440E-04 -0.2850427101E-04
 0.8663352356E-04 -0.4198039514E-04
-0.6432219462E-04  0.1772749056E-04
-0.5158498400E-04  0.2778021111E-04
-0.5832742232E-04  0.2908582282E-04
-0.5300043617E-04  0.2883141428E-04
 0.5303436767E-04 -0.2864696468E-04
-0.2304995891E-04  0.9463034776E-05
-0.2361447602E-04  0.1028721804E-04
-0.2250689426E-04  0.7612189057E-05
 0.2420499813E-04 -0.1047789490E-04
-0.2850259441E-04  0.1365365720E-04
-0.3034338524E-04  0.1290808771E-04
-0.3224718517E-04  0.1380081440E-04
 0.2921094388E-04 -0.1480492684E-04
-0.2311551515E-04  0.1241683583E-04
-0.2908745746E-04  0.1564369728E-04
-0.1836597322E-04  0.1596275147E-04
 0.3601583942E-04 -0.2017114303E-04
 0.3040933954E-04 -0.1615910682E-04
 0.2973509163E-04 -0.1275370382E-04
 0.2828179783E-04 -0.1379794797E-04
-0.2535634938E-04  0.1325635201E-04
-0.2808494605E-04  0.1005780476E-04
-0.2915462829E-04  0.1176517887E-04
-0.2804603291E-04  0.8889403101E-05
 0.3014649341E-04 -0.1179132597E-04
-0.3452858056E-04  0.1534898233E-04
-0.3610142794E-04  0.1412012537E-04
-0.3879046655E-04  0.1442420270E-04
 0.3500632706E-04 -0.1644612773E-04
-0.2804555300E-04  0.1512149881E-04
-0.3463318369E-04  0.1624170010E-04
-0.2048480822E-04  0.1733488269E-04
 0.4086302178E-04 -0.2177618484E-04
 0.3571635120E-04 -0.1766242854E-04
 0.3631441008E-04 -0.1495294989E-04
 0.3427161853E-04 -0.1579266104E-04
-0.3122345216E-04  0.1518039375E-04
 0.4169534268E-04 -0.3113943972E-04
 0.5929289668E-04 -0.1947907818E-04
 0.4886098785E-04 -0.1514703986E-04
-0.5258138357E-04  0.6238294693E-05
 0.1808706311E-04  0.1897305074E-05
 0.2529237027E-04 -0.3406081488E-05
 0.2225264347E-04 -0.8841852417E-05
-0.2633030466E-04  0.5386654113E-05
 0.3125341536E-04 -0.8423444874E-05
 0.2604815377E-04 -0.1003449294E-04
 0.2754975699E-04 -0.1152460521E-04
-0.3121436677E-04  0.7952025861E-05
-0.3286345874E-04  0.5942193885E-05
-0.3576175630E-04  0.3388094812E-05
-0.3667289371E-04 -0.5854897150E-05
 0.2835324557E-04 -0.3881258062E-05
-0.3421264261E-04  0.1194853024E-04
-0.3696324174E-04  0.1506613150E-04
-0.3414623331E-04  0.1224104287E-04
 0.3764153973E-04 -0.1484181711E-04
-0.4327408740E-04  0.1816193244E-04
-0.4342406406E-04  0.1581064894E-04
-0.4856619453E-04  0.1484308987E-04
 0.4218109698E-04 -0.1845943689E-04
-0.3301227704E-04  0.1909407390E-04
-0.4384556665E-04  0.1597913353E-04
-0.2694017516E-04  0.1709835101E-04
 0.4428076673E-04 -0.2222823526E-04
 0.4167154504E-04 -0.1887492712E-04
 0.4357820193E-04 -0.1906405889E-04
 0.4180825849E-04 -0.1920068013E-04
-0.4000543356E-04  0.1827909200E-04
-0.4150543303E-04  0.1523540032E-04
-0.4665556866E-04  0.2109308062E-04
-0.4114008467E-04  0.1824960681E-04
 0.4759619160E-04 -0.2022396698E-04
-0.5351373375E-04  0.2359439232E-04
-0.5170863384E-04  0.2031491144E-04
-0.5961364455E-04  0.1703680303E-04
 0.5055591276E-04 -0.2263317827E-04
-0.3897384220E-04  0.2432479403E-04
-0.5765370794E-04  0.1504485920E-04
-0.3971543318E-04  0.1383391847E-04
 0.4749681019E-04 -0.2170858082E-04
 0.4905272298E-04 -0.2089849416E-04
 0.5293816880E-04 -0.2606828421E-04
 0.5149156987E-04 -0.2530287671E-04
-0.5176167191E-04  0.2351887379E-04
 0.4033036378E-04 -0.2805962121E-04
 0.1143573644E-03 -0.4314625541E-04
 0.6843407323E-04 -0.3217613308E-04
-0.2803743282E-04  0.2538634745E-04
 0.3718622660E-04 -0.5907241834E-06
 0.3258577024E-04 -0.1960644122E-05
 0.3362674009E-04 -0.7424649228E-05
-0.4255681498E-04  0.2086402253E-05
 0.5176278239E-04 -0.1605521038E-04
 0.4311723125E-04 -0.1182963390E-04
 0.4277906476E-04 -0.1598231522E-04
-0.4534818002E-04  0.1055232948E-04
-0.5778301058E-04  0.2311518426E-05
-0.4829552906E-04  0.1455919079E-04
-0.9634848241E-04 -0.1242023464E-04
 0.6484627634E-04 -0.1021271014E-04
 0.3797371442E-04 -0.3272488469E-04
 0.8491318626E-04 -0.2960911135E-04
 0.5843956572E-04 -0.2156670262E-04
-0.4980701295E-04  0.1587133733E-04
 0.2355323557E-04  0.1177641038E-05
 0.2734014158E-04 -0.3109519157E-05
 0.2687173078E-04 -0.8581457595E-05
-0.3216231277E-04  0.4651612394E-05
 0.4010893536E-04 -0.1110887550E-04
 0.3304075258E-04 -0.1085889916E-04
 0.3416658463E-04 -0.1327343934E-04
-0.3751839288E-04  0.8835761424E-05
-0.4210903453E-04  0.4573858703E-05
-0.4254124983E-04  0.7323186574E-05
-0.5630880415E-04 -0.8600230028E-05
 0.4209052805E-04 -0.5810639330E-05
 0.4930090984E-04 -0.2468860496E-04
 0.5005150148E-04 -0.2532807267E-04
 0.4873157905E-04 -0.2583768418E-04
-0.5041971059E-04  0.2423594145E-04
 0.4773581479E-04 -0.2286394030E-04
 0.4282739121E-04 -0.1926703756E-04
 0.4432044686E-04 -0.2157256509E-04
-0.4401438604E-04  0.1908146232E-04
 0.4807724238E-04 -0.2507558326E-04
 0.4585619143E-04 -0.2295079663E-04
 0.4752604282E-04 -0.2381380787E-04
-0.4821047027E-04  0.2348521230E-04
-0.4657494007E-04  0.2176667125E-04
-0.4909260275E-04  0.2443691061E-04
-0.4911976601E-04  0.2307962469E-04
 0.4780990583E-04 -0.2422175406E-04
 0.4106689741E-04 -0.1891920905E-04
 0.4117262699E-04 -0.1939914426E-04
 0.4051021084E-04 -0.1960344743E-04
-0.4192933149E-04  0.1834862979E-04
 0.3809785586E-04 -0.1722566850E-04
 0.3441807127E-04 -0.1532890133E-04
 0.3577395623E-04 -0.1690171812E-04
-0.3563229487E-04  0.1458827868E-04
 0.3966351129E-04 -0.1903680927E-04
 0.3739532977E-04 -0.1783220434E-04
 0.3919534288E-04 -0.1831282926E-04
-0.3983824742E-04  0.1772246769E-04
-0.3793908264E-04  0.1652745668E-04
-0.4053592505E-04  0.1817297088E-04
-0.3965045256E-04  0.1700960052E-04
 0.3886201724E-04 -0.1844510350E-04
 0.4779483791E-04 -0.2267769792E-04
 0.4507749245E-04 -0.2105367513E-04
 0.4843773079E-04 -0.2070805920E-04
-0.4845003700E-04  0.2150970792E-04
 0.4345224987E-04 -0.1974989149E-04
 0.4109743022E-04 -0.1861925832E-04
 0.4411075351E-04 -0.1811765107E-04
-0.4432227959E-04  0.1876850628E-04
 0.5651695508E-04 -0.1719623938E-04
 0.3961415484E-04 -0.2083879325E-04
 0.7676020027E-04 -0.3005652198E-04
-0.5590971022E-04  0.1155285168E-04
-0.4492125342E-04  0.2011697086E-04
-0.5113354479E-04  0.2026695229E-04
-0.4603966596E-04  0.2066096156E-04
 0.4546771292E-04 -0.2076147865E-04
-0.4175738403E-04  0.1855728484E-04
-0.4377338795E-04  0.1967102243E-04
-0.4166019402E-04  0.1902500147E-04
 0.4109344227E-04 -0.1943509491E-04
-0.4567669381E-04  0.2104686447E-04
-0.4813533597E-04  0.2263230075E-04
-0.4570539051E-04  0.2138582780E-04
 0.4515748637E-04 -0.2201035067E-04
-0.4168031413E-04  0.1903953975E-04
-0.4326546388E-04  0.1961941477E-04
-0.4160192163E-04  0.1755197316E-04
 0.4140909587E-04 -0.2003044712E-04
 0.4305278924E-04 -0.2114420753E-04
 0.4113745784E-04 -0.2004794628E-04
 0.4295059158E-04 -0.2055011116E-04
-0.4332389530E-04  0.2000988485E-04
 0.3398337739E-04 -0.1614875180E-04
 0.3382029710E-04 -0.1624380457E-04
 0.3344709972E-04 -0.1638956363E-04
-0.3441292030E-04  0.1546127145E-04
 0.3061956796E-04 -0.1402589690E-04
 0.2780426583E-04 -0.1288422721E-04
 0.2884009494E-04 -0.1407013441E-04
-0.2855602767E-04  0.1199986303E-04
 0.3243369059E-04 -0.1578081718E-04
 0.3024350514E-04 -0.1482876531E-04
 0.3184404258E-04 -0.1520783103E-04
-0.3215984247E-04  0.1451155315E-04
-0.3037077139E-04  0.1354445533E-04
-0.3288904903E-04  0.1487063530E-04
-0.3156748434E-04  0.1373970349E-04
 0.3152758703E-04 -0.1523690450E-04
 0.2816064119E-04 -0.1419132078E-04
 0.2804137154E-04 -0.1424435902E-04
 0.2768949129E-04 -0.1425459360E-04
-0.2867350525E-04  0.1365737749E-04
 0.2499793060E-04 -0.1231951299E-04
 0.2275856786E-04 -0.1165046061E-04
 0.2372853105E-04 -0.1246509021E-04
-0.2346552057E-04  0.1082650451E-04
 0.2673179757E-04 -0.1369117392E-04
 0.2495467855E-04 -0.1300896680E-04
 0.2624257336E-04 -0.1326032018E-04
-0.2657887144E-04  0.1267696851E-04
-0.2507532392E-04  0.1197529105E-04
-0.2720552379E-04  0.1296510120E-04
-0.2594255210E-04  0.1205193349E-04
 0.2596675512E-04 -0.1330641764E-04
 0.3200749759E-04 -0.1476349144E-04
 0.3016809411E-04 -0.1424733114E-04
 0.3241154602E-04 -0.1375219186E-04
-0.3248434994E-04  0.1396575078E-04
 0.2908308128E-04 -0.1381056859E-04
 0.2753872044E-04 -0.1333786120E-04
 0.2947369550E-04 -0.1292247007E-04
-0.2958306904E-04  0.1306642737E-04
 0.3593116081E-04 -0.1155192459E-04
 0.2836932285E-04 -0.1424932737E-04
 0.5284099354E-04 -0.2028153041E-04
-0.3722473451E-04  0.8661841912E-05
-0.3035194205E-04  0.1368142732E-04
-0.3407247540E-04  0.1328538995E-04
-0.3079628429E-04  0.1391137653E-04
 0.3046035857E-04 -0.1408371396E-04
-0.2792288948E-04  0.1309034774E-04
-0.2931033591E-04  0.1359056016E-04
-0.2805625423E-04  0.1340781558E-04
 0.2765452612E-04 -0.1380963023E-04
-0.3049813782E-04  0.1406198816E-04
-0.3219665347E-04  0.1439722385E-04
-0.3028172876E-04  0.1398155420E-04
 0.3006010748E-04 -0.1464019583E-04
-0.2840731130E-04  0.1367679728E-04
-0.2883061023E-04  0.1335991246E-04
-0.2855056637E-04  0.1285509690E-04
 0.2786421212E-04 -0.1415074738E-04
 0.2864879579E-04 -0.1440300148E-04
 0.2786210303E-04 -0.1423000551E-04
 0.2881012391E-04 -0.1424216508E-04
-0.2908666970E-04  0.1382520300E-04
-0.1639445772E-04  0.2860172751E-05
 0.1601611613E-04  0.1732842332E-04
-0.3361976821E-04  0.1921740980E-04
 0.3258718236E-04 -0.1294464401E-04
-0.2032784667E-04  0.3773397120E-05
 0.1980245372E-04  0.1979233821E-04
-0.3739346906E-04  0.2139965617E-04
 0.3607116537E-04 -0.1423694379E-04
-0.3337998289E-04  0.1466096836E-04
-0.3799398334E-04  0.1437897240E-04
-0.3409963568E-04  0.1493200986E-04
 0.3378030386E-04 -0.1520854698E-04
 0.4051871807E-04 -0.1241299573E-04
 0.3089501692E-04 -0.1531920980E-04
 0.5848146245E-04 -0.2183695555E-04
-0.4141602283E-04  0.8896970117E-05
-0.2551200550E-04  0.5195982272E-05
 0.2460052744E-04  0.2271956134E-04
-0.4130356103E-04  0.2418884874E-04
 0.4010247547E-04 -0.1606198002E-04
-0.3147954506E-04  0.7069665056E-05
 0.2979393567E-04  0.2594877687E-04
-0.4521424345E-04  0.2768884783E-04
 0.4418704875E-04 -0.1841855702E-04
-0.4123126237E-04  0.1790944981E-04
-0.4695999740E-04  0.1783542343E-04
-0.4216971970E-04  0.1828890945E-04
 0.4165166200E-04 -0.1850237733E-04
 0.5105787020E-04 -0.1514102527E-04
 0.3719430359E-04 -0.1871293095E-04
 0.7143951754E-04 -0.2681100803E-04
-0.5147962370E-04  0.1043675166E-04
-0.3394139680E-04  0.1512706761E-04
-0.3596365945E-04  0.1591906287E-04
-0.3410490506E-04  0.1554229507E-04
 0.3373235255E-04 -0.1603970859E-04
-0.3775990469E-04  0.1674342480E-04
-0.3995283327E-04  0.1744579922E-04
-0.3761136311E-04  0.1677605714E-04
 0.3714469022E-04 -0.1745784559E-04
-0.3442362238E-04  0.1577107540E-04
-0.3555923130E-04  0.1576862689E-04
-0.3452682036E-04  0.1471086084E-04
 0.3402398673E-04 -0.1650667788E-04
 0.3528907249E-04 -0.1704398740E-04
 0.3393983071E-04 -0.1656455086E-04
 0.3540779748E-04 -0.1674737742E-04
-0.3573230906E-04  0.1622986594E-04
 0.3957060420E-04 -0.1771371152E-04
 0.3728130039E-04 -0.1690349024E-04
 0.4022118104E-04 -0.1639528947E-04
-0.4033113826E-04  0.1680774807E-04
 0.3574847295E-04 -0.1615870132E-04
 0.3353776115E-04 -0.1538162936E-04
 0.3612011349E-04 -0.1489707079E-04
-0.3619879500E-04  0.1518083452E-04
 0.4567049477E-04 -0.1361009163E-04
 0.3393513204E-04 -0.1678270251E-04
 0.6453344489E-04 -0.2379213884E-04
-0.4620685424E-04  0.9428090249E-05
-0.3714582477E-04  0.1606486299E-04
-0.4238362072E-04  0.1588945568E-04
-0.3802629557E-04  0.1648906580E-04
 0.3763774391E-04 -0.1670213997E-04
-0.6309539286E-04  0.9100593745E-04
 0.2518359281E-04  0.4530118646E-05
 0.4309415593E-04  0.1160376298E-03
-0.4007911117E-04 -0.9002652336E-04
-0.3014348148E-04  0.1037292155E-03
-0.1323108024E-04 -0.2396286047E-04
 0.8950071523E-04  0.1183729819E-03
-0.8873161678E-04 -0.9276693432E-04
 0.7754361522E-04  0.1011401971E-03
 0.9937916730E-04  0.1061730325E-03
 0.8659562567E-04  0.1079175162E-03
-0.7429795463E-04 -0.9611487211E-04
-0.9000055816E-04 -0.9532731522E-04
-0.6497498704E-04 -0.8274311815E-04
-0.1462559944E-03 -0.1311725828E-03
 0.1149132755E-03  0.8716957281E-04
 0.1735345616E-04  0.1092425356E-03
-0.6120801503E-04 -0.5587202700E-04
 0.1346104427E-03  0.1113110788E-03
-0.1385066998E-03 -0.8754491239E-04
 0.7542314856E-04  0.1055164090E-03
-0.1164626949E-03 -0.8665962821E-04
 0.1607052051E-03  0.9389033084E-04
-0.1664635949E-03 -0.7014580973E-04
 0.2119489109E-03  0.9773119025E-04
 0.2178484470E-03  0.9468903050E-04
 0.2273791798E-03  0.1049962534E-03
-0.2109353063E-03 -0.8976794567E-04
-0.2370833966E-03 -0.8582806496E-04
-0.1666509225E-03 -0.6944558185E-04
-0.3310841481E-03 -0.1145268866E-03
 0.2581155898E-03  0.7741313603E-04
 0.1022864001E-03  0.1127868234E-03
 0.1377631582E-03  0.1163484756E-03
 0.1183195248E-03  0.1171071583E-03
-0.1030579251E-03 -0.1052846435E-03
 0.1744529754E-03  0.1165776697E-03
 0.2107183240E-03  0.1139807100E-03
 0.1927009609E-03  0.1195729954E-03
-0.1757365080E-03 -0.1069825851E-03
 0.1352243481E-03  0.1198503015E-03
 0.1736082414E-03  0.1216316745E-03
 0.1530472030E-03  0.1201439901E-03
-0.1362304345E-03 -0.1118208134E-03
-0.1568549463E-03 -0.1110082884E-03
-0.1190932830E-03 -0.1092774231E-03
-0.1391099039E-03 -0.1075051509E-03
 0.1556924008E-03  0.1200848408E-03
-0.1934840125E-03 -0.9972719770E-04
-0.1576821767E-03 -0.1023671084E-03
-0.1736584351E-03 -0.9273925749E-04
 0.1918806422E-03  0.1096005332E-03
-0.1217258705E-03 -0.1028749989E-03
-0.8806785202E-04 -0.1000539299E-03
-0.1043726475E-03 -0.9507362741E-04
 0.1207649715E-03  0.1108118192E-03
-0.1713659197E-03 -0.9649693427E-04
-0.1157916361E-03 -0.8094456249E-04
-0.2517631502E-03 -0.1296365719E-03
 0.2000575583E-03  0.8836084954E-04
 0.1431488165E-03  0.1049436724E-03
 0.1684322697E-03  0.1061455202E-03
 0.1556359053E-03  0.1122122408E-03
-0.1408778921E-03 -0.9826247359E-04
 0.1907991315E-03  0.8408608703E-04
-0.2061788683E-03 -0.1027689303E-03
 0.1118954741E-03  0.4025207830E-04
-0.1304680183E-03  0.1213128348E-05
 0.3086062110E-03 -0.1130865867E-04
-0.2462765721E-03 -0.2186555907E-04
-0.2267999163E-04  0.7321965561E-04
 0.4449662414E-04  0.1341998203E-04
 0.1358866243E-03  0.3565087204E-04
 0.1035364462E-03  0.4123161546E-04
 0.1355122145E-03  0.4765356888E-04
-0.1080308584E-03 -0.3564960074E-04
 0.5787714779E-04  0.3820483168E-04
 0.1448811279E-04  0.5051986733E-04
 0.4914773290E-04  0.5000966400E-04
-0.1715838874E-04 -0.4190740066E-04
 0.1374066696E-03  0.5521560717E-04
 0.9262679134E-04  0.5476915549E-04
 0.1389429240E-03  0.6311308595E-04
-0.9820231290E-04 -0.5603931094E-04
-0.5929641646E-04 -0.4774222290E-04
-0.1025213651E-03 -0.4611948244E-04
-0.7026804329E-04 -0.3786475166E-04
 0.9872989046E-04  0.4627307097E-04
-0.7673615054E-04 -0.2907942863E-04
 0.5006911781E-04 -0.1722272068E-04
-0.2666964528E-04 -0.4368152146E-04
 0.3344573903E-04  0.3413144612E-04
-0.1623996573E-03 -0.2268226839E-04
-0.4096991137E-04 -0.8749651525E-05
-0.1651900623E-03 -0.2875498693E-04
 0.1315923462E-03  0.2185701741E-04
 0.2726596625E-03  0.2161181629E-04
-0.2520685930E-03 -0.6780940971E-04
 0.4254538132E-04  0.4934897342E-04
-0.3521742056E-04  0.1538181806E-04
 0.1712912333E-03  0.1144257383E-03
 0.2032875810E-03  0.1122702988E-03
 0.1851983840E-03  0.1012560442E-03
-0.1739789642E-03 -0.1061368014E-03
 0.2370888404E-03  0.1131893960E-03
 0.2764214266E-03  0.1088790708E-03
 0.2514281606E-03  0.1020634170E-03
-0.2359476936E-03 -0.1058056607E-03
 0.1856013797E-03  0.9812947123E-04
 0.2220440577E-03  0.9309078614E-04
 0.1739995815E-03  0.8331915468E-04
-0.1824393085E-03 -0.1011233448E-03
-0.2105897402E-03 -0.1018562474E-03
-0.1830527711E-03 -0.1003020849E-03
-0.2009589828E-03 -0.1072595530E-03
 0.2109093211E-03  0.1067024043E-03
 0.2683701289E-03  0.1031931848E-03
 0.2806623542E-03  0.1029770115E-03
 0.2705431887E-03  0.9935626180E-04
-0.2550947504E-03 -0.1027242876E-03
 0.2867321057E-03  0.1001178486E-03
 0.2874465500E-03  0.9557157795E-04
 0.2853440125E-03  0.9301611672E-04
-0.2700440935E-03 -0.1006566990E-03
 0.2743570842E-03  0.9180675976E-04
 0.2799243547E-03  0.8169251646E-04
 0.2866132610E-03  0.6313277498E-04
-0.2641052085E-03 -0.9038186073E-04
-0.2670971292E-03 -0.9881698898E-04
-0.2566095987E-03 -0.1028086472E-03
-0.2656188385E-03 -0.1036505817E-03
 0.2821420378E-03  0.9820315214E-04
 0.2446845193E-03  0.6435554095E-05
 0.3087061144E-03  0.3956814108E-04
 0.5858677976E-03  0.1533334383E-03
-0.3392592737E-03 -0.5696631037E-04
 0.1657843256E-03  0.5190255646E-04
 0.3051738758E-03  0.3635720669E-04
 0.4713305821E-04  0.3787947904E-04
-0.1877007926E-03 -0.1313886855E-04
-0.1462321417E-03 -0.8486531146E-05
-0.2227603102E-03 -0.1283296823E-03
 0.1836870519E-03  0.9551917901E-04
-0.2568321408E-03 -0.7479889069E-04
-0.2053549039E-03 -0.9082948041E-04
-0.2397979595E-03 -0.9949506164E-04
 0.2541446302E-03  0.8133583321E-04
-0.2584640253E-03 -0.6459715186E-04
-0.2156499165E-03 -0.3925488114E-04
-0.2380550615E-03 -0.7313702046E-04
 0.2678419408E-03  0.5556324913E-04
-0.2406283957E-03 -0.9655926456E-04
-0.2544231514E-03 -0.9157999917E-04
-0.2744171414E-03 -0.1009187535E-03
 0.2913244552E-03  0.9693560832E-04
 0.2701964290E-03  0.7974046930E-04
 0.2534106237E-03  0.8952741446E-04
 0.2285587132E-03  0.6809629173E-04
-0.2236427888E-03 -0.8120358900E-04
 0.2846185056E-03  0.9200687998E-04
 0.2790831895E-03  0.9019050139E-04
 0.2847632142E-03  0.8942928086E-04
-0.2637818813E-03 -0.9681748060E-04
 0.2749390263E-03  0.9148818107E-04
 0.2723957638E-03  0.9358069594E-04
 0.2827436865E-03  0.1002650434E-03
-0.2521205668E-03 -0.1010416011E-03
 0.2818919273E-03  0.8462197574E-04
 0.2830481618E-03  0.1008999492E-03
 0.2748705992E-03  0.9693586435E-04
-0.2592808046E-03 -0.1037450699E-03
-0.2579390072E-03 -0.1067144300E-03
-0.2625125935E-03 -0.9902297303E-04
-0.2572172104E-03 -0.9795513837E-04
 0.2809142861E-03  0.9313849895E-04
 0.2640171440E-03  0.9256187858E-04
 0.2460885494E-03  0.8796228462E-04
 0.2720740136E-03  0.9819966867E-04
-0.2363345755E-03 -0.9845943123E-04
 0.2204911946E-03  0.8126958489E-04
 0.1863821241E-03  0.7463290443E-04
 0.2290964161E-03  0.8594312192E-04
-0.1814400220E-03 -0.8493431312E-04
 0.2767610780E-03  0.9852701424E-04
 0.2615314420E-03  0.9211282050E-04
 0.2796394745E-03  0.8761871135E-04
-0.2363363509E-03 -0.1099310972E-03
-0.2140145922E-03 -0.9979940686E-04
-0.2383475480E-03 -0.1054412279E-03
-0.2142252715E-03 -0.9213420412E-04
 0.2540133598E-03  0.9278565133E-04
 0.2747075419E-03  0.1013333997E-03
 0.3097890527E-03  0.6905297988E-04
 0.3695467516E-03 -0.1707567180E-05
-0.2701730232E-03 -0.9414628204E-04
 0.2884456331E-03  0.9067495614E-04
 0.2798534199E-03  0.6873439491E-04
 0.2699521879E-03  0.3793378430E-04
-0.2476339631E-03 -0.1218281049E-03
 0.6867078883E-03  0.1504092439E-03
 0.2655689312E-04  0.9887365119E-04
-0.4943193780E-03 -0.5048987772E-03
-0.2294174300E-03 -0.1696102118E-03
-0.3697504979E-03 -0.5777954370E-04
-0.2700225478E-03 -0.8464067386E-04
 0.2853722820E-03  0.8544861374E-04
-0.2467009981E-03 -0.1135584291E-03
-0.2635317277E-03 -0.1076511760E-03
-0.2540068337E-03 -0.1118735145E-03
 0.2864643594E-03  0.9666126933E-04
-0.2663412145E-03 -0.1093986088E-03
-0.2527966762E-03 -0.1273396286E-03
-0.2590732607E-03 -0.1186260547E-03
 0.2916861310E-03  0.1031590332E-03
-0.2530287533E-03 -0.1098662683E-03
-0.2572177787E-03 -0.1122728662E-03
-0.2474778709E-03 -0.1020054449E-03
 0.2826808484E-03  0.1016157089E-03
 0.2927535716E-03  0.1049815034E-03
 0.2890763196E-03  0.1013884552E-03
 0.2996640959E-03  0.9392390426E-04
-0.2630026104E-03 -0.1145468730E-03
-0.3078469355E-03  0.2355396108E-03
-0.2639216322E-03 -0.3573460613E-05
-0.2795576200E-03 -0.2764136384E-03
-0.2257163089E-03 -0.1442912346E-03
 0.1415442948E-03  0.8314017346E-04
 0.9378332863E-04  0.5610331738E-04
-0.3081345948E-03 -0.2890126628E-03
-0.2709940562E-03  0.1603257694E-03
-0.3165210573E-03 -0.3138199687E-04
 0.5231104060E-03  0.6463356684E-04
-0.2582348932E-03 -0.8580308418E-04
-0.2712418597E-03 -0.6749165636E-04
-0.2645690836E-03 -0.8883075114E-04
 0.2827697195E-03  0.6246150663E-04
-0.2499531718E-03 -0.8626525965E-04
-0.2730397225E-03 -0.6547948846E-04
-0.2641319712E-03 -0.8547688996E-04
 0.2632783241E-03  0.7151232994E-04
-0.2660299620E-03 -0.9684747155E-04
-0.2675880355E-03 -0.9622159562E-04
-0.2684828839E-03 -0.9776499022E-04
 0.2861367859E-03  0.9088563537E-04
 0.2794361046E-03  0.8368967781E-04
 0.2849675246E-03  0.8085583385E-04
 0.2781297708E-03  0.6978807888E-04
-0.2631154556E-03 -0.9141482102E-04
 0.2895040678E-03  0.6193445426E-04
 0.2219600349E-03  0.5932392163E-04
 0.1687579149E-03  0.8279445744E-04
-0.2566811175E-03 -0.1224846037E-03
 0.3177779838E-03  0.2407655639E-04
 0.2587740443E-03  0.8004194729E-04
 0.4142226493E-03 -0.2997903322E-04
-0.2902970978E-03 -0.5568826825E-04
-0.5707761520E-03  0.1397754194E-03
-0.3461835815E-03  0.2192556982E-05
-0.2749935637E-03 -0.2413763091E-04
 0.2189351458E-03 -0.2551174288E-04
-0.1414999493E-03 -0.6923191348E-04
-0.1820688638E-03 -0.7585226115E-04
-0.1438543031E-03 -0.5982894883E-04
 0.1801464806E-03  0.6764081625E-04
-0.2127595953E-03 -0.8319941905E-04
-0.2312397370E-03 -0.8816485751E-04
-0.2099863553E-03 -0.7270244634E-04
 0.2379177748E-03  0.7967993226E-04
-0.1462034572E-03 -0.5076111256E-04
-0.1830653214E-03 -0.5646195940E-04
-0.1456831475E-03 -0.3882264290E-04
 0.1709773210E-03  0.5116114346E-04
 0.2057833316E-03  0.6526949098E-04
 0.1743995833E-03  0.6001075339E-04
 0.2125022292E-03  0.7415868861E-04
-0.1822784404E-03 -0.6668619998E-04
-0.2401462391E-03 -0.8946793094E-04
-0.2471982929E-03 -0.8919198675E-04
-0.2314600913E-03 -0.7553362178E-04
 0.2620143459E-03  0.8257457265E-04
-0.2560862128E-03 -0.9003407668E-04
-0.2644731384E-03 -0.9250879318E-04
-0.2550209560E-03 -0.8206937775E-04
 0.2763438105E-03  0.8683042862E-04
-0.2243870820E-03 -0.6245988133E-04
-0.2402991147E-03 -0.6800736807E-04
-0.2211529501E-03 -0.5202928558E-04
 0.2434415907E-03  0.6320446778E-04
 0.2624492823E-03  0.7668203890E-04
 0.2519993087E-03  0.7204254474E-04
 0.2682325101E-03  0.8373027307E-04
-0.2429707445E-03 -0.7799543575E-04
-0.2151585528E-03 -0.2162632589E-04
-0.1571235492E-03 -0.1812392688E-04
-0.4839145886E-03  0.1475961216E-04
 0.3201692854E-03  0.1816404920E-04
-0.1720945191E-03 -0.3037434715E-04
-0.1947192019E-03 -0.3542236762E-04
-0.1714307653E-03 -0.2627767062E-04
 0.1974060600E-03  0.3255503823E-04
 0.2575179009E-03 -0.6278039575E-04
-0.4845008911E-04 -0.9509964516E-06
-0.4218225634E-03  0.2656647833E-04
 0.1671953543E-03  0.6559719690E-05
 0.2020094095E-03  0.2030337772E-04
 0.4221159991E-03  0.1576239771E-05
 0.2086765429E-03  0.2759321609E-04
-0.1434592729E-03 -0.1258896136E-04
 0.2185612676E-03  0.4719114504E-04
 0.2093474652E-03  0.4142074792E-04
 0.2312989130E-03  0.5718102045E-04
-0.1996344623E-03 -0.4501079460E-04
 0.2056695477E-03  0.3935495437E-04
 0.1689844840E-03  0.4386734757E-04
 0.2014157344E-03  0.5513867487E-04
-0.1918120040E-03 -0.4434906680E-04
 0.2437502209E-03  0.6947339108E-04
 0.2301560325E-03  0.6871676395E-04
 0.2541440187E-03  0.8219418674E-04
-0.2232561090E-03 -0.7503754331E-04
-0.2052266621E-03 -0.6017854614E-04
-0.2103851610E-03 -0.5939112278E-04
-0.1863127817E-03 -0.4217836089E-04
 0.2232168373E-03  0.5488150036E-04
-0.2695973167E-03 -0.9621137316E-04
-0.2696453910E-03 -0.9999676039E-04
-0.2687205791E-03 -0.9174860973E-04
 0.2865359733E-03  0.9639478438E-04
-0.2640474181E-03 -0.1021127449E-03
-0.2514864506E-03 -0.1026199025E-03
-0.2608504525E-03 -0.9910711435E-04
 0.2775596479E-03  0.1041359062E-03
-0.2657264167E-03 -0.8546471433E-04
-0.2628648771E-03 -0.9043453503E-04
-0.2600491469E-03 -0.7849370127E-04
 0.2771116637E-03  0.8880840682E-04
 0.2801235907E-03  0.9866996802E-04
 0.2830765992E-03  0.9343352653E-04
 0.2847676492E-03  0.1007862423E-03
-0.2675256590E-03 -0.9581282540E-04
-0.2591798698E-03 -0.1072789474E-03
-0.2223037544E-03 -0.1099080621E-03
-0.2441439476E-03 -0.1080907504E-03
 0.2616822667E-03  0.1153541848E-03
-0.1904255399E-03 -0.1108047630E-03
-0.1552242894E-03 -0.1115499727E-03
-0.1746501888E-03 -0.1123781649E-03
 0.1903487275E-03  0.1191477395E-03
-0.2287015960E-03 -0.1066324643E-03
-0.1933748435E-03 -0.1097892735E-03
-0.2117880724E-03 -0.1037124645E-03
 0.2290671566E-03  0.1163580984E-03
 0.2098022726E-03  0.1199412493E-03
 0.2459885517E-03  0.1169633696E-03
 0.2244446848E-03  0.1174978058E-03
-0.2091282856E-03 -0.1108299022E-03
-0.2521407335E-03 -0.7177556409E-04
-0.2437062050E-03 -0.7837356631E-04
-0.2420622989E-03 -0.6461959962E-04
 0.2588831229E-03  0.7902874474E-04
-0.2310536978E-03 -0.8648989886E-04
-0.2290342591E-03 -0.9426744629E-04
-0.2165520058E-03 -0.8008780477E-04
 0.2348050109E-03  0.9663408989E-04
-0.2813621487E-03 -0.6942726259E-04
-0.1738757258E-03 -0.4965863751E-04
-0.3802827025E-03 -0.9365745972E-04
 0.2936580446E-03  0.6155709716E-04
 0.2358526237E-03  0.8031736729E-04
 0.2476050885E-03  0.7699080333E-04
 0.2489582059E-03  0.8781273573E-04
-0.2311395167E-03 -0.7188239427E-04
 0.2471642717E-03  0.1087227462E-03
 0.2488241762E-03  0.1004829586E-03
 0.2660069331E-03  0.1113925665E-03
-0.2474272017E-03 -0.9872488461E-04
 0.2620522546E-03  0.9204144400E-04
 0.2687221475E-03  0.8395788574E-04
 0.2725378705E-03  0.9577337006E-04
-0.2548581227E-03 -0.8476295920E-04
 0.2838530362E-03  0.1122891780E-03
 0.2713536031E-03  0.1045826402E-03
 0.3003796063E-03  0.1105799775E-03
-0.2812193844E-03 -0.1034193117E-03
-0.2537365106E-03 -0.9568556180E-04
-0.2647919015E-03 -0.1018146879E-03
-0.2434086191E-03 -0.9131274126E-04
 0.2614247233E-03  0.1032152113E-03
 0.1357732574E-03  0.9114373135E-04
-0.1678270043E-03 -0.1103300982E-03
 0.1742943287E-03  0.7154250848E-04
-0.1820665453E-03 -0.4919572867E-04
 0.1838421570E-03  0.7317190696E-04
-0.2045542491E-03 -0.1219906097E-03
 0.1690359791E-03  0.5308948536E-04
-0.1781841185E-03 -0.3021291346E-04
 0.2476854719E-03  0.6015525263E-04
 0.2501743283E-03  0.5850822311E-04
 0.2586539346E-03  0.6926408946E-04
-0.2414833203E-03 -0.5520344266E-04
-0.2961822106E-03 -0.5347606368E-04
-0.1748381445E-03 -0.3151874597E-04
-0.3903023456E-03 -0.7359841025E-04
 0.2983785236E-03  0.4412189815E-04
 0.2237646590E-03  0.5806453509E-04
-0.2273569982E-03 -0.1297415399E-03
 0.1546827798E-03  0.4511422746E-04
-0.1675277308E-03 -0.1785887100E-04
 0.2248537488E-03  0.7734211226E-04
-0.2720270588E-03 -0.1287270337E-03
 0.1387021207E-03  0.4014514994E-04
-0.1492814223E-03 -0.1496818270E-04
 0.2097043481E-03  0.3426687501E-04
 0.2014122105E-03  0.3623866541E-04
 0.2100690471E-03  0.4113072510E-04
-0.1967829326E-03 -0.3033434563E-04
-0.2580927093E-03 -0.2792681156E-04
-0.1362639312E-03 -0.1279193238E-04
-0.3471314783E-03 -0.5814593210E-04
 0.2608578340E-03  0.3053947047E-04
 0.2683915226E-03  0.7577756543E-04
 0.2634959539E-03  0.6935968056E-04
 0.2756287808E-03  0.8237933333E-04
-0.2586262585E-03 -0.7239072951E-04
 0.2522454428E-03  0.6249654822E-04
 0.2368013181E-03  0.5596268474E-04
 0.2575037396E-03  0.6992557781E-04
-0.2388905165E-03 -0.5944070382E-04
 0.2805383574E-03  0.8794601259E-04
 0.2732073016E-03  0.8228672252E-04
 0.2833851019E-03  0.9136529743E-04
-0.2642774099E-03 -0.8690829303E-04
-0.2540496458E-03 -0.7421979444E-04
-0.2625935375E-03 -0.8004321514E-04
-0.2521677837E-03 -0.6633079892E-04
 0.2691990692E-03  0.7633623444E-04
-0.2220370265E-03 -0.4540032913E-04
-0.2360390943E-03 -0.5126396118E-04
-0.2237587955E-03 -0.4058856559E-04
 0.2332784489E-03  0.4925252648E-04
-0.2487839188E-03 -0.5878172113E-04
-0.2511655468E-03 -0.6393014907E-04
-0.2429117876E-03 -0.5101887274E-04
 0.2568353234E-03  0.6212407543E-04
-0.2872365217E-03 -0.4307662750E-04
-0.1587413763E-03 -0.1898756943E-04
-0.3647165654E-03 -0.5875163797E-04
 0.2781710361E-03  0.3044058455E-04
 0.2362383862E-03  0.4353693193E-04
 0.2318438946E-03  0.4522760631E-04
 0.2452173425E-03  0.5441635513E-04
-0.2301640882E-03 -0.4265930829E-04
-0.9364100406E-03 -0.1728054697E-01
-0.3859645685E-05  0.1542898638E-03
 0.1244362545E-02  0.2606934049E-01
-0.1068690948E-02 -0.2049079949E-01
-0.6720009836E-03 -0.1299940452E-01
-0.1289955397E-03 -0.4897539137E-02
 0.2950858572E-03  0.1532722167E-01
 0.8405067097E-03  0.4863177870E-01
 0.1040246527E-02  0.4031677408E-01
-0.9725730931E-05  0.7547402904E-03
 0.3634368846E-03  0.1313127241E-01
-0.1527198267E-03 -0.4301465472E-02
-0.9805148879E-04 -0.2086931861E-02
 0.1241194621E-02  0.2967543608E-01
 0.7567694690E-05  0.1421260522E-03
-0.5180933334E-03 -0.1136133859E-01
-0.3691700661E-03 -0.8136460905E-02
 0.3216165635E-03  0.8098062690E-02
 0.9374337537E-03  0.2841135692E-01
 0.7111253994E-03  0.1880444538E-01
-0.2227297714E-03 -0.5918332795E-02
-0.3690781785E-04 -0.9476179703E-03
-0.1030632637E-03 -0.2730619159E-02
-0.2404475983E-03 -0.6203942551E-02
-0.5047582086E-04  0.7279485880E-03
-0.4547027261E-03  0.2206293334E-01
-0.2166139472E-02  0.9378025727E-01
-0.2836203587E-03  0.8529768947E-02
-0.9182518055E-02  0.1205698460E+00
 0.5591864201E-02 -0.5500516727E-01
 0.4426187645E-02 -0.4472606401E-01
-0.1021969995E-01  0.1127226949E+00
 0.3510081465E-02 -0.4195812872E-01
 0.3827834807E-02 -0.4340903845E-01
 0.5668778330E-03 -0.8185829578E-02
-0.5940225937E-02  0.9430400683E-01
 0.1434748762E-02 -0.2126321591E-01
-0.2848222348E-03  0.5341915930E-02
-0.2361605356E-02  0.6287403892E-01
-0.2105923112E-02  0.6283934503E-01
-0.2111101203E-03  0.5658557750E-02
-0.9570973733E-03  0.2049409765E-01
-0.1981259473E-02  0.3457709743E-01
 0.1810889735E-03 -0.3380300351E-02
 0.3634708808E-03 -0.6805192129E-02
-0.1563539263E-02  0.3007760738E-01
-0.8395200112E-03  0.1767520996E-01
-0.3462871580E-02  0.7073377055E-01
-0.4170030746E-03  0.2800050801E-01
-0.7602929052E-03  0.7207971926E-01
-0.7381394450E-04  0.6619232729E-02
-0.3723619997E-04  0.1454740535E-02
 0.3822902334E-03  0.4908696075E-01
 0.2735748759E-03  0.2632867956E-01
-0.4863544576E-04 -0.2152765211E-02
-0.2416609759E-05  0.1460033551E-02
-0.1588649523E-04  0.1798999671E-02
-0.2003434499E-04  0.8846140570E-03
 0.2447332258E-04  0.4454316820E-01
-0.1185968804E-03  0.4322712751E-01
 0.1692334477E-01 -0.8717772353E-01
-0.6244653346E-02  0.3400919397E-01
-0.7176486054E-02  0.3455546559E-01
 0.2174669890E-01 -0.9723822159E-01
-0.2320517174E-01  0.1001665796E+00
 0.2105020611E-01 -0.8029093095E-01
-0.9491812320E-02  0.3132761256E-01
 0.1720809390E-02 -0.2369411673E-02
 0.1465724355E-01 -0.5110781240E-01
-0.1858736037E-01  0.6974271878E-01
-0.9590408376E-01  0.1429539183E+00
-0.5587601741E-02  0.5963364441E-01
 0.4316013748E-01 -0.4409895265E-01
-0.4685958573E-01  0.5601472900E-01
 0.5039900049E-01 -0.6687423255E-01
-0.1180561316E-01  0.9090576700E-02
 0.1376543987E-01 -0.3576850040E-01
-0.3368509401E-02  0.6790903422E-02
-0.5005819165E-01  0.1205078040E+00
-0.4653681048E-01  0.9450107326E-01
 0.2792010481E-01 -0.6274050370E-01
-0.1650894087E-01  0.9562654271E-01
 0.9164210157E-03 -0.6792755642E-02
-0.9534670813E-03  0.8572956194E-02
-0.2736729151E-02  0.2536936903E-01
 0.1053543927E-01 -0.8593341903E-01
-0.5892669123E-02  0.4835325014E-01
-0.1306269391E-01  0.8878602095E-01
 0.1483371900E-01 -0.8825412764E-01
 0.1712995848E-02 -0.1040412861E-01
 0.9876646382E-02 -0.6572511811E-01
 0.6086118649E-02 -0.4256793243E-01
-0.6998603933E-03 -0.1028650552E-01
 0.7246060338E-03  0.1117669826E-01
-0.4034988700E-02 -0.6922302402E-01
 0.2437389443E-03  0.5857733125E-02
-0.2638374488E-02 -0.4578389617E-01
-0.4399879834E-02 -0.7338803663E-01
-0.1897714874E-02 -0.2826628874E-01
-0.1314447378E-02 -0.2080731901E-01
-0.8126571060E-03 -0.1293827114E-01
-0.3264290873E-03 -0.4938116903E-02
-0.5098099900E-03 -0.8123390096E-02
-0.1974089125E-02 -0.3061642764E-01
 0.6015512054E-02  0.4421807764E-01
 0.1158701523E+00  0.9485694425E+00
 0.1731639191E-05  0.6401747770E-03
-0.2404638833E-02 -0.1812221538E-01
-0.1045482026E-02 -0.8201511201E-02
-0.4054192858E-03 -0.3281076050E-02
-0.3948352950E-03 -0.3282687805E-02
 0.1012278534E-02  0.7925625775E-02
-0.6692191767E-03 -0.5228640674E-02
 0.3401555867E-04  0.5609503908E-03
 0.2642878370E-03  0.1995340833E-02
-0.7099765002E-03 -0.5620683101E-02
-0.4449152780E-03 -0.3558439414E-02
 0.2117901952E-04  0.5933742055E-04
-0.4233032292E-03 -0.3363891919E-02
 0.2135331297E-03  0.1695910189E-02
-0.7276195649E-03 -0.6011723545E-02
-0.1683649967E-03 -0.1409962446E-02
-0.5662284557E-03 -0.4639741285E-02
 0.1676513641E-03  0.1333420126E-02
 0.9124825187E-03  0.7299673842E-02
-0.6351829375E-03 -0.5077132074E-02
 0.2920040536E-03  0.2403651259E-02
-0.4321851460E-03 -0.3407624952E-02
-0.1412712425E-03 -0.1221517448E-02
-0.5907024606E-03 -0.5078597899E-02
 0.4215461770E-03  0.3626323852E-02
-0.5109798958E-03 -0.4466026806E-02
 0.1666374742E-03  0.1480141629E-02
 0.7931654630E-03  0.7166252669E-02
-0.7058105868E-03 -0.6448204036E-02
-0.4806257316E-03 -0.4377479657E-02
-0.5190749353E-03 -0.4658830322E-02
 0.8750710847E-04  0.8023772158E-03
-0.2088727322E-03 -0.1747570183E-02
-0.5540558177E-03 -0.4950385469E-02
 0.4412178176E-03  0.3926770455E-02
-0.5955902080E-03 -0.5718972423E-02
-0.5417992652E-03 -0.5216410887E-02
-0.2421730181E-03 -0.2466260498E-02
-0.5873513697E-03 -0.5972854021E-02
 0.9014141349E-03  0.9074493734E-02
-0.3939164713E-03 -0.3974841015E-02
-0.4737563413E-03 -0.4625036349E-02
 0.8408367525E-03  0.8167153163E-02
 0.2101714559E-03  0.2045378595E-02
-0.2109068496E-03 -0.2068231635E-02
-0.4851844678E-03 -0.4797197926E-02
 0.4636795622E-04  0.4508717128E-03
 0.4113801150E-03  0.3904827259E-02
 0.4662750893E-03  0.4440989122E-02
 0.4828538538E-03  0.4475340309E-02
-0.5379031078E-03 -0.5043507602E-02
-0.4624639823E-03 -0.4284703861E-02
 0.1206718460E-02  0.1342686242E-01
-0.5537950017E-03 -0.6198600085E-02
-0.6509301891E-03 -0.7331302975E-02
-0.6104204521E-03 -0.6920197618E-02
 0.3484796486E-04  0.4328263331E-03
 0.1084194045E-02  0.1237129258E-01
 0.5533146420E-04  0.7711092490E-03
-0.5242881354E-03 -0.6058335852E-02
-0.5823519290E-03 -0.6821526110E-02
 0.1345525143E-02  0.1814850971E-01
-0.4416890528E-03 -0.5925627339E-02
-0.7737879589E-03 -0.1056596324E-01
-0.1350720922E-03 -0.1904742193E-02
-0.7790638756E-03 -0.1139227284E-01
 0.1119747768E-02  0.1603378046E-01
-0.5532391407E-03 -0.7588590340E-02
-0.3080045838E-03 -0.3812831115E-02
 0.4336972210E-03  0.5268148239E-02
 0.3833461223E-03  0.4713075324E-02
-0.6335086569E-03 -0.7800767122E-02
-0.6587979697E-03 -0.8063610434E-02
 0.5264291587E-03  0.6791563013E-02
-0.1580183327E-03 -0.2027496753E-02
-0.4969434630E-03 -0.6434705035E-02
-0.4037612563E-03 -0.5219291232E-02
 0.4143167372E-03  0.5247371459E-02
-0.5154295892E-03 -0.5605789272E-02
-0.6448540770E-03 -0.6991032506E-02
-0.3573478087E-03 -0.3826273148E-02
 0.8885027182E-03  0.9583037562E-02
-0.3110358386E-03 -0.3147994469E-02
-0.4918023162E-03 -0.5154989340E-02
-0.5265043800E-04 -0.5258552570E-03
-0.3102616932E-03 -0.3237274930E-02
 0.8913210369E-03  0.9263159597E-02
 0.2198159164E-03  0.1851245375E-02
-0.5569184910E-03 -0.4692678714E-02
-0.8533854821E-04 -0.6042777970E-03
 0.8962903620E-03  0.7498079784E-02
-0.7789540373E-03  0.1139093156E-01
-0.1420287778E-03  0.2004092937E-02
-0.7649614779E-03  0.1044552208E-01
-0.4450714635E-03  0.5970852114E-02
 0.1380942344E-02 -0.1861141810E-01
-0.5934109801E-03  0.8143864530E-02
 0.1145544769E-02 -0.1639708515E-01
-0.5757556540E-03  0.6743760899E-02
-0.5330752946E-03  0.6160379631E-02
 0.5788552108E-04 -0.8004993149E-03
 0.1087480326E-02 -0.1240892060E-01
-0.6134417432E-03  0.6954810576E-02
 0.3575058273E-04 -0.4424991402E-03
-0.6543488605E-03  0.7369911398E-02
-0.5529903598E-03  0.6189661622E-02
 0.1204079929E-02 -0.1339599170E-01
 0.4418676402E-03 -0.5367540593E-02
-0.3448527803E-03  0.4287960729E-02
-0.1532823758E-03  0.1966290069E-02
 0.5227428063E-03 -0.6744881280E-02
-0.4074393839E-03  0.5266982437E-02
-0.4890039320E-03  0.6331782157E-02
-0.6309094243E-03  0.7768725131E-02
 0.3720137415E-03 -0.4576086000E-02
-0.6603858379E-03  0.8083044817E-02
 0.4107306863E-03 -0.5202766321E-02
-0.2392705149E-03  0.2436550765E-02
-0.5380941162E-03  0.5180373049E-02
-0.5977438912E-03  0.5739603458E-02
 0.8361517938E-03 -0.8123016488E-02
-0.4870357325E-03  0.4755176675E-02
-0.2111747370E-03  0.2070874039E-02
 0.2114647593E-03 -0.2058288167E-02
 0.9003259808E-03 -0.9065279037E-02
-0.5924319678E-03  0.6024547792E-02
-0.3963533183E-03  0.3999307442E-02
-0.4691070995E-03  0.4637007918E-02
-0.7089768437E-03  0.6477128463E-02
 0.7925243555E-03 -0.7159535076E-02
-0.4748714097E-03  0.4325272048E-02
-0.5155118066E-03  0.4505643493E-02
 0.1734252593E-03 -0.1538352655E-02
 0.4205907870E-03 -0.3616899425E-02
-0.5909944494E-03  0.5081432216E-02
-0.1455975328E-03  0.1258682764E-02
 0.8649672446E-04 -0.7935792463E-03
-0.5254022415E-03  0.4715367998E-02
-0.5490609176E-03  0.4905451867E-02
-0.2168168448E-03  0.1816945055E-02
 0.4465909804E-03 -0.3974938060E-02
 0.4736849530E-03 -0.4392108805E-02
 0.4676555259E-03 -0.4452688087E-02
 0.4046711343E-03 -0.3841884551E-02
 0.4925713445E-04 -0.4784892590E-03
-0.5277011803E-03  0.4947513455E-02
-0.4664626083E-03  0.4321974494E-02
 0.8990368162E-03 -0.9343124629E-02
-0.3086409852E-03  0.3220370247E-02
-0.4956720624E-03  0.5195551725E-02
-0.6170026515E-04  0.6202126282E-03
-0.3183016441E-03  0.3224609954E-02
 0.8993062477E-03 -0.9697589059E-02
-0.3543463082E-03  0.3793809380E-02
-0.6438598402E-03  0.6980168582E-02
-0.5195133837E-03  0.5650586285E-02
-0.7280082123E-03  0.6014745988E-02
 0.2099996719E-03 -0.1667446067E-02
-0.4286700885E-03  0.3406744678E-02
-0.5638192059E-03  0.4619532611E-02
-0.1681587543E-03  0.1408042305E-02
 0.1642417553E-03 -0.1306390561E-02
-0.7065195088E-03  0.5593405525E-02
 0.2579994385E-03 -0.1945043266E-02
-0.6709368473E-03  0.5242150289E-02
 0.1001150180E-02 -0.7841869217E-02
 0.2416347785E-04 -0.4845683180E-03
 0.1845912185E-04 -0.3826880746E-04
-0.4493332418E-03  0.3592876684E-02
 0.9029965246E-03 -0.7226509393E-02
 0.2999003232E-03 -0.2465864567E-02
-0.6341469318E-03  0.5068819217E-02
-0.4093275747E-03  0.3307556351E-02
-0.1079155388E-02  0.8450515028E-02
-0.2551232476E-02  0.1920861270E-01
-0.4204024810E-03  0.3472550809E-02
 0.7902763121E-04 -0.1114179735E-02
 0.5981358623E-02 -0.4405236821E-01
 0.1168015601E+00 -0.9509269532E+00
-0.4460709846E-03  0.3511858735E-02
 0.8916862123E-03 -0.7460426821E-02
-0.8277634539E-04  0.5834480813E-03
-0.5708776083E-03  0.4810832110E-02
 0.2301250930E-03 -0.1937941045E-02
 0.2415059432E-03 -0.5831667379E-02
-0.4095213403E-02  0.7025361425E-01
-0.2644858244E-02  0.4589601936E-01
 0.7477149744E-03 -0.1152082883E-01
-0.7178723526E-03  0.1055244026E-01
-0.3148227082E-03  0.4759818512E-02
-0.7922505238E-03  0.1261199813E-01
-0.1313117666E-02  0.2078673523E-01
-0.1807344178E-02  0.2683296840E-01
-0.4403366040E-02  0.7344999103E-01
-0.4988981204E-03  0.7949159914E-02
-0.1941583624E-02  0.3010452626E-01
-0.5655094324E-02 -0.5966896123E-01
-0.9636049527E-01 -0.1436547745E+00
 0.5121641484E-01  0.6776230299E-01
-0.4745415754E-01 -0.5675020204E-01
 0.4332685498E-01  0.4428194380E-01
 0.1645076468E-02  0.2131269732E-02
-0.9385942457E-02 -0.3098611351E-01
 0.2062087943E-01  0.7862921830E-01
-0.2292681345E-01 -0.9895429930E-01
 0.2176402023E-01  0.9730987786E-01
-0.7201166919E-02 -0.3466388376E-01
-0.6398142886E-02 -0.3481530176E-01
 0.1687259610E-01  0.8691132181E-01
-0.1817397271E-01 -0.6818103635E-01
 0.1452458869E-01  0.5063818985E-01
-0.3376879728E-02 -0.6786239079E-02
 0.1370146558E-01  0.3551886959E-01
-0.1141310054E-01 -0.8478026486E-02
-0.4685524995E-01 -0.9514016919E-01
-0.5001964922E-01 -0.1203915766E+00
 0.2810130380E-01  0.6300448147E-01
 0.4461636909E-02  0.4509343439E-01
 0.5581755894E-02  0.5483756757E-01
-0.9105798907E-02 -0.1195410168E+00
 0.3590071281E-02  0.4299905999E-01
-0.1023525183E-01 -0.1128807542E+00
 0.3677849806E-02  0.4155696868E-01
-0.3039351849E-03 -0.9439417849E-02
-0.2144529592E-02 -0.9279883179E-01
-0.4616272478E-03 -0.2250836140E-01
-0.5245281420E-04 -0.8771959308E-03
-0.1746473162E-03 -0.4279491949E-02
-0.2121049377E-02 -0.6339968282E-01
-0.2379915206E-02 -0.6340501909E-01
-0.2998805114E-03 -0.5763988307E-02
-0.5918820586E-02 -0.9399171657E-01
 0.5905009807E-03  0.8527403716E-02
 0.1402205105E-02  0.2075814693E-01
-0.2001367320E-02 -0.3493446305E-01
-0.9435340732E-03 -0.2017271712E-01
-0.8136762410E-03 -0.1713562996E-01
-0.3393645041E-02 -0.6949041189E-01
 0.3494717539E-03  0.6539978903E-02
-0.1601945215E-02 -0.3082022542E-01
 0.1701437902E-03  0.3183101978E-02
 0.1065092795E-02 -0.4116123916E-01
 0.8363790890E-03 -0.4837495245E-01
 0.2975104299E-03 -0.1543213785E-01
-0.1271894159E-03  0.4823634208E-02
-0.1243532401E-04 -0.6574332225E-03
-0.1094803348E-04 -0.4616490825E-05
-0.9574631287E-03  0.1767210679E-01
-0.1089382033E-02  0.2088726117E-01
 0.1234711144E-02 -0.2589586765E-01
-0.6637266771E-03  0.1283941406E-01
-0.5291383765E-03  0.1160322177E-01
 0.6035236586E-05 -0.1051545930E-03
 0.1238881019E-02 -0.2962474162E-01
-0.3617641373E-03  0.7970504146E-02
-0.1008120895E-03  0.2175636774E-02
-0.1681252094E-03  0.4773171469E-02
 0.3587969500E-03 -0.1295780645E-01
 0.9263444432E-03 -0.2808691924E-01
 0.3223043803E-03 -0.8113015656E-02
-0.2382377665E-03  0.6148033104E-02
-0.3052644873E-04  0.7827889776E-03
-0.1039208479E-03  0.2751950870E-02
 0.7140075157E-03 -0.1888126454E-01
-0.2238121281E-03  0.5944586722E-02
-0.1762592011E-05 -0.1460617697E-02
-0.5669600541E-04  0.2718682380E-02
 0.2754548364E-03 -0.2633595347E-01
 0.3893192712E-03 -0.4959969554E-01
-0.3565072216E-04 -0.1252410243E-02
-0.6679980989E-04 -0.5381134940E-02
-0.7746305644E-03 -0.7403326182E-01
-0.4099943074E-03 -0.2735149470E-01
-0.1168762502E-03 -0.4316274786E-01
 0.2434785111E-04 -0.4436629321E-01
-0.1889722318E-04 -0.1087527905E-02
-0.1459106197E-04 -0.1972453565E-02
-0.9597003092E-03 -0.8634664738E-02
 0.9735660966E-03  0.7331459034E-02
-0.2712648063E-02 -0.2514330503E-01
-0.1641671439E-01 -0.9508500257E-01
 0.1471686169E-01  0.8754189255E-01
-0.1263500114E-01 -0.8578659616E-01
 0.1636388472E-02  0.9897056064E-02
-0.5900661506E-02 -0.4840696249E-01
 0.1042128976E-01  0.8498794383E-01
 0.5998127945E-02  0.4191082897E-01
 0.9766041979E-02  0.6497410133E-01
